[2026-04-14T17:01:36.011+0000] {processor.py:186} INFO - Started process (PID=82) to work on /opt/airflow/dags/raw_from_api_to_s3.py
[2026-04-14T17:01:36.016+0000] {processor.py:914} INFO - Processing file /opt/airflow/dags/raw_from_api_to_s3.py for tasks to queue
[2026-04-14T17:01:36.021+0000] {logging_mixin.py:190} INFO - [2026-04-14T17:01:36.019+0000] {dagbag.py:588} INFO - Filling up the DagBag from /opt/airflow/dags/raw_from_api_to_s3.py
[2026-04-14T17:01:36.217+0000] {logging_mixin.py:190} INFO - [2026-04-14T17:01:36.214+0000] {dagbag.py:387} ERROR - Failed to import: /opt/airflow/dags/raw_from_api_to_s3.py
Traceback (most recent call last):
  File "/home/airflow/.local/lib/python3.12/site-packages/airflow/models/dagbag.py", line 383, in parse
    loader.exec_module(new_module)
  File "<frozen importlib._bootstrap_external>", line 995, in exec_module
  File "<frozen importlib._bootstrap>", line 488, in _call_with_frames_removed
  File "/opt/airflow/dags/raw_from_api_to_s3.py", line 19, in <module>
    ACCESS_KEY = Variable.get("access_key")
                 ^^^^^^^^^^^^^^^^^^^^^^^^^^
  File "/home/airflow/.local/lib/python3.12/site-packages/airflow/models/variable.py", line 145, in get
    raise KeyError(f"Variable {key} does not exist")
KeyError: 'Variable access_key does not exist'
[2026-04-14T17:01:36.217+0000] {processor.py:927} WARNING - No viable dags retrieved from /opt/airflow/dags/raw_from_api_to_s3.py
[2026-04-14T17:01:36.223+0000] {processor.py:208} INFO - Processing /opt/airflow/dags/raw_from_api_to_s3.py took 0.222 seconds
[2026-04-14T17:02:06.432+0000] {processor.py:186} INFO - Started process (PID=96) to work on /opt/airflow/dags/raw_from_api_to_s3.py
[2026-04-14T17:02:06.433+0000] {processor.py:914} INFO - Processing file /opt/airflow/dags/raw_from_api_to_s3.py for tasks to queue
[2026-04-14T17:02:06.441+0000] {logging_mixin.py:190} INFO - [2026-04-14T17:02:06.441+0000] {dagbag.py:588} INFO - Filling up the DagBag from /opt/airflow/dags/raw_from_api_to_s3.py
[2026-04-14T17:02:06.528+0000] {logging_mixin.py:190} INFO - [2026-04-14T17:02:06.526+0000] {dagbag.py:387} ERROR - Failed to import: /opt/airflow/dags/raw_from_api_to_s3.py
Traceback (most recent call last):
  File "/home/airflow/.local/lib/python3.12/site-packages/airflow/models/dagbag.py", line 383, in parse
    loader.exec_module(new_module)
  File "<frozen importlib._bootstrap_external>", line 995, in exec_module
  File "<frozen importlib._bootstrap>", line 488, in _call_with_frames_removed
  File "/opt/airflow/dags/raw_from_api_to_s3.py", line 19, in <module>
    ACCESS_KEY = Variable.get("access_key")
                 ^^^^^^^^^^^^^^^^^^^^^^^^^^
  File "/home/airflow/.local/lib/python3.12/site-packages/airflow/models/variable.py", line 145, in get
    raise KeyError(f"Variable {key} does not exist")
KeyError: 'Variable access_key does not exist'
[2026-04-14T17:02:06.528+0000] {processor.py:927} WARNING - No viable dags retrieved from /opt/airflow/dags/raw_from_api_to_s3.py
[2026-04-14T17:02:06.545+0000] {processor.py:208} INFO - Processing /opt/airflow/dags/raw_from_api_to_s3.py took 0.125 seconds
[2026-04-14T17:02:36.880+0000] {processor.py:186} INFO - Started process (PID=110) to work on /opt/airflow/dags/raw_from_api_to_s3.py
[2026-04-14T17:02:36.881+0000] {processor.py:914} INFO - Processing file /opt/airflow/dags/raw_from_api_to_s3.py for tasks to queue
[2026-04-14T17:02:36.884+0000] {logging_mixin.py:190} INFO - [2026-04-14T17:02:36.884+0000] {dagbag.py:588} INFO - Filling up the DagBag from /opt/airflow/dags/raw_from_api_to_s3.py
[2026-04-14T17:02:36.948+0000] {logging_mixin.py:190} INFO - [2026-04-14T17:02:36.947+0000] {dagbag.py:387} ERROR - Failed to import: /opt/airflow/dags/raw_from_api_to_s3.py
Traceback (most recent call last):
  File "/home/airflow/.local/lib/python3.12/site-packages/airflow/models/dagbag.py", line 383, in parse
    loader.exec_module(new_module)
  File "<frozen importlib._bootstrap_external>", line 995, in exec_module
  File "<frozen importlib._bootstrap>", line 488, in _call_with_frames_removed
  File "/opt/airflow/dags/raw_from_api_to_s3.py", line 19, in <module>
    ACCESS_KEY = Variable.get("access_key")
                 ^^^^^^^^^^^^^^^^^^^^^^^^^^
  File "/home/airflow/.local/lib/python3.12/site-packages/airflow/models/variable.py", line 145, in get
    raise KeyError(f"Variable {key} does not exist")
KeyError: 'Variable access_key does not exist'
[2026-04-14T17:02:36.948+0000] {processor.py:927} WARNING - No viable dags retrieved from /opt/airflow/dags/raw_from_api_to_s3.py
[2026-04-14T17:02:36.955+0000] {processor.py:208} INFO - Processing /opt/airflow/dags/raw_from_api_to_s3.py took 0.085 seconds
[2026-04-14T17:03:07.220+0000] {processor.py:186} INFO - Started process (PID=124) to work on /opt/airflow/dags/raw_from_api_to_s3.py
[2026-04-14T17:03:07.221+0000] {processor.py:914} INFO - Processing file /opt/airflow/dags/raw_from_api_to_s3.py for tasks to queue
[2026-04-14T17:03:07.226+0000] {logging_mixin.py:190} INFO - [2026-04-14T17:03:07.225+0000] {dagbag.py:588} INFO - Filling up the DagBag from /opt/airflow/dags/raw_from_api_to_s3.py
[2026-04-14T17:03:07.316+0000] {logging_mixin.py:190} INFO - [2026-04-14T17:03:07.314+0000] {dagbag.py:387} ERROR - Failed to import: /opt/airflow/dags/raw_from_api_to_s3.py
Traceback (most recent call last):
  File "/home/airflow/.local/lib/python3.12/site-packages/airflow/models/dagbag.py", line 383, in parse
    loader.exec_module(new_module)
  File "<frozen importlib._bootstrap_external>", line 995, in exec_module
  File "<frozen importlib._bootstrap>", line 488, in _call_with_frames_removed
  File "/opt/airflow/dags/raw_from_api_to_s3.py", line 19, in <module>
    ACCESS_KEY = Variable.get("access_key")
                 ^^^^^^^^^^^^^^^^^^^^^^^^^^
  File "/home/airflow/.local/lib/python3.12/site-packages/airflow/models/variable.py", line 145, in get
    raise KeyError(f"Variable {key} does not exist")
KeyError: 'Variable access_key does not exist'
[2026-04-14T17:03:07.316+0000] {processor.py:927} WARNING - No viable dags retrieved from /opt/airflow/dags/raw_from_api_to_s3.py
[2026-04-14T17:03:07.323+0000] {processor.py:208} INFO - Processing /opt/airflow/dags/raw_from_api_to_s3.py took 0.111 seconds
[2026-04-14T17:03:37.652+0000] {processor.py:186} INFO - Started process (PID=138) to work on /opt/airflow/dags/raw_from_api_to_s3.py
[2026-04-14T17:03:37.653+0000] {processor.py:914} INFO - Processing file /opt/airflow/dags/raw_from_api_to_s3.py for tasks to queue
[2026-04-14T17:03:37.656+0000] {logging_mixin.py:190} INFO - [2026-04-14T17:03:37.655+0000] {dagbag.py:588} INFO - Filling up the DagBag from /opt/airflow/dags/raw_from_api_to_s3.py
[2026-04-14T17:03:37.739+0000] {logging_mixin.py:190} INFO - [2026-04-14T17:03:37.738+0000] {dagbag.py:387} ERROR - Failed to import: /opt/airflow/dags/raw_from_api_to_s3.py
Traceback (most recent call last):
  File "/home/airflow/.local/lib/python3.12/site-packages/airflow/models/dagbag.py", line 383, in parse
    loader.exec_module(new_module)
  File "<frozen importlib._bootstrap_external>", line 995, in exec_module
  File "<frozen importlib._bootstrap>", line 488, in _call_with_frames_removed
  File "/opt/airflow/dags/raw_from_api_to_s3.py", line 19, in <module>
    ACCESS_KEY = Variable.get("access_key")
                 ^^^^^^^^^^^^^^^^^^^^^^^^^^
  File "/home/airflow/.local/lib/python3.12/site-packages/airflow/models/variable.py", line 145, in get
    raise KeyError(f"Variable {key} does not exist")
KeyError: 'Variable access_key does not exist'
[2026-04-14T17:03:37.740+0000] {processor.py:927} WARNING - No viable dags retrieved from /opt/airflow/dags/raw_from_api_to_s3.py
[2026-04-14T17:03:37.749+0000] {processor.py:208} INFO - Processing /opt/airflow/dags/raw_from_api_to_s3.py took 0.104 seconds
[2026-04-14T17:04:08.179+0000] {processor.py:186} INFO - Started process (PID=152) to work on /opt/airflow/dags/raw_from_api_to_s3.py
[2026-04-14T17:04:08.180+0000] {processor.py:914} INFO - Processing file /opt/airflow/dags/raw_from_api_to_s3.py for tasks to queue
[2026-04-14T17:04:08.185+0000] {logging_mixin.py:190} INFO - [2026-04-14T17:04:08.184+0000] {dagbag.py:588} INFO - Filling up the DagBag from /opt/airflow/dags/raw_from_api_to_s3.py
[2026-04-14T17:04:08.306+0000] {logging_mixin.py:190} INFO - [2026-04-14T17:04:08.305+0000] {dagbag.py:387} ERROR - Failed to import: /opt/airflow/dags/raw_from_api_to_s3.py
Traceback (most recent call last):
  File "/home/airflow/.local/lib/python3.12/site-packages/airflow/models/dagbag.py", line 383, in parse
    loader.exec_module(new_module)
  File "<frozen importlib._bootstrap_external>", line 995, in exec_module
  File "<frozen importlib._bootstrap>", line 488, in _call_with_frames_removed
  File "/opt/airflow/dags/raw_from_api_to_s3.py", line 19, in <module>
    ACCESS_KEY = Variable.get("access_key")
                 ^^^^^^^^^^^^^^^^^^^^^^^^^^
  File "/home/airflow/.local/lib/python3.12/site-packages/airflow/models/variable.py", line 145, in get
    raise KeyError(f"Variable {key} does not exist")
KeyError: 'Variable access_key does not exist'
[2026-04-14T17:04:08.307+0000] {processor.py:927} WARNING - No viable dags retrieved from /opt/airflow/dags/raw_from_api_to_s3.py
[2026-04-14T17:04:08.315+0000] {processor.py:208} INFO - Processing /opt/airflow/dags/raw_from_api_to_s3.py took 0.143 seconds
[2026-04-14T17:04:38.519+0000] {processor.py:186} INFO - Started process (PID=166) to work on /opt/airflow/dags/raw_from_api_to_s3.py
[2026-04-14T17:04:38.520+0000] {processor.py:914} INFO - Processing file /opt/airflow/dags/raw_from_api_to_s3.py for tasks to queue
[2026-04-14T17:04:38.522+0000] {logging_mixin.py:190} INFO - [2026-04-14T17:04:38.522+0000] {dagbag.py:588} INFO - Filling up the DagBag from /opt/airflow/dags/raw_from_api_to_s3.py
[2026-04-14T17:04:38.585+0000] {logging_mixin.py:190} INFO - [2026-04-14T17:04:38.584+0000] {dagbag.py:387} ERROR - Failed to import: /opt/airflow/dags/raw_from_api_to_s3.py
Traceback (most recent call last):
  File "/home/airflow/.local/lib/python3.12/site-packages/airflow/models/dagbag.py", line 383, in parse
    loader.exec_module(new_module)
  File "<frozen importlib._bootstrap_external>", line 995, in exec_module
  File "<frozen importlib._bootstrap>", line 488, in _call_with_frames_removed
  File "/opt/airflow/dags/raw_from_api_to_s3.py", line 19, in <module>
    ACCESS_KEY = Variable.get("access_key")
                 ^^^^^^^^^^^^^^^^^^^^^^^^^^
  File "/home/airflow/.local/lib/python3.12/site-packages/airflow/models/variable.py", line 145, in get
    raise KeyError(f"Variable {key} does not exist")
KeyError: 'Variable access_key does not exist'
[2026-04-14T17:04:38.586+0000] {processor.py:927} WARNING - No viable dags retrieved from /opt/airflow/dags/raw_from_api_to_s3.py
[2026-04-14T17:04:38.590+0000] {processor.py:208} INFO - Processing /opt/airflow/dags/raw_from_api_to_s3.py took 0.077 seconds
[2026-04-14T17:05:08.830+0000] {processor.py:186} INFO - Started process (PID=180) to work on /opt/airflow/dags/raw_from_api_to_s3.py
[2026-04-14T17:05:08.831+0000] {processor.py:914} INFO - Processing file /opt/airflow/dags/raw_from_api_to_s3.py for tasks to queue
[2026-04-14T17:05:08.835+0000] {logging_mixin.py:190} INFO - [2026-04-14T17:05:08.834+0000] {dagbag.py:588} INFO - Filling up the DagBag from /opt/airflow/dags/raw_from_api_to_s3.py
[2026-04-14T17:05:08.911+0000] {logging_mixin.py:190} INFO - [2026-04-14T17:05:08.910+0000] {dagbag.py:387} ERROR - Failed to import: /opt/airflow/dags/raw_from_api_to_s3.py
Traceback (most recent call last):
  File "/home/airflow/.local/lib/python3.12/site-packages/airflow/models/dagbag.py", line 383, in parse
    loader.exec_module(new_module)
  File "<frozen importlib._bootstrap_external>", line 995, in exec_module
  File "<frozen importlib._bootstrap>", line 488, in _call_with_frames_removed
  File "/opt/airflow/dags/raw_from_api_to_s3.py", line 19, in <module>
    ACCESS_KEY = Variable.get("access_key")
                 ^^^^^^^^^^^^^^^^^^^^^^^^^^
  File "/home/airflow/.local/lib/python3.12/site-packages/airflow/models/variable.py", line 145, in get
    raise KeyError(f"Variable {key} does not exist")
KeyError: 'Variable access_key does not exist'
[2026-04-14T17:05:08.912+0000] {processor.py:927} WARNING - No viable dags retrieved from /opt/airflow/dags/raw_from_api_to_s3.py
[2026-04-14T17:05:08.918+0000] {processor.py:208} INFO - Processing /opt/airflow/dags/raw_from_api_to_s3.py took 0.097 seconds
[2026-04-14T17:05:39.239+0000] {processor.py:186} INFO - Started process (PID=194) to work on /opt/airflow/dags/raw_from_api_to_s3.py
[2026-04-14T17:05:39.239+0000] {processor.py:914} INFO - Processing file /opt/airflow/dags/raw_from_api_to_s3.py for tasks to queue
[2026-04-14T17:05:39.243+0000] {logging_mixin.py:190} INFO - [2026-04-14T17:05:39.243+0000] {dagbag.py:588} INFO - Filling up the DagBag from /opt/airflow/dags/raw_from_api_to_s3.py
[2026-04-14T17:05:39.331+0000] {logging_mixin.py:190} INFO - [2026-04-14T17:05:39.330+0000] {dagbag.py:387} ERROR - Failed to import: /opt/airflow/dags/raw_from_api_to_s3.py
Traceback (most recent call last):
  File "/home/airflow/.local/lib/python3.12/site-packages/airflow/models/dagbag.py", line 383, in parse
    loader.exec_module(new_module)
  File "<frozen importlib._bootstrap_external>", line 995, in exec_module
  File "<frozen importlib._bootstrap>", line 488, in _call_with_frames_removed
  File "/opt/airflow/dags/raw_from_api_to_s3.py", line 19, in <module>
    ACCESS_KEY = Variable.get("access_key")
                 ^^^^^^^^^^^^^^^^^^^^^^^^^^
  File "/home/airflow/.local/lib/python3.12/site-packages/airflow/models/variable.py", line 145, in get
    raise KeyError(f"Variable {key} does not exist")
KeyError: 'Variable access_key does not exist'
[2026-04-14T17:05:39.331+0000] {processor.py:927} WARNING - No viable dags retrieved from /opt/airflow/dags/raw_from_api_to_s3.py
[2026-04-14T17:05:39.532+0000] {processor.py:208} INFO - Processing /opt/airflow/dags/raw_from_api_to_s3.py took 0.307 seconds
[2026-04-14T17:06:09.717+0000] {processor.py:186} INFO - Started process (PID=208) to work on /opt/airflow/dags/raw_from_api_to_s3.py
[2026-04-14T17:06:09.718+0000] {processor.py:914} INFO - Processing file /opt/airflow/dags/raw_from_api_to_s3.py for tasks to queue
[2026-04-14T17:06:09.725+0000] {logging_mixin.py:190} INFO - [2026-04-14T17:06:09.724+0000] {dagbag.py:588} INFO - Filling up the DagBag from /opt/airflow/dags/raw_from_api_to_s3.py
[2026-04-14T17:06:10.059+0000] {logging_mixin.py:190} INFO - [2026-04-14T17:06:10.057+0000] {dagbag.py:387} ERROR - Failed to import: /opt/airflow/dags/raw_from_api_to_s3.py
Traceback (most recent call last):
  File "/home/airflow/.local/lib/python3.12/site-packages/airflow/models/dagbag.py", line 383, in parse
    loader.exec_module(new_module)
  File "<frozen importlib._bootstrap_external>", line 995, in exec_module
  File "<frozen importlib._bootstrap>", line 488, in _call_with_frames_removed
  File "/opt/airflow/dags/raw_from_api_to_s3.py", line 19, in <module>
    ACCESS_KEY = Variable.get("access_key")
                 ^^^^^^^^^^^^^^^^^^^^^^^^^^
  File "/home/airflow/.local/lib/python3.12/site-packages/airflow/models/variable.py", line 145, in get
    raise KeyError(f"Variable {key} does not exist")
KeyError: 'Variable access_key does not exist'
[2026-04-14T17:06:10.059+0000] {processor.py:927} WARNING - No viable dags retrieved from /opt/airflow/dags/raw_from_api_to_s3.py
[2026-04-14T17:06:10.065+0000] {processor.py:208} INFO - Processing /opt/airflow/dags/raw_from_api_to_s3.py took 0.358 seconds
[2026-04-14T17:06:40.285+0000] {processor.py:186} INFO - Started process (PID=222) to work on /opt/airflow/dags/raw_from_api_to_s3.py
[2026-04-14T17:06:40.286+0000] {processor.py:914} INFO - Processing file /opt/airflow/dags/raw_from_api_to_s3.py for tasks to queue
[2026-04-14T17:06:40.295+0000] {logging_mixin.py:190} INFO - [2026-04-14T17:06:40.293+0000] {dagbag.py:588} INFO - Filling up the DagBag from /opt/airflow/dags/raw_from_api_to_s3.py
[2026-04-14T17:06:40.380+0000] {logging_mixin.py:190} INFO - [2026-04-14T17:06:40.378+0000] {dagbag.py:387} ERROR - Failed to import: /opt/airflow/dags/raw_from_api_to_s3.py
Traceback (most recent call last):
  File "/home/airflow/.local/lib/python3.12/site-packages/airflow/models/dagbag.py", line 383, in parse
    loader.exec_module(new_module)
  File "<frozen importlib._bootstrap_external>", line 995, in exec_module
  File "<frozen importlib._bootstrap>", line 488, in _call_with_frames_removed
  File "/opt/airflow/dags/raw_from_api_to_s3.py", line 19, in <module>
    ACCESS_KEY = Variable.get("access_key")
                 ^^^^^^^^^^^^^^^^^^^^^^^^^^
  File "/home/airflow/.local/lib/python3.12/site-packages/airflow/models/variable.py", line 145, in get
    raise KeyError(f"Variable {key} does not exist")
KeyError: 'Variable access_key does not exist'
[2026-04-14T17:06:40.380+0000] {processor.py:927} WARNING - No viable dags retrieved from /opt/airflow/dags/raw_from_api_to_s3.py
[2026-04-14T17:06:40.388+0000] {processor.py:208} INFO - Processing /opt/airflow/dags/raw_from_api_to_s3.py took 0.113 seconds
[2026-04-14T17:07:07.735+0000] {processor.py:186} INFO - Started process (PID=237) to work on /opt/airflow/dags/raw_from_api_to_s3.py
[2026-04-14T17:07:07.737+0000] {processor.py:914} INFO - Processing file /opt/airflow/dags/raw_from_api_to_s3.py for tasks to queue
[2026-04-14T17:07:07.745+0000] {logging_mixin.py:190} INFO - [2026-04-14T17:07:07.745+0000] {dagbag.py:588} INFO - Filling up the DagBag from /opt/airflow/dags/raw_from_api_to_s3.py
[2026-04-14T17:07:07.836+0000] {logging_mixin.py:190} INFO - [2026-04-14T17:07:07.834+0000] {dagbag.py:387} ERROR - Failed to import: /opt/airflow/dags/raw_from_api_to_s3.py
Traceback (most recent call last):
  File "/home/airflow/.local/lib/python3.12/site-packages/airflow/models/dagbag.py", line 383, in parse
    loader.exec_module(new_module)
  File "<frozen importlib._bootstrap_external>", line 995, in exec_module
  File "<frozen importlib._bootstrap>", line 488, in _call_with_frames_removed
  File "/opt/airflow/dags/raw_from_api_to_s3.py", line 19, in <module>
    ACCESS_KEY = Variable.get("access_key")
                 ^^^^^^^^^^^^^^^^^^^^^^^^^^
  File "/home/airflow/.local/lib/python3.12/site-packages/airflow/models/variable.py", line 145, in get
    raise KeyError(f"Variable {key} does not exist")
KeyError: 'Variable access_key does not exist'
[2026-04-14T17:07:07.836+0000] {processor.py:927} WARNING - No viable dags retrieved from /opt/airflow/dags/raw_from_api_to_s3.py
[2026-04-14T17:07:07.843+0000] {processor.py:208} INFO - Processing /opt/airflow/dags/raw_from_api_to_s3.py took 0.118 seconds
[2026-04-14T17:07:19.038+0000] {processor.py:186} INFO - Started process (PID=245) to work on /opt/airflow/dags/raw_from_api_to_s3.py
[2026-04-14T17:07:19.039+0000] {processor.py:914} INFO - Processing file /opt/airflow/dags/raw_from_api_to_s3.py for tasks to queue
[2026-04-14T17:07:19.043+0000] {logging_mixin.py:190} INFO - [2026-04-14T17:07:19.042+0000] {dagbag.py:588} INFO - Filling up the DagBag from /opt/airflow/dags/raw_from_api_to_s3.py
[2026-04-14T17:07:19.138+0000] {logging_mixin.py:190} INFO - [2026-04-14T17:07:19.137+0000] {dagbag.py:387} ERROR - Failed to import: /opt/airflow/dags/raw_from_api_to_s3.py
Traceback (most recent call last):
  File "/home/airflow/.local/lib/python3.12/site-packages/airflow/models/dagbag.py", line 383, in parse
    loader.exec_module(new_module)
  File "<frozen importlib._bootstrap_external>", line 995, in exec_module
  File "<frozen importlib._bootstrap>", line 488, in _call_with_frames_removed
  File "/opt/airflow/dags/raw_from_api_to_s3.py", line 19, in <module>
    ACCESS_KEY = Variable.get("access_key")
                 ^^^^^^^^^^^^^^^^^^^^^^^^^^
  File "/home/airflow/.local/lib/python3.12/site-packages/airflow/models/variable.py", line 145, in get
    raise KeyError(f"Variable {key} does not exist")
KeyError: 'Variable access_key does not exist'
[2026-04-14T17:07:19.139+0000] {processor.py:927} WARNING - No viable dags retrieved from /opt/airflow/dags/raw_from_api_to_s3.py
[2026-04-14T17:07:19.146+0000] {processor.py:208} INFO - Processing /opt/airflow/dags/raw_from_api_to_s3.py took 0.118 seconds
[2026-04-14T17:07:49.901+0000] {processor.py:186} INFO - Started process (PID=259) to work on /opt/airflow/dags/raw_from_api_to_s3.py
[2026-04-14T17:07:49.905+0000] {processor.py:914} INFO - Processing file /opt/airflow/dags/raw_from_api_to_s3.py for tasks to queue
[2026-04-14T17:07:49.914+0000] {logging_mixin.py:190} INFO - [2026-04-14T17:07:49.912+0000] {dagbag.py:588} INFO - Filling up the DagBag from /opt/airflow/dags/raw_from_api_to_s3.py
[2026-04-14T17:07:50.097+0000] {logging_mixin.py:190} INFO - [2026-04-14T17:07:50.093+0000] {dagbag.py:387} ERROR - Failed to import: /opt/airflow/dags/raw_from_api_to_s3.py
Traceback (most recent call last):
  File "/home/airflow/.local/lib/python3.12/site-packages/airflow/models/dagbag.py", line 383, in parse
    loader.exec_module(new_module)
  File "<frozen importlib._bootstrap_external>", line 995, in exec_module
  File "<frozen importlib._bootstrap>", line 488, in _call_with_frames_removed
  File "/opt/airflow/dags/raw_from_api_to_s3.py", line 19, in <module>
    ACCESS_KEY = Variable.get("access_key")
                 ^^^^^^^^^^^^^^^^^^^^^^^^^^
  File "/home/airflow/.local/lib/python3.12/site-packages/airflow/models/variable.py", line 145, in get
    raise KeyError(f"Variable {key} does not exist")
KeyError: 'Variable access_key does not exist'
[2026-04-14T17:07:50.098+0000] {processor.py:927} WARNING - No viable dags retrieved from /opt/airflow/dags/raw_from_api_to_s3.py
[2026-04-14T17:07:50.119+0000] {processor.py:208} INFO - Processing /opt/airflow/dags/raw_from_api_to_s3.py took 0.232 seconds
[2026-04-14T17:08:20.408+0000] {processor.py:186} INFO - Started process (PID=272) to work on /opt/airflow/dags/raw_from_api_to_s3.py
[2026-04-14T17:08:20.410+0000] {processor.py:914} INFO - Processing file /opt/airflow/dags/raw_from_api_to_s3.py for tasks to queue
[2026-04-14T17:08:20.419+0000] {logging_mixin.py:190} INFO - [2026-04-14T17:08:20.418+0000] {dagbag.py:588} INFO - Filling up the DagBag from /opt/airflow/dags/raw_from_api_to_s3.py
[2026-04-14T17:08:20.528+0000] {logging_mixin.py:190} INFO - [2026-04-14T17:08:20.523+0000] {dagbag.py:387} ERROR - Failed to import: /opt/airflow/dags/raw_from_api_to_s3.py
Traceback (most recent call last):
  File "/home/airflow/.local/lib/python3.12/site-packages/airflow/models/dagbag.py", line 383, in parse
    loader.exec_module(new_module)
  File "<frozen importlib._bootstrap_external>", line 995, in exec_module
  File "<frozen importlib._bootstrap>", line 488, in _call_with_frames_removed
  File "/opt/airflow/dags/raw_from_api_to_s3.py", line 19, in <module>
    ACCESS_KEY = Variable.get("access_key")
                 ^^^^^^^^^^^^^^^^^^^^^^^^^^
  File "/home/airflow/.local/lib/python3.12/site-packages/airflow/models/variable.py", line 145, in get
    raise KeyError(f"Variable {key} does not exist")
KeyError: 'Variable access_key does not exist'
[2026-04-14T17:08:20.529+0000] {processor.py:927} WARNING - No viable dags retrieved from /opt/airflow/dags/raw_from_api_to_s3.py
[2026-04-14T17:08:20.541+0000] {processor.py:208} INFO - Processing /opt/airflow/dags/raw_from_api_to_s3.py took 0.143 seconds
[2026-04-14T17:08:42.650+0000] {processor.py:186} INFO - Started process (PID=286) to work on /opt/airflow/dags/raw_from_api_to_s3.py
[2026-04-14T17:08:42.650+0000] {processor.py:914} INFO - Processing file /opt/airflow/dags/raw_from_api_to_s3.py for tasks to queue
[2026-04-14T17:08:42.655+0000] {logging_mixin.py:190} INFO - [2026-04-14T17:08:42.654+0000] {dagbag.py:588} INFO - Filling up the DagBag from /opt/airflow/dags/raw_from_api_to_s3.py
[2026-04-14T17:08:42.763+0000] {logging_mixin.py:190} INFO - [2026-04-14T17:08:42.761+0000] {dagbag.py:387} ERROR - Failed to import: /opt/airflow/dags/raw_from_api_to_s3.py
Traceback (most recent call last):
  File "/home/airflow/.local/lib/python3.12/site-packages/airflow/models/dagbag.py", line 383, in parse
    loader.exec_module(new_module)
  File "<frozen importlib._bootstrap_external>", line 995, in exec_module
  File "<frozen importlib._bootstrap>", line 488, in _call_with_frames_removed
  File "/opt/airflow/dags/raw_from_api_to_s3.py", line 19, in <module>
    ACCESS_KEY = Variable.get("access_key")
                 ^^^^^^^^^^^^^^^^^^^^^^^^^^
  File "/home/airflow/.local/lib/python3.12/site-packages/airflow/models/variable.py", line 145, in get
    raise KeyError(f"Variable {key} does not exist")
KeyError: 'Variable access_key does not exist'
[2026-04-14T17:08:42.763+0000] {processor.py:927} WARNING - No viable dags retrieved from /opt/airflow/dags/raw_from_api_to_s3.py
[2026-04-14T17:08:42.770+0000] {processor.py:208} INFO - Processing /opt/airflow/dags/raw_from_api_to_s3.py took 0.128 seconds
[2026-04-14T17:09:13.300+0000] {processor.py:186} INFO - Started process (PID=300) to work on /opt/airflow/dags/raw_from_api_to_s3.py
[2026-04-14T17:09:13.301+0000] {processor.py:914} INFO - Processing file /opt/airflow/dags/raw_from_api_to_s3.py for tasks to queue
[2026-04-14T17:09:13.306+0000] {logging_mixin.py:190} INFO - [2026-04-14T17:09:13.305+0000] {dagbag.py:588} INFO - Filling up the DagBag from /opt/airflow/dags/raw_from_api_to_s3.py
[2026-04-14T17:09:13.408+0000] {logging_mixin.py:190} INFO - [2026-04-14T17:09:13.406+0000] {dagbag.py:387} ERROR - Failed to import: /opt/airflow/dags/raw_from_api_to_s3.py
Traceback (most recent call last):
  File "/home/airflow/.local/lib/python3.12/site-packages/airflow/models/dagbag.py", line 383, in parse
    loader.exec_module(new_module)
  File "<frozen importlib._bootstrap_external>", line 995, in exec_module
  File "<frozen importlib._bootstrap>", line 488, in _call_with_frames_removed
  File "/opt/airflow/dags/raw_from_api_to_s3.py", line 19, in <module>
    ACCESS_KEY = Variable.get("access_key")
                 ^^^^^^^^^^^^^^^^^^^^^^^^^^
  File "/home/airflow/.local/lib/python3.12/site-packages/airflow/models/variable.py", line 145, in get
    raise KeyError(f"Variable {key} does not exist")
KeyError: 'Variable access_key does not exist'
[2026-04-14T17:09:13.408+0000] {processor.py:927} WARNING - No viable dags retrieved from /opt/airflow/dags/raw_from_api_to_s3.py
[2026-04-14T17:09:13.414+0000] {processor.py:208} INFO - Processing /opt/airflow/dags/raw_from_api_to_s3.py took 0.125 seconds
[2026-04-14T17:09:43.827+0000] {processor.py:186} INFO - Started process (PID=314) to work on /opt/airflow/dags/raw_from_api_to_s3.py
[2026-04-14T17:09:43.827+0000] {processor.py:914} INFO - Processing file /opt/airflow/dags/raw_from_api_to_s3.py for tasks to queue
[2026-04-14T17:09:43.832+0000] {logging_mixin.py:190} INFO - [2026-04-14T17:09:43.831+0000] {dagbag.py:588} INFO - Filling up the DagBag from /opt/airflow/dags/raw_from_api_to_s3.py
[2026-04-14T17:09:43.914+0000] {logging_mixin.py:190} INFO - [2026-04-14T17:09:43.913+0000] {dagbag.py:387} ERROR - Failed to import: /opt/airflow/dags/raw_from_api_to_s3.py
Traceback (most recent call last):
  File "/home/airflow/.local/lib/python3.12/site-packages/airflow/models/dagbag.py", line 383, in parse
    loader.exec_module(new_module)
  File "<frozen importlib._bootstrap_external>", line 995, in exec_module
  File "<frozen importlib._bootstrap>", line 488, in _call_with_frames_removed
  File "/opt/airflow/dags/raw_from_api_to_s3.py", line 20, in <module>
    SECRET_KEY = Variable.get("secret_key")
                 ^^^^^^^^^^^^^^^^^^^^^^^^^^
  File "/home/airflow/.local/lib/python3.12/site-packages/airflow/models/variable.py", line 145, in get
    raise KeyError(f"Variable {key} does not exist")
KeyError: 'Variable secret_key does not exist'
[2026-04-14T17:09:43.914+0000] {processor.py:927} WARNING - No viable dags retrieved from /opt/airflow/dags/raw_from_api_to_s3.py
[2026-04-14T17:09:43.921+0000] {processor.py:208} INFO - Processing /opt/airflow/dags/raw_from_api_to_s3.py took 0.102 seconds
[2026-04-14T17:10:14.249+0000] {processor.py:186} INFO - Started process (PID=328) to work on /opt/airflow/dags/raw_from_api_to_s3.py
[2026-04-14T17:10:14.250+0000] {processor.py:914} INFO - Processing file /opt/airflow/dags/raw_from_api_to_s3.py for tasks to queue
[2026-04-14T17:10:14.253+0000] {logging_mixin.py:190} INFO - [2026-04-14T17:10:14.253+0000] {dagbag.py:588} INFO - Filling up the DagBag from /opt/airflow/dags/raw_from_api_to_s3.py
[2026-04-14T17:10:14.398+0000] {processor.py:925} INFO - DAG(s) 'raw_from_api_to_s3' retrieved from /opt/airflow/dags/raw_from_api_to_s3.py
[2026-04-14T17:10:14.670+0000] {logging_mixin.py:190} INFO - [2026-04-14T17:10:14.669+0000] {override.py:1900} INFO - Created Permission View: can delete on DAG:raw_from_api_to_s3
[2026-04-14T17:10:14.674+0000] {logging_mixin.py:190} INFO - [2026-04-14T17:10:14.674+0000] {override.py:1900} INFO - Created Permission View: can read on DAG:raw_from_api_to_s3
[2026-04-14T17:10:14.676+0000] {logging_mixin.py:190} INFO - [2026-04-14T17:10:14.676+0000] {override.py:1900} INFO - Created Permission View: can edit on DAG:raw_from_api_to_s3
[2026-04-14T17:10:14.678+0000] {logging_mixin.py:190} INFO - [2026-04-14T17:10:14.678+0000] {override.py:1900} INFO - Created Permission View: can delete on DAG Run:raw_from_api_to_s3
[2026-04-14T17:10:14.680+0000] {logging_mixin.py:190} INFO - [2026-04-14T17:10:14.680+0000] {override.py:1900} INFO - Created Permission View: can read on DAG Run:raw_from_api_to_s3
[2026-04-14T17:10:14.681+0000] {logging_mixin.py:190} INFO - [2026-04-14T17:10:14.681+0000] {override.py:1900} INFO - Created Permission View: can create on DAG Run:raw_from_api_to_s3
[2026-04-14T17:10:14.683+0000] {logging_mixin.py:190} INFO - [2026-04-14T17:10:14.683+0000] {override.py:1900} INFO - Created Permission View: menu access on DAG Run:raw_from_api_to_s3
[2026-04-14T17:10:14.683+0000] {logging_mixin.py:190} INFO - [2026-04-14T17:10:14.683+0000] {dag.py:3239} INFO - Sync 1 DAGs
[2026-04-14T17:10:14.690+0000] {logging_mixin.py:190} INFO - [2026-04-14T17:10:14.690+0000] {dag.py:3262} INFO - Creating ORM DAG for raw_from_api_to_s3
[2026-04-14T17:10:14.699+0000] {logging_mixin.py:190} INFO - [2026-04-14T17:10:14.698+0000] {dag.py:4180} INFO - Setting next_dagrun for raw_from_api_to_s3 to 2026-03-24 00:00:00+00:00, run_after=2026-03-25 00:00:00+00:00
[2026-04-14T17:10:14.709+0000] {processor.py:208} INFO - Processing /opt/airflow/dags/raw_from_api_to_s3.py took 0.469 seconds
[2026-04-14T17:10:44.976+0000] {processor.py:186} INFO - Started process (PID=342) to work on /opt/airflow/dags/raw_from_api_to_s3.py
[2026-04-14T17:10:44.978+0000] {processor.py:914} INFO - Processing file /opt/airflow/dags/raw_from_api_to_s3.py for tasks to queue
[2026-04-14T17:10:44.988+0000] {logging_mixin.py:190} INFO - [2026-04-14T17:10:44.987+0000] {dagbag.py:588} INFO - Filling up the DagBag from /opt/airflow/dags/raw_from_api_to_s3.py
[2026-04-14T17:10:45.256+0000] {processor.py:925} INFO - DAG(s) 'raw_from_api_to_s3' retrieved from /opt/airflow/dags/raw_from_api_to_s3.py
[2026-04-14T17:10:45.293+0000] {logging_mixin.py:190} INFO - [2026-04-14T17:10:45.293+0000] {dag.py:3239} INFO - Sync 1 DAGs
[2026-04-14T17:10:45.323+0000] {processor.py:208} INFO - Processing /opt/airflow/dags/raw_from_api_to_s3.py took 0.356 seconds
[2026-04-14T17:11:15.639+0000] {processor.py:186} INFO - Started process (PID=356) to work on /opt/airflow/dags/raw_from_api_to_s3.py
[2026-04-14T17:11:15.640+0000] {processor.py:914} INFO - Processing file /opt/airflow/dags/raw_from_api_to_s3.py for tasks to queue
[2026-04-14T17:11:15.643+0000] {logging_mixin.py:190} INFO - [2026-04-14T17:11:15.643+0000] {dagbag.py:588} INFO - Filling up the DagBag from /opt/airflow/dags/raw_from_api_to_s3.py
[2026-04-14T17:11:15.732+0000] {processor.py:925} INFO - DAG(s) 'raw_from_api_to_s3' retrieved from /opt/airflow/dags/raw_from_api_to_s3.py
[2026-04-14T17:11:15.750+0000] {logging_mixin.py:190} INFO - [2026-04-14T17:11:15.749+0000] {dag.py:3239} INFO - Sync 1 DAGs
[2026-04-14T17:11:15.779+0000] {processor.py:208} INFO - Processing /opt/airflow/dags/raw_from_api_to_s3.py took 0.149 seconds
[2026-04-14T17:11:46.010+0000] {processor.py:186} INFO - Started process (PID=370) to work on /opt/airflow/dags/raw_from_api_to_s3.py
[2026-04-14T17:11:46.011+0000] {processor.py:914} INFO - Processing file /opt/airflow/dags/raw_from_api_to_s3.py for tasks to queue
[2026-04-14T17:11:46.016+0000] {logging_mixin.py:190} INFO - [2026-04-14T17:11:46.016+0000] {dagbag.py:588} INFO - Filling up the DagBag from /opt/airflow/dags/raw_from_api_to_s3.py
[2026-04-14T17:11:46.108+0000] {processor.py:925} INFO - DAG(s) 'raw_from_api_to_s3' retrieved from /opt/airflow/dags/raw_from_api_to_s3.py
[2026-04-14T17:11:46.123+0000] {logging_mixin.py:190} INFO - [2026-04-14T17:11:46.123+0000] {dag.py:3239} INFO - Sync 1 DAGs
[2026-04-14T17:11:46.154+0000] {processor.py:208} INFO - Processing /opt/airflow/dags/raw_from_api_to_s3.py took 0.155 seconds
[2026-04-14T17:12:16.358+0000] {processor.py:186} INFO - Started process (PID=384) to work on /opt/airflow/dags/raw_from_api_to_s3.py
[2026-04-14T17:12:16.359+0000] {processor.py:914} INFO - Processing file /opt/airflow/dags/raw_from_api_to_s3.py for tasks to queue
[2026-04-14T17:12:16.363+0000] {logging_mixin.py:190} INFO - [2026-04-14T17:12:16.363+0000] {dagbag.py:588} INFO - Filling up the DagBag from /opt/airflow/dags/raw_from_api_to_s3.py
[2026-04-14T17:12:16.507+0000] {processor.py:925} INFO - DAG(s) 'raw_from_api_to_s3' retrieved from /opt/airflow/dags/raw_from_api_to_s3.py
[2026-04-14T17:12:16.579+0000] {logging_mixin.py:190} INFO - [2026-04-14T17:12:16.578+0000] {dag.py:3239} INFO - Sync 1 DAGs
[2026-04-14T17:12:16.629+0000] {processor.py:208} INFO - Processing /opt/airflow/dags/raw_from_api_to_s3.py took 0.278 seconds
[2026-04-14T17:12:46.780+0000] {processor.py:186} INFO - Started process (PID=398) to work on /opt/airflow/dags/raw_from_api_to_s3.py
[2026-04-14T17:12:46.781+0000] {processor.py:914} INFO - Processing file /opt/airflow/dags/raw_from_api_to_s3.py for tasks to queue
[2026-04-14T17:12:46.785+0000] {logging_mixin.py:190} INFO - [2026-04-14T17:12:46.784+0000] {dagbag.py:588} INFO - Filling up the DagBag from /opt/airflow/dags/raw_from_api_to_s3.py
[2026-04-14T17:12:46.894+0000] {processor.py:925} INFO - DAG(s) 'raw_from_api_to_s3' retrieved from /opt/airflow/dags/raw_from_api_to_s3.py
[2026-04-14T17:12:46.922+0000] {logging_mixin.py:190} INFO - [2026-04-14T17:12:46.922+0000] {dag.py:3239} INFO - Sync 1 DAGs
[2026-04-14T17:12:46.950+0000] {processor.py:208} INFO - Processing /opt/airflow/dags/raw_from_api_to_s3.py took 0.176 seconds
[2026-04-14T17:13:17.195+0000] {processor.py:186} INFO - Started process (PID=412) to work on /opt/airflow/dags/raw_from_api_to_s3.py
[2026-04-14T17:13:17.196+0000] {processor.py:914} INFO - Processing file /opt/airflow/dags/raw_from_api_to_s3.py for tasks to queue
[2026-04-14T17:13:17.199+0000] {logging_mixin.py:190} INFO - [2026-04-14T17:13:17.199+0000] {dagbag.py:588} INFO - Filling up the DagBag from /opt/airflow/dags/raw_from_api_to_s3.py
[2026-04-14T17:13:17.284+0000] {processor.py:925} INFO - DAG(s) 'raw_from_api_to_s3' retrieved from /opt/airflow/dags/raw_from_api_to_s3.py
[2026-04-14T17:13:17.298+0000] {logging_mixin.py:190} INFO - [2026-04-14T17:13:17.298+0000] {dag.py:3239} INFO - Sync 1 DAGs
[2026-04-14T17:13:17.321+0000] {processor.py:208} INFO - Processing /opt/airflow/dags/raw_from_api_to_s3.py took 0.135 seconds
[2026-04-14T17:13:47.492+0000] {processor.py:186} INFO - Started process (PID=426) to work on /opt/airflow/dags/raw_from_api_to_s3.py
[2026-04-14T17:13:47.493+0000] {processor.py:914} INFO - Processing file /opt/airflow/dags/raw_from_api_to_s3.py for tasks to queue
[2026-04-14T17:13:47.500+0000] {logging_mixin.py:190} INFO - [2026-04-14T17:13:47.499+0000] {dagbag.py:588} INFO - Filling up the DagBag from /opt/airflow/dags/raw_from_api_to_s3.py
[2026-04-14T17:13:47.686+0000] {processor.py:925} INFO - DAG(s) 'raw_from_api_to_s3' retrieved from /opt/airflow/dags/raw_from_api_to_s3.py
[2026-04-14T17:13:47.706+0000] {logging_mixin.py:190} INFO - [2026-04-14T17:13:47.705+0000] {dag.py:3239} INFO - Sync 1 DAGs
[2026-04-14T17:13:47.736+0000] {processor.py:208} INFO - Processing /opt/airflow/dags/raw_from_api_to_s3.py took 0.256 seconds
[2026-04-14T17:14:18.070+0000] {processor.py:186} INFO - Started process (PID=440) to work on /opt/airflow/dags/raw_from_api_to_s3.py
[2026-04-14T17:14:18.071+0000] {processor.py:914} INFO - Processing file /opt/airflow/dags/raw_from_api_to_s3.py for tasks to queue
[2026-04-14T17:14:18.078+0000] {logging_mixin.py:190} INFO - [2026-04-14T17:14:18.075+0000] {dagbag.py:588} INFO - Filling up the DagBag from /opt/airflow/dags/raw_from_api_to_s3.py
[2026-04-14T17:14:18.300+0000] {processor.py:925} INFO - DAG(s) 'raw_from_api_to_s3' retrieved from /opt/airflow/dags/raw_from_api_to_s3.py
[2026-04-14T17:14:18.316+0000] {logging_mixin.py:190} INFO - [2026-04-14T17:14:18.316+0000] {dag.py:3239} INFO - Sync 1 DAGs
[2026-04-14T17:14:18.340+0000] {processor.py:208} INFO - Processing /opt/airflow/dags/raw_from_api_to_s3.py took 0.282 seconds
[2026-04-14T17:14:48.418+0000] {processor.py:186} INFO - Started process (PID=454) to work on /opt/airflow/dags/raw_from_api_to_s3.py
[2026-04-14T17:14:48.419+0000] {processor.py:914} INFO - Processing file /opt/airflow/dags/raw_from_api_to_s3.py for tasks to queue
[2026-04-14T17:14:48.422+0000] {logging_mixin.py:190} INFO - [2026-04-14T17:14:48.421+0000] {dagbag.py:588} INFO - Filling up the DagBag from /opt/airflow/dags/raw_from_api_to_s3.py
[2026-04-14T17:14:48.569+0000] {processor.py:925} INFO - DAG(s) 'raw_from_api_to_s3' retrieved from /opt/airflow/dags/raw_from_api_to_s3.py
[2026-04-14T17:14:48.584+0000] {logging_mixin.py:190} INFO - [2026-04-14T17:14:48.583+0000] {dag.py:3239} INFO - Sync 1 DAGs
[2026-04-14T17:14:48.606+0000] {processor.py:208} INFO - Processing /opt/airflow/dags/raw_from_api_to_s3.py took 0.201 seconds
[2026-04-14T17:15:18.953+0000] {processor.py:186} INFO - Started process (PID=468) to work on /opt/airflow/dags/raw_from_api_to_s3.py
[2026-04-14T17:15:18.954+0000] {processor.py:914} INFO - Processing file /opt/airflow/dags/raw_from_api_to_s3.py for tasks to queue
[2026-04-14T17:15:18.960+0000] {logging_mixin.py:190} INFO - [2026-04-14T17:15:18.959+0000] {dagbag.py:588} INFO - Filling up the DagBag from /opt/airflow/dags/raw_from_api_to_s3.py
[2026-04-14T17:15:19.076+0000] {processor.py:925} INFO - DAG(s) 'raw_from_api_to_s3' retrieved from /opt/airflow/dags/raw_from_api_to_s3.py
[2026-04-14T17:15:19.091+0000] {logging_mixin.py:190} INFO - [2026-04-14T17:15:19.091+0000] {dag.py:3239} INFO - Sync 1 DAGs
[2026-04-14T17:15:19.114+0000] {processor.py:208} INFO - Processing /opt/airflow/dags/raw_from_api_to_s3.py took 0.168 seconds
[2026-04-14T17:15:49.351+0000] {processor.py:186} INFO - Started process (PID=482) to work on /opt/airflow/dags/raw_from_api_to_s3.py
[2026-04-14T17:15:49.352+0000] {processor.py:914} INFO - Processing file /opt/airflow/dags/raw_from_api_to_s3.py for tasks to queue
[2026-04-14T17:15:49.360+0000] {logging_mixin.py:190} INFO - [2026-04-14T17:15:49.359+0000] {dagbag.py:588} INFO - Filling up the DagBag from /opt/airflow/dags/raw_from_api_to_s3.py
[2026-04-14T17:15:49.475+0000] {processor.py:925} INFO - DAG(s) 'raw_from_api_to_s3' retrieved from /opt/airflow/dags/raw_from_api_to_s3.py
[2026-04-14T17:15:49.494+0000] {logging_mixin.py:190} INFO - [2026-04-14T17:15:49.494+0000] {dag.py:3239} INFO - Sync 1 DAGs
[2026-04-14T17:15:49.516+0000] {processor.py:208} INFO - Processing /opt/airflow/dags/raw_from_api_to_s3.py took 0.177 seconds
[2026-04-14T17:16:19.833+0000] {processor.py:186} INFO - Started process (PID=496) to work on /opt/airflow/dags/raw_from_api_to_s3.py
[2026-04-14T17:16:19.834+0000] {processor.py:914} INFO - Processing file /opt/airflow/dags/raw_from_api_to_s3.py for tasks to queue
[2026-04-14T17:16:19.838+0000] {logging_mixin.py:190} INFO - [2026-04-14T17:16:19.838+0000] {dagbag.py:588} INFO - Filling up the DagBag from /opt/airflow/dags/raw_from_api_to_s3.py
[2026-04-14T17:16:20.041+0000] {processor.py:925} INFO - DAG(s) 'raw_from_api_to_s3' retrieved from /opt/airflow/dags/raw_from_api_to_s3.py
[2026-04-14T17:16:20.056+0000] {logging_mixin.py:190} INFO - [2026-04-14T17:16:20.056+0000] {dag.py:3239} INFO - Sync 1 DAGs
[2026-04-14T17:16:20.083+0000] {processor.py:208} INFO - Processing /opt/airflow/dags/raw_from_api_to_s3.py took 0.259 seconds
[2026-04-14T17:16:29.001+0000] {processor.py:186} INFO - Started process (PID=510) to work on /opt/airflow/dags/raw_from_api_to_s3.py
[2026-04-14T17:16:29.003+0000] {processor.py:914} INFO - Processing file /opt/airflow/dags/raw_from_api_to_s3.py for tasks to queue
[2026-04-14T17:16:29.010+0000] {logging_mixin.py:190} INFO - [2026-04-14T17:16:29.007+0000] {dagbag.py:588} INFO - Filling up the DagBag from /opt/airflow/dags/raw_from_api_to_s3.py
[2026-04-14T17:16:29.154+0000] {processor.py:925} INFO - DAG(s) 'raw_from_api_to_s3' retrieved from /opt/airflow/dags/raw_from_api_to_s3.py
[2026-04-14T17:16:29.177+0000] {logging_mixin.py:190} INFO - [2026-04-14T17:16:29.176+0000] {dag.py:3239} INFO - Sync 1 DAGs
[2026-04-14T17:16:29.214+0000] {processor.py:208} INFO - Processing /opt/airflow/dags/raw_from_api_to_s3.py took 0.223 seconds
[2026-04-14T17:16:58.654+0000] {processor.py:186} INFO - Started process (PID=524) to work on /opt/airflow/dags/raw_from_api_to_s3.py
[2026-04-14T17:16:58.706+0000] {processor.py:914} INFO - Processing file /opt/airflow/dags/raw_from_api_to_s3.py for tasks to queue
[2026-04-14T17:16:58.725+0000] {logging_mixin.py:190} INFO - [2026-04-14T17:16:58.723+0000] {dagbag.py:588} INFO - Filling up the DagBag from /opt/airflow/dags/raw_from_api_to_s3.py
[2026-04-14T17:16:58.937+0000] {processor.py:925} INFO - DAG(s) 'raw_from_api_to_s3' retrieved from /opt/airflow/dags/raw_from_api_to_s3.py
[2026-04-14T17:16:58.956+0000] {logging_mixin.py:190} INFO - [2026-04-14T17:16:58.955+0000] {dag.py:3239} INFO - Sync 1 DAGs
[2026-04-14T17:16:59.000+0000] {processor.py:208} INFO - Processing /opt/airflow/dags/raw_from_api_to_s3.py took 0.357 seconds
[2026-04-14T17:17:29.380+0000] {processor.py:186} INFO - Started process (PID=538) to work on /opt/airflow/dags/raw_from_api_to_s3.py
[2026-04-14T17:17:29.381+0000] {processor.py:914} INFO - Processing file /opt/airflow/dags/raw_from_api_to_s3.py for tasks to queue
[2026-04-14T17:17:29.386+0000] {logging_mixin.py:190} INFO - [2026-04-14T17:17:29.386+0000] {dagbag.py:588} INFO - Filling up the DagBag from /opt/airflow/dags/raw_from_api_to_s3.py
[2026-04-14T17:17:29.476+0000] {processor.py:925} INFO - DAG(s) 'raw_from_api_to_s3' retrieved from /opt/airflow/dags/raw_from_api_to_s3.py
[2026-04-14T17:17:29.490+0000] {logging_mixin.py:190} INFO - [2026-04-14T17:17:29.490+0000] {dag.py:3239} INFO - Sync 1 DAGs
[2026-04-14T17:17:29.524+0000] {processor.py:208} INFO - Processing /opt/airflow/dags/raw_from_api_to_s3.py took 0.151 seconds
[2026-04-14T17:17:59.923+0000] {processor.py:186} INFO - Started process (PID=552) to work on /opt/airflow/dags/raw_from_api_to_s3.py
[2026-04-14T17:17:59.926+0000] {processor.py:914} INFO - Processing file /opt/airflow/dags/raw_from_api_to_s3.py for tasks to queue
[2026-04-14T17:17:59.935+0000] {logging_mixin.py:190} INFO - [2026-04-14T17:17:59.934+0000] {dagbag.py:588} INFO - Filling up the DagBag from /opt/airflow/dags/raw_from_api_to_s3.py
[2026-04-14T17:18:00.095+0000] {processor.py:925} INFO - DAG(s) 'raw_from_api_to_s3' retrieved from /opt/airflow/dags/raw_from_api_to_s3.py
[2026-04-14T17:18:00.112+0000] {logging_mixin.py:190} INFO - [2026-04-14T17:18:00.112+0000] {dag.py:3239} INFO - Sync 1 DAGs
[2026-04-14T17:18:00.157+0000] {processor.py:208} INFO - Processing /opt/airflow/dags/raw_from_api_to_s3.py took 0.258 seconds
[2026-04-14T17:18:30.312+0000] {processor.py:186} INFO - Started process (PID=566) to work on /opt/airflow/dags/raw_from_api_to_s3.py
[2026-04-14T17:18:30.314+0000] {processor.py:914} INFO - Processing file /opt/airflow/dags/raw_from_api_to_s3.py for tasks to queue
[2026-04-14T17:18:30.319+0000] {logging_mixin.py:190} INFO - [2026-04-14T17:18:30.319+0000] {dagbag.py:588} INFO - Filling up the DagBag from /opt/airflow/dags/raw_from_api_to_s3.py
[2026-04-14T17:18:30.435+0000] {processor.py:925} INFO - DAG(s) 'raw_from_api_to_s3' retrieved from /opt/airflow/dags/raw_from_api_to_s3.py
[2026-04-14T17:18:30.454+0000] {logging_mixin.py:190} INFO - [2026-04-14T17:18:30.454+0000] {dag.py:3239} INFO - Sync 1 DAGs
[2026-04-14T17:18:30.503+0000] {processor.py:208} INFO - Processing /opt/airflow/dags/raw_from_api_to_s3.py took 0.202 seconds
[2026-04-14T17:19:00.790+0000] {processor.py:186} INFO - Started process (PID=580) to work on /opt/airflow/dags/raw_from_api_to_s3.py
[2026-04-14T17:19:00.791+0000] {processor.py:914} INFO - Processing file /opt/airflow/dags/raw_from_api_to_s3.py for tasks to queue
[2026-04-14T17:19:00.796+0000] {logging_mixin.py:190} INFO - [2026-04-14T17:19:00.795+0000] {dagbag.py:588} INFO - Filling up the DagBag from /opt/airflow/dags/raw_from_api_to_s3.py
[2026-04-14T17:19:00.880+0000] {processor.py:925} INFO - DAG(s) 'raw_from_api_to_s3' retrieved from /opt/airflow/dags/raw_from_api_to_s3.py
[2026-04-14T17:19:00.893+0000] {logging_mixin.py:190} INFO - [2026-04-14T17:19:00.893+0000] {dag.py:3239} INFO - Sync 1 DAGs
[2026-04-14T17:19:00.922+0000] {processor.py:208} INFO - Processing /opt/airflow/dags/raw_from_api_to_s3.py took 0.144 seconds
[2026-04-14T17:19:31.210+0000] {processor.py:186} INFO - Started process (PID=594) to work on /opt/airflow/dags/raw_from_api_to_s3.py
[2026-04-14T17:19:31.212+0000] {processor.py:914} INFO - Processing file /opt/airflow/dags/raw_from_api_to_s3.py for tasks to queue
[2026-04-14T17:19:31.222+0000] {logging_mixin.py:190} INFO - [2026-04-14T17:19:31.220+0000] {dagbag.py:588} INFO - Filling up the DagBag from /opt/airflow/dags/raw_from_api_to_s3.py
[2026-04-14T17:19:31.319+0000] {processor.py:925} INFO - DAG(s) 'raw_from_api_to_s3' retrieved from /opt/airflow/dags/raw_from_api_to_s3.py
[2026-04-14T17:19:31.335+0000] {logging_mixin.py:190} INFO - [2026-04-14T17:19:31.335+0000] {dag.py:3239} INFO - Sync 1 DAGs
[2026-04-14T17:19:31.359+0000] {processor.py:208} INFO - Processing /opt/airflow/dags/raw_from_api_to_s3.py took 0.157 seconds
[2026-04-14T17:20:01.508+0000] {processor.py:186} INFO - Started process (PID=608) to work on /opt/airflow/dags/raw_from_api_to_s3.py
[2026-04-14T17:20:01.509+0000] {processor.py:914} INFO - Processing file /opt/airflow/dags/raw_from_api_to_s3.py for tasks to queue
[2026-04-14T17:20:01.514+0000] {logging_mixin.py:190} INFO - [2026-04-14T17:20:01.513+0000] {dagbag.py:588} INFO - Filling up the DagBag from /opt/airflow/dags/raw_from_api_to_s3.py
[2026-04-14T17:20:01.604+0000] {processor.py:925} INFO - DAG(s) 'raw_from_api_to_s3' retrieved from /opt/airflow/dags/raw_from_api_to_s3.py
[2026-04-14T17:20:01.621+0000] {logging_mixin.py:190} INFO - [2026-04-14T17:20:01.621+0000] {dag.py:3239} INFO - Sync 1 DAGs
[2026-04-14T17:20:01.652+0000] {processor.py:208} INFO - Processing /opt/airflow/dags/raw_from_api_to_s3.py took 0.158 seconds
[2026-04-14T17:20:31.936+0000] {processor.py:186} INFO - Started process (PID=622) to work on /opt/airflow/dags/raw_from_api_to_s3.py
[2026-04-14T17:20:31.937+0000] {processor.py:914} INFO - Processing file /opt/airflow/dags/raw_from_api_to_s3.py for tasks to queue
[2026-04-14T17:20:31.943+0000] {logging_mixin.py:190} INFO - [2026-04-14T17:20:31.943+0000] {dagbag.py:588} INFO - Filling up the DagBag from /opt/airflow/dags/raw_from_api_to_s3.py
[2026-04-14T17:20:32.103+0000] {processor.py:925} INFO - DAG(s) 'raw_from_api_to_s3' retrieved from /opt/airflow/dags/raw_from_api_to_s3.py
[2026-04-14T17:20:32.124+0000] {logging_mixin.py:190} INFO - [2026-04-14T17:20:32.124+0000] {dag.py:3239} INFO - Sync 1 DAGs
[2026-04-14T17:20:32.154+0000] {processor.py:208} INFO - Processing /opt/airflow/dags/raw_from_api_to_s3.py took 0.245 seconds
[2026-04-14T17:21:02.303+0000] {processor.py:186} INFO - Started process (PID=636) to work on /opt/airflow/dags/raw_from_api_to_s3.py
[2026-04-14T17:21:02.304+0000] {processor.py:914} INFO - Processing file /opt/airflow/dags/raw_from_api_to_s3.py for tasks to queue
[2026-04-14T17:21:02.313+0000] {logging_mixin.py:190} INFO - [2026-04-14T17:21:02.313+0000] {dagbag.py:588} INFO - Filling up the DagBag from /opt/airflow/dags/raw_from_api_to_s3.py
[2026-04-14T17:21:02.419+0000] {processor.py:925} INFO - DAG(s) 'raw_from_api_to_s3' retrieved from /opt/airflow/dags/raw_from_api_to_s3.py
[2026-04-14T17:21:02.437+0000] {logging_mixin.py:190} INFO - [2026-04-14T17:21:02.437+0000] {dag.py:3239} INFO - Sync 1 DAGs
[2026-04-14T17:21:02.467+0000] {processor.py:208} INFO - Processing /opt/airflow/dags/raw_from_api_to_s3.py took 0.175 seconds
[2026-04-14T17:21:32.863+0000] {processor.py:186} INFO - Started process (PID=650) to work on /opt/airflow/dags/raw_from_api_to_s3.py
[2026-04-14T17:21:32.864+0000] {processor.py:914} INFO - Processing file /opt/airflow/dags/raw_from_api_to_s3.py for tasks to queue
[2026-04-14T17:21:32.871+0000] {logging_mixin.py:190} INFO - [2026-04-14T17:21:32.870+0000] {dagbag.py:588} INFO - Filling up the DagBag from /opt/airflow/dags/raw_from_api_to_s3.py
[2026-04-14T17:21:32.963+0000] {processor.py:925} INFO - DAG(s) 'raw_from_api_to_s3' retrieved from /opt/airflow/dags/raw_from_api_to_s3.py
[2026-04-14T17:21:32.977+0000] {logging_mixin.py:190} INFO - [2026-04-14T17:21:32.977+0000] {dag.py:3239} INFO - Sync 1 DAGs
[2026-04-14T17:21:33.000+0000] {processor.py:208} INFO - Processing /opt/airflow/dags/raw_from_api_to_s3.py took 0.145 seconds
[2026-04-14T17:22:03.325+0000] {processor.py:186} INFO - Started process (PID=664) to work on /opt/airflow/dags/raw_from_api_to_s3.py
[2026-04-14T17:22:03.328+0000] {processor.py:914} INFO - Processing file /opt/airflow/dags/raw_from_api_to_s3.py for tasks to queue
[2026-04-14T17:22:03.332+0000] {logging_mixin.py:190} INFO - [2026-04-14T17:22:03.332+0000] {dagbag.py:588} INFO - Filling up the DagBag from /opt/airflow/dags/raw_from_api_to_s3.py
[2026-04-14T17:22:03.425+0000] {processor.py:925} INFO - DAG(s) 'raw_from_api_to_s3' retrieved from /opt/airflow/dags/raw_from_api_to_s3.py
[2026-04-14T17:22:03.438+0000] {logging_mixin.py:190} INFO - [2026-04-14T17:22:03.438+0000] {dag.py:3239} INFO - Sync 1 DAGs
[2026-04-14T17:22:03.466+0000] {processor.py:208} INFO - Processing /opt/airflow/dags/raw_from_api_to_s3.py took 0.155 seconds
[2026-04-14T17:22:33.785+0000] {processor.py:186} INFO - Started process (PID=678) to work on /opt/airflow/dags/raw_from_api_to_s3.py
[2026-04-14T17:22:33.787+0000] {processor.py:914} INFO - Processing file /opt/airflow/dags/raw_from_api_to_s3.py for tasks to queue
[2026-04-14T17:22:33.797+0000] {logging_mixin.py:190} INFO - [2026-04-14T17:22:33.796+0000] {dagbag.py:588} INFO - Filling up the DagBag from /opt/airflow/dags/raw_from_api_to_s3.py
[2026-04-14T17:22:33.874+0000] {processor.py:925} INFO - DAG(s) 'raw_from_api_to_s3' retrieved from /opt/airflow/dags/raw_from_api_to_s3.py
[2026-04-14T17:22:33.887+0000] {logging_mixin.py:190} INFO - [2026-04-14T17:22:33.887+0000] {dag.py:3239} INFO - Sync 1 DAGs
[2026-04-14T17:22:33.905+0000] {processor.py:208} INFO - Processing /opt/airflow/dags/raw_from_api_to_s3.py took 0.129 seconds
[2026-04-14T17:23:04.232+0000] {processor.py:186} INFO - Started process (PID=692) to work on /opt/airflow/dags/raw_from_api_to_s3.py
[2026-04-14T17:23:04.234+0000] {processor.py:914} INFO - Processing file /opt/airflow/dags/raw_from_api_to_s3.py for tasks to queue
[2026-04-14T17:23:04.239+0000] {logging_mixin.py:190} INFO - [2026-04-14T17:23:04.238+0000] {dagbag.py:588} INFO - Filling up the DagBag from /opt/airflow/dags/raw_from_api_to_s3.py
[2026-04-14T17:23:04.333+0000] {processor.py:925} INFO - DAG(s) 'raw_from_api_to_s3' retrieved from /opt/airflow/dags/raw_from_api_to_s3.py
[2026-04-14T17:23:04.346+0000] {logging_mixin.py:190} INFO - [2026-04-14T17:23:04.346+0000] {dag.py:3239} INFO - Sync 1 DAGs
[2026-04-14T17:23:04.367+0000] {processor.py:208} INFO - Processing /opt/airflow/dags/raw_from_api_to_s3.py took 0.146 seconds
[2026-04-14T17:23:34.587+0000] {processor.py:186} INFO - Started process (PID=706) to work on /opt/airflow/dags/raw_from_api_to_s3.py
[2026-04-14T17:23:34.589+0000] {processor.py:914} INFO - Processing file /opt/airflow/dags/raw_from_api_to_s3.py for tasks to queue
[2026-04-14T17:23:34.592+0000] {logging_mixin.py:190} INFO - [2026-04-14T17:23:34.592+0000] {dagbag.py:588} INFO - Filling up the DagBag from /opt/airflow/dags/raw_from_api_to_s3.py
[2026-04-14T17:23:34.679+0000] {processor.py:925} INFO - DAG(s) 'raw_from_api_to_s3' retrieved from /opt/airflow/dags/raw_from_api_to_s3.py
[2026-04-14T17:23:34.693+0000] {logging_mixin.py:190} INFO - [2026-04-14T17:23:34.693+0000] {dag.py:3239} INFO - Sync 1 DAGs
[2026-04-14T17:23:34.713+0000] {processor.py:208} INFO - Processing /opt/airflow/dags/raw_from_api_to_s3.py took 0.136 seconds
[2026-04-14T17:24:04.977+0000] {processor.py:186} INFO - Started process (PID=720) to work on /opt/airflow/dags/raw_from_api_to_s3.py
[2026-04-14T17:24:04.978+0000] {processor.py:914} INFO - Processing file /opt/airflow/dags/raw_from_api_to_s3.py for tasks to queue
[2026-04-14T17:24:04.987+0000] {logging_mixin.py:190} INFO - [2026-04-14T17:24:04.987+0000] {dagbag.py:588} INFO - Filling up the DagBag from /opt/airflow/dags/raw_from_api_to_s3.py
[2026-04-14T17:24:05.091+0000] {processor.py:925} INFO - DAG(s) 'raw_from_api_to_s3' retrieved from /opt/airflow/dags/raw_from_api_to_s3.py
[2026-04-14T17:24:05.102+0000] {logging_mixin.py:190} INFO - [2026-04-14T17:24:05.102+0000] {dag.py:3239} INFO - Sync 1 DAGs
[2026-04-14T17:24:05.121+0000] {processor.py:208} INFO - Processing /opt/airflow/dags/raw_from_api_to_s3.py took 0.152 seconds
[2026-04-14T17:24:35.390+0000] {processor.py:186} INFO - Started process (PID=734) to work on /opt/airflow/dags/raw_from_api_to_s3.py
[2026-04-14T17:24:35.392+0000] {processor.py:914} INFO - Processing file /opt/airflow/dags/raw_from_api_to_s3.py for tasks to queue
[2026-04-14T17:24:35.396+0000] {logging_mixin.py:190} INFO - [2026-04-14T17:24:35.395+0000] {dagbag.py:588} INFO - Filling up the DagBag from /opt/airflow/dags/raw_from_api_to_s3.py
[2026-04-14T17:24:35.482+0000] {processor.py:925} INFO - DAG(s) 'raw_from_api_to_s3' retrieved from /opt/airflow/dags/raw_from_api_to_s3.py
[2026-04-14T17:24:35.496+0000] {logging_mixin.py:190} INFO - [2026-04-14T17:24:35.495+0000] {dag.py:3239} INFO - Sync 1 DAGs
[2026-04-14T17:24:35.531+0000] {processor.py:208} INFO - Processing /opt/airflow/dags/raw_from_api_to_s3.py took 0.156 seconds
[2026-04-14T17:25:05.815+0000] {processor.py:186} INFO - Started process (PID=748) to work on /opt/airflow/dags/raw_from_api_to_s3.py
[2026-04-14T17:25:05.816+0000] {processor.py:914} INFO - Processing file /opt/airflow/dags/raw_from_api_to_s3.py for tasks to queue
[2026-04-14T17:25:05.820+0000] {logging_mixin.py:190} INFO - [2026-04-14T17:25:05.820+0000] {dagbag.py:588} INFO - Filling up the DagBag from /opt/airflow/dags/raw_from_api_to_s3.py
[2026-04-14T17:25:05.906+0000] {processor.py:925} INFO - DAG(s) 'raw_from_api_to_s3' retrieved from /opt/airflow/dags/raw_from_api_to_s3.py
[2026-04-14T17:25:05.916+0000] {logging_mixin.py:190} INFO - [2026-04-14T17:25:05.916+0000] {dag.py:3239} INFO - Sync 1 DAGs
[2026-04-14T17:25:05.939+0000] {processor.py:208} INFO - Processing /opt/airflow/dags/raw_from_api_to_s3.py took 0.133 seconds
[2026-04-14T17:25:36.203+0000] {processor.py:186} INFO - Started process (PID=762) to work on /opt/airflow/dags/raw_from_api_to_s3.py
[2026-04-14T17:25:36.207+0000] {processor.py:914} INFO - Processing file /opt/airflow/dags/raw_from_api_to_s3.py for tasks to queue
[2026-04-14T17:25:36.217+0000] {logging_mixin.py:190} INFO - [2026-04-14T17:25:36.216+0000] {dagbag.py:588} INFO - Filling up the DagBag from /opt/airflow/dags/raw_from_api_to_s3.py
[2026-04-14T17:25:36.344+0000] {processor.py:925} INFO - DAG(s) 'raw_from_api_to_s3' retrieved from /opt/airflow/dags/raw_from_api_to_s3.py
[2026-04-14T17:25:36.365+0000] {logging_mixin.py:190} INFO - [2026-04-14T17:25:36.365+0000] {dag.py:3239} INFO - Sync 1 DAGs
[2026-04-14T17:25:36.387+0000] {processor.py:208} INFO - Processing /opt/airflow/dags/raw_from_api_to_s3.py took 0.201 seconds
[2026-04-14T17:26:06.651+0000] {processor.py:186} INFO - Started process (PID=776) to work on /opt/airflow/dags/raw_from_api_to_s3.py
[2026-04-14T17:26:06.653+0000] {processor.py:914} INFO - Processing file /opt/airflow/dags/raw_from_api_to_s3.py for tasks to queue
[2026-04-14T17:26:06.657+0000] {logging_mixin.py:190} INFO - [2026-04-14T17:26:06.657+0000] {dagbag.py:588} INFO - Filling up the DagBag from /opt/airflow/dags/raw_from_api_to_s3.py
[2026-04-14T17:26:06.739+0000] {processor.py:925} INFO - DAG(s) 'raw_from_api_to_s3' retrieved from /opt/airflow/dags/raw_from_api_to_s3.py
[2026-04-14T17:26:06.754+0000] {logging_mixin.py:190} INFO - [2026-04-14T17:26:06.754+0000] {dag.py:3239} INFO - Sync 1 DAGs
[2026-04-14T17:26:06.773+0000] {processor.py:208} INFO - Processing /opt/airflow/dags/raw_from_api_to_s3.py took 0.133 seconds
[2026-04-14T17:26:37.099+0000] {processor.py:186} INFO - Started process (PID=790) to work on /opt/airflow/dags/raw_from_api_to_s3.py
[2026-04-14T17:26:37.101+0000] {processor.py:914} INFO - Processing file /opt/airflow/dags/raw_from_api_to_s3.py for tasks to queue
[2026-04-14T17:26:37.105+0000] {logging_mixin.py:190} INFO - [2026-04-14T17:26:37.105+0000] {dagbag.py:588} INFO - Filling up the DagBag from /opt/airflow/dags/raw_from_api_to_s3.py
[2026-04-14T17:26:37.184+0000] {processor.py:925} INFO - DAG(s) 'raw_from_api_to_s3' retrieved from /opt/airflow/dags/raw_from_api_to_s3.py
[2026-04-14T17:26:37.197+0000] {logging_mixin.py:190} INFO - [2026-04-14T17:26:37.196+0000] {dag.py:3239} INFO - Sync 1 DAGs
[2026-04-14T17:26:37.215+0000] {processor.py:208} INFO - Processing /opt/airflow/dags/raw_from_api_to_s3.py took 0.129 seconds
[2026-04-14T17:27:07.531+0000] {processor.py:186} INFO - Started process (PID=805) to work on /opt/airflow/dags/raw_from_api_to_s3.py
[2026-04-14T17:27:07.532+0000] {processor.py:914} INFO - Processing file /opt/airflow/dags/raw_from_api_to_s3.py for tasks to queue
[2026-04-14T17:27:07.538+0000] {logging_mixin.py:190} INFO - [2026-04-14T17:27:07.537+0000] {dagbag.py:588} INFO - Filling up the DagBag from /opt/airflow/dags/raw_from_api_to_s3.py
[2026-04-14T17:27:07.617+0000] {processor.py:925} INFO - DAG(s) 'raw_from_api_to_s3' retrieved from /opt/airflow/dags/raw_from_api_to_s3.py
[2026-04-14T17:27:07.629+0000] {logging_mixin.py:190} INFO - [2026-04-14T17:27:07.629+0000] {dag.py:3239} INFO - Sync 1 DAGs
[2026-04-14T17:27:07.652+0000] {processor.py:208} INFO - Processing /opt/airflow/dags/raw_from_api_to_s3.py took 0.127 seconds
[2026-04-14T17:27:37.809+0000] {processor.py:186} INFO - Started process (PID=819) to work on /opt/airflow/dags/raw_from_api_to_s3.py
[2026-04-14T17:27:37.810+0000] {processor.py:914} INFO - Processing file /opt/airflow/dags/raw_from_api_to_s3.py for tasks to queue
[2026-04-14T17:27:37.813+0000] {logging_mixin.py:190} INFO - [2026-04-14T17:27:37.813+0000] {dagbag.py:588} INFO - Filling up the DagBag from /opt/airflow/dags/raw_from_api_to_s3.py
[2026-04-14T17:27:37.898+0000] {processor.py:925} INFO - DAG(s) 'raw_from_api_to_s3' retrieved from /opt/airflow/dags/raw_from_api_to_s3.py
[2026-04-14T17:27:37.910+0000] {logging_mixin.py:190} INFO - [2026-04-14T17:27:37.910+0000] {dag.py:3239} INFO - Sync 1 DAGs
[2026-04-14T17:27:37.933+0000] {processor.py:208} INFO - Processing /opt/airflow/dags/raw_from_api_to_s3.py took 0.130 seconds
[2026-04-14T17:28:08.122+0000] {processor.py:186} INFO - Started process (PID=833) to work on /opt/airflow/dags/raw_from_api_to_s3.py
[2026-04-14T17:28:08.123+0000] {processor.py:914} INFO - Processing file /opt/airflow/dags/raw_from_api_to_s3.py for tasks to queue
[2026-04-14T17:28:08.126+0000] {logging_mixin.py:190} INFO - [2026-04-14T17:28:08.126+0000] {dagbag.py:588} INFO - Filling up the DagBag from /opt/airflow/dags/raw_from_api_to_s3.py
[2026-04-14T17:28:08.203+0000] {processor.py:925} INFO - DAG(s) 'raw_from_api_to_s3' retrieved from /opt/airflow/dags/raw_from_api_to_s3.py
[2026-04-14T17:28:08.220+0000] {logging_mixin.py:190} INFO - [2026-04-14T17:28:08.220+0000] {dag.py:3239} INFO - Sync 1 DAGs
[2026-04-14T17:28:08.244+0000] {processor.py:208} INFO - Processing /opt/airflow/dags/raw_from_api_to_s3.py took 0.131 seconds
[2026-04-14T17:28:38.474+0000] {processor.py:186} INFO - Started process (PID=847) to work on /opt/airflow/dags/raw_from_api_to_s3.py
[2026-04-14T17:28:38.477+0000] {processor.py:914} INFO - Processing file /opt/airflow/dags/raw_from_api_to_s3.py for tasks to queue
[2026-04-14T17:28:38.485+0000] {logging_mixin.py:190} INFO - [2026-04-14T17:28:38.484+0000] {dagbag.py:588} INFO - Filling up the DagBag from /opt/airflow/dags/raw_from_api_to_s3.py
[2026-04-14T17:28:38.582+0000] {processor.py:925} INFO - DAG(s) 'raw_from_api_to_s3' retrieved from /opt/airflow/dags/raw_from_api_to_s3.py
[2026-04-14T17:28:38.598+0000] {logging_mixin.py:190} INFO - [2026-04-14T17:28:38.597+0000] {dag.py:3239} INFO - Sync 1 DAGs
[2026-04-14T17:28:38.618+0000] {processor.py:208} INFO - Processing /opt/airflow/dags/raw_from_api_to_s3.py took 0.166 seconds
[2026-04-14T17:29:08.947+0000] {processor.py:186} INFO - Started process (PID=861) to work on /opt/airflow/dags/raw_from_api_to_s3.py
[2026-04-14T17:29:08.948+0000] {processor.py:914} INFO - Processing file /opt/airflow/dags/raw_from_api_to_s3.py for tasks to queue
[2026-04-14T17:29:08.953+0000] {logging_mixin.py:190} INFO - [2026-04-14T17:29:08.952+0000] {dagbag.py:588} INFO - Filling up the DagBag from /opt/airflow/dags/raw_from_api_to_s3.py
[2026-04-14T17:29:09.046+0000] {processor.py:925} INFO - DAG(s) 'raw_from_api_to_s3' retrieved from /opt/airflow/dags/raw_from_api_to_s3.py
[2026-04-14T17:29:09.067+0000] {logging_mixin.py:190} INFO - [2026-04-14T17:29:09.067+0000] {dag.py:3239} INFO - Sync 1 DAGs
[2026-04-14T17:29:09.097+0000] {processor.py:208} INFO - Processing /opt/airflow/dags/raw_from_api_to_s3.py took 0.161 seconds
[2026-04-14T17:29:39.430+0000] {processor.py:186} INFO - Started process (PID=874) to work on /opt/airflow/dags/raw_from_api_to_s3.py
[2026-04-14T17:29:39.432+0000] {processor.py:914} INFO - Processing file /opt/airflow/dags/raw_from_api_to_s3.py for tasks to queue
[2026-04-14T17:29:39.436+0000] {logging_mixin.py:190} INFO - [2026-04-14T17:29:39.436+0000] {dagbag.py:588} INFO - Filling up the DagBag from /opt/airflow/dags/raw_from_api_to_s3.py
[2026-04-14T17:29:39.528+0000] {processor.py:925} INFO - DAG(s) 'raw_from_api_to_s3' retrieved from /opt/airflow/dags/raw_from_api_to_s3.py
[2026-04-14T17:29:39.542+0000] {logging_mixin.py:190} INFO - [2026-04-14T17:29:39.542+0000] {dag.py:3239} INFO - Sync 1 DAGs
[2026-04-14T17:29:39.561+0000] {processor.py:208} INFO - Processing /opt/airflow/dags/raw_from_api_to_s3.py took 0.140 seconds
[2026-04-14T17:30:09.812+0000] {processor.py:186} INFO - Started process (PID=888) to work on /opt/airflow/dags/raw_from_api_to_s3.py
[2026-04-14T17:30:09.813+0000] {processor.py:914} INFO - Processing file /opt/airflow/dags/raw_from_api_to_s3.py for tasks to queue
[2026-04-14T17:30:09.817+0000] {logging_mixin.py:190} INFO - [2026-04-14T17:30:09.817+0000] {dagbag.py:588} INFO - Filling up the DagBag from /opt/airflow/dags/raw_from_api_to_s3.py
[2026-04-14T17:30:09.881+0000] {processor.py:925} INFO - DAG(s) 'raw_from_api_to_s3' retrieved from /opt/airflow/dags/raw_from_api_to_s3.py
[2026-04-14T17:30:09.891+0000] {logging_mixin.py:190} INFO - [2026-04-14T17:30:09.890+0000] {dag.py:3239} INFO - Sync 1 DAGs
[2026-04-14T17:30:09.908+0000] {processor.py:208} INFO - Processing /opt/airflow/dags/raw_from_api_to_s3.py took 0.103 seconds
[2026-04-14T17:30:40.158+0000] {processor.py:186} INFO - Started process (PID=902) to work on /opt/airflow/dags/raw_from_api_to_s3.py
[2026-04-14T17:30:40.159+0000] {processor.py:914} INFO - Processing file /opt/airflow/dags/raw_from_api_to_s3.py for tasks to queue
[2026-04-14T17:30:40.164+0000] {logging_mixin.py:190} INFO - [2026-04-14T17:30:40.163+0000] {dagbag.py:588} INFO - Filling up the DagBag from /opt/airflow/dags/raw_from_api_to_s3.py
[2026-04-14T17:30:40.225+0000] {processor.py:925} INFO - DAG(s) 'raw_from_api_to_s3' retrieved from /opt/airflow/dags/raw_from_api_to_s3.py
[2026-04-14T17:30:40.233+0000] {logging_mixin.py:190} INFO - [2026-04-14T17:30:40.233+0000] {dag.py:3239} INFO - Sync 1 DAGs
[2026-04-14T17:30:40.251+0000] {processor.py:208} INFO - Processing /opt/airflow/dags/raw_from_api_to_s3.py took 0.101 seconds
[2026-04-14T17:31:10.504+0000] {processor.py:186} INFO - Started process (PID=916) to work on /opt/airflow/dags/raw_from_api_to_s3.py
[2026-04-14T17:31:10.505+0000] {processor.py:914} INFO - Processing file /opt/airflow/dags/raw_from_api_to_s3.py for tasks to queue
[2026-04-14T17:31:10.510+0000] {logging_mixin.py:190} INFO - [2026-04-14T17:31:10.509+0000] {dagbag.py:588} INFO - Filling up the DagBag from /opt/airflow/dags/raw_from_api_to_s3.py
[2026-04-14T17:31:10.585+0000] {processor.py:925} INFO - DAG(s) 'raw_from_api_to_s3' retrieved from /opt/airflow/dags/raw_from_api_to_s3.py
[2026-04-14T17:31:10.593+0000] {logging_mixin.py:190} INFO - [2026-04-14T17:31:10.593+0000] {dag.py:3239} INFO - Sync 1 DAGs
[2026-04-14T17:31:10.615+0000] {processor.py:208} INFO - Processing /opt/airflow/dags/raw_from_api_to_s3.py took 0.129 seconds
[2026-04-14T17:31:40.894+0000] {processor.py:186} INFO - Started process (PID=930) to work on /opt/airflow/dags/raw_from_api_to_s3.py
[2026-04-14T17:31:40.895+0000] {processor.py:914} INFO - Processing file /opt/airflow/dags/raw_from_api_to_s3.py for tasks to queue
[2026-04-14T17:31:40.899+0000] {logging_mixin.py:190} INFO - [2026-04-14T17:31:40.898+0000] {dagbag.py:588} INFO - Filling up the DagBag from /opt/airflow/dags/raw_from_api_to_s3.py
[2026-04-14T17:31:40.966+0000] {processor.py:925} INFO - DAG(s) 'raw_from_api_to_s3' retrieved from /opt/airflow/dags/raw_from_api_to_s3.py
[2026-04-14T17:31:40.978+0000] {logging_mixin.py:190} INFO - [2026-04-14T17:31:40.978+0000] {dag.py:3239} INFO - Sync 1 DAGs
[2026-04-14T17:31:40.999+0000] {processor.py:208} INFO - Processing /opt/airflow/dags/raw_from_api_to_s3.py took 0.115 seconds
[2026-04-14T17:32:11.259+0000] {processor.py:186} INFO - Started process (PID=944) to work on /opt/airflow/dags/raw_from_api_to_s3.py
[2026-04-14T17:32:11.261+0000] {processor.py:914} INFO - Processing file /opt/airflow/dags/raw_from_api_to_s3.py for tasks to queue
[2026-04-14T17:32:11.267+0000] {logging_mixin.py:190} INFO - [2026-04-14T17:32:11.266+0000] {dagbag.py:588} INFO - Filling up the DagBag from /opt/airflow/dags/raw_from_api_to_s3.py
[2026-04-14T17:32:11.361+0000] {processor.py:925} INFO - DAG(s) 'raw_from_api_to_s3' retrieved from /opt/airflow/dags/raw_from_api_to_s3.py
[2026-04-14T17:32:11.372+0000] {logging_mixin.py:190} INFO - [2026-04-14T17:32:11.372+0000] {dag.py:3239} INFO - Sync 1 DAGs
[2026-04-14T17:32:11.390+0000] {processor.py:208} INFO - Processing /opt/airflow/dags/raw_from_api_to_s3.py took 0.145 seconds
[2026-04-14T17:32:41.622+0000] {processor.py:186} INFO - Started process (PID=958) to work on /opt/airflow/dags/raw_from_api_to_s3.py
[2026-04-14T17:32:41.623+0000] {processor.py:914} INFO - Processing file /opt/airflow/dags/raw_from_api_to_s3.py for tasks to queue
[2026-04-14T17:32:41.635+0000] {logging_mixin.py:190} INFO - [2026-04-14T17:32:41.635+0000] {dagbag.py:588} INFO - Filling up the DagBag from /opt/airflow/dags/raw_from_api_to_s3.py
[2026-04-14T17:32:41.709+0000] {processor.py:925} INFO - DAG(s) 'raw_from_api_to_s3' retrieved from /opt/airflow/dags/raw_from_api_to_s3.py
[2026-04-14T17:32:41.719+0000] {logging_mixin.py:190} INFO - [2026-04-14T17:32:41.719+0000] {dag.py:3239} INFO - Sync 1 DAGs
[2026-04-14T17:32:41.748+0000] {processor.py:208} INFO - Processing /opt/airflow/dags/raw_from_api_to_s3.py took 0.137 seconds
[2026-04-14T17:33:11.979+0000] {processor.py:186} INFO - Started process (PID=972) to work on /opt/airflow/dags/raw_from_api_to_s3.py
[2026-04-14T17:33:11.981+0000] {processor.py:914} INFO - Processing file /opt/airflow/dags/raw_from_api_to_s3.py for tasks to queue
[2026-04-14T17:33:11.988+0000] {logging_mixin.py:190} INFO - [2026-04-14T17:33:11.987+0000] {dagbag.py:588} INFO - Filling up the DagBag from /opt/airflow/dags/raw_from_api_to_s3.py
[2026-04-14T17:33:12.056+0000] {processor.py:925} INFO - DAG(s) 'raw_from_api_to_s3' retrieved from /opt/airflow/dags/raw_from_api_to_s3.py
[2026-04-14T17:33:12.069+0000] {logging_mixin.py:190} INFO - [2026-04-14T17:33:12.069+0000] {dag.py:3239} INFO - Sync 1 DAGs
[2026-04-14T17:33:12.098+0000] {processor.py:208} INFO - Processing /opt/airflow/dags/raw_from_api_to_s3.py took 0.126 seconds
[2026-04-14T17:33:42.356+0000] {processor.py:186} INFO - Started process (PID=986) to work on /opt/airflow/dags/raw_from_api_to_s3.py
[2026-04-14T17:33:42.357+0000] {processor.py:914} INFO - Processing file /opt/airflow/dags/raw_from_api_to_s3.py for tasks to queue
[2026-04-14T17:33:42.360+0000] {logging_mixin.py:190} INFO - [2026-04-14T17:33:42.360+0000] {dagbag.py:588} INFO - Filling up the DagBag from /opt/airflow/dags/raw_from_api_to_s3.py
[2026-04-14T17:33:42.445+0000] {processor.py:925} INFO - DAG(s) 'raw_from_api_to_s3' retrieved from /opt/airflow/dags/raw_from_api_to_s3.py
[2026-04-14T17:33:42.461+0000] {logging_mixin.py:190} INFO - [2026-04-14T17:33:42.460+0000] {dag.py:3239} INFO - Sync 1 DAGs
[2026-04-14T17:33:42.486+0000] {processor.py:208} INFO - Processing /opt/airflow/dags/raw_from_api_to_s3.py took 0.138 seconds
[2026-04-14T17:34:12.739+0000] {processor.py:186} INFO - Started process (PID=1000) to work on /opt/airflow/dags/raw_from_api_to_s3.py
[2026-04-14T17:34:12.741+0000] {processor.py:914} INFO - Processing file /opt/airflow/dags/raw_from_api_to_s3.py for tasks to queue
[2026-04-14T17:34:12.751+0000] {logging_mixin.py:190} INFO - [2026-04-14T17:34:12.750+0000] {dagbag.py:588} INFO - Filling up the DagBag from /opt/airflow/dags/raw_from_api_to_s3.py
[2026-04-14T17:34:12.834+0000] {processor.py:925} INFO - DAG(s) 'raw_from_api_to_s3' retrieved from /opt/airflow/dags/raw_from_api_to_s3.py
[2026-04-14T17:34:12.849+0000] {logging_mixin.py:190} INFO - [2026-04-14T17:34:12.849+0000] {dag.py:3239} INFO - Sync 1 DAGs
[2026-04-14T17:34:12.874+0000] {processor.py:208} INFO - Processing /opt/airflow/dags/raw_from_api_to_s3.py took 0.147 seconds
[2026-04-14T17:34:43.107+0000] {processor.py:186} INFO - Started process (PID=1014) to work on /opt/airflow/dags/raw_from_api_to_s3.py
[2026-04-14T17:34:43.108+0000] {processor.py:914} INFO - Processing file /opt/airflow/dags/raw_from_api_to_s3.py for tasks to queue
[2026-04-14T17:34:43.112+0000] {logging_mixin.py:190} INFO - [2026-04-14T17:34:43.112+0000] {dagbag.py:588} INFO - Filling up the DagBag from /opt/airflow/dags/raw_from_api_to_s3.py
[2026-04-14T17:34:43.200+0000] {processor.py:925} INFO - DAG(s) 'raw_from_api_to_s3' retrieved from /opt/airflow/dags/raw_from_api_to_s3.py
[2026-04-14T17:34:43.218+0000] {logging_mixin.py:190} INFO - [2026-04-14T17:34:43.218+0000] {dag.py:3239} INFO - Sync 1 DAGs
[2026-04-14T17:34:43.250+0000] {processor.py:208} INFO - Processing /opt/airflow/dags/raw_from_api_to_s3.py took 0.154 seconds
[2026-04-14T17:35:13.390+0000] {processor.py:186} INFO - Started process (PID=1028) to work on /opt/airflow/dags/raw_from_api_to_s3.py
[2026-04-14T17:35:13.391+0000] {processor.py:914} INFO - Processing file /opt/airflow/dags/raw_from_api_to_s3.py for tasks to queue
[2026-04-14T17:35:13.394+0000] {logging_mixin.py:190} INFO - [2026-04-14T17:35:13.394+0000] {dagbag.py:588} INFO - Filling up the DagBag from /opt/airflow/dags/raw_from_api_to_s3.py
[2026-04-14T17:35:13.476+0000] {processor.py:925} INFO - DAG(s) 'raw_from_api_to_s3' retrieved from /opt/airflow/dags/raw_from_api_to_s3.py
[2026-04-14T17:35:13.491+0000] {logging_mixin.py:190} INFO - [2026-04-14T17:35:13.491+0000] {dag.py:3239} INFO - Sync 1 DAGs
[2026-04-14T17:35:13.520+0000] {processor.py:208} INFO - Processing /opt/airflow/dags/raw_from_api_to_s3.py took 0.139 seconds
[2026-04-14T17:35:43.843+0000] {processor.py:186} INFO - Started process (PID=1042) to work on /opt/airflow/dags/raw_from_api_to_s3.py
[2026-04-14T17:35:43.844+0000] {processor.py:914} INFO - Processing file /opt/airflow/dags/raw_from_api_to_s3.py for tasks to queue
[2026-04-14T17:35:43.848+0000] {logging_mixin.py:190} INFO - [2026-04-14T17:35:43.847+0000] {dagbag.py:588} INFO - Filling up the DagBag from /opt/airflow/dags/raw_from_api_to_s3.py
[2026-04-14T17:35:43.923+0000] {processor.py:925} INFO - DAG(s) 'raw_from_api_to_s3' retrieved from /opt/airflow/dags/raw_from_api_to_s3.py
[2026-04-14T17:35:43.941+0000] {logging_mixin.py:190} INFO - [2026-04-14T17:35:43.940+0000] {dag.py:3239} INFO - Sync 1 DAGs
[2026-04-14T17:35:43.969+0000] {processor.py:208} INFO - Processing /opt/airflow/dags/raw_from_api_to_s3.py took 0.134 seconds
[2026-04-14T17:36:14.195+0000] {processor.py:186} INFO - Started process (PID=1056) to work on /opt/airflow/dags/raw_from_api_to_s3.py
[2026-04-14T17:36:14.196+0000] {processor.py:914} INFO - Processing file /opt/airflow/dags/raw_from_api_to_s3.py for tasks to queue
[2026-04-14T17:36:14.200+0000] {logging_mixin.py:190} INFO - [2026-04-14T17:36:14.199+0000] {dagbag.py:588} INFO - Filling up the DagBag from /opt/airflow/dags/raw_from_api_to_s3.py
[2026-04-14T17:36:14.304+0000] {processor.py:925} INFO - DAG(s) 'raw_from_api_to_s3' retrieved from /opt/airflow/dags/raw_from_api_to_s3.py
[2026-04-14T17:36:14.321+0000] {logging_mixin.py:190} INFO - [2026-04-14T17:36:14.321+0000] {dag.py:3239} INFO - Sync 1 DAGs
[2026-04-14T17:36:14.354+0000] {processor.py:208} INFO - Processing /opt/airflow/dags/raw_from_api_to_s3.py took 0.167 seconds
[2026-04-14T17:36:44.498+0000] {processor.py:186} INFO - Started process (PID=1070) to work on /opt/airflow/dags/raw_from_api_to_s3.py
[2026-04-14T17:36:44.499+0000] {processor.py:914} INFO - Processing file /opt/airflow/dags/raw_from_api_to_s3.py for tasks to queue
[2026-04-14T17:36:44.504+0000] {logging_mixin.py:190} INFO - [2026-04-14T17:36:44.503+0000] {dagbag.py:588} INFO - Filling up the DagBag from /opt/airflow/dags/raw_from_api_to_s3.py
[2026-04-14T17:36:44.598+0000] {processor.py:925} INFO - DAG(s) 'raw_from_api_to_s3' retrieved from /opt/airflow/dags/raw_from_api_to_s3.py
[2026-04-14T17:36:44.614+0000] {logging_mixin.py:190} INFO - [2026-04-14T17:36:44.614+0000] {dag.py:3239} INFO - Sync 1 DAGs
[2026-04-14T17:36:44.647+0000] {processor.py:208} INFO - Processing /opt/airflow/dags/raw_from_api_to_s3.py took 0.161 seconds
[2026-04-14T17:37:14.916+0000] {processor.py:186} INFO - Started process (PID=1084) to work on /opt/airflow/dags/raw_from_api_to_s3.py
[2026-04-14T17:37:14.920+0000] {processor.py:914} INFO - Processing file /opt/airflow/dags/raw_from_api_to_s3.py for tasks to queue
[2026-04-14T17:37:14.925+0000] {logging_mixin.py:190} INFO - [2026-04-14T17:37:14.925+0000] {dagbag.py:588} INFO - Filling up the DagBag from /opt/airflow/dags/raw_from_api_to_s3.py
[2026-04-14T17:37:15.017+0000] {processor.py:925} INFO - DAG(s) 'raw_from_api_to_s3' retrieved from /opt/airflow/dags/raw_from_api_to_s3.py
[2026-04-14T17:37:15.032+0000] {logging_mixin.py:190} INFO - [2026-04-14T17:37:15.032+0000] {dag.py:3239} INFO - Sync 1 DAGs
[2026-04-14T17:37:15.064+0000] {processor.py:208} INFO - Processing /opt/airflow/dags/raw_from_api_to_s3.py took 0.156 seconds
[2026-04-14T17:37:45.304+0000] {processor.py:186} INFO - Started process (PID=1098) to work on /opt/airflow/dags/raw_from_api_to_s3.py
[2026-04-14T17:37:45.306+0000] {processor.py:914} INFO - Processing file /opt/airflow/dags/raw_from_api_to_s3.py for tasks to queue
[2026-04-14T17:37:45.312+0000] {logging_mixin.py:190} INFO - [2026-04-14T17:37:45.311+0000] {dagbag.py:588} INFO - Filling up the DagBag from /opt/airflow/dags/raw_from_api_to_s3.py
[2026-04-14T17:37:45.415+0000] {processor.py:925} INFO - DAG(s) 'raw_from_api_to_s3' retrieved from /opt/airflow/dags/raw_from_api_to_s3.py
[2026-04-14T17:37:45.434+0000] {logging_mixin.py:190} INFO - [2026-04-14T17:37:45.434+0000] {dag.py:3239} INFO - Sync 1 DAGs
[2026-04-14T17:37:45.467+0000] {processor.py:208} INFO - Processing /opt/airflow/dags/raw_from_api_to_s3.py took 0.175 seconds
[2026-04-14T17:38:15.691+0000] {processor.py:186} INFO - Started process (PID=1112) to work on /opt/airflow/dags/raw_from_api_to_s3.py
[2026-04-14T17:38:15.693+0000] {processor.py:914} INFO - Processing file /opt/airflow/dags/raw_from_api_to_s3.py for tasks to queue
[2026-04-14T17:38:15.699+0000] {logging_mixin.py:190} INFO - [2026-04-14T17:38:15.699+0000] {dagbag.py:588} INFO - Filling up the DagBag from /opt/airflow/dags/raw_from_api_to_s3.py
[2026-04-14T17:38:15.810+0000] {processor.py:925} INFO - DAG(s) 'raw_from_api_to_s3' retrieved from /opt/airflow/dags/raw_from_api_to_s3.py
[2026-04-14T17:38:15.824+0000] {logging_mixin.py:190} INFO - [2026-04-14T17:38:15.824+0000] {dag.py:3239} INFO - Sync 1 DAGs
[2026-04-14T17:38:15.856+0000] {processor.py:208} INFO - Processing /opt/airflow/dags/raw_from_api_to_s3.py took 0.176 seconds
[2026-04-14T17:38:46.027+0000] {processor.py:186} INFO - Started process (PID=1126) to work on /opt/airflow/dags/raw_from_api_to_s3.py
[2026-04-14T17:38:46.028+0000] {processor.py:914} INFO - Processing file /opt/airflow/dags/raw_from_api_to_s3.py for tasks to queue
[2026-04-14T17:38:46.032+0000] {logging_mixin.py:190} INFO - [2026-04-14T17:38:46.031+0000] {dagbag.py:588} INFO - Filling up the DagBag from /opt/airflow/dags/raw_from_api_to_s3.py
[2026-04-14T17:38:46.111+0000] {processor.py:925} INFO - DAG(s) 'raw_from_api_to_s3' retrieved from /opt/airflow/dags/raw_from_api_to_s3.py
[2026-04-14T17:38:46.122+0000] {logging_mixin.py:190} INFO - [2026-04-14T17:38:46.122+0000] {dag.py:3239} INFO - Sync 1 DAGs
[2026-04-14T17:38:46.143+0000] {processor.py:208} INFO - Processing /opt/airflow/dags/raw_from_api_to_s3.py took 0.124 seconds
[2026-04-14T17:39:16.392+0000] {processor.py:186} INFO - Started process (PID=1140) to work on /opt/airflow/dags/raw_from_api_to_s3.py
[2026-04-14T17:39:16.393+0000] {processor.py:914} INFO - Processing file /opt/airflow/dags/raw_from_api_to_s3.py for tasks to queue
[2026-04-14T17:39:16.397+0000] {logging_mixin.py:190} INFO - [2026-04-14T17:39:16.397+0000] {dagbag.py:588} INFO - Filling up the DagBag from /opt/airflow/dags/raw_from_api_to_s3.py
[2026-04-14T17:39:16.472+0000] {processor.py:925} INFO - DAG(s) 'raw_from_api_to_s3' retrieved from /opt/airflow/dags/raw_from_api_to_s3.py
[2026-04-14T17:39:16.482+0000] {logging_mixin.py:190} INFO - [2026-04-14T17:39:16.482+0000] {dag.py:3239} INFO - Sync 1 DAGs
[2026-04-14T17:39:16.505+0000] {processor.py:208} INFO - Processing /opt/airflow/dags/raw_from_api_to_s3.py took 0.118 seconds
[2026-04-14T17:39:46.742+0000] {processor.py:186} INFO - Started process (PID=1154) to work on /opt/airflow/dags/raw_from_api_to_s3.py
[2026-04-14T17:39:46.743+0000] {processor.py:914} INFO - Processing file /opt/airflow/dags/raw_from_api_to_s3.py for tasks to queue
[2026-04-14T17:39:46.771+0000] {logging_mixin.py:190} INFO - [2026-04-14T17:39:46.771+0000] {dagbag.py:588} INFO - Filling up the DagBag from /opt/airflow/dags/raw_from_api_to_s3.py
[2026-04-14T17:39:46.874+0000] {processor.py:925} INFO - DAG(s) 'raw_from_api_to_s3' retrieved from /opt/airflow/dags/raw_from_api_to_s3.py
[2026-04-14T17:39:46.891+0000] {logging_mixin.py:190} INFO - [2026-04-14T17:39:46.891+0000] {dag.py:3239} INFO - Sync 1 DAGs
[2026-04-14T17:39:46.919+0000] {processor.py:208} INFO - Processing /opt/airflow/dags/raw_from_api_to_s3.py took 0.185 seconds
[2026-04-14T17:40:17.047+0000] {processor.py:186} INFO - Started process (PID=1168) to work on /opt/airflow/dags/raw_from_api_to_s3.py
[2026-04-14T17:40:17.048+0000] {processor.py:914} INFO - Processing file /opt/airflow/dags/raw_from_api_to_s3.py for tasks to queue
[2026-04-14T17:40:17.052+0000] {logging_mixin.py:190} INFO - [2026-04-14T17:40:17.051+0000] {dagbag.py:588} INFO - Filling up the DagBag from /opt/airflow/dags/raw_from_api_to_s3.py
[2026-04-14T17:40:17.147+0000] {processor.py:925} INFO - DAG(s) 'raw_from_api_to_s3' retrieved from /opt/airflow/dags/raw_from_api_to_s3.py
[2026-04-14T17:40:17.163+0000] {logging_mixin.py:190} INFO - [2026-04-14T17:40:17.163+0000] {dag.py:3239} INFO - Sync 1 DAGs
[2026-04-14T17:40:17.188+0000] {processor.py:208} INFO - Processing /opt/airflow/dags/raw_from_api_to_s3.py took 0.156 seconds
[2026-04-14T17:40:47.584+0000] {processor.py:186} INFO - Started process (PID=1182) to work on /opt/airflow/dags/raw_from_api_to_s3.py
[2026-04-14T17:40:47.585+0000] {processor.py:914} INFO - Processing file /opt/airflow/dags/raw_from_api_to_s3.py for tasks to queue
[2026-04-14T17:40:47.589+0000] {logging_mixin.py:190} INFO - [2026-04-14T17:40:47.588+0000] {dagbag.py:588} INFO - Filling up the DagBag from /opt/airflow/dags/raw_from_api_to_s3.py
[2026-04-14T17:40:47.660+0000] {processor.py:925} INFO - DAG(s) 'raw_from_api_to_s3' retrieved from /opt/airflow/dags/raw_from_api_to_s3.py
[2026-04-14T17:40:47.671+0000] {logging_mixin.py:190} INFO - [2026-04-14T17:40:47.671+0000] {dag.py:3239} INFO - Sync 1 DAGs
[2026-04-14T17:40:47.690+0000] {processor.py:208} INFO - Processing /opt/airflow/dags/raw_from_api_to_s3.py took 0.114 seconds
[2026-04-14T17:41:17.972+0000] {processor.py:186} INFO - Started process (PID=1196) to work on /opt/airflow/dags/raw_from_api_to_s3.py
[2026-04-14T17:41:17.973+0000] {processor.py:914} INFO - Processing file /opt/airflow/dags/raw_from_api_to_s3.py for tasks to queue
[2026-04-14T17:41:17.982+0000] {logging_mixin.py:190} INFO - [2026-04-14T17:41:17.981+0000] {dagbag.py:588} INFO - Filling up the DagBag from /opt/airflow/dags/raw_from_api_to_s3.py
[2026-04-14T17:41:18.072+0000] {processor.py:925} INFO - DAG(s) 'raw_from_api_to_s3' retrieved from /opt/airflow/dags/raw_from_api_to_s3.py
[2026-04-14T17:41:18.082+0000] {logging_mixin.py:190} INFO - [2026-04-14T17:41:18.082+0000] {dag.py:3239} INFO - Sync 1 DAGs
[2026-04-14T17:41:18.102+0000] {processor.py:208} INFO - Processing /opt/airflow/dags/raw_from_api_to_s3.py took 0.140 seconds
[2026-04-14T17:41:48.343+0000] {processor.py:186} INFO - Started process (PID=1210) to work on /opt/airflow/dags/raw_from_api_to_s3.py
[2026-04-14T17:41:48.345+0000] {processor.py:914} INFO - Processing file /opt/airflow/dags/raw_from_api_to_s3.py for tasks to queue
[2026-04-14T17:41:48.350+0000] {logging_mixin.py:190} INFO - [2026-04-14T17:41:48.349+0000] {dagbag.py:588} INFO - Filling up the DagBag from /opt/airflow/dags/raw_from_api_to_s3.py
[2026-04-14T17:41:48.440+0000] {processor.py:925} INFO - DAG(s) 'raw_from_api_to_s3' retrieved from /opt/airflow/dags/raw_from_api_to_s3.py
[2026-04-14T17:41:48.453+0000] {logging_mixin.py:190} INFO - [2026-04-14T17:41:48.453+0000] {dag.py:3239} INFO - Sync 1 DAGs
[2026-04-14T17:41:48.473+0000] {processor.py:208} INFO - Processing /opt/airflow/dags/raw_from_api_to_s3.py took 0.143 seconds
[2026-04-14T17:42:18.734+0000] {processor.py:186} INFO - Started process (PID=1224) to work on /opt/airflow/dags/raw_from_api_to_s3.py
[2026-04-14T17:42:18.736+0000] {processor.py:914} INFO - Processing file /opt/airflow/dags/raw_from_api_to_s3.py for tasks to queue
[2026-04-14T17:42:18.740+0000] {logging_mixin.py:190} INFO - [2026-04-14T17:42:18.740+0000] {dagbag.py:588} INFO - Filling up the DagBag from /opt/airflow/dags/raw_from_api_to_s3.py
[2026-04-14T17:42:18.831+0000] {processor.py:925} INFO - DAG(s) 'raw_from_api_to_s3' retrieved from /opt/airflow/dags/raw_from_api_to_s3.py
[2026-04-14T17:42:18.845+0000] {logging_mixin.py:190} INFO - [2026-04-14T17:42:18.845+0000] {dag.py:3239} INFO - Sync 1 DAGs
[2026-04-14T17:42:18.868+0000] {processor.py:208} INFO - Processing /opt/airflow/dags/raw_from_api_to_s3.py took 0.147 seconds
[2026-04-14T17:42:49.142+0000] {processor.py:186} INFO - Started process (PID=1238) to work on /opt/airflow/dags/raw_from_api_to_s3.py
[2026-04-14T17:42:49.144+0000] {processor.py:914} INFO - Processing file /opt/airflow/dags/raw_from_api_to_s3.py for tasks to queue
[2026-04-14T17:42:49.152+0000] {logging_mixin.py:190} INFO - [2026-04-14T17:42:49.151+0000] {dagbag.py:588} INFO - Filling up the DagBag from /opt/airflow/dags/raw_from_api_to_s3.py
[2026-04-14T17:42:49.229+0000] {processor.py:925} INFO - DAG(s) 'raw_from_api_to_s3' retrieved from /opt/airflow/dags/raw_from_api_to_s3.py
[2026-04-14T17:42:49.241+0000] {logging_mixin.py:190} INFO - [2026-04-14T17:42:49.241+0000] {dag.py:3239} INFO - Sync 1 DAGs
[2026-04-14T17:42:49.268+0000] {processor.py:208} INFO - Processing /opt/airflow/dags/raw_from_api_to_s3.py took 0.143 seconds
[2026-04-14T17:43:19.545+0000] {processor.py:186} INFO - Started process (PID=1252) to work on /opt/airflow/dags/raw_from_api_to_s3.py
[2026-04-14T17:43:19.545+0000] {processor.py:914} INFO - Processing file /opt/airflow/dags/raw_from_api_to_s3.py for tasks to queue
[2026-04-14T17:43:19.549+0000] {logging_mixin.py:190} INFO - [2026-04-14T17:43:19.549+0000] {dagbag.py:588} INFO - Filling up the DagBag from /opt/airflow/dags/raw_from_api_to_s3.py
[2026-04-14T17:43:19.664+0000] {processor.py:925} INFO - DAG(s) 'raw_from_api_to_s3' retrieved from /opt/airflow/dags/raw_from_api_to_s3.py
[2026-04-14T17:43:19.679+0000] {logging_mixin.py:190} INFO - [2026-04-14T17:43:19.679+0000] {dag.py:3239} INFO - Sync 1 DAGs
[2026-04-14T17:43:19.706+0000] {processor.py:208} INFO - Processing /opt/airflow/dags/raw_from_api_to_s3.py took 0.171 seconds
[2026-04-14T17:43:49.822+0000] {processor.py:186} INFO - Started process (PID=1266) to work on /opt/airflow/dags/raw_from_api_to_s3.py
[2026-04-14T17:43:49.823+0000] {processor.py:914} INFO - Processing file /opt/airflow/dags/raw_from_api_to_s3.py for tasks to queue
[2026-04-14T17:43:49.834+0000] {logging_mixin.py:190} INFO - [2026-04-14T17:43:49.833+0000] {dagbag.py:588} INFO - Filling up the DagBag from /opt/airflow/dags/raw_from_api_to_s3.py
[2026-04-14T17:43:49.934+0000] {processor.py:925} INFO - DAG(s) 'raw_from_api_to_s3' retrieved from /opt/airflow/dags/raw_from_api_to_s3.py
[2026-04-14T17:43:49.944+0000] {logging_mixin.py:190} INFO - [2026-04-14T17:43:49.944+0000] {dag.py:3239} INFO - Sync 1 DAGs
[2026-04-14T17:43:49.969+0000] {processor.py:208} INFO - Processing /opt/airflow/dags/raw_from_api_to_s3.py took 0.167 seconds
[2026-04-14T17:44:20.267+0000] {processor.py:186} INFO - Started process (PID=1280) to work on /opt/airflow/dags/raw_from_api_to_s3.py
[2026-04-14T17:44:20.268+0000] {processor.py:914} INFO - Processing file /opt/airflow/dags/raw_from_api_to_s3.py for tasks to queue
[2026-04-14T17:44:20.274+0000] {logging_mixin.py:190} INFO - [2026-04-14T17:44:20.274+0000] {dagbag.py:588} INFO - Filling up the DagBag from /opt/airflow/dags/raw_from_api_to_s3.py
[2026-04-14T17:44:20.369+0000] {processor.py:925} INFO - DAG(s) 'raw_from_api_to_s3' retrieved from /opt/airflow/dags/raw_from_api_to_s3.py
[2026-04-14T17:44:20.390+0000] {logging_mixin.py:190} INFO - [2026-04-14T17:44:20.390+0000] {dag.py:3239} INFO - Sync 1 DAGs
[2026-04-14T17:44:20.427+0000] {processor.py:208} INFO - Processing /opt/airflow/dags/raw_from_api_to_s3.py took 0.171 seconds
[2026-04-14T17:44:50.556+0000] {processor.py:186} INFO - Started process (PID=1294) to work on /opt/airflow/dags/raw_from_api_to_s3.py
[2026-04-14T17:44:50.558+0000] {processor.py:914} INFO - Processing file /opt/airflow/dags/raw_from_api_to_s3.py for tasks to queue
[2026-04-14T17:44:50.563+0000] {logging_mixin.py:190} INFO - [2026-04-14T17:44:50.562+0000] {dagbag.py:588} INFO - Filling up the DagBag from /opt/airflow/dags/raw_from_api_to_s3.py
[2026-04-14T17:44:50.672+0000] {processor.py:925} INFO - DAG(s) 'raw_from_api_to_s3' retrieved from /opt/airflow/dags/raw_from_api_to_s3.py
[2026-04-14T17:44:50.688+0000] {logging_mixin.py:190} INFO - [2026-04-14T17:44:50.688+0000] {dag.py:3239} INFO - Sync 1 DAGs
[2026-04-14T17:44:50.723+0000] {processor.py:208} INFO - Processing /opt/airflow/dags/raw_from_api_to_s3.py took 0.174 seconds
[2026-04-14T17:45:20.924+0000] {processor.py:186} INFO - Started process (PID=1308) to work on /opt/airflow/dags/raw_from_api_to_s3.py
[2026-04-14T17:45:20.925+0000] {processor.py:914} INFO - Processing file /opt/airflow/dags/raw_from_api_to_s3.py for tasks to queue
[2026-04-14T17:45:20.929+0000] {logging_mixin.py:190} INFO - [2026-04-14T17:45:20.928+0000] {dagbag.py:588} INFO - Filling up the DagBag from /opt/airflow/dags/raw_from_api_to_s3.py
[2026-04-14T17:45:21.017+0000] {processor.py:925} INFO - DAG(s) 'raw_from_api_to_s3' retrieved from /opt/airflow/dags/raw_from_api_to_s3.py
[2026-04-14T17:45:21.030+0000] {logging_mixin.py:190} INFO - [2026-04-14T17:45:21.030+0000] {dag.py:3239} INFO - Sync 1 DAGs
[2026-04-14T17:45:21.059+0000] {processor.py:208} INFO - Processing /opt/airflow/dags/raw_from_api_to_s3.py took 0.147 seconds
[2026-04-14T17:45:51.197+0000] {processor.py:186} INFO - Started process (PID=1322) to work on /opt/airflow/dags/raw_from_api_to_s3.py
[2026-04-14T17:45:51.199+0000] {processor.py:914} INFO - Processing file /opt/airflow/dags/raw_from_api_to_s3.py for tasks to queue
[2026-04-14T17:45:51.208+0000] {logging_mixin.py:190} INFO - [2026-04-14T17:45:51.205+0000] {dagbag.py:588} INFO - Filling up the DagBag from /opt/airflow/dags/raw_from_api_to_s3.py
[2026-04-14T17:45:51.321+0000] {processor.py:925} INFO - DAG(s) 'raw_from_api_to_s3' retrieved from /opt/airflow/dags/raw_from_api_to_s3.py
[2026-04-14T17:45:51.337+0000] {logging_mixin.py:190} INFO - [2026-04-14T17:45:51.337+0000] {dag.py:3239} INFO - Sync 1 DAGs
[2026-04-14T17:45:51.375+0000] {processor.py:208} INFO - Processing /opt/airflow/dags/raw_from_api_to_s3.py took 0.187 seconds
[2026-04-14T17:46:21.684+0000] {processor.py:186} INFO - Started process (PID=1336) to work on /opt/airflow/dags/raw_from_api_to_s3.py
[2026-04-14T17:46:21.685+0000] {processor.py:914} INFO - Processing file /opt/airflow/dags/raw_from_api_to_s3.py for tasks to queue
[2026-04-14T17:46:21.690+0000] {logging_mixin.py:190} INFO - [2026-04-14T17:46:21.690+0000] {dagbag.py:588} INFO - Filling up the DagBag from /opt/airflow/dags/raw_from_api_to_s3.py
[2026-04-14T17:46:21.801+0000] {processor.py:925} INFO - DAG(s) 'raw_from_api_to_s3' retrieved from /opt/airflow/dags/raw_from_api_to_s3.py
[2026-04-14T17:46:21.817+0000] {logging_mixin.py:190} INFO - [2026-04-14T17:46:21.817+0000] {dag.py:3239} INFO - Sync 1 DAGs
[2026-04-14T17:46:21.850+0000] {processor.py:208} INFO - Processing /opt/airflow/dags/raw_from_api_to_s3.py took 0.177 seconds
[2026-04-14T17:46:51.983+0000] {processor.py:186} INFO - Started process (PID=1350) to work on /opt/airflow/dags/raw_from_api_to_s3.py
[2026-04-14T17:46:51.985+0000] {processor.py:914} INFO - Processing file /opt/airflow/dags/raw_from_api_to_s3.py for tasks to queue
[2026-04-14T17:46:51.990+0000] {logging_mixin.py:190} INFO - [2026-04-14T17:46:51.989+0000] {dagbag.py:588} INFO - Filling up the DagBag from /opt/airflow/dags/raw_from_api_to_s3.py
[2026-04-14T17:46:52.110+0000] {processor.py:925} INFO - DAG(s) 'raw_from_api_to_s3' retrieved from /opt/airflow/dags/raw_from_api_to_s3.py
[2026-04-14T17:46:52.132+0000] {logging_mixin.py:190} INFO - [2026-04-14T17:46:52.131+0000] {dag.py:3239} INFO - Sync 1 DAGs
[2026-04-14T17:46:52.160+0000] {processor.py:208} INFO - Processing /opt/airflow/dags/raw_from_api_to_s3.py took 0.188 seconds
[2026-04-14T17:47:22.320+0000] {processor.py:186} INFO - Started process (PID=1364) to work on /opt/airflow/dags/raw_from_api_to_s3.py
[2026-04-14T17:47:22.322+0000] {processor.py:914} INFO - Processing file /opt/airflow/dags/raw_from_api_to_s3.py for tasks to queue
[2026-04-14T17:47:22.325+0000] {logging_mixin.py:190} INFO - [2026-04-14T17:47:22.325+0000] {dagbag.py:588} INFO - Filling up the DagBag from /opt/airflow/dags/raw_from_api_to_s3.py
[2026-04-14T17:47:22.440+0000] {processor.py:925} INFO - DAG(s) 'raw_from_api_to_s3' retrieved from /opt/airflow/dags/raw_from_api_to_s3.py
[2026-04-14T17:47:22.456+0000] {logging_mixin.py:190} INFO - [2026-04-14T17:47:22.456+0000] {dag.py:3239} INFO - Sync 1 DAGs
[2026-04-14T17:47:22.490+0000] {processor.py:208} INFO - Processing /opt/airflow/dags/raw_from_api_to_s3.py took 0.180 seconds
[2026-04-14T17:47:52.607+0000] {processor.py:186} INFO - Started process (PID=1378) to work on /opt/airflow/dags/raw_from_api_to_s3.py
[2026-04-14T17:47:52.608+0000] {processor.py:914} INFO - Processing file /opt/airflow/dags/raw_from_api_to_s3.py for tasks to queue
[2026-04-14T17:47:52.616+0000] {logging_mixin.py:190} INFO - [2026-04-14T17:47:52.616+0000] {dagbag.py:588} INFO - Filling up the DagBag from /opt/airflow/dags/raw_from_api_to_s3.py
[2026-04-14T17:47:52.789+0000] {processor.py:925} INFO - DAG(s) 'raw_from_api_to_s3' retrieved from /opt/airflow/dags/raw_from_api_to_s3.py
[2026-04-14T17:47:52.808+0000] {logging_mixin.py:190} INFO - [2026-04-14T17:47:52.808+0000] {dag.py:3239} INFO - Sync 1 DAGs
[2026-04-14T17:47:52.841+0000] {processor.py:208} INFO - Processing /opt/airflow/dags/raw_from_api_to_s3.py took 0.242 seconds
[2026-04-14T17:48:23.046+0000] {processor.py:186} INFO - Started process (PID=1392) to work on /opt/airflow/dags/raw_from_api_to_s3.py
[2026-04-14T17:48:23.050+0000] {processor.py:914} INFO - Processing file /opt/airflow/dags/raw_from_api_to_s3.py for tasks to queue
[2026-04-14T17:48:23.054+0000] {logging_mixin.py:190} INFO - [2026-04-14T17:48:23.054+0000] {dagbag.py:588} INFO - Filling up the DagBag from /opt/airflow/dags/raw_from_api_to_s3.py
[2026-04-14T17:48:23.254+0000] {processor.py:925} INFO - DAG(s) 'raw_from_api_to_s3' retrieved from /opt/airflow/dags/raw_from_api_to_s3.py
[2026-04-14T17:48:23.277+0000] {logging_mixin.py:190} INFO - [2026-04-14T17:48:23.277+0000] {dag.py:3239} INFO - Sync 1 DAGs
[2026-04-14T17:48:23.314+0000] {processor.py:208} INFO - Processing /opt/airflow/dags/raw_from_api_to_s3.py took 0.278 seconds
[2026-04-14T17:48:53.369+0000] {processor.py:186} INFO - Started process (PID=1406) to work on /opt/airflow/dags/raw_from_api_to_s3.py
[2026-04-14T17:48:53.370+0000] {processor.py:914} INFO - Processing file /opt/airflow/dags/raw_from_api_to_s3.py for tasks to queue
[2026-04-14T17:48:53.375+0000] {logging_mixin.py:190} INFO - [2026-04-14T17:48:53.375+0000] {dagbag.py:588} INFO - Filling up the DagBag from /opt/airflow/dags/raw_from_api_to_s3.py
[2026-04-14T17:48:53.476+0000] {processor.py:925} INFO - DAG(s) 'raw_from_api_to_s3' retrieved from /opt/airflow/dags/raw_from_api_to_s3.py
[2026-04-14T17:48:53.496+0000] {logging_mixin.py:190} INFO - [2026-04-14T17:48:53.496+0000] {dag.py:3239} INFO - Sync 1 DAGs
[2026-04-14T17:48:53.533+0000] {processor.py:208} INFO - Processing /opt/airflow/dags/raw_from_api_to_s3.py took 0.178 seconds
[2026-04-14T17:49:23.864+0000] {processor.py:186} INFO - Started process (PID=1420) to work on /opt/airflow/dags/raw_from_api_to_s3.py
[2026-04-14T17:49:23.865+0000] {processor.py:914} INFO - Processing file /opt/airflow/dags/raw_from_api_to_s3.py for tasks to queue
[2026-04-14T17:49:23.869+0000] {logging_mixin.py:190} INFO - [2026-04-14T17:49:23.868+0000] {dagbag.py:588} INFO - Filling up the DagBag from /opt/airflow/dags/raw_from_api_to_s3.py
[2026-04-14T17:49:23.978+0000] {processor.py:925} INFO - DAG(s) 'raw_from_api_to_s3' retrieved from /opt/airflow/dags/raw_from_api_to_s3.py
[2026-04-14T17:49:23.994+0000] {logging_mixin.py:190} INFO - [2026-04-14T17:49:23.994+0000] {dag.py:3239} INFO - Sync 1 DAGs
[2026-04-14T17:49:24.030+0000] {processor.py:208} INFO - Processing /opt/airflow/dags/raw_from_api_to_s3.py took 0.172 seconds
[2026-04-14T17:49:54.136+0000] {processor.py:186} INFO - Started process (PID=1434) to work on /opt/airflow/dags/raw_from_api_to_s3.py
[2026-04-14T17:49:54.138+0000] {processor.py:914} INFO - Processing file /opt/airflow/dags/raw_from_api_to_s3.py for tasks to queue
[2026-04-14T17:49:54.146+0000] {logging_mixin.py:190} INFO - [2026-04-14T17:49:54.146+0000] {dagbag.py:588} INFO - Filling up the DagBag from /opt/airflow/dags/raw_from_api_to_s3.py
[2026-04-14T17:49:54.274+0000] {processor.py:925} INFO - DAG(s) 'raw_from_api_to_s3' retrieved from /opt/airflow/dags/raw_from_api_to_s3.py
[2026-04-14T17:49:54.291+0000] {logging_mixin.py:190} INFO - [2026-04-14T17:49:54.291+0000] {dag.py:3239} INFO - Sync 1 DAGs
[2026-04-14T17:49:54.318+0000] {processor.py:208} INFO - Processing /opt/airflow/dags/raw_from_api_to_s3.py took 0.195 seconds
[2026-04-14T17:50:24.578+0000] {processor.py:186} INFO - Started process (PID=1448) to work on /opt/airflow/dags/raw_from_api_to_s3.py
[2026-04-14T17:50:24.579+0000] {processor.py:914} INFO - Processing file /opt/airflow/dags/raw_from_api_to_s3.py for tasks to queue
[2026-04-14T17:50:24.582+0000] {logging_mixin.py:190} INFO - [2026-04-14T17:50:24.582+0000] {dagbag.py:588} INFO - Filling up the DagBag from /opt/airflow/dags/raw_from_api_to_s3.py
[2026-04-14T17:50:24.676+0000] {processor.py:925} INFO - DAG(s) 'raw_from_api_to_s3' retrieved from /opt/airflow/dags/raw_from_api_to_s3.py
[2026-04-14T17:50:24.687+0000] {logging_mixin.py:190} INFO - [2026-04-14T17:50:24.687+0000] {dag.py:3239} INFO - Sync 1 DAGs
[2026-04-14T17:50:24.711+0000] {processor.py:208} INFO - Processing /opt/airflow/dags/raw_from_api_to_s3.py took 0.140 seconds
[2026-04-14T17:50:54.899+0000] {processor.py:186} INFO - Started process (PID=1462) to work on /opt/airflow/dags/raw_from_api_to_s3.py
[2026-04-14T17:50:54.902+0000] {processor.py:914} INFO - Processing file /opt/airflow/dags/raw_from_api_to_s3.py for tasks to queue
[2026-04-14T17:50:54.912+0000] {logging_mixin.py:190} INFO - [2026-04-14T17:50:54.911+0000] {dagbag.py:588} INFO - Filling up the DagBag from /opt/airflow/dags/raw_from_api_to_s3.py
[2026-04-14T17:50:55.102+0000] {processor.py:925} INFO - DAG(s) 'raw_from_api_to_s3' retrieved from /opt/airflow/dags/raw_from_api_to_s3.py
[2026-04-14T17:50:55.122+0000] {logging_mixin.py:190} INFO - [2026-04-14T17:50:55.122+0000] {dag.py:3239} INFO - Sync 1 DAGs
[2026-04-14T17:50:55.157+0000] {processor.py:208} INFO - Processing /opt/airflow/dags/raw_from_api_to_s3.py took 0.278 seconds
[2026-04-14T17:51:25.211+0000] {processor.py:186} INFO - Started process (PID=1476) to work on /opt/airflow/dags/raw_from_api_to_s3.py
[2026-04-14T17:51:25.212+0000] {processor.py:914} INFO - Processing file /opt/airflow/dags/raw_from_api_to_s3.py for tasks to queue
[2026-04-14T17:51:25.221+0000] {logging_mixin.py:190} INFO - [2026-04-14T17:51:25.219+0000] {dagbag.py:588} INFO - Filling up the DagBag from /opt/airflow/dags/raw_from_api_to_s3.py
[2026-04-14T17:51:25.338+0000] {processor.py:925} INFO - DAG(s) 'raw_from_api_to_s3' retrieved from /opt/airflow/dags/raw_from_api_to_s3.py
[2026-04-14T17:51:25.356+0000] {logging_mixin.py:190} INFO - [2026-04-14T17:51:25.356+0000] {dag.py:3239} INFO - Sync 1 DAGs
[2026-04-14T17:51:25.392+0000] {processor.py:208} INFO - Processing /opt/airflow/dags/raw_from_api_to_s3.py took 0.192 seconds
[2026-04-14T17:51:55.521+0000] {processor.py:186} INFO - Started process (PID=1490) to work on /opt/airflow/dags/raw_from_api_to_s3.py
[2026-04-14T17:51:55.522+0000] {processor.py:914} INFO - Processing file /opt/airflow/dags/raw_from_api_to_s3.py for tasks to queue
[2026-04-14T17:51:55.527+0000] {logging_mixin.py:190} INFO - [2026-04-14T17:51:55.526+0000] {dagbag.py:588} INFO - Filling up the DagBag from /opt/airflow/dags/raw_from_api_to_s3.py
[2026-04-14T17:51:55.624+0000] {processor.py:925} INFO - DAG(s) 'raw_from_api_to_s3' retrieved from /opt/airflow/dags/raw_from_api_to_s3.py
[2026-04-14T17:51:55.645+0000] {logging_mixin.py:190} INFO - [2026-04-14T17:51:55.645+0000] {dag.py:3239} INFO - Sync 1 DAGs
[2026-04-14T17:51:55.673+0000] {processor.py:208} INFO - Processing /opt/airflow/dags/raw_from_api_to_s3.py took 0.167 seconds
[2026-04-14T17:52:26.036+0000] {processor.py:186} INFO - Started process (PID=1504) to work on /opt/airflow/dags/raw_from_api_to_s3.py
[2026-04-14T17:52:26.038+0000] {processor.py:914} INFO - Processing file /opt/airflow/dags/raw_from_api_to_s3.py for tasks to queue
[2026-04-14T17:52:26.042+0000] {logging_mixin.py:190} INFO - [2026-04-14T17:52:26.042+0000] {dagbag.py:588} INFO - Filling up the DagBag from /opt/airflow/dags/raw_from_api_to_s3.py
[2026-04-14T17:52:26.150+0000] {processor.py:925} INFO - DAG(s) 'raw_from_api_to_s3' retrieved from /opt/airflow/dags/raw_from_api_to_s3.py
[2026-04-14T17:52:26.169+0000] {logging_mixin.py:190} INFO - [2026-04-14T17:52:26.169+0000] {dag.py:3239} INFO - Sync 1 DAGs
[2026-04-14T17:52:26.201+0000] {processor.py:208} INFO - Processing /opt/airflow/dags/raw_from_api_to_s3.py took 0.174 seconds
[2026-04-14T17:52:56.334+0000] {processor.py:186} INFO - Started process (PID=1518) to work on /opt/airflow/dags/raw_from_api_to_s3.py
[2026-04-14T17:52:56.336+0000] {processor.py:914} INFO - Processing file /opt/airflow/dags/raw_from_api_to_s3.py for tasks to queue
[2026-04-14T17:52:56.341+0000] {logging_mixin.py:190} INFO - [2026-04-14T17:52:56.341+0000] {dagbag.py:588} INFO - Filling up the DagBag from /opt/airflow/dags/raw_from_api_to_s3.py
[2026-04-14T17:52:56.442+0000] {processor.py:925} INFO - DAG(s) 'raw_from_api_to_s3' retrieved from /opt/airflow/dags/raw_from_api_to_s3.py
[2026-04-14T17:52:56.463+0000] {logging_mixin.py:190} INFO - [2026-04-14T17:52:56.463+0000] {dag.py:3239} INFO - Sync 1 DAGs
[2026-04-14T17:52:56.496+0000] {processor.py:208} INFO - Processing /opt/airflow/dags/raw_from_api_to_s3.py took 0.179 seconds
[2026-04-14T17:53:26.782+0000] {processor.py:186} INFO - Started process (PID=1531) to work on /opt/airflow/dags/raw_from_api_to_s3.py
[2026-04-14T17:53:26.784+0000] {processor.py:914} INFO - Processing file /opt/airflow/dags/raw_from_api_to_s3.py for tasks to queue
[2026-04-14T17:53:26.793+0000] {logging_mixin.py:190} INFO - [2026-04-14T17:53:26.792+0000] {dagbag.py:588} INFO - Filling up the DagBag from /opt/airflow/dags/raw_from_api_to_s3.py
[2026-04-14T17:53:27.384+0000] {processor.py:925} INFO - DAG(s) 'raw_from_api_to_s3' retrieved from /opt/airflow/dags/raw_from_api_to_s3.py
[2026-04-14T17:53:27.420+0000] {logging_mixin.py:190} INFO - [2026-04-14T17:53:27.420+0000] {dag.py:3239} INFO - Sync 1 DAGs
[2026-04-14T17:53:27.484+0000] {processor.py:208} INFO - Processing /opt/airflow/dags/raw_from_api_to_s3.py took 0.717 seconds
[2026-04-14T17:53:58.021+0000] {processor.py:186} INFO - Started process (PID=1544) to work on /opt/airflow/dags/raw_from_api_to_s3.py
[2026-04-14T17:53:58.023+0000] {processor.py:914} INFO - Processing file /opt/airflow/dags/raw_from_api_to_s3.py for tasks to queue
[2026-04-14T17:53:58.030+0000] {logging_mixin.py:190} INFO - [2026-04-14T17:53:58.029+0000] {dagbag.py:588} INFO - Filling up the DagBag from /opt/airflow/dags/raw_from_api_to_s3.py
[2026-04-14T17:53:58.265+0000] {processor.py:925} INFO - DAG(s) 'raw_from_api_to_s3' retrieved from /opt/airflow/dags/raw_from_api_to_s3.py
[2026-04-14T17:53:58.288+0000] {logging_mixin.py:190} INFO - [2026-04-14T17:53:58.288+0000] {dag.py:3239} INFO - Sync 1 DAGs
[2026-04-14T17:53:58.324+0000] {processor.py:208} INFO - Processing /opt/airflow/dags/raw_from_api_to_s3.py took 0.321 seconds
[2026-04-14T17:54:28.608+0000] {processor.py:186} INFO - Started process (PID=1558) to work on /opt/airflow/dags/raw_from_api_to_s3.py
[2026-04-14T17:54:28.610+0000] {processor.py:914} INFO - Processing file /opt/airflow/dags/raw_from_api_to_s3.py for tasks to queue
[2026-04-14T17:54:28.613+0000] {logging_mixin.py:190} INFO - [2026-04-14T17:54:28.613+0000] {dagbag.py:588} INFO - Filling up the DagBag from /opt/airflow/dags/raw_from_api_to_s3.py
[2026-04-14T17:54:28.783+0000] {processor.py:925} INFO - DAG(s) 'raw_from_api_to_s3' retrieved from /opt/airflow/dags/raw_from_api_to_s3.py
[2026-04-14T17:54:28.800+0000] {logging_mixin.py:190} INFO - [2026-04-14T17:54:28.800+0000] {dag.py:3239} INFO - Sync 1 DAGs
[2026-04-14T17:54:28.826+0000] {processor.py:208} INFO - Processing /opt/airflow/dags/raw_from_api_to_s3.py took 0.226 seconds
[2026-04-14T17:54:58.911+0000] {processor.py:186} INFO - Started process (PID=1572) to work on /opt/airflow/dags/raw_from_api_to_s3.py
[2026-04-14T17:54:58.913+0000] {processor.py:914} INFO - Processing file /opt/airflow/dags/raw_from_api_to_s3.py for tasks to queue
[2026-04-14T17:54:58.919+0000] {logging_mixin.py:190} INFO - [2026-04-14T17:54:58.917+0000] {dagbag.py:588} INFO - Filling up the DagBag from /opt/airflow/dags/raw_from_api_to_s3.py
[2026-04-14T17:54:59.212+0000] {processor.py:925} INFO - DAG(s) 'raw_from_api_to_s3' retrieved from /opt/airflow/dags/raw_from_api_to_s3.py
[2026-04-14T17:54:59.240+0000] {logging_mixin.py:190} INFO - [2026-04-14T17:54:59.240+0000] {dag.py:3239} INFO - Sync 1 DAGs
[2026-04-14T17:54:59.288+0000] {processor.py:208} INFO - Processing /opt/airflow/dags/raw_from_api_to_s3.py took 0.386 seconds
[2026-04-14T17:55:29.391+0000] {processor.py:186} INFO - Started process (PID=1586) to work on /opt/airflow/dags/raw_from_api_to_s3.py
[2026-04-14T17:55:29.392+0000] {processor.py:914} INFO - Processing file /opt/airflow/dags/raw_from_api_to_s3.py for tasks to queue
[2026-04-14T17:55:29.400+0000] {logging_mixin.py:190} INFO - [2026-04-14T17:55:29.399+0000] {dagbag.py:588} INFO - Filling up the DagBag from /opt/airflow/dags/raw_from_api_to_s3.py
[2026-04-14T17:55:29.621+0000] {processor.py:925} INFO - DAG(s) 'raw_from_api_to_s3' retrieved from /opt/airflow/dags/raw_from_api_to_s3.py
[2026-04-14T17:55:29.701+0000] {logging_mixin.py:190} INFO - [2026-04-14T17:55:29.697+0000] {dag.py:3239} INFO - Sync 1 DAGs
[2026-04-14T17:55:29.754+0000] {processor.py:208} INFO - Processing /opt/airflow/dags/raw_from_api_to_s3.py took 0.373 seconds
[2026-04-14T17:56:00.026+0000] {processor.py:186} INFO - Started process (PID=1600) to work on /opt/airflow/dags/raw_from_api_to_s3.py
[2026-04-14T17:56:00.028+0000] {processor.py:914} INFO - Processing file /opt/airflow/dags/raw_from_api_to_s3.py for tasks to queue
[2026-04-14T17:56:00.038+0000] {logging_mixin.py:190} INFO - [2026-04-14T17:56:00.036+0000] {dagbag.py:588} INFO - Filling up the DagBag from /opt/airflow/dags/raw_from_api_to_s3.py
[2026-04-14T17:56:00.447+0000] {processor.py:925} INFO - DAG(s) 'raw_from_api_to_s3' retrieved from /opt/airflow/dags/raw_from_api_to_s3.py
[2026-04-14T17:56:00.477+0000] {logging_mixin.py:190} INFO - [2026-04-14T17:56:00.476+0000] {dag.py:3239} INFO - Sync 1 DAGs
[2026-04-14T17:56:00.525+0000] {processor.py:208} INFO - Processing /opt/airflow/dags/raw_from_api_to_s3.py took 0.529 seconds
[2026-04-14T17:56:30.892+0000] {processor.py:186} INFO - Started process (PID=1614) to work on /opt/airflow/dags/raw_from_api_to_s3.py
[2026-04-14T17:56:30.894+0000] {processor.py:914} INFO - Processing file /opt/airflow/dags/raw_from_api_to_s3.py for tasks to queue
[2026-04-14T17:56:30.903+0000] {logging_mixin.py:190} INFO - [2026-04-14T17:56:30.903+0000] {dagbag.py:588} INFO - Filling up the DagBag from /opt/airflow/dags/raw_from_api_to_s3.py
[2026-04-14T17:56:31.122+0000] {processor.py:925} INFO - DAG(s) 'raw_from_api_to_s3' retrieved from /opt/airflow/dags/raw_from_api_to_s3.py
[2026-04-14T17:56:31.145+0000] {logging_mixin.py:190} INFO - [2026-04-14T17:56:31.145+0000] {dag.py:3239} INFO - Sync 1 DAGs
[2026-04-14T17:56:31.170+0000] {processor.py:208} INFO - Processing /opt/airflow/dags/raw_from_api_to_s3.py took 0.288 seconds
[2026-04-14T17:57:01.409+0000] {processor.py:186} INFO - Started process (PID=1628) to work on /opt/airflow/dags/raw_from_api_to_s3.py
[2026-04-14T17:57:01.412+0000] {processor.py:914} INFO - Processing file /opt/airflow/dags/raw_from_api_to_s3.py for tasks to queue
[2026-04-14T17:57:01.418+0000] {logging_mixin.py:190} INFO - [2026-04-14T17:57:01.416+0000] {dagbag.py:588} INFO - Filling up the DagBag from /opt/airflow/dags/raw_from_api_to_s3.py
[2026-04-14T17:57:01.639+0000] {processor.py:925} INFO - DAG(s) 'raw_from_api_to_s3' retrieved from /opt/airflow/dags/raw_from_api_to_s3.py
[2026-04-14T17:57:01.661+0000] {logging_mixin.py:190} INFO - [2026-04-14T17:57:01.661+0000] {dag.py:3239} INFO - Sync 1 DAGs
[2026-04-14T17:57:01.688+0000] {processor.py:208} INFO - Processing /opt/airflow/dags/raw_from_api_to_s3.py took 0.292 seconds
[2026-04-14T17:57:31.984+0000] {processor.py:186} INFO - Started process (PID=1642) to work on /opt/airflow/dags/raw_from_api_to_s3.py
[2026-04-14T17:57:31.986+0000] {processor.py:914} INFO - Processing file /opt/airflow/dags/raw_from_api_to_s3.py for tasks to queue
[2026-04-14T17:57:31.990+0000] {logging_mixin.py:190} INFO - [2026-04-14T17:57:31.989+0000] {dagbag.py:588} INFO - Filling up the DagBag from /opt/airflow/dags/raw_from_api_to_s3.py
[2026-04-14T17:57:32.186+0000] {processor.py:925} INFO - DAG(s) 'raw_from_api_to_s3' retrieved from /opt/airflow/dags/raw_from_api_to_s3.py
[2026-04-14T17:57:32.203+0000] {logging_mixin.py:190} INFO - [2026-04-14T17:57:32.203+0000] {dag.py:3239} INFO - Sync 1 DAGs
[2026-04-14T17:57:32.234+0000] {processor.py:208} INFO - Processing /opt/airflow/dags/raw_from_api_to_s3.py took 0.259 seconds
[2026-04-14T17:58:02.361+0000] {processor.py:186} INFO - Started process (PID=1656) to work on /opt/airflow/dags/raw_from_api_to_s3.py
[2026-04-14T17:58:02.362+0000] {processor.py:914} INFO - Processing file /opt/airflow/dags/raw_from_api_to_s3.py for tasks to queue
[2026-04-14T17:58:02.367+0000] {logging_mixin.py:190} INFO - [2026-04-14T17:58:02.366+0000] {dagbag.py:588} INFO - Filling up the DagBag from /opt/airflow/dags/raw_from_api_to_s3.py
[2026-04-14T17:58:02.562+0000] {processor.py:925} INFO - DAG(s) 'raw_from_api_to_s3' retrieved from /opt/airflow/dags/raw_from_api_to_s3.py
[2026-04-14T17:58:02.582+0000] {logging_mixin.py:190} INFO - [2026-04-14T17:58:02.582+0000] {dag.py:3239} INFO - Sync 1 DAGs
[2026-04-14T17:58:02.608+0000] {processor.py:208} INFO - Processing /opt/airflow/dags/raw_from_api_to_s3.py took 0.263 seconds
[2026-04-14T17:58:32.794+0000] {processor.py:186} INFO - Started process (PID=1670) to work on /opt/airflow/dags/raw_from_api_to_s3.py
[2026-04-14T17:58:32.794+0000] {processor.py:914} INFO - Processing file /opt/airflow/dags/raw_from_api_to_s3.py for tasks to queue
[2026-04-14T17:58:32.801+0000] {logging_mixin.py:190} INFO - [2026-04-14T17:58:32.800+0000] {dagbag.py:588} INFO - Filling up the DagBag from /opt/airflow/dags/raw_from_api_to_s3.py
[2026-04-14T17:58:32.937+0000] {processor.py:925} INFO - DAG(s) 'raw_from_api_to_s3' retrieved from /opt/airflow/dags/raw_from_api_to_s3.py
[2026-04-14T17:58:32.951+0000] {logging_mixin.py:190} INFO - [2026-04-14T17:58:32.951+0000] {dag.py:3239} INFO - Sync 1 DAGs
[2026-04-14T17:58:32.975+0000] {processor.py:208} INFO - Processing /opt/airflow/dags/raw_from_api_to_s3.py took 0.191 seconds
[2026-04-14T17:59:03.141+0000] {processor.py:186} INFO - Started process (PID=1684) to work on /opt/airflow/dags/raw_from_api_to_s3.py
[2026-04-14T17:59:03.143+0000] {processor.py:914} INFO - Processing file /opt/airflow/dags/raw_from_api_to_s3.py for tasks to queue
[2026-04-14T17:59:03.147+0000] {logging_mixin.py:190} INFO - [2026-04-14T17:59:03.146+0000] {dagbag.py:588} INFO - Filling up the DagBag from /opt/airflow/dags/raw_from_api_to_s3.py
[2026-04-14T17:59:03.780+0000] {processor.py:925} INFO - DAG(s) 'raw_from_api_to_s3' retrieved from /opt/airflow/dags/raw_from_api_to_s3.py
[2026-04-14T17:59:03.923+0000] {logging_mixin.py:190} INFO - [2026-04-14T17:59:03.895+0000] {dag.py:3239} INFO - Sync 1 DAGs
[2026-04-14T17:59:03.971+0000] {processor.py:208} INFO - Processing /opt/airflow/dags/raw_from_api_to_s3.py took 0.840 seconds
[2026-04-14T17:59:34.313+0000] {processor.py:186} INFO - Started process (PID=1698) to work on /opt/airflow/dags/raw_from_api_to_s3.py
[2026-04-14T17:59:34.314+0000] {processor.py:914} INFO - Processing file /opt/airflow/dags/raw_from_api_to_s3.py for tasks to queue
[2026-04-14T17:59:34.320+0000] {logging_mixin.py:190} INFO - [2026-04-14T17:59:34.319+0000] {dagbag.py:588} INFO - Filling up the DagBag from /opt/airflow/dags/raw_from_api_to_s3.py
[2026-04-14T17:59:34.525+0000] {processor.py:925} INFO - DAG(s) 'raw_from_api_to_s3' retrieved from /opt/airflow/dags/raw_from_api_to_s3.py
[2026-04-14T17:59:34.543+0000] {logging_mixin.py:190} INFO - [2026-04-14T17:59:34.543+0000] {dag.py:3239} INFO - Sync 1 DAGs
[2026-04-14T17:59:34.568+0000] {processor.py:208} INFO - Processing /opt/airflow/dags/raw_from_api_to_s3.py took 0.264 seconds
[2026-04-14T18:00:04.701+0000] {processor.py:186} INFO - Started process (PID=1712) to work on /opt/airflow/dags/raw_from_api_to_s3.py
[2026-04-14T18:00:04.702+0000] {processor.py:914} INFO - Processing file /opt/airflow/dags/raw_from_api_to_s3.py for tasks to queue
[2026-04-14T18:00:04.707+0000] {logging_mixin.py:190} INFO - [2026-04-14T18:00:04.706+0000] {dagbag.py:588} INFO - Filling up the DagBag from /opt/airflow/dags/raw_from_api_to_s3.py
[2026-04-14T18:00:04.920+0000] {processor.py:925} INFO - DAG(s) 'raw_from_api_to_s3' retrieved from /opt/airflow/dags/raw_from_api_to_s3.py
[2026-04-14T18:00:04.941+0000] {logging_mixin.py:190} INFO - [2026-04-14T18:00:04.941+0000] {dag.py:3239} INFO - Sync 1 DAGs
[2026-04-14T18:00:04.979+0000] {processor.py:208} INFO - Processing /opt/airflow/dags/raw_from_api_to_s3.py took 0.297 seconds
[2026-04-14T18:00:35.118+0000] {processor.py:186} INFO - Started process (PID=1726) to work on /opt/airflow/dags/raw_from_api_to_s3.py
[2026-04-14T18:00:35.120+0000] {processor.py:914} INFO - Processing file /opt/airflow/dags/raw_from_api_to_s3.py for tasks to queue
[2026-04-14T18:00:35.127+0000] {logging_mixin.py:190} INFO - [2026-04-14T18:00:35.125+0000] {dagbag.py:588} INFO - Filling up the DagBag from /opt/airflow/dags/raw_from_api_to_s3.py
[2026-04-14T18:00:35.367+0000] {processor.py:925} INFO - DAG(s) 'raw_from_api_to_s3' retrieved from /opt/airflow/dags/raw_from_api_to_s3.py
[2026-04-14T18:00:35.386+0000] {logging_mixin.py:190} INFO - [2026-04-14T18:00:35.386+0000] {dag.py:3239} INFO - Sync 1 DAGs
[2026-04-14T18:00:35.424+0000] {processor.py:208} INFO - Processing /opt/airflow/dags/raw_from_api_to_s3.py took 0.322 seconds
[2026-04-14T18:01:05.651+0000] {processor.py:186} INFO - Started process (PID=1740) to work on /opt/airflow/dags/raw_from_api_to_s3.py
[2026-04-14T18:01:05.653+0000] {processor.py:914} INFO - Processing file /opt/airflow/dags/raw_from_api_to_s3.py for tasks to queue
[2026-04-14T18:01:05.657+0000] {logging_mixin.py:190} INFO - [2026-04-14T18:01:05.657+0000] {dagbag.py:588} INFO - Filling up the DagBag from /opt/airflow/dags/raw_from_api_to_s3.py
[2026-04-14T18:01:05.861+0000] {processor.py:925} INFO - DAG(s) 'raw_from_api_to_s3' retrieved from /opt/airflow/dags/raw_from_api_to_s3.py
[2026-04-14T18:01:05.883+0000] {logging_mixin.py:190} INFO - [2026-04-14T18:01:05.883+0000] {dag.py:3239} INFO - Sync 1 DAGs
[2026-04-14T18:01:05.914+0000] {processor.py:208} INFO - Processing /opt/airflow/dags/raw_from_api_to_s3.py took 0.280 seconds
[2026-04-14T18:01:35.970+0000] {processor.py:186} INFO - Started process (PID=1754) to work on /opt/airflow/dags/raw_from_api_to_s3.py
[2026-04-14T18:01:35.971+0000] {processor.py:914} INFO - Processing file /opt/airflow/dags/raw_from_api_to_s3.py for tasks to queue
[2026-04-14T18:01:35.976+0000] {logging_mixin.py:190} INFO - [2026-04-14T18:01:35.976+0000] {dagbag.py:588} INFO - Filling up the DagBag from /opt/airflow/dags/raw_from_api_to_s3.py
[2026-04-14T18:01:36.188+0000] {processor.py:925} INFO - DAG(s) 'raw_from_api_to_s3' retrieved from /opt/airflow/dags/raw_from_api_to_s3.py
[2026-04-14T18:01:36.208+0000] {logging_mixin.py:190} INFO - [2026-04-14T18:01:36.207+0000] {dag.py:3239} INFO - Sync 1 DAGs
[2026-04-14T18:01:36.234+0000] {processor.py:208} INFO - Processing /opt/airflow/dags/raw_from_api_to_s3.py took 0.274 seconds
[2026-04-14T18:02:06.432+0000] {processor.py:186} INFO - Started process (PID=1768) to work on /opt/airflow/dags/raw_from_api_to_s3.py
[2026-04-14T18:02:06.434+0000] {processor.py:914} INFO - Processing file /opt/airflow/dags/raw_from_api_to_s3.py for tasks to queue
[2026-04-14T18:02:06.439+0000] {logging_mixin.py:190} INFO - [2026-04-14T18:02:06.438+0000] {dagbag.py:588} INFO - Filling up the DagBag from /opt/airflow/dags/raw_from_api_to_s3.py
[2026-04-14T18:02:06.634+0000] {processor.py:925} INFO - DAG(s) 'raw_from_api_to_s3' retrieved from /opt/airflow/dags/raw_from_api_to_s3.py
[2026-04-14T18:02:06.652+0000] {logging_mixin.py:190} INFO - [2026-04-14T18:02:06.652+0000] {dag.py:3239} INFO - Sync 1 DAGs
[2026-04-14T18:02:06.674+0000] {processor.py:208} INFO - Processing /opt/airflow/dags/raw_from_api_to_s3.py took 0.254 seconds
[2026-04-14T18:02:36.747+0000] {processor.py:186} INFO - Started process (PID=1782) to work on /opt/airflow/dags/raw_from_api_to_s3.py
[2026-04-14T18:02:36.749+0000] {processor.py:914} INFO - Processing file /opt/airflow/dags/raw_from_api_to_s3.py for tasks to queue
[2026-04-14T18:02:36.752+0000] {logging_mixin.py:190} INFO - [2026-04-14T18:02:36.752+0000] {dagbag.py:588} INFO - Filling up the DagBag from /opt/airflow/dags/raw_from_api_to_s3.py
[2026-04-14T18:02:36.902+0000] {processor.py:925} INFO - DAG(s) 'raw_from_api_to_s3' retrieved from /opt/airflow/dags/raw_from_api_to_s3.py
[2026-04-14T18:02:36.917+0000] {logging_mixin.py:190} INFO - [2026-04-14T18:02:36.917+0000] {dag.py:3239} INFO - Sync 1 DAGs
[2026-04-14T18:02:36.942+0000] {processor.py:208} INFO - Processing /opt/airflow/dags/raw_from_api_to_s3.py took 0.202 seconds
[2026-04-14T18:03:07.239+0000] {processor.py:186} INFO - Started process (PID=1796) to work on /opt/airflow/dags/raw_from_api_to_s3.py
[2026-04-14T18:03:07.241+0000] {processor.py:914} INFO - Processing file /opt/airflow/dags/raw_from_api_to_s3.py for tasks to queue
[2026-04-14T18:03:07.246+0000] {logging_mixin.py:190} INFO - [2026-04-14T18:03:07.245+0000] {dagbag.py:588} INFO - Filling up the DagBag from /opt/airflow/dags/raw_from_api_to_s3.py
[2026-04-14T18:03:07.592+0000] {processor.py:925} INFO - DAG(s) 'raw_from_api_to_s3' retrieved from /opt/airflow/dags/raw_from_api_to_s3.py
[2026-04-14T18:03:07.621+0000] {logging_mixin.py:190} INFO - [2026-04-14T18:03:07.620+0000] {dag.py:3239} INFO - Sync 1 DAGs
[2026-04-14T18:03:07.653+0000] {processor.py:208} INFO - Processing /opt/airflow/dags/raw_from_api_to_s3.py took 0.431 seconds
[2026-04-14T18:03:37.974+0000] {processor.py:186} INFO - Started process (PID=1815) to work on /opt/airflow/dags/raw_from_api_to_s3.py
[2026-04-14T18:03:37.975+0000] {processor.py:914} INFO - Processing file /opt/airflow/dags/raw_from_api_to_s3.py for tasks to queue
[2026-04-14T18:03:37.977+0000] {logging_mixin.py:190} INFO - [2026-04-14T18:03:37.977+0000] {dagbag.py:588} INFO - Filling up the DagBag from /opt/airflow/dags/raw_from_api_to_s3.py
[2026-04-14T18:03:38.140+0000] {processor.py:925} INFO - DAG(s) 'raw_from_api_to_s3' retrieved from /opt/airflow/dags/raw_from_api_to_s3.py
[2026-04-14T18:03:38.154+0000] {logging_mixin.py:190} INFO - [2026-04-14T18:03:38.154+0000] {dag.py:3239} INFO - Sync 1 DAGs
[2026-04-14T18:03:38.175+0000] {processor.py:208} INFO - Processing /opt/airflow/dags/raw_from_api_to_s3.py took 0.207 seconds
[2026-04-14T18:04:08.299+0000] {processor.py:186} INFO - Started process (PID=1829) to work on /opt/airflow/dags/raw_from_api_to_s3.py
[2026-04-14T18:04:08.300+0000] {processor.py:914} INFO - Processing file /opt/airflow/dags/raw_from_api_to_s3.py for tasks to queue
[2026-04-14T18:04:08.303+0000] {logging_mixin.py:190} INFO - [2026-04-14T18:04:08.302+0000] {dagbag.py:588} INFO - Filling up the DagBag from /opt/airflow/dags/raw_from_api_to_s3.py
[2026-04-14T18:04:08.444+0000] {processor.py:925} INFO - DAG(s) 'raw_from_api_to_s3' retrieved from /opt/airflow/dags/raw_from_api_to_s3.py
[2026-04-14T18:04:08.461+0000] {logging_mixin.py:190} INFO - [2026-04-14T18:04:08.461+0000] {dag.py:3239} INFO - Sync 1 DAGs
[2026-04-14T18:04:08.481+0000] {processor.py:208} INFO - Processing /opt/airflow/dags/raw_from_api_to_s3.py took 0.187 seconds
[2026-04-14T18:04:38.688+0000] {processor.py:186} INFO - Started process (PID=1843) to work on /opt/airflow/dags/raw_from_api_to_s3.py
[2026-04-14T18:04:38.689+0000] {processor.py:914} INFO - Processing file /opt/airflow/dags/raw_from_api_to_s3.py for tasks to queue
[2026-04-14T18:04:38.695+0000] {logging_mixin.py:190} INFO - [2026-04-14T18:04:38.694+0000] {dagbag.py:588} INFO - Filling up the DagBag from /opt/airflow/dags/raw_from_api_to_s3.py
[2026-04-14T18:04:39.010+0000] {processor.py:925} INFO - DAG(s) 'raw_from_api_to_s3' retrieved from /opt/airflow/dags/raw_from_api_to_s3.py
[2026-04-14T18:04:39.037+0000] {logging_mixin.py:190} INFO - [2026-04-14T18:04:39.035+0000] {dag.py:3239} INFO - Sync 1 DAGs
[2026-04-14T18:04:39.267+0000] {processor.py:208} INFO - Processing /opt/airflow/dags/raw_from_api_to_s3.py took 0.585 seconds
[2026-04-14T18:05:09.780+0000] {processor.py:186} INFO - Started process (PID=1857) to work on /opt/airflow/dags/raw_from_api_to_s3.py
[2026-04-14T18:05:09.781+0000] {processor.py:914} INFO - Processing file /opt/airflow/dags/raw_from_api_to_s3.py for tasks to queue
[2026-04-14T18:05:09.785+0000] {logging_mixin.py:190} INFO - [2026-04-14T18:05:09.784+0000] {dagbag.py:588} INFO - Filling up the DagBag from /opt/airflow/dags/raw_from_api_to_s3.py
[2026-04-14T18:05:09.917+0000] {processor.py:925} INFO - DAG(s) 'raw_from_api_to_s3' retrieved from /opt/airflow/dags/raw_from_api_to_s3.py
[2026-04-14T18:05:09.935+0000] {logging_mixin.py:190} INFO - [2026-04-14T18:05:09.935+0000] {dag.py:3239} INFO - Sync 1 DAGs
[2026-04-14T18:05:09.970+0000] {processor.py:208} INFO - Processing /opt/airflow/dags/raw_from_api_to_s3.py took 0.201 seconds
[2026-04-14T18:05:40.113+0000] {processor.py:186} INFO - Started process (PID=1871) to work on /opt/airflow/dags/raw_from_api_to_s3.py
[2026-04-14T18:05:40.114+0000] {processor.py:914} INFO - Processing file /opt/airflow/dags/raw_from_api_to_s3.py for tasks to queue
[2026-04-14T18:05:40.117+0000] {logging_mixin.py:190} INFO - [2026-04-14T18:05:40.116+0000] {dagbag.py:588} INFO - Filling up the DagBag from /opt/airflow/dags/raw_from_api_to_s3.py
[2026-04-14T18:05:40.275+0000] {processor.py:925} INFO - DAG(s) 'raw_from_api_to_s3' retrieved from /opt/airflow/dags/raw_from_api_to_s3.py
[2026-04-14T18:05:40.290+0000] {logging_mixin.py:190} INFO - [2026-04-14T18:05:40.290+0000] {dag.py:3239} INFO - Sync 1 DAGs
[2026-04-14T18:05:40.314+0000] {processor.py:208} INFO - Processing /opt/airflow/dags/raw_from_api_to_s3.py took 0.208 seconds
[2026-04-14T18:06:10.521+0000] {processor.py:186} INFO - Started process (PID=1885) to work on /opt/airflow/dags/raw_from_api_to_s3.py
[2026-04-14T18:06:10.522+0000] {processor.py:914} INFO - Processing file /opt/airflow/dags/raw_from_api_to_s3.py for tasks to queue
[2026-04-14T18:06:10.526+0000] {logging_mixin.py:190} INFO - [2026-04-14T18:06:10.525+0000] {dagbag.py:588} INFO - Filling up the DagBag from /opt/airflow/dags/raw_from_api_to_s3.py
[2026-04-14T18:06:10.669+0000] {processor.py:925} INFO - DAG(s) 'raw_from_api_to_s3' retrieved from /opt/airflow/dags/raw_from_api_to_s3.py
[2026-04-14T18:06:10.681+0000] {logging_mixin.py:190} INFO - [2026-04-14T18:06:10.681+0000] {dag.py:3239} INFO - Sync 1 DAGs
[2026-04-14T18:06:10.698+0000] {processor.py:208} INFO - Processing /opt/airflow/dags/raw_from_api_to_s3.py took 0.184 seconds
[2026-04-14T18:06:40.965+0000] {processor.py:186} INFO - Started process (PID=1899) to work on /opt/airflow/dags/raw_from_api_to_s3.py
[2026-04-14T18:06:40.965+0000] {processor.py:914} INFO - Processing file /opt/airflow/dags/raw_from_api_to_s3.py for tasks to queue
[2026-04-14T18:06:40.970+0000] {logging_mixin.py:190} INFO - [2026-04-14T18:06:40.970+0000] {dagbag.py:588} INFO - Filling up the DagBag from /opt/airflow/dags/raw_from_api_to_s3.py
[2026-04-14T18:06:41.099+0000] {processor.py:925} INFO - DAG(s) 'raw_from_api_to_s3' retrieved from /opt/airflow/dags/raw_from_api_to_s3.py
[2026-04-14T18:06:41.111+0000] {logging_mixin.py:190} INFO - [2026-04-14T18:06:41.111+0000] {dag.py:3239} INFO - Sync 1 DAGs
[2026-04-14T18:06:41.128+0000] {processor.py:208} INFO - Processing /opt/airflow/dags/raw_from_api_to_s3.py took 0.172 seconds
[2026-04-14T18:07:11.356+0000] {processor.py:186} INFO - Started process (PID=1912) to work on /opt/airflow/dags/raw_from_api_to_s3.py
[2026-04-14T18:07:11.357+0000] {processor.py:914} INFO - Processing file /opt/airflow/dags/raw_from_api_to_s3.py for tasks to queue
[2026-04-14T18:07:11.362+0000] {logging_mixin.py:190} INFO - [2026-04-14T18:07:11.361+0000] {dagbag.py:588} INFO - Filling up the DagBag from /opt/airflow/dags/raw_from_api_to_s3.py
[2026-04-14T18:07:11.504+0000] {processor.py:925} INFO - DAG(s) 'raw_from_api_to_s3' retrieved from /opt/airflow/dags/raw_from_api_to_s3.py
[2026-04-14T18:07:11.531+0000] {logging_mixin.py:190} INFO - [2026-04-14T18:07:11.531+0000] {dag.py:3239} INFO - Sync 1 DAGs
[2026-04-14T18:07:11.590+0000] {processor.py:208} INFO - Processing /opt/airflow/dags/raw_from_api_to_s3.py took 0.245 seconds
[2026-04-14T18:07:41.763+0000] {processor.py:186} INFO - Started process (PID=1926) to work on /opt/airflow/dags/raw_from_api_to_s3.py
[2026-04-14T18:07:41.764+0000] {processor.py:914} INFO - Processing file /opt/airflow/dags/raw_from_api_to_s3.py for tasks to queue
[2026-04-14T18:07:41.767+0000] {logging_mixin.py:190} INFO - [2026-04-14T18:07:41.767+0000] {dagbag.py:588} INFO - Filling up the DagBag from /opt/airflow/dags/raw_from_api_to_s3.py
[2026-04-14T18:07:42.026+0000] {processor.py:925} INFO - DAG(s) 'raw_from_api_to_s3' retrieved from /opt/airflow/dags/raw_from_api_to_s3.py
[2026-04-14T18:07:42.056+0000] {logging_mixin.py:190} INFO - [2026-04-14T18:07:42.056+0000] {dag.py:3239} INFO - Sync 1 DAGs
[2026-04-14T18:07:42.177+0000] {processor.py:208} INFO - Processing /opt/airflow/dags/raw_from_api_to_s3.py took 0.419 seconds
[2026-04-14T18:08:12.268+0000] {processor.py:186} INFO - Started process (PID=1940) to work on /opt/airflow/dags/raw_from_api_to_s3.py
[2026-04-14T18:08:12.271+0000] {processor.py:914} INFO - Processing file /opt/airflow/dags/raw_from_api_to_s3.py for tasks to queue
[2026-04-14T18:08:12.279+0000] {logging_mixin.py:190} INFO - [2026-04-14T18:08:12.278+0000] {dagbag.py:588} INFO - Filling up the DagBag from /opt/airflow/dags/raw_from_api_to_s3.py
[2026-04-14T18:08:12.438+0000] {processor.py:925} INFO - DAG(s) 'raw_from_api_to_s3' retrieved from /opt/airflow/dags/raw_from_api_to_s3.py
[2026-04-14T18:08:12.461+0000] {logging_mixin.py:190} INFO - [2026-04-14T18:08:12.461+0000] {dag.py:3239} INFO - Sync 1 DAGs
[2026-04-14T18:08:12.485+0000] {processor.py:208} INFO - Processing /opt/airflow/dags/raw_from_api_to_s3.py took 0.231 seconds
[2026-04-14T18:08:42.557+0000] {processor.py:186} INFO - Started process (PID=1954) to work on /opt/airflow/dags/raw_from_api_to_s3.py
[2026-04-14T18:08:42.558+0000] {processor.py:914} INFO - Processing file /opt/airflow/dags/raw_from_api_to_s3.py for tasks to queue
[2026-04-14T18:08:42.564+0000] {logging_mixin.py:190} INFO - [2026-04-14T18:08:42.563+0000] {dagbag.py:588} INFO - Filling up the DagBag from /opt/airflow/dags/raw_from_api_to_s3.py
[2026-04-14T18:08:42.694+0000] {processor.py:925} INFO - DAG(s) 'raw_from_api_to_s3' retrieved from /opt/airflow/dags/raw_from_api_to_s3.py
[2026-04-14T18:08:42.710+0000] {logging_mixin.py:190} INFO - [2026-04-14T18:08:42.710+0000] {dag.py:3239} INFO - Sync 1 DAGs
[2026-04-14T18:08:42.728+0000] {processor.py:208} INFO - Processing /opt/airflow/dags/raw_from_api_to_s3.py took 0.183 seconds
[2026-04-14T18:09:13.068+0000] {processor.py:186} INFO - Started process (PID=1968) to work on /opt/airflow/dags/raw_from_api_to_s3.py
[2026-04-14T18:09:13.069+0000] {processor.py:914} INFO - Processing file /opt/airflow/dags/raw_from_api_to_s3.py for tasks to queue
[2026-04-14T18:09:13.073+0000] {logging_mixin.py:190} INFO - [2026-04-14T18:09:13.072+0000] {dagbag.py:588} INFO - Filling up the DagBag from /opt/airflow/dags/raw_from_api_to_s3.py
[2026-04-14T18:09:13.230+0000] {processor.py:925} INFO - DAG(s) 'raw_from_api_to_s3' retrieved from /opt/airflow/dags/raw_from_api_to_s3.py
[2026-04-14T18:09:13.248+0000] {logging_mixin.py:190} INFO - [2026-04-14T18:09:13.248+0000] {dag.py:3239} INFO - Sync 1 DAGs
[2026-04-14T18:09:13.268+0000] {processor.py:208} INFO - Processing /opt/airflow/dags/raw_from_api_to_s3.py took 0.209 seconds
[2026-04-14T18:09:43.428+0000] {processor.py:186} INFO - Started process (PID=1982) to work on /opt/airflow/dags/raw_from_api_to_s3.py
[2026-04-14T18:09:43.430+0000] {processor.py:914} INFO - Processing file /opt/airflow/dags/raw_from_api_to_s3.py for tasks to queue
[2026-04-14T18:09:43.435+0000] {logging_mixin.py:190} INFO - [2026-04-14T18:09:43.434+0000] {dagbag.py:588} INFO - Filling up the DagBag from /opt/airflow/dags/raw_from_api_to_s3.py
[2026-04-14T18:09:43.629+0000] {processor.py:925} INFO - DAG(s) 'raw_from_api_to_s3' retrieved from /opt/airflow/dags/raw_from_api_to_s3.py
[2026-04-14T18:09:43.650+0000] {logging_mixin.py:190} INFO - [2026-04-14T18:09:43.650+0000] {dag.py:3239} INFO - Sync 1 DAGs
[2026-04-14T18:09:43.679+0000] {processor.py:208} INFO - Processing /opt/airflow/dags/raw_from_api_to_s3.py took 0.270 seconds
[2026-04-14T18:10:13.987+0000] {processor.py:186} INFO - Started process (PID=1996) to work on /opt/airflow/dags/raw_from_api_to_s3.py
[2026-04-14T18:10:13.988+0000] {processor.py:914} INFO - Processing file /opt/airflow/dags/raw_from_api_to_s3.py for tasks to queue
[2026-04-14T18:10:13.997+0000] {logging_mixin.py:190} INFO - [2026-04-14T18:10:13.996+0000] {dagbag.py:588} INFO - Filling up the DagBag from /opt/airflow/dags/raw_from_api_to_s3.py
[2026-04-14T18:10:14.138+0000] {processor.py:925} INFO - DAG(s) 'raw_from_api_to_s3' retrieved from /opt/airflow/dags/raw_from_api_to_s3.py
[2026-04-14T18:10:14.153+0000] {logging_mixin.py:190} INFO - [2026-04-14T18:10:14.152+0000] {dag.py:3239} INFO - Sync 1 DAGs
[2026-04-14T18:10:14.174+0000] {processor.py:208} INFO - Processing /opt/airflow/dags/raw_from_api_to_s3.py took 0.199 seconds
[2026-04-14T18:10:44.333+0000] {processor.py:186} INFO - Started process (PID=2010) to work on /opt/airflow/dags/raw_from_api_to_s3.py
[2026-04-14T18:10:44.335+0000] {processor.py:914} INFO - Processing file /opt/airflow/dags/raw_from_api_to_s3.py for tasks to queue
[2026-04-14T18:10:44.340+0000] {logging_mixin.py:190} INFO - [2026-04-14T18:10:44.339+0000] {dagbag.py:588} INFO - Filling up the DagBag from /opt/airflow/dags/raw_from_api_to_s3.py
[2026-04-14T18:10:44.501+0000] {processor.py:925} INFO - DAG(s) 'raw_from_api_to_s3' retrieved from /opt/airflow/dags/raw_from_api_to_s3.py
[2026-04-14T18:10:44.516+0000] {logging_mixin.py:190} INFO - [2026-04-14T18:10:44.516+0000] {dag.py:3239} INFO - Sync 1 DAGs
[2026-04-14T18:10:44.536+0000] {processor.py:208} INFO - Processing /opt/airflow/dags/raw_from_api_to_s3.py took 0.215 seconds
[2026-04-14T18:11:14.872+0000] {processor.py:186} INFO - Started process (PID=2024) to work on /opt/airflow/dags/raw_from_api_to_s3.py
[2026-04-14T18:11:14.874+0000] {processor.py:914} INFO - Processing file /opt/airflow/dags/raw_from_api_to_s3.py for tasks to queue
[2026-04-14T18:11:14.878+0000] {logging_mixin.py:190} INFO - [2026-04-14T18:11:14.877+0000] {dagbag.py:588} INFO - Filling up the DagBag from /opt/airflow/dags/raw_from_api_to_s3.py
[2026-04-14T18:11:15.033+0000] {processor.py:925} INFO - DAG(s) 'raw_from_api_to_s3' retrieved from /opt/airflow/dags/raw_from_api_to_s3.py
[2026-04-14T18:11:15.050+0000] {logging_mixin.py:190} INFO - [2026-04-14T18:11:15.050+0000] {dag.py:3239} INFO - Sync 1 DAGs
[2026-04-14T18:11:15.068+0000] {logging_mixin.py:190} INFO - [2026-04-14T18:11:15.068+0000] {dag.py:4180} INFO - Setting next_dagrun for raw_from_api_to_s3 to 2026-03-25 00:00:00+00:00, run_after=2026-03-26 00:00:00+00:00
[2026-04-14T18:11:15.076+0000] {processor.py:208} INFO - Processing /opt/airflow/dags/raw_from_api_to_s3.py took 0.218 seconds
[2026-04-14T18:11:45.741+0000] {processor.py:186} INFO - Started process (PID=2038) to work on /opt/airflow/dags/raw_from_api_to_s3.py
[2026-04-14T18:11:45.742+0000] {processor.py:914} INFO - Processing file /opt/airflow/dags/raw_from_api_to_s3.py for tasks to queue
[2026-04-14T18:11:45.748+0000] {logging_mixin.py:190} INFO - [2026-04-14T18:11:45.747+0000] {dagbag.py:588} INFO - Filling up the DagBag from /opt/airflow/dags/raw_from_api_to_s3.py
[2026-04-14T18:11:45.889+0000] {processor.py:925} INFO - DAG(s) 'raw_from_api_to_s3' retrieved from /opt/airflow/dags/raw_from_api_to_s3.py
[2026-04-14T18:11:45.902+0000] {logging_mixin.py:190} INFO - [2026-04-14T18:11:45.902+0000] {dag.py:3239} INFO - Sync 1 DAGs
[2026-04-14T18:11:45.920+0000] {processor.py:208} INFO - Processing /opt/airflow/dags/raw_from_api_to_s3.py took 0.188 seconds
[2026-04-14T18:12:16.158+0000] {processor.py:186} INFO - Started process (PID=2052) to work on /opt/airflow/dags/raw_from_api_to_s3.py
[2026-04-14T18:12:16.161+0000] {processor.py:914} INFO - Processing file /opt/airflow/dags/raw_from_api_to_s3.py for tasks to queue
[2026-04-14T18:12:16.169+0000] {logging_mixin.py:190} INFO - [2026-04-14T18:12:16.167+0000] {dagbag.py:588} INFO - Filling up the DagBag from /opt/airflow/dags/raw_from_api_to_s3.py
[2026-04-14T18:12:16.297+0000] {processor.py:925} INFO - DAG(s) 'raw_from_api_to_s3' retrieved from /opt/airflow/dags/raw_from_api_to_s3.py
[2026-04-14T18:12:16.310+0000] {logging_mixin.py:190} INFO - [2026-04-14T18:12:16.309+0000] {dag.py:3239} INFO - Sync 1 DAGs
[2026-04-14T18:12:16.331+0000] {processor.py:208} INFO - Processing /opt/airflow/dags/raw_from_api_to_s3.py took 0.182 seconds
[2026-04-14T18:12:46.575+0000] {processor.py:186} INFO - Started process (PID=2066) to work on /opt/airflow/dags/raw_from_api_to_s3.py
[2026-04-14T18:12:46.577+0000] {processor.py:914} INFO - Processing file /opt/airflow/dags/raw_from_api_to_s3.py for tasks to queue
[2026-04-14T18:12:46.583+0000] {logging_mixin.py:190} INFO - [2026-04-14T18:12:46.582+0000] {dagbag.py:588} INFO - Filling up the DagBag from /opt/airflow/dags/raw_from_api_to_s3.py
[2026-04-14T18:12:46.686+0000] {processor.py:925} INFO - DAG(s) 'raw_from_api_to_s3' retrieved from /opt/airflow/dags/raw_from_api_to_s3.py
[2026-04-14T18:12:46.703+0000] {logging_mixin.py:190} INFO - [2026-04-14T18:12:46.703+0000] {dag.py:3239} INFO - Sync 1 DAGs
[2026-04-14T18:12:46.720+0000] {logging_mixin.py:190} INFO - [2026-04-14T18:12:46.720+0000] {dag.py:4180} INFO - Setting next_dagrun for raw_from_api_to_s3 to 2026-04-09 00:00:00+00:00, run_after=2026-04-10 00:00:00+00:00
[2026-04-14T18:12:46.730+0000] {processor.py:208} INFO - Processing /opt/airflow/dags/raw_from_api_to_s3.py took 0.161 seconds
[2026-04-14T18:13:16.979+0000] {processor.py:186} INFO - Started process (PID=2080) to work on /opt/airflow/dags/raw_from_api_to_s3.py
[2026-04-14T18:13:16.982+0000] {processor.py:914} INFO - Processing file /opt/airflow/dags/raw_from_api_to_s3.py for tasks to queue
[2026-04-14T18:13:16.986+0000] {logging_mixin.py:190} INFO - [2026-04-14T18:13:16.985+0000] {dagbag.py:588} INFO - Filling up the DagBag from /opt/airflow/dags/raw_from_api_to_s3.py
[2026-04-14T18:13:17.099+0000] {processor.py:925} INFO - DAG(s) 'raw_from_api_to_s3' retrieved from /opt/airflow/dags/raw_from_api_to_s3.py
[2026-04-14T18:13:17.110+0000] {logging_mixin.py:190} INFO - [2026-04-14T18:13:17.110+0000] {dag.py:3239} INFO - Sync 1 DAGs
[2026-04-14T18:13:17.125+0000] {logging_mixin.py:190} INFO - [2026-04-14T18:13:17.125+0000] {dag.py:4180} INFO - Setting next_dagrun for raw_from_api_to_s3 to 2026-04-14 00:00:00+00:00, run_after=2026-04-15 00:00:00+00:00
[2026-04-14T18:13:17.136+0000] {processor.py:208} INFO - Processing /opt/airflow/dags/raw_from_api_to_s3.py took 0.169 seconds
[2026-04-14T18:13:47.365+0000] {processor.py:186} INFO - Started process (PID=2094) to work on /opt/airflow/dags/raw_from_api_to_s3.py
[2026-04-14T18:13:47.366+0000] {processor.py:914} INFO - Processing file /opt/airflow/dags/raw_from_api_to_s3.py for tasks to queue
[2026-04-14T18:13:47.370+0000] {logging_mixin.py:190} INFO - [2026-04-14T18:13:47.369+0000] {dagbag.py:588} INFO - Filling up the DagBag from /opt/airflow/dags/raw_from_api_to_s3.py
[2026-04-14T18:13:47.460+0000] {processor.py:925} INFO - DAG(s) 'raw_from_api_to_s3' retrieved from /opt/airflow/dags/raw_from_api_to_s3.py
[2026-04-14T18:13:47.477+0000] {logging_mixin.py:190} INFO - [2026-04-14T18:13:47.477+0000] {dag.py:3239} INFO - Sync 1 DAGs
[2026-04-14T18:13:47.497+0000] {logging_mixin.py:190} INFO - [2026-04-14T18:13:47.497+0000] {dag.py:4180} INFO - Setting next_dagrun for raw_from_api_to_s3 to 2026-04-14 00:00:00+00:00, run_after=2026-04-15 00:00:00+00:00
[2026-04-14T18:13:47.507+0000] {processor.py:208} INFO - Processing /opt/airflow/dags/raw_from_api_to_s3.py took 0.156 seconds
[2026-04-14T18:14:17.891+0000] {processor.py:186} INFO - Started process (PID=2108) to work on /opt/airflow/dags/raw_from_api_to_s3.py
[2026-04-14T18:14:17.893+0000] {processor.py:914} INFO - Processing file /opt/airflow/dags/raw_from_api_to_s3.py for tasks to queue
[2026-04-14T18:14:17.901+0000] {logging_mixin.py:190} INFO - [2026-04-14T18:14:17.900+0000] {dagbag.py:588} INFO - Filling up the DagBag from /opt/airflow/dags/raw_from_api_to_s3.py
[2026-04-14T18:14:18.001+0000] {processor.py:925} INFO - DAG(s) 'raw_from_api_to_s3' retrieved from /opt/airflow/dags/raw_from_api_to_s3.py
[2026-04-14T18:14:18.014+0000] {logging_mixin.py:190} INFO - [2026-04-14T18:14:18.014+0000] {dag.py:3239} INFO - Sync 1 DAGs
[2026-04-14T18:14:18.032+0000] {logging_mixin.py:190} INFO - [2026-04-14T18:14:18.032+0000] {dag.py:4180} INFO - Setting next_dagrun for raw_from_api_to_s3 to 2026-04-14 00:00:00+00:00, run_after=2026-04-15 00:00:00+00:00
[2026-04-14T18:14:18.045+0000] {processor.py:208} INFO - Processing /opt/airflow/dags/raw_from_api_to_s3.py took 0.168 seconds
[2026-04-14T18:14:48.223+0000] {processor.py:186} INFO - Started process (PID=2122) to work on /opt/airflow/dags/raw_from_api_to_s3.py
[2026-04-14T18:14:48.225+0000] {processor.py:914} INFO - Processing file /opt/airflow/dags/raw_from_api_to_s3.py for tasks to queue
[2026-04-14T18:14:48.230+0000] {logging_mixin.py:190} INFO - [2026-04-14T18:14:48.229+0000] {dagbag.py:588} INFO - Filling up the DagBag from /opt/airflow/dags/raw_from_api_to_s3.py
[2026-04-14T18:14:48.342+0000] {processor.py:925} INFO - DAG(s) 'raw_from_api_to_s3' retrieved from /opt/airflow/dags/raw_from_api_to_s3.py
[2026-04-14T18:14:48.355+0000] {logging_mixin.py:190} INFO - [2026-04-14T18:14:48.354+0000] {dag.py:3239} INFO - Sync 1 DAGs
[2026-04-14T18:14:48.370+0000] {logging_mixin.py:190} INFO - [2026-04-14T18:14:48.370+0000] {dag.py:4180} INFO - Setting next_dagrun for raw_from_api_to_s3 to 2026-04-14 00:00:00+00:00, run_after=2026-04-15 00:00:00+00:00
[2026-04-14T18:14:48.379+0000] {processor.py:208} INFO - Processing /opt/airflow/dags/raw_from_api_to_s3.py took 0.171 seconds
[2026-04-14T18:15:18.629+0000] {processor.py:186} INFO - Started process (PID=2136) to work on /opt/airflow/dags/raw_from_api_to_s3.py
[2026-04-14T18:15:18.631+0000] {processor.py:914} INFO - Processing file /opt/airflow/dags/raw_from_api_to_s3.py for tasks to queue
[2026-04-14T18:15:18.636+0000] {logging_mixin.py:190} INFO - [2026-04-14T18:15:18.635+0000] {dagbag.py:588} INFO - Filling up the DagBag from /opt/airflow/dags/raw_from_api_to_s3.py
[2026-04-14T18:15:18.737+0000] {processor.py:925} INFO - DAG(s) 'raw_from_api_to_s3' retrieved from /opt/airflow/dags/raw_from_api_to_s3.py
[2026-04-14T18:15:18.753+0000] {logging_mixin.py:190} INFO - [2026-04-14T18:15:18.753+0000] {dag.py:3239} INFO - Sync 1 DAGs
[2026-04-14T18:15:18.773+0000] {logging_mixin.py:190} INFO - [2026-04-14T18:15:18.773+0000] {dag.py:4180} INFO - Setting next_dagrun for raw_from_api_to_s3 to 2026-04-14 00:00:00+00:00, run_after=2026-04-15 00:00:00+00:00
[2026-04-14T18:15:18.782+0000] {processor.py:208} INFO - Processing /opt/airflow/dags/raw_from_api_to_s3.py took 0.162 seconds
[2026-04-14T18:15:49.189+0000] {processor.py:186} INFO - Started process (PID=2150) to work on /opt/airflow/dags/raw_from_api_to_s3.py
[2026-04-14T18:15:49.190+0000] {processor.py:914} INFO - Processing file /opt/airflow/dags/raw_from_api_to_s3.py for tasks to queue
[2026-04-14T18:15:49.197+0000] {logging_mixin.py:190} INFO - [2026-04-14T18:15:49.196+0000] {dagbag.py:588} INFO - Filling up the DagBag from /opt/airflow/dags/raw_from_api_to_s3.py
[2026-04-14T18:15:49.303+0000] {processor.py:925} INFO - DAG(s) 'raw_from_api_to_s3' retrieved from /opt/airflow/dags/raw_from_api_to_s3.py
[2026-04-14T18:15:49.319+0000] {logging_mixin.py:190} INFO - [2026-04-14T18:15:49.319+0000] {dag.py:3239} INFO - Sync 1 DAGs
[2026-04-14T18:15:49.340+0000] {logging_mixin.py:190} INFO - [2026-04-14T18:15:49.340+0000] {dag.py:4180} INFO - Setting next_dagrun for raw_from_api_to_s3 to 2026-04-14 00:00:00+00:00, run_after=2026-04-15 00:00:00+00:00
[2026-04-14T18:15:49.349+0000] {processor.py:208} INFO - Processing /opt/airflow/dags/raw_from_api_to_s3.py took 0.178 seconds
[2026-04-14T18:16:19.610+0000] {processor.py:186} INFO - Started process (PID=2164) to work on /opt/airflow/dags/raw_from_api_to_s3.py
[2026-04-14T18:16:19.612+0000] {processor.py:914} INFO - Processing file /opt/airflow/dags/raw_from_api_to_s3.py for tasks to queue
[2026-04-14T18:16:19.617+0000] {logging_mixin.py:190} INFO - [2026-04-14T18:16:19.616+0000] {dagbag.py:588} INFO - Filling up the DagBag from /opt/airflow/dags/raw_from_api_to_s3.py
[2026-04-14T18:16:19.727+0000] {processor.py:925} INFO - DAG(s) 'raw_from_api_to_s3' retrieved from /opt/airflow/dags/raw_from_api_to_s3.py
[2026-04-14T18:16:19.739+0000] {logging_mixin.py:190} INFO - [2026-04-14T18:16:19.739+0000] {dag.py:3239} INFO - Sync 1 DAGs
[2026-04-14T18:16:19.756+0000] {logging_mixin.py:190} INFO - [2026-04-14T18:16:19.756+0000] {dag.py:4180} INFO - Setting next_dagrun for raw_from_api_to_s3 to 2026-04-14 00:00:00+00:00, run_after=2026-04-15 00:00:00+00:00
[2026-04-14T18:16:19.765+0000] {processor.py:208} INFO - Processing /opt/airflow/dags/raw_from_api_to_s3.py took 0.168 seconds
[2026-04-14T18:16:50.029+0000] {processor.py:186} INFO - Started process (PID=2178) to work on /opt/airflow/dags/raw_from_api_to_s3.py
[2026-04-14T18:16:50.031+0000] {processor.py:914} INFO - Processing file /opt/airflow/dags/raw_from_api_to_s3.py for tasks to queue
[2026-04-14T18:16:50.034+0000] {logging_mixin.py:190} INFO - [2026-04-14T18:16:50.034+0000] {dagbag.py:588} INFO - Filling up the DagBag from /opt/airflow/dags/raw_from_api_to_s3.py
[2026-04-14T18:16:50.116+0000] {processor.py:925} INFO - DAG(s) 'raw_from_api_to_s3' retrieved from /opt/airflow/dags/raw_from_api_to_s3.py
[2026-04-14T18:16:50.128+0000] {logging_mixin.py:190} INFO - [2026-04-14T18:16:50.128+0000] {dag.py:3239} INFO - Sync 1 DAGs
[2026-04-14T18:16:50.143+0000] {logging_mixin.py:190} INFO - [2026-04-14T18:16:50.143+0000] {dag.py:4180} INFO - Setting next_dagrun for raw_from_api_to_s3 to 2026-04-14 00:00:00+00:00, run_after=2026-04-15 00:00:00+00:00
[2026-04-14T18:16:50.156+0000] {processor.py:208} INFO - Processing /opt/airflow/dags/raw_from_api_to_s3.py took 0.137 seconds
[2026-04-14T18:17:20.554+0000] {processor.py:186} INFO - Started process (PID=2191) to work on /opt/airflow/dags/raw_from_api_to_s3.py
[2026-04-14T18:17:20.556+0000] {processor.py:914} INFO - Processing file /opt/airflow/dags/raw_from_api_to_s3.py for tasks to queue
[2026-04-14T18:17:20.567+0000] {logging_mixin.py:190} INFO - [2026-04-14T18:17:20.566+0000] {dagbag.py:588} INFO - Filling up the DagBag from /opt/airflow/dags/raw_from_api_to_s3.py
[2026-04-14T18:17:20.657+0000] {processor.py:925} INFO - DAG(s) 'raw_from_api_to_s3' retrieved from /opt/airflow/dags/raw_from_api_to_s3.py
[2026-04-14T18:17:20.672+0000] {logging_mixin.py:190} INFO - [2026-04-14T18:17:20.672+0000] {dag.py:3239} INFO - Sync 1 DAGs
[2026-04-14T18:17:20.694+0000] {logging_mixin.py:190} INFO - [2026-04-14T18:17:20.693+0000] {dag.py:4180} INFO - Setting next_dagrun for raw_from_api_to_s3 to 2026-04-14 00:00:00+00:00, run_after=2026-04-15 00:00:00+00:00
[2026-04-14T18:17:20.706+0000] {processor.py:208} INFO - Processing /opt/airflow/dags/raw_from_api_to_s3.py took 0.164 seconds
[2026-04-14T18:17:50.942+0000] {processor.py:186} INFO - Started process (PID=2205) to work on /opt/airflow/dags/raw_from_api_to_s3.py
[2026-04-14T18:17:50.944+0000] {processor.py:914} INFO - Processing file /opt/airflow/dags/raw_from_api_to_s3.py for tasks to queue
[2026-04-14T18:17:50.948+0000] {logging_mixin.py:190} INFO - [2026-04-14T18:17:50.948+0000] {dagbag.py:588} INFO - Filling up the DagBag from /opt/airflow/dags/raw_from_api_to_s3.py
[2026-04-14T18:17:51.033+0000] {processor.py:925} INFO - DAG(s) 'raw_from_api_to_s3' retrieved from /opt/airflow/dags/raw_from_api_to_s3.py
[2026-04-14T18:17:51.048+0000] {logging_mixin.py:190} INFO - [2026-04-14T18:17:51.047+0000] {dag.py:3239} INFO - Sync 1 DAGs
[2026-04-14T18:17:51.064+0000] {logging_mixin.py:190} INFO - [2026-04-14T18:17:51.064+0000] {dag.py:4180} INFO - Setting next_dagrun for raw_from_api_to_s3 to 2026-04-14 00:00:00+00:00, run_after=2026-04-15 00:00:00+00:00
[2026-04-14T18:17:51.076+0000] {processor.py:208} INFO - Processing /opt/airflow/dags/raw_from_api_to_s3.py took 0.144 seconds
[2026-04-14T18:18:21.412+0000] {processor.py:186} INFO - Started process (PID=2219) to work on /opt/airflow/dags/raw_from_api_to_s3.py
[2026-04-14T18:18:21.413+0000] {processor.py:914} INFO - Processing file /opt/airflow/dags/raw_from_api_to_s3.py for tasks to queue
[2026-04-14T18:18:21.424+0000] {logging_mixin.py:190} INFO - [2026-04-14T18:18:21.424+0000] {dagbag.py:588} INFO - Filling up the DagBag from /opt/airflow/dags/raw_from_api_to_s3.py
[2026-04-14T18:18:21.532+0000] {processor.py:925} INFO - DAG(s) 'raw_from_api_to_s3' retrieved from /opt/airflow/dags/raw_from_api_to_s3.py
[2026-04-14T18:18:21.545+0000] {logging_mixin.py:190} INFO - [2026-04-14T18:18:21.545+0000] {dag.py:3239} INFO - Sync 1 DAGs
[2026-04-14T18:18:21.563+0000] {logging_mixin.py:190} INFO - [2026-04-14T18:18:21.563+0000] {dag.py:4180} INFO - Setting next_dagrun for raw_from_api_to_s3 to 2026-04-14 00:00:00+00:00, run_after=2026-04-15 00:00:00+00:00
[2026-04-14T18:18:21.572+0000] {processor.py:208} INFO - Processing /opt/airflow/dags/raw_from_api_to_s3.py took 0.172 seconds
[2026-04-14T18:18:51.844+0000] {processor.py:186} INFO - Started process (PID=2233) to work on /opt/airflow/dags/raw_from_api_to_s3.py
[2026-04-14T18:18:51.846+0000] {processor.py:914} INFO - Processing file /opt/airflow/dags/raw_from_api_to_s3.py for tasks to queue
[2026-04-14T18:18:51.857+0000] {logging_mixin.py:190} INFO - [2026-04-14T18:18:51.857+0000] {dagbag.py:588} INFO - Filling up the DagBag from /opt/airflow/dags/raw_from_api_to_s3.py
[2026-04-14T18:18:51.960+0000] {processor.py:925} INFO - DAG(s) 'raw_from_api_to_s3' retrieved from /opt/airflow/dags/raw_from_api_to_s3.py
[2026-04-14T18:18:51.974+0000] {logging_mixin.py:190} INFO - [2026-04-14T18:18:51.974+0000] {dag.py:3239} INFO - Sync 1 DAGs
[2026-04-14T18:18:51.989+0000] {logging_mixin.py:190} INFO - [2026-04-14T18:18:51.989+0000] {dag.py:4180} INFO - Setting next_dagrun for raw_from_api_to_s3 to 2026-04-14 00:00:00+00:00, run_after=2026-04-15 00:00:00+00:00
[2026-04-14T18:18:51.999+0000] {processor.py:208} INFO - Processing /opt/airflow/dags/raw_from_api_to_s3.py took 0.166 seconds
[2026-04-14T18:19:22.214+0000] {processor.py:186} INFO - Started process (PID=2247) to work on /opt/airflow/dags/raw_from_api_to_s3.py
[2026-04-14T18:19:22.216+0000] {processor.py:914} INFO - Processing file /opt/airflow/dags/raw_from_api_to_s3.py for tasks to queue
[2026-04-14T18:19:22.220+0000] {logging_mixin.py:190} INFO - [2026-04-14T18:19:22.220+0000] {dagbag.py:588} INFO - Filling up the DagBag from /opt/airflow/dags/raw_from_api_to_s3.py
[2026-04-14T18:19:22.310+0000] {processor.py:925} INFO - DAG(s) 'raw_from_api_to_s3' retrieved from /opt/airflow/dags/raw_from_api_to_s3.py
[2026-04-14T18:19:22.328+0000] {logging_mixin.py:190} INFO - [2026-04-14T18:19:22.327+0000] {dag.py:3239} INFO - Sync 1 DAGs
[2026-04-14T18:19:22.345+0000] {logging_mixin.py:190} INFO - [2026-04-14T18:19:22.345+0000] {dag.py:4180} INFO - Setting next_dagrun for raw_from_api_to_s3 to 2026-04-14 00:00:00+00:00, run_after=2026-04-15 00:00:00+00:00
[2026-04-14T18:19:22.353+0000] {processor.py:208} INFO - Processing /opt/airflow/dags/raw_from_api_to_s3.py took 0.156 seconds
[2026-04-14T18:19:52.791+0000] {processor.py:186} INFO - Started process (PID=2261) to work on /opt/airflow/dags/raw_from_api_to_s3.py
[2026-04-14T18:19:52.793+0000] {processor.py:914} INFO - Processing file /opt/airflow/dags/raw_from_api_to_s3.py for tasks to queue
[2026-04-14T18:19:52.797+0000] {logging_mixin.py:190} INFO - [2026-04-14T18:19:52.796+0000] {dagbag.py:588} INFO - Filling up the DagBag from /opt/airflow/dags/raw_from_api_to_s3.py
[2026-04-14T18:19:52.910+0000] {processor.py:925} INFO - DAG(s) 'raw_from_api_to_s3' retrieved from /opt/airflow/dags/raw_from_api_to_s3.py
[2026-04-14T18:19:52.926+0000] {logging_mixin.py:190} INFO - [2026-04-14T18:19:52.926+0000] {dag.py:3239} INFO - Sync 1 DAGs
[2026-04-14T18:19:52.955+0000] {logging_mixin.py:190} INFO - [2026-04-14T18:19:52.954+0000] {dag.py:4180} INFO - Setting next_dagrun for raw_from_api_to_s3 to 2026-04-14 00:00:00+00:00, run_after=2026-04-15 00:00:00+00:00
[2026-04-14T18:19:52.971+0000] {processor.py:208} INFO - Processing /opt/airflow/dags/raw_from_api_to_s3.py took 0.192 seconds
[2026-04-14T18:20:23.228+0000] {processor.py:186} INFO - Started process (PID=2275) to work on /opt/airflow/dags/raw_from_api_to_s3.py
[2026-04-14T18:20:23.229+0000] {processor.py:914} INFO - Processing file /opt/airflow/dags/raw_from_api_to_s3.py for tasks to queue
[2026-04-14T18:20:23.233+0000] {logging_mixin.py:190} INFO - [2026-04-14T18:20:23.232+0000] {dagbag.py:588} INFO - Filling up the DagBag from /opt/airflow/dags/raw_from_api_to_s3.py
[2026-04-14T18:20:23.337+0000] {processor.py:925} INFO - DAG(s) 'raw_from_api_to_s3' retrieved from /opt/airflow/dags/raw_from_api_to_s3.py
[2026-04-14T18:20:23.352+0000] {logging_mixin.py:190} INFO - [2026-04-14T18:20:23.351+0000] {dag.py:3239} INFO - Sync 1 DAGs
[2026-04-14T18:20:23.369+0000] {logging_mixin.py:190} INFO - [2026-04-14T18:20:23.369+0000] {dag.py:4180} INFO - Setting next_dagrun for raw_from_api_to_s3 to 2026-04-14 00:00:00+00:00, run_after=2026-04-15 00:00:00+00:00
[2026-04-14T18:20:23.378+0000] {processor.py:208} INFO - Processing /opt/airflow/dags/raw_from_api_to_s3.py took 0.161 seconds
[2026-04-14T18:20:53.678+0000] {processor.py:186} INFO - Started process (PID=2289) to work on /opt/airflow/dags/raw_from_api_to_s3.py
[2026-04-14T18:20:53.680+0000] {processor.py:914} INFO - Processing file /opt/airflow/dags/raw_from_api_to_s3.py for tasks to queue
[2026-04-14T18:20:53.688+0000] {logging_mixin.py:190} INFO - [2026-04-14T18:20:53.685+0000] {dagbag.py:588} INFO - Filling up the DagBag from /opt/airflow/dags/raw_from_api_to_s3.py
[2026-04-14T18:20:53.795+0000] {processor.py:925} INFO - DAG(s) 'raw_from_api_to_s3' retrieved from /opt/airflow/dags/raw_from_api_to_s3.py
[2026-04-14T18:20:53.811+0000] {logging_mixin.py:190} INFO - [2026-04-14T18:20:53.811+0000] {dag.py:3239} INFO - Sync 1 DAGs
[2026-04-14T18:20:53.826+0000] {logging_mixin.py:190} INFO - [2026-04-14T18:20:53.826+0000] {dag.py:4180} INFO - Setting next_dagrun for raw_from_api_to_s3 to 2026-04-14 00:00:00+00:00, run_after=2026-04-15 00:00:00+00:00
[2026-04-14T18:20:53.838+0000] {processor.py:208} INFO - Processing /opt/airflow/dags/raw_from_api_to_s3.py took 0.175 seconds
[2026-04-14T18:21:24.209+0000] {processor.py:186} INFO - Started process (PID=2303) to work on /opt/airflow/dags/raw_from_api_to_s3.py
[2026-04-14T18:21:24.211+0000] {processor.py:914} INFO - Processing file /opt/airflow/dags/raw_from_api_to_s3.py for tasks to queue
[2026-04-14T18:21:24.214+0000] {logging_mixin.py:190} INFO - [2026-04-14T18:21:24.214+0000] {dagbag.py:588} INFO - Filling up the DagBag from /opt/airflow/dags/raw_from_api_to_s3.py
[2026-04-14T18:21:24.299+0000] {processor.py:925} INFO - DAG(s) 'raw_from_api_to_s3' retrieved from /opt/airflow/dags/raw_from_api_to_s3.py
[2026-04-14T18:21:24.313+0000] {logging_mixin.py:190} INFO - [2026-04-14T18:21:24.313+0000] {dag.py:3239} INFO - Sync 1 DAGs
[2026-04-14T18:21:24.331+0000] {logging_mixin.py:190} INFO - [2026-04-14T18:21:24.331+0000] {dag.py:4180} INFO - Setting next_dagrun for raw_from_api_to_s3 to 2026-04-14 00:00:00+00:00, run_after=2026-04-15 00:00:00+00:00
[2026-04-14T18:21:24.340+0000] {processor.py:208} INFO - Processing /opt/airflow/dags/raw_from_api_to_s3.py took 0.141 seconds
[2026-04-14T18:21:54.629+0000] {processor.py:186} INFO - Started process (PID=2317) to work on /opt/airflow/dags/raw_from_api_to_s3.py
[2026-04-14T18:21:54.632+0000] {processor.py:914} INFO - Processing file /opt/airflow/dags/raw_from_api_to_s3.py for tasks to queue
[2026-04-14T18:21:54.636+0000] {logging_mixin.py:190} INFO - [2026-04-14T18:21:54.635+0000] {dagbag.py:588} INFO - Filling up the DagBag from /opt/airflow/dags/raw_from_api_to_s3.py
[2026-04-14T18:21:54.715+0000] {processor.py:925} INFO - DAG(s) 'raw_from_api_to_s3' retrieved from /opt/airflow/dags/raw_from_api_to_s3.py
[2026-04-14T18:21:54.726+0000] {logging_mixin.py:190} INFO - [2026-04-14T18:21:54.725+0000] {dag.py:3239} INFO - Sync 1 DAGs
[2026-04-14T18:21:54.739+0000] {logging_mixin.py:190} INFO - [2026-04-14T18:21:54.739+0000] {dag.py:4180} INFO - Setting next_dagrun for raw_from_api_to_s3 to 2026-04-14 00:00:00+00:00, run_after=2026-04-15 00:00:00+00:00
[2026-04-14T18:21:54.747+0000] {processor.py:208} INFO - Processing /opt/airflow/dags/raw_from_api_to_s3.py took 0.127 seconds
[2026-04-14T18:22:25.056+0000] {processor.py:186} INFO - Started process (PID=2331) to work on /opt/airflow/dags/raw_from_api_to_s3.py
[2026-04-14T18:22:25.059+0000] {processor.py:914} INFO - Processing file /opt/airflow/dags/raw_from_api_to_s3.py for tasks to queue
[2026-04-14T18:22:25.064+0000] {logging_mixin.py:190} INFO - [2026-04-14T18:22:25.064+0000] {dagbag.py:588} INFO - Filling up the DagBag from /opt/airflow/dags/raw_from_api_to_s3.py
[2026-04-14T18:22:25.175+0000] {processor.py:925} INFO - DAG(s) 'raw_from_api_to_s3' retrieved from /opt/airflow/dags/raw_from_api_to_s3.py
[2026-04-14T18:22:25.192+0000] {logging_mixin.py:190} INFO - [2026-04-14T18:22:25.192+0000] {dag.py:3239} INFO - Sync 1 DAGs
[2026-04-14T18:22:25.216+0000] {logging_mixin.py:190} INFO - [2026-04-14T18:22:25.216+0000] {dag.py:4180} INFO - Setting next_dagrun for raw_from_api_to_s3 to 2026-04-14 00:00:00+00:00, run_after=2026-04-15 00:00:00+00:00
[2026-04-14T18:22:25.225+0000] {processor.py:208} INFO - Processing /opt/airflow/dags/raw_from_api_to_s3.py took 0.182 seconds
[2026-04-14T18:22:55.471+0000] {processor.py:186} INFO - Started process (PID=2345) to work on /opt/airflow/dags/raw_from_api_to_s3.py
[2026-04-14T18:22:55.474+0000] {processor.py:914} INFO - Processing file /opt/airflow/dags/raw_from_api_to_s3.py for tasks to queue
[2026-04-14T18:22:55.478+0000] {logging_mixin.py:190} INFO - [2026-04-14T18:22:55.478+0000] {dagbag.py:588} INFO - Filling up the DagBag from /opt/airflow/dags/raw_from_api_to_s3.py
[2026-04-14T18:22:55.578+0000] {processor.py:925} INFO - DAG(s) 'raw_from_api_to_s3' retrieved from /opt/airflow/dags/raw_from_api_to_s3.py
[2026-04-14T18:22:55.593+0000] {logging_mixin.py:190} INFO - [2026-04-14T18:22:55.593+0000] {dag.py:3239} INFO - Sync 1 DAGs
[2026-04-14T18:22:55.605+0000] {logging_mixin.py:190} INFO - [2026-04-14T18:22:55.605+0000] {dag.py:4180} INFO - Setting next_dagrun for raw_from_api_to_s3 to 2026-04-14 00:00:00+00:00, run_after=2026-04-15 00:00:00+00:00
[2026-04-14T18:22:55.616+0000] {processor.py:208} INFO - Processing /opt/airflow/dags/raw_from_api_to_s3.py took 0.159 seconds
[2026-04-14T18:23:26.059+0000] {processor.py:186} INFO - Started process (PID=2359) to work on /opt/airflow/dags/raw_from_api_to_s3.py
[2026-04-14T18:23:26.061+0000] {processor.py:914} INFO - Processing file /opt/airflow/dags/raw_from_api_to_s3.py for tasks to queue
[2026-04-14T18:23:26.065+0000] {logging_mixin.py:190} INFO - [2026-04-14T18:23:26.064+0000] {dagbag.py:588} INFO - Filling up the DagBag from /opt/airflow/dags/raw_from_api_to_s3.py
[2026-04-14T18:23:26.178+0000] {processor.py:925} INFO - DAG(s) 'raw_from_api_to_s3' retrieved from /opt/airflow/dags/raw_from_api_to_s3.py
[2026-04-14T18:23:26.189+0000] {logging_mixin.py:190} INFO - [2026-04-14T18:23:26.189+0000] {dag.py:3239} INFO - Sync 1 DAGs
[2026-04-14T18:23:26.209+0000] {logging_mixin.py:190} INFO - [2026-04-14T18:23:26.208+0000] {dag.py:4180} INFO - Setting next_dagrun for raw_from_api_to_s3 to 2026-04-14 00:00:00+00:00, run_after=2026-04-15 00:00:00+00:00
[2026-04-14T18:23:26.217+0000] {processor.py:208} INFO - Processing /opt/airflow/dags/raw_from_api_to_s3.py took 0.171 seconds
[2026-04-14T18:23:56.481+0000] {processor.py:186} INFO - Started process (PID=2373) to work on /opt/airflow/dags/raw_from_api_to_s3.py
[2026-04-14T18:23:56.483+0000] {processor.py:914} INFO - Processing file /opt/airflow/dags/raw_from_api_to_s3.py for tasks to queue
[2026-04-14T18:23:56.489+0000] {logging_mixin.py:190} INFO - [2026-04-14T18:23:56.488+0000] {dagbag.py:588} INFO - Filling up the DagBag from /opt/airflow/dags/raw_from_api_to_s3.py
[2026-04-14T18:23:56.576+0000] {processor.py:925} INFO - DAG(s) 'raw_from_api_to_s3' retrieved from /opt/airflow/dags/raw_from_api_to_s3.py
[2026-04-14T18:23:56.585+0000] {logging_mixin.py:190} INFO - [2026-04-14T18:23:56.585+0000] {dag.py:3239} INFO - Sync 1 DAGs
[2026-04-14T18:23:56.597+0000] {logging_mixin.py:190} INFO - [2026-04-14T18:23:56.597+0000] {dag.py:4180} INFO - Setting next_dagrun for raw_from_api_to_s3 to 2026-04-14 00:00:00+00:00, run_after=2026-04-15 00:00:00+00:00
[2026-04-14T18:23:56.605+0000] {processor.py:208} INFO - Processing /opt/airflow/dags/raw_from_api_to_s3.py took 0.134 seconds
[2026-04-14T18:24:26.851+0000] {processor.py:186} INFO - Started process (PID=2387) to work on /opt/airflow/dags/raw_from_api_to_s3.py
[2026-04-14T18:24:26.854+0000] {processor.py:914} INFO - Processing file /opt/airflow/dags/raw_from_api_to_s3.py for tasks to queue
[2026-04-14T18:24:26.858+0000] {logging_mixin.py:190} INFO - [2026-04-14T18:24:26.858+0000] {dagbag.py:588} INFO - Filling up the DagBag from /opt/airflow/dags/raw_from_api_to_s3.py
[2026-04-14T18:24:26.924+0000] {processor.py:925} INFO - DAG(s) 'raw_from_api_to_s3' retrieved from /opt/airflow/dags/raw_from_api_to_s3.py
[2026-04-14T18:24:26.933+0000] {logging_mixin.py:190} INFO - [2026-04-14T18:24:26.933+0000] {dag.py:3239} INFO - Sync 1 DAGs
[2026-04-14T18:24:26.944+0000] {logging_mixin.py:190} INFO - [2026-04-14T18:24:26.944+0000] {dag.py:4180} INFO - Setting next_dagrun for raw_from_api_to_s3 to 2026-04-14 00:00:00+00:00, run_after=2026-04-15 00:00:00+00:00
[2026-04-14T18:24:26.951+0000] {processor.py:208} INFO - Processing /opt/airflow/dags/raw_from_api_to_s3.py took 0.113 seconds
[2026-04-14T18:24:57.264+0000] {processor.py:186} INFO - Started process (PID=2401) to work on /opt/airflow/dags/raw_from_api_to_s3.py
[2026-04-14T18:24:57.266+0000] {processor.py:914} INFO - Processing file /opt/airflow/dags/raw_from_api_to_s3.py for tasks to queue
[2026-04-14T18:24:57.270+0000] {logging_mixin.py:190} INFO - [2026-04-14T18:24:57.269+0000] {dagbag.py:588} INFO - Filling up the DagBag from /opt/airflow/dags/raw_from_api_to_s3.py
[2026-04-14T18:24:57.344+0000] {processor.py:925} INFO - DAG(s) 'raw_from_api_to_s3' retrieved from /opt/airflow/dags/raw_from_api_to_s3.py
[2026-04-14T18:24:57.353+0000] {logging_mixin.py:190} INFO - [2026-04-14T18:24:57.353+0000] {dag.py:3239} INFO - Sync 1 DAGs
[2026-04-14T18:24:57.368+0000] {logging_mixin.py:190} INFO - [2026-04-14T18:24:57.367+0000] {dag.py:4180} INFO - Setting next_dagrun for raw_from_api_to_s3 to 2026-04-14 00:00:00+00:00, run_after=2026-04-15 00:00:00+00:00
[2026-04-14T18:24:57.375+0000] {processor.py:208} INFO - Processing /opt/airflow/dags/raw_from_api_to_s3.py took 0.128 seconds
[2026-04-14T18:25:27.601+0000] {processor.py:186} INFO - Started process (PID=2415) to work on /opt/airflow/dags/raw_from_api_to_s3.py
[2026-04-14T18:25:27.603+0000] {processor.py:914} INFO - Processing file /opt/airflow/dags/raw_from_api_to_s3.py for tasks to queue
[2026-04-14T18:25:27.605+0000] {logging_mixin.py:190} INFO - [2026-04-14T18:25:27.605+0000] {dagbag.py:588} INFO - Filling up the DagBag from /opt/airflow/dags/raw_from_api_to_s3.py
[2026-04-14T18:25:27.664+0000] {processor.py:925} INFO - DAG(s) 'raw_from_api_to_s3' retrieved from /opt/airflow/dags/raw_from_api_to_s3.py
[2026-04-14T18:25:27.673+0000] {logging_mixin.py:190} INFO - [2026-04-14T18:25:27.673+0000] {dag.py:3239} INFO - Sync 1 DAGs
[2026-04-14T18:25:27.685+0000] {logging_mixin.py:190} INFO - [2026-04-14T18:25:27.685+0000] {dag.py:4180} INFO - Setting next_dagrun for raw_from_api_to_s3 to 2026-04-14 00:00:00+00:00, run_after=2026-04-15 00:00:00+00:00
[2026-04-14T18:25:27.693+0000] {processor.py:208} INFO - Processing /opt/airflow/dags/raw_from_api_to_s3.py took 0.103 seconds
[2026-04-14T18:25:58.118+0000] {processor.py:186} INFO - Started process (PID=2429) to work on /opt/airflow/dags/raw_from_api_to_s3.py
[2026-04-14T18:25:58.120+0000] {processor.py:914} INFO - Processing file /opt/airflow/dags/raw_from_api_to_s3.py for tasks to queue
[2026-04-14T18:25:58.129+0000] {logging_mixin.py:190} INFO - [2026-04-14T18:25:58.125+0000] {dagbag.py:588} INFO - Filling up the DagBag from /opt/airflow/dags/raw_from_api_to_s3.py
[2026-04-14T18:25:58.210+0000] {processor.py:925} INFO - DAG(s) 'raw_from_api_to_s3' retrieved from /opt/airflow/dags/raw_from_api_to_s3.py
[2026-04-14T18:25:58.219+0000] {logging_mixin.py:190} INFO - [2026-04-14T18:25:58.219+0000] {dag.py:3239} INFO - Sync 1 DAGs
[2026-04-14T18:25:58.231+0000] {logging_mixin.py:190} INFO - [2026-04-14T18:25:58.231+0000] {dag.py:4180} INFO - Setting next_dagrun for raw_from_api_to_s3 to 2026-04-14 00:00:00+00:00, run_after=2026-04-15 00:00:00+00:00
[2026-04-14T18:25:58.240+0000] {processor.py:208} INFO - Processing /opt/airflow/dags/raw_from_api_to_s3.py took 0.130 seconds
[2026-04-14T18:26:28.511+0000] {processor.py:186} INFO - Started process (PID=2443) to work on /opt/airflow/dags/raw_from_api_to_s3.py
[2026-04-14T18:26:28.514+0000] {processor.py:914} INFO - Processing file /opt/airflow/dags/raw_from_api_to_s3.py for tasks to queue
[2026-04-14T18:26:28.519+0000] {logging_mixin.py:190} INFO - [2026-04-14T18:26:28.518+0000] {dagbag.py:588} INFO - Filling up the DagBag from /opt/airflow/dags/raw_from_api_to_s3.py
[2026-04-14T18:26:28.602+0000] {processor.py:925} INFO - DAG(s) 'raw_from_api_to_s3' retrieved from /opt/airflow/dags/raw_from_api_to_s3.py
[2026-04-14T18:26:28.613+0000] {logging_mixin.py:190} INFO - [2026-04-14T18:26:28.613+0000] {dag.py:3239} INFO - Sync 1 DAGs
[2026-04-14T18:26:28.631+0000] {logging_mixin.py:190} INFO - [2026-04-14T18:26:28.631+0000] {dag.py:4180} INFO - Setting next_dagrun for raw_from_api_to_s3 to 2026-04-14 00:00:00+00:00, run_after=2026-04-15 00:00:00+00:00
[2026-04-14T18:26:28.641+0000] {processor.py:208} INFO - Processing /opt/airflow/dags/raw_from_api_to_s3.py took 0.139 seconds
[2026-04-14T18:26:58.956+0000] {processor.py:186} INFO - Started process (PID=2457) to work on /opt/airflow/dags/raw_from_api_to_s3.py
[2026-04-14T18:26:58.958+0000] {processor.py:914} INFO - Processing file /opt/airflow/dags/raw_from_api_to_s3.py for tasks to queue
[2026-04-14T18:26:58.966+0000] {logging_mixin.py:190} INFO - [2026-04-14T18:26:58.965+0000] {dagbag.py:588} INFO - Filling up the DagBag from /opt/airflow/dags/raw_from_api_to_s3.py
[2026-04-14T18:26:59.040+0000] {processor.py:925} INFO - DAG(s) 'raw_from_api_to_s3' retrieved from /opt/airflow/dags/raw_from_api_to_s3.py
[2026-04-14T18:26:59.049+0000] {logging_mixin.py:190} INFO - [2026-04-14T18:26:59.049+0000] {dag.py:3239} INFO - Sync 1 DAGs
[2026-04-14T18:26:59.063+0000] {logging_mixin.py:190} INFO - [2026-04-14T18:26:59.063+0000] {dag.py:4180} INFO - Setting next_dagrun for raw_from_api_to_s3 to 2026-04-14 00:00:00+00:00, run_after=2026-04-15 00:00:00+00:00
[2026-04-14T18:26:59.071+0000] {processor.py:208} INFO - Processing /opt/airflow/dags/raw_from_api_to_s3.py took 0.121 seconds
[2026-04-14T18:27:29.414+0000] {processor.py:186} INFO - Started process (PID=2471) to work on /opt/airflow/dags/raw_from_api_to_s3.py
[2026-04-14T18:27:29.416+0000] {processor.py:914} INFO - Processing file /opt/airflow/dags/raw_from_api_to_s3.py for tasks to queue
[2026-04-14T18:27:29.420+0000] {logging_mixin.py:190} INFO - [2026-04-14T18:27:29.419+0000] {dagbag.py:588} INFO - Filling up the DagBag from /opt/airflow/dags/raw_from_api_to_s3.py
[2026-04-14T18:27:29.519+0000] {processor.py:925} INFO - DAG(s) 'raw_from_api_to_s3' retrieved from /opt/airflow/dags/raw_from_api_to_s3.py
[2026-04-14T18:27:29.535+0000] {logging_mixin.py:190} INFO - [2026-04-14T18:27:29.534+0000] {dag.py:3239} INFO - Sync 1 DAGs
[2026-04-14T18:27:29.554+0000] {logging_mixin.py:190} INFO - [2026-04-14T18:27:29.554+0000] {dag.py:4180} INFO - Setting next_dagrun for raw_from_api_to_s3 to 2026-04-14 00:00:00+00:00, run_after=2026-04-15 00:00:00+00:00
[2026-04-14T18:27:29.563+0000] {processor.py:208} INFO - Processing /opt/airflow/dags/raw_from_api_to_s3.py took 0.160 seconds
[2026-04-14T18:27:59.711+0000] {processor.py:186} INFO - Started process (PID=2485) to work on /opt/airflow/dags/raw_from_api_to_s3.py
[2026-04-14T18:27:59.712+0000] {processor.py:914} INFO - Processing file /opt/airflow/dags/raw_from_api_to_s3.py for tasks to queue
[2026-04-14T18:27:59.713+0000] {logging_mixin.py:190} INFO - [2026-04-14T18:27:59.713+0000] {dagbag.py:588} INFO - Filling up the DagBag from /opt/airflow/dags/raw_from_api_to_s3.py
[2026-04-14T18:27:59.755+0000] {processor.py:925} INFO - DAG(s) 'raw_from_api_to_s3' retrieved from /opt/airflow/dags/raw_from_api_to_s3.py
[2026-04-14T18:27:59.762+0000] {logging_mixin.py:190} INFO - [2026-04-14T18:27:59.762+0000] {dag.py:3239} INFO - Sync 1 DAGs
[2026-04-14T18:27:59.771+0000] {logging_mixin.py:190} INFO - [2026-04-14T18:27:59.771+0000] {dag.py:4180} INFO - Setting next_dagrun for raw_from_api_to_s3 to 2026-04-14 00:00:00+00:00, run_after=2026-04-15 00:00:00+00:00
[2026-04-14T18:27:59.778+0000] {processor.py:208} INFO - Processing /opt/airflow/dags/raw_from_api_to_s3.py took 0.070 seconds
[2026-04-14T18:28:30.016+0000] {processor.py:186} INFO - Started process (PID=2499) to work on /opt/airflow/dags/raw_from_api_to_s3.py
[2026-04-14T18:28:30.017+0000] {processor.py:914} INFO - Processing file /opt/airflow/dags/raw_from_api_to_s3.py for tasks to queue
[2026-04-14T18:28:30.021+0000] {logging_mixin.py:190} INFO - [2026-04-14T18:28:30.020+0000] {dagbag.py:588} INFO - Filling up the DagBag from /opt/airflow/dags/raw_from_api_to_s3.py
[2026-04-14T18:28:30.083+0000] {processor.py:925} INFO - DAG(s) 'raw_from_api_to_s3' retrieved from /opt/airflow/dags/raw_from_api_to_s3.py
[2026-04-14T18:28:30.092+0000] {logging_mixin.py:190} INFO - [2026-04-14T18:28:30.092+0000] {dag.py:3239} INFO - Sync 1 DAGs
[2026-04-14T18:28:30.102+0000] {logging_mixin.py:190} INFO - [2026-04-14T18:28:30.102+0000] {dag.py:4180} INFO - Setting next_dagrun for raw_from_api_to_s3 to 2026-04-14 00:00:00+00:00, run_after=2026-04-15 00:00:00+00:00
[2026-04-14T18:28:30.109+0000] {processor.py:208} INFO - Processing /opt/airflow/dags/raw_from_api_to_s3.py took 0.100 seconds
[2026-04-14T18:29:00.349+0000] {processor.py:186} INFO - Started process (PID=2513) to work on /opt/airflow/dags/raw_from_api_to_s3.py
[2026-04-14T18:29:00.350+0000] {processor.py:914} INFO - Processing file /opt/airflow/dags/raw_from_api_to_s3.py for tasks to queue
[2026-04-14T18:29:00.352+0000] {logging_mixin.py:190} INFO - [2026-04-14T18:29:00.352+0000] {dagbag.py:588} INFO - Filling up the DagBag from /opt/airflow/dags/raw_from_api_to_s3.py
[2026-04-14T18:29:00.402+0000] {processor.py:925} INFO - DAG(s) 'raw_from_api_to_s3' retrieved from /opt/airflow/dags/raw_from_api_to_s3.py
[2026-04-14T18:29:00.408+0000] {logging_mixin.py:190} INFO - [2026-04-14T18:29:00.408+0000] {dag.py:3239} INFO - Sync 1 DAGs
[2026-04-14T18:29:00.417+0000] {logging_mixin.py:190} INFO - [2026-04-14T18:29:00.417+0000] {dag.py:4180} INFO - Setting next_dagrun for raw_from_api_to_s3 to 2026-04-14 00:00:00+00:00, run_after=2026-04-15 00:00:00+00:00
[2026-04-14T18:29:00.423+0000] {processor.py:208} INFO - Processing /opt/airflow/dags/raw_from_api_to_s3.py took 0.081 seconds
[2026-04-14T18:29:30.728+0000] {processor.py:186} INFO - Started process (PID=2527) to work on /opt/airflow/dags/raw_from_api_to_s3.py
[2026-04-14T18:29:30.729+0000] {processor.py:914} INFO - Processing file /opt/airflow/dags/raw_from_api_to_s3.py for tasks to queue
[2026-04-14T18:29:30.731+0000] {logging_mixin.py:190} INFO - [2026-04-14T18:29:30.731+0000] {dagbag.py:588} INFO - Filling up the DagBag from /opt/airflow/dags/raw_from_api_to_s3.py
[2026-04-14T18:29:30.782+0000] {processor.py:925} INFO - DAG(s) 'raw_from_api_to_s3' retrieved from /opt/airflow/dags/raw_from_api_to_s3.py
[2026-04-14T18:29:30.788+0000] {logging_mixin.py:190} INFO - [2026-04-14T18:29:30.788+0000] {dag.py:3239} INFO - Sync 1 DAGs
[2026-04-14T18:29:30.797+0000] {logging_mixin.py:190} INFO - [2026-04-14T18:29:30.797+0000] {dag.py:4180} INFO - Setting next_dagrun for raw_from_api_to_s3 to 2026-04-14 00:00:00+00:00, run_after=2026-04-15 00:00:00+00:00
[2026-04-14T18:29:30.804+0000] {processor.py:208} INFO - Processing /opt/airflow/dags/raw_from_api_to_s3.py took 0.082 seconds
[2026-04-14T18:30:01.040+0000] {processor.py:186} INFO - Started process (PID=2541) to work on /opt/airflow/dags/raw_from_api_to_s3.py
[2026-04-14T18:30:01.041+0000] {processor.py:914} INFO - Processing file /opt/airflow/dags/raw_from_api_to_s3.py for tasks to queue
[2026-04-14T18:30:01.043+0000] {logging_mixin.py:190} INFO - [2026-04-14T18:30:01.043+0000] {dagbag.py:588} INFO - Filling up the DagBag from /opt/airflow/dags/raw_from_api_to_s3.py
[2026-04-14T18:30:01.089+0000] {processor.py:925} INFO - DAG(s) 'raw_from_api_to_s3' retrieved from /opt/airflow/dags/raw_from_api_to_s3.py
[2026-04-14T18:30:01.095+0000] {logging_mixin.py:190} INFO - [2026-04-14T18:30:01.095+0000] {dag.py:3239} INFO - Sync 1 DAGs
[2026-04-14T18:30:01.105+0000] {logging_mixin.py:190} INFO - [2026-04-14T18:30:01.105+0000] {dag.py:4180} INFO - Setting next_dagrun for raw_from_api_to_s3 to 2026-04-14 00:00:00+00:00, run_after=2026-04-15 00:00:00+00:00
[2026-04-14T18:30:01.111+0000] {processor.py:208} INFO - Processing /opt/airflow/dags/raw_from_api_to_s3.py took 0.078 seconds
[2026-04-14T18:30:31.439+0000] {processor.py:186} INFO - Started process (PID=2555) to work on /opt/airflow/dags/raw_from_api_to_s3.py
[2026-04-14T18:30:31.440+0000] {processor.py:914} INFO - Processing file /opt/airflow/dags/raw_from_api_to_s3.py for tasks to queue
[2026-04-14T18:30:31.444+0000] {logging_mixin.py:190} INFO - [2026-04-14T18:30:31.444+0000] {dagbag.py:588} INFO - Filling up the DagBag from /opt/airflow/dags/raw_from_api_to_s3.py
[2026-04-14T18:30:31.495+0000] {processor.py:925} INFO - DAG(s) 'raw_from_api_to_s3' retrieved from /opt/airflow/dags/raw_from_api_to_s3.py
[2026-04-14T18:30:31.502+0000] {logging_mixin.py:190} INFO - [2026-04-14T18:30:31.502+0000] {dag.py:3239} INFO - Sync 1 DAGs
[2026-04-14T18:30:31.512+0000] {logging_mixin.py:190} INFO - [2026-04-14T18:30:31.512+0000] {dag.py:4180} INFO - Setting next_dagrun for raw_from_api_to_s3 to 2026-04-14 00:00:00+00:00, run_after=2026-04-15 00:00:00+00:00
[2026-04-14T18:30:31.519+0000] {processor.py:208} INFO - Processing /opt/airflow/dags/raw_from_api_to_s3.py took 0.090 seconds
[2026-04-14T18:31:01.765+0000] {processor.py:186} INFO - Started process (PID=2569) to work on /opt/airflow/dags/raw_from_api_to_s3.py
[2026-04-14T18:31:01.766+0000] {processor.py:914} INFO - Processing file /opt/airflow/dags/raw_from_api_to_s3.py for tasks to queue
[2026-04-14T18:31:01.769+0000] {logging_mixin.py:190} INFO - [2026-04-14T18:31:01.769+0000] {dagbag.py:588} INFO - Filling up the DagBag from /opt/airflow/dags/raw_from_api_to_s3.py
[2026-04-14T18:31:01.853+0000] {processor.py:925} INFO - DAG(s) 'raw_from_api_to_s3' retrieved from /opt/airflow/dags/raw_from_api_to_s3.py
[2026-04-14T18:31:01.863+0000] {logging_mixin.py:190} INFO - [2026-04-14T18:31:01.863+0000] {dag.py:3239} INFO - Sync 1 DAGs
[2026-04-14T18:31:01.879+0000] {logging_mixin.py:190} INFO - [2026-04-14T18:31:01.879+0000] {dag.py:4180} INFO - Setting next_dagrun for raw_from_api_to_s3 to 2026-04-14 00:00:00+00:00, run_after=2026-04-15 00:00:00+00:00
[2026-04-14T18:31:01.887+0000] {processor.py:208} INFO - Processing /opt/airflow/dags/raw_from_api_to_s3.py took 0.131 seconds
[2026-04-14T18:31:32.099+0000] {processor.py:186} INFO - Started process (PID=2583) to work on /opt/airflow/dags/raw_from_api_to_s3.py
[2026-04-14T18:31:32.100+0000] {processor.py:914} INFO - Processing file /opt/airflow/dags/raw_from_api_to_s3.py for tasks to queue
[2026-04-14T18:31:32.103+0000] {logging_mixin.py:190} INFO - [2026-04-14T18:31:32.102+0000] {dagbag.py:588} INFO - Filling up the DagBag from /opt/airflow/dags/raw_from_api_to_s3.py
[2026-04-14T18:31:32.154+0000] {processor.py:925} INFO - DAG(s) 'raw_from_api_to_s3' retrieved from /opt/airflow/dags/raw_from_api_to_s3.py
[2026-04-14T18:31:32.160+0000] {logging_mixin.py:190} INFO - [2026-04-14T18:31:32.160+0000] {dag.py:3239} INFO - Sync 1 DAGs
[2026-04-14T18:31:32.169+0000] {logging_mixin.py:190} INFO - [2026-04-14T18:31:32.169+0000] {dag.py:4180} INFO - Setting next_dagrun for raw_from_api_to_s3 to 2026-04-14 00:00:00+00:00, run_after=2026-04-15 00:00:00+00:00
[2026-04-14T18:31:32.176+0000] {processor.py:208} INFO - Processing /opt/airflow/dags/raw_from_api_to_s3.py took 0.083 seconds
[2026-04-14T18:32:02.530+0000] {processor.py:186} INFO - Started process (PID=2597) to work on /opt/airflow/dags/raw_from_api_to_s3.py
[2026-04-14T18:32:02.531+0000] {processor.py:914} INFO - Processing file /opt/airflow/dags/raw_from_api_to_s3.py for tasks to queue
[2026-04-14T18:32:02.542+0000] {logging_mixin.py:190} INFO - [2026-04-14T18:32:02.541+0000] {dagbag.py:588} INFO - Filling up the DagBag from /opt/airflow/dags/raw_from_api_to_s3.py
[2026-04-14T18:32:02.609+0000] {processor.py:925} INFO - DAG(s) 'raw_from_api_to_s3' retrieved from /opt/airflow/dags/raw_from_api_to_s3.py
[2026-04-14T18:32:02.618+0000] {logging_mixin.py:190} INFO - [2026-04-14T18:32:02.618+0000] {dag.py:3239} INFO - Sync 1 DAGs
[2026-04-14T18:32:02.629+0000] {logging_mixin.py:190} INFO - [2026-04-14T18:32:02.629+0000] {dag.py:4180} INFO - Setting next_dagrun for raw_from_api_to_s3 to 2026-04-14 00:00:00+00:00, run_after=2026-04-15 00:00:00+00:00
[2026-04-14T18:32:02.637+0000] {processor.py:208} INFO - Processing /opt/airflow/dags/raw_from_api_to_s3.py took 0.116 seconds
[2026-04-14T18:32:32.882+0000] {processor.py:186} INFO - Started process (PID=2611) to work on /opt/airflow/dags/raw_from_api_to_s3.py
[2026-04-14T18:32:32.883+0000] {processor.py:914} INFO - Processing file /opt/airflow/dags/raw_from_api_to_s3.py for tasks to queue
[2026-04-14T18:32:32.885+0000] {logging_mixin.py:190} INFO - [2026-04-14T18:32:32.885+0000] {dagbag.py:588} INFO - Filling up the DagBag from /opt/airflow/dags/raw_from_api_to_s3.py
[2026-04-14T18:32:32.940+0000] {processor.py:925} INFO - DAG(s) 'raw_from_api_to_s3' retrieved from /opt/airflow/dags/raw_from_api_to_s3.py
[2026-04-14T18:32:32.947+0000] {logging_mixin.py:190} INFO - [2026-04-14T18:32:32.947+0000] {dag.py:3239} INFO - Sync 1 DAGs
[2026-04-14T18:32:32.957+0000] {logging_mixin.py:190} INFO - [2026-04-14T18:32:32.957+0000] {dag.py:4180} INFO - Setting next_dagrun for raw_from_api_to_s3 to 2026-04-14 00:00:00+00:00, run_after=2026-04-15 00:00:00+00:00
[2026-04-14T18:32:32.964+0000] {processor.py:208} INFO - Processing /opt/airflow/dags/raw_from_api_to_s3.py took 0.089 seconds
[2026-04-14T18:33:03.271+0000] {processor.py:186} INFO - Started process (PID=2625) to work on /opt/airflow/dags/raw_from_api_to_s3.py
[2026-04-14T18:33:03.272+0000] {processor.py:914} INFO - Processing file /opt/airflow/dags/raw_from_api_to_s3.py for tasks to queue
[2026-04-14T18:33:03.276+0000] {logging_mixin.py:190} INFO - [2026-04-14T18:33:03.276+0000] {dagbag.py:588} INFO - Filling up the DagBag from /opt/airflow/dags/raw_from_api_to_s3.py
[2026-04-14T18:33:03.341+0000] {processor.py:925} INFO - DAG(s) 'raw_from_api_to_s3' retrieved from /opt/airflow/dags/raw_from_api_to_s3.py
[2026-04-14T18:33:03.350+0000] {logging_mixin.py:190} INFO - [2026-04-14T18:33:03.350+0000] {dag.py:3239} INFO - Sync 1 DAGs
[2026-04-14T18:33:03.367+0000] {logging_mixin.py:190} INFO - [2026-04-14T18:33:03.366+0000] {dag.py:4180} INFO - Setting next_dagrun for raw_from_api_to_s3 to 2026-04-14 00:00:00+00:00, run_after=2026-04-15 00:00:00+00:00
[2026-04-14T18:33:03.377+0000] {processor.py:208} INFO - Processing /opt/airflow/dags/raw_from_api_to_s3.py took 0.115 seconds
[2026-04-14T18:33:33.514+0000] {processor.py:186} INFO - Started process (PID=2639) to work on /opt/airflow/dags/raw_from_api_to_s3.py
[2026-04-14T18:33:33.514+0000] {processor.py:914} INFO - Processing file /opt/airflow/dags/raw_from_api_to_s3.py for tasks to queue
[2026-04-14T18:33:33.515+0000] {logging_mixin.py:190} INFO - [2026-04-14T18:33:33.515+0000] {dagbag.py:588} INFO - Filling up the DagBag from /opt/airflow/dags/raw_from_api_to_s3.py
[2026-04-14T18:33:33.551+0000] {processor.py:925} INFO - DAG(s) 'raw_from_api_to_s3' retrieved from /opt/airflow/dags/raw_from_api_to_s3.py
[2026-04-14T18:33:33.557+0000] {logging_mixin.py:190} INFO - [2026-04-14T18:33:33.557+0000] {dag.py:3239} INFO - Sync 1 DAGs
[2026-04-14T18:33:33.566+0000] {logging_mixin.py:190} INFO - [2026-04-14T18:33:33.566+0000] {dag.py:4180} INFO - Setting next_dagrun for raw_from_api_to_s3 to 2026-04-14 00:00:00+00:00, run_after=2026-04-15 00:00:00+00:00
[2026-04-14T18:33:33.573+0000] {processor.py:208} INFO - Processing /opt/airflow/dags/raw_from_api_to_s3.py took 0.063 seconds
[2026-04-14T18:34:03.808+0000] {processor.py:186} INFO - Started process (PID=2653) to work on /opt/airflow/dags/raw_from_api_to_s3.py
[2026-04-14T18:34:03.809+0000] {processor.py:914} INFO - Processing file /opt/airflow/dags/raw_from_api_to_s3.py for tasks to queue
[2026-04-14T18:34:03.813+0000] {logging_mixin.py:190} INFO - [2026-04-14T18:34:03.812+0000] {dagbag.py:588} INFO - Filling up the DagBag from /opt/airflow/dags/raw_from_api_to_s3.py
[2026-04-14T18:34:03.880+0000] {processor.py:925} INFO - DAG(s) 'raw_from_api_to_s3' retrieved from /opt/airflow/dags/raw_from_api_to_s3.py
[2026-04-14T18:34:03.889+0000] {logging_mixin.py:190} INFO - [2026-04-14T18:34:03.889+0000] {dag.py:3239} INFO - Sync 1 DAGs
[2026-04-14T18:34:03.901+0000] {logging_mixin.py:190} INFO - [2026-04-14T18:34:03.901+0000] {dag.py:4180} INFO - Setting next_dagrun for raw_from_api_to_s3 to 2026-04-14 00:00:00+00:00, run_after=2026-04-15 00:00:00+00:00
[2026-04-14T18:34:03.908+0000] {processor.py:208} INFO - Processing /opt/airflow/dags/raw_from_api_to_s3.py took 0.110 seconds
[2026-04-14T18:34:34.132+0000] {processor.py:186} INFO - Started process (PID=2667) to work on /opt/airflow/dags/raw_from_api_to_s3.py
[2026-04-14T18:34:34.133+0000] {processor.py:914} INFO - Processing file /opt/airflow/dags/raw_from_api_to_s3.py for tasks to queue
[2026-04-14T18:34:34.136+0000] {logging_mixin.py:190} INFO - [2026-04-14T18:34:34.135+0000] {dagbag.py:588} INFO - Filling up the DagBag from /opt/airflow/dags/raw_from_api_to_s3.py
[2026-04-14T18:34:34.179+0000] {processor.py:925} INFO - DAG(s) 'raw_from_api_to_s3' retrieved from /opt/airflow/dags/raw_from_api_to_s3.py
[2026-04-14T18:34:34.186+0000] {logging_mixin.py:190} INFO - [2026-04-14T18:34:34.186+0000] {dag.py:3239} INFO - Sync 1 DAGs
[2026-04-14T18:34:34.195+0000] {logging_mixin.py:190} INFO - [2026-04-14T18:34:34.195+0000] {dag.py:4180} INFO - Setting next_dagrun for raw_from_api_to_s3 to 2026-04-14 00:00:00+00:00, run_after=2026-04-15 00:00:00+00:00
[2026-04-14T18:34:34.201+0000] {processor.py:208} INFO - Processing /opt/airflow/dags/raw_from_api_to_s3.py took 0.076 seconds
[2026-04-14T18:35:04.474+0000] {processor.py:186} INFO - Started process (PID=2681) to work on /opt/airflow/dags/raw_from_api_to_s3.py
[2026-04-14T18:35:04.475+0000] {processor.py:914} INFO - Processing file /opt/airflow/dags/raw_from_api_to_s3.py for tasks to queue
[2026-04-14T18:35:04.479+0000] {logging_mixin.py:190} INFO - [2026-04-14T18:35:04.479+0000] {dagbag.py:588} INFO - Filling up the DagBag from /opt/airflow/dags/raw_from_api_to_s3.py
[2026-04-14T18:35:04.533+0000] {processor.py:925} INFO - DAG(s) 'raw_from_api_to_s3' retrieved from /opt/airflow/dags/raw_from_api_to_s3.py
[2026-04-14T18:35:04.540+0000] {logging_mixin.py:190} INFO - [2026-04-14T18:35:04.540+0000] {dag.py:3239} INFO - Sync 1 DAGs
[2026-04-14T18:35:04.550+0000] {logging_mixin.py:190} INFO - [2026-04-14T18:35:04.550+0000] {dag.py:4180} INFO - Setting next_dagrun for raw_from_api_to_s3 to 2026-04-14 00:00:00+00:00, run_after=2026-04-15 00:00:00+00:00
[2026-04-14T18:35:04.556+0000] {processor.py:208} INFO - Processing /opt/airflow/dags/raw_from_api_to_s3.py took 0.091 seconds
[2026-04-14T18:35:34.763+0000] {processor.py:186} INFO - Started process (PID=2695) to work on /opt/airflow/dags/raw_from_api_to_s3.py
[2026-04-14T18:35:34.764+0000] {processor.py:914} INFO - Processing file /opt/airflow/dags/raw_from_api_to_s3.py for tasks to queue
[2026-04-14T18:35:34.766+0000] {logging_mixin.py:190} INFO - [2026-04-14T18:35:34.766+0000] {dagbag.py:588} INFO - Filling up the DagBag from /opt/airflow/dags/raw_from_api_to_s3.py
[2026-04-14T18:35:34.833+0000] {processor.py:925} INFO - DAG(s) 'raw_from_api_to_s3' retrieved from /opt/airflow/dags/raw_from_api_to_s3.py
[2026-04-14T18:35:34.846+0000] {logging_mixin.py:190} INFO - [2026-04-14T18:35:34.846+0000] {dag.py:3239} INFO - Sync 1 DAGs
[2026-04-14T18:35:34.857+0000] {logging_mixin.py:190} INFO - [2026-04-14T18:35:34.856+0000] {dag.py:4180} INFO - Setting next_dagrun for raw_from_api_to_s3 to 2026-04-14 00:00:00+00:00, run_after=2026-04-15 00:00:00+00:00
[2026-04-14T18:35:34.863+0000] {processor.py:208} INFO - Processing /opt/airflow/dags/raw_from_api_to_s3.py took 0.108 seconds
[2026-04-14T18:36:05.196+0000] {processor.py:186} INFO - Started process (PID=2709) to work on /opt/airflow/dags/raw_from_api_to_s3.py
[2026-04-14T18:36:05.198+0000] {processor.py:914} INFO - Processing file /opt/airflow/dags/raw_from_api_to_s3.py for tasks to queue
[2026-04-14T18:36:05.207+0000] {logging_mixin.py:190} INFO - [2026-04-14T18:36:05.207+0000] {dagbag.py:588} INFO - Filling up the DagBag from /opt/airflow/dags/raw_from_api_to_s3.py
[2026-04-14T18:36:05.284+0000] {processor.py:925} INFO - DAG(s) 'raw_from_api_to_s3' retrieved from /opt/airflow/dags/raw_from_api_to_s3.py
[2026-04-14T18:36:05.294+0000] {logging_mixin.py:190} INFO - [2026-04-14T18:36:05.294+0000] {dag.py:3239} INFO - Sync 1 DAGs
[2026-04-14T18:36:05.307+0000] {logging_mixin.py:190} INFO - [2026-04-14T18:36:05.306+0000] {dag.py:4180} INFO - Setting next_dagrun for raw_from_api_to_s3 to 2026-04-14 00:00:00+00:00, run_after=2026-04-15 00:00:00+00:00
[2026-04-14T18:36:05.314+0000] {processor.py:208} INFO - Processing /opt/airflow/dags/raw_from_api_to_s3.py took 0.129 seconds
[2026-04-14T18:36:35.522+0000] {processor.py:186} INFO - Started process (PID=2723) to work on /opt/airflow/dags/raw_from_api_to_s3.py
[2026-04-14T18:36:35.523+0000] {processor.py:914} INFO - Processing file /opt/airflow/dags/raw_from_api_to_s3.py for tasks to queue
[2026-04-14T18:36:35.524+0000] {logging_mixin.py:190} INFO - [2026-04-14T18:36:35.524+0000] {dagbag.py:588} INFO - Filling up the DagBag from /opt/airflow/dags/raw_from_api_to_s3.py
[2026-04-14T18:36:35.566+0000] {processor.py:925} INFO - DAG(s) 'raw_from_api_to_s3' retrieved from /opt/airflow/dags/raw_from_api_to_s3.py
[2026-04-14T18:36:35.574+0000] {logging_mixin.py:190} INFO - [2026-04-14T18:36:35.573+0000] {dag.py:3239} INFO - Sync 1 DAGs
[2026-04-14T18:36:35.583+0000] {logging_mixin.py:190} INFO - [2026-04-14T18:36:35.582+0000] {dag.py:4180} INFO - Setting next_dagrun for raw_from_api_to_s3 to 2026-04-14 00:00:00+00:00, run_after=2026-04-15 00:00:00+00:00
[2026-04-14T18:36:35.589+0000] {processor.py:208} INFO - Processing /opt/airflow/dags/raw_from_api_to_s3.py took 0.071 seconds
[2026-04-14T18:37:05.930+0000] {processor.py:186} INFO - Started process (PID=2737) to work on /opt/airflow/dags/raw_from_api_to_s3.py
[2026-04-14T18:37:05.931+0000] {processor.py:914} INFO - Processing file /opt/airflow/dags/raw_from_api_to_s3.py for tasks to queue
[2026-04-14T18:37:05.934+0000] {logging_mixin.py:190} INFO - [2026-04-14T18:37:05.933+0000] {dagbag.py:588} INFO - Filling up the DagBag from /opt/airflow/dags/raw_from_api_to_s3.py
[2026-04-14T18:37:05.978+0000] {processor.py:925} INFO - DAG(s) 'raw_from_api_to_s3' retrieved from /opt/airflow/dags/raw_from_api_to_s3.py
[2026-04-14T18:37:05.985+0000] {logging_mixin.py:190} INFO - [2026-04-14T18:37:05.985+0000] {dag.py:3239} INFO - Sync 1 DAGs
[2026-04-14T18:37:05.994+0000] {logging_mixin.py:190} INFO - [2026-04-14T18:37:05.994+0000] {dag.py:4180} INFO - Setting next_dagrun for raw_from_api_to_s3 to 2026-04-14 00:00:00+00:00, run_after=2026-04-15 00:00:00+00:00
[2026-04-14T18:37:06.001+0000] {processor.py:208} INFO - Processing /opt/airflow/dags/raw_from_api_to_s3.py took 0.077 seconds
[2026-04-14T18:37:36.265+0000] {processor.py:186} INFO - Started process (PID=2751) to work on /opt/airflow/dags/raw_from_api_to_s3.py
[2026-04-14T18:37:36.266+0000] {processor.py:914} INFO - Processing file /opt/airflow/dags/raw_from_api_to_s3.py for tasks to queue
[2026-04-14T18:37:36.269+0000] {logging_mixin.py:190} INFO - [2026-04-14T18:37:36.269+0000] {dagbag.py:588} INFO - Filling up the DagBag from /opt/airflow/dags/raw_from_api_to_s3.py
[2026-04-14T18:37:36.315+0000] {processor.py:925} INFO - DAG(s) 'raw_from_api_to_s3' retrieved from /opt/airflow/dags/raw_from_api_to_s3.py
[2026-04-14T18:37:36.322+0000] {logging_mixin.py:190} INFO - [2026-04-14T18:37:36.321+0000] {dag.py:3239} INFO - Sync 1 DAGs
[2026-04-14T18:37:36.331+0000] {logging_mixin.py:190} INFO - [2026-04-14T18:37:36.331+0000] {dag.py:4180} INFO - Setting next_dagrun for raw_from_api_to_s3 to 2026-04-14 00:00:00+00:00, run_after=2026-04-15 00:00:00+00:00
[2026-04-14T18:37:36.339+0000] {processor.py:208} INFO - Processing /opt/airflow/dags/raw_from_api_to_s3.py took 0.080 seconds
[2026-04-14T18:38:06.547+0000] {processor.py:186} INFO - Started process (PID=2765) to work on /opt/airflow/dags/raw_from_api_to_s3.py
[2026-04-14T18:38:06.548+0000] {processor.py:914} INFO - Processing file /opt/airflow/dags/raw_from_api_to_s3.py for tasks to queue
[2026-04-14T18:38:06.551+0000] {logging_mixin.py:190} INFO - [2026-04-14T18:38:06.551+0000] {dagbag.py:588} INFO - Filling up the DagBag from /opt/airflow/dags/raw_from_api_to_s3.py
[2026-04-14T18:38:06.609+0000] {processor.py:925} INFO - DAG(s) 'raw_from_api_to_s3' retrieved from /opt/airflow/dags/raw_from_api_to_s3.py
[2026-04-14T18:38:06.617+0000] {logging_mixin.py:190} INFO - [2026-04-14T18:38:06.617+0000] {dag.py:3239} INFO - Sync 1 DAGs
[2026-04-14T18:38:06.627+0000] {logging_mixin.py:190} INFO - [2026-04-14T18:38:06.627+0000] {dag.py:4180} INFO - Setting next_dagrun for raw_from_api_to_s3 to 2026-04-14 00:00:00+00:00, run_after=2026-04-15 00:00:00+00:00
[2026-04-14T18:38:06.634+0000] {processor.py:208} INFO - Processing /opt/airflow/dags/raw_from_api_to_s3.py took 0.094 seconds
[2026-04-14T18:38:36.848+0000] {processor.py:186} INFO - Started process (PID=2779) to work on /opt/airflow/dags/raw_from_api_to_s3.py
[2026-04-14T18:38:36.849+0000] {processor.py:914} INFO - Processing file /opt/airflow/dags/raw_from_api_to_s3.py for tasks to queue
[2026-04-14T18:38:36.853+0000] {logging_mixin.py:190} INFO - [2026-04-14T18:38:36.853+0000] {dagbag.py:588} INFO - Filling up the DagBag from /opt/airflow/dags/raw_from_api_to_s3.py
[2026-04-14T18:38:36.900+0000] {processor.py:925} INFO - DAG(s) 'raw_from_api_to_s3' retrieved from /opt/airflow/dags/raw_from_api_to_s3.py
[2026-04-14T18:38:36.907+0000] {logging_mixin.py:190} INFO - [2026-04-14T18:38:36.907+0000] {dag.py:3239} INFO - Sync 1 DAGs
[2026-04-14T18:38:36.916+0000] {logging_mixin.py:190} INFO - [2026-04-14T18:38:36.916+0000] {dag.py:4180} INFO - Setting next_dagrun for raw_from_api_to_s3 to 2026-04-14 00:00:00+00:00, run_after=2026-04-15 00:00:00+00:00
[2026-04-14T18:38:36.923+0000] {processor.py:208} INFO - Processing /opt/airflow/dags/raw_from_api_to_s3.py took 0.083 seconds
[2026-04-14T18:39:07.201+0000] {processor.py:186} INFO - Started process (PID=2793) to work on /opt/airflow/dags/raw_from_api_to_s3.py
[2026-04-14T18:39:07.202+0000] {processor.py:914} INFO - Processing file /opt/airflow/dags/raw_from_api_to_s3.py for tasks to queue
[2026-04-14T18:39:07.205+0000] {logging_mixin.py:190} INFO - [2026-04-14T18:39:07.205+0000] {dagbag.py:588} INFO - Filling up the DagBag from /opt/airflow/dags/raw_from_api_to_s3.py
[2026-04-14T18:39:07.267+0000] {processor.py:925} INFO - DAG(s) 'raw_from_api_to_s3' retrieved from /opt/airflow/dags/raw_from_api_to_s3.py
[2026-04-14T18:39:07.275+0000] {logging_mixin.py:190} INFO - [2026-04-14T18:39:07.275+0000] {dag.py:3239} INFO - Sync 1 DAGs
[2026-04-14T18:39:07.285+0000] {logging_mixin.py:190} INFO - [2026-04-14T18:39:07.285+0000] {dag.py:4180} INFO - Setting next_dagrun for raw_from_api_to_s3 to 2026-04-14 00:00:00+00:00, run_after=2026-04-15 00:00:00+00:00
[2026-04-14T18:39:07.292+0000] {processor.py:208} INFO - Processing /opt/airflow/dags/raw_from_api_to_s3.py took 0.097 seconds
[2026-04-14T18:39:37.553+0000] {processor.py:186} INFO - Started process (PID=2807) to work on /opt/airflow/dags/raw_from_api_to_s3.py
[2026-04-14T18:39:37.554+0000] {processor.py:914} INFO - Processing file /opt/airflow/dags/raw_from_api_to_s3.py for tasks to queue
[2026-04-14T18:39:37.558+0000] {logging_mixin.py:190} INFO - [2026-04-14T18:39:37.557+0000] {dagbag.py:588} INFO - Filling up the DagBag from /opt/airflow/dags/raw_from_api_to_s3.py
[2026-04-14T18:39:37.606+0000] {processor.py:925} INFO - DAG(s) 'raw_from_api_to_s3' retrieved from /opt/airflow/dags/raw_from_api_to_s3.py
[2026-04-14T18:39:37.612+0000] {logging_mixin.py:190} INFO - [2026-04-14T18:39:37.612+0000] {dag.py:3239} INFO - Sync 1 DAGs
[2026-04-14T18:39:37.621+0000] {logging_mixin.py:190} INFO - [2026-04-14T18:39:37.621+0000] {dag.py:4180} INFO - Setting next_dagrun for raw_from_api_to_s3 to 2026-04-14 00:00:00+00:00, run_after=2026-04-15 00:00:00+00:00
[2026-04-14T18:39:37.628+0000] {processor.py:208} INFO - Processing /opt/airflow/dags/raw_from_api_to_s3.py took 0.085 seconds
[2026-04-14T18:40:07.903+0000] {processor.py:186} INFO - Started process (PID=2821) to work on /opt/airflow/dags/raw_from_api_to_s3.py
[2026-04-14T18:40:07.904+0000] {processor.py:914} INFO - Processing file /opt/airflow/dags/raw_from_api_to_s3.py for tasks to queue
[2026-04-14T18:40:07.907+0000] {logging_mixin.py:190} INFO - [2026-04-14T18:40:07.906+0000] {dagbag.py:588} INFO - Filling up the DagBag from /opt/airflow/dags/raw_from_api_to_s3.py
[2026-04-14T18:40:07.972+0000] {processor.py:925} INFO - DAG(s) 'raw_from_api_to_s3' retrieved from /opt/airflow/dags/raw_from_api_to_s3.py
[2026-04-14T18:40:07.980+0000] {logging_mixin.py:190} INFO - [2026-04-14T18:40:07.980+0000] {dag.py:3239} INFO - Sync 1 DAGs
[2026-04-14T18:40:07.990+0000] {logging_mixin.py:190} INFO - [2026-04-14T18:40:07.990+0000] {dag.py:4180} INFO - Setting next_dagrun for raw_from_api_to_s3 to 2026-04-14 00:00:00+00:00, run_after=2026-04-15 00:00:00+00:00
[2026-04-14T18:40:07.998+0000] {processor.py:208} INFO - Processing /opt/airflow/dags/raw_from_api_to_s3.py took 0.101 seconds
[2026-04-14T18:40:38.253+0000] {processor.py:186} INFO - Started process (PID=2835) to work on /opt/airflow/dags/raw_from_api_to_s3.py
[2026-04-14T18:40:38.254+0000] {processor.py:914} INFO - Processing file /opt/airflow/dags/raw_from_api_to_s3.py for tasks to queue
[2026-04-14T18:40:38.258+0000] {logging_mixin.py:190} INFO - [2026-04-14T18:40:38.258+0000] {dagbag.py:588} INFO - Filling up the DagBag from /opt/airflow/dags/raw_from_api_to_s3.py
[2026-04-14T18:40:38.307+0000] {processor.py:925} INFO - DAG(s) 'raw_from_api_to_s3' retrieved from /opt/airflow/dags/raw_from_api_to_s3.py
[2026-04-14T18:40:38.313+0000] {logging_mixin.py:190} INFO - [2026-04-14T18:40:38.313+0000] {dag.py:3239} INFO - Sync 1 DAGs
[2026-04-14T18:40:38.323+0000] {logging_mixin.py:190} INFO - [2026-04-14T18:40:38.323+0000] {dag.py:4180} INFO - Setting next_dagrun for raw_from_api_to_s3 to 2026-04-14 00:00:00+00:00, run_after=2026-04-15 00:00:00+00:00
[2026-04-14T18:40:38.329+0000] {processor.py:208} INFO - Processing /opt/airflow/dags/raw_from_api_to_s3.py took 0.084 seconds
[2026-04-14T18:41:08.588+0000] {processor.py:186} INFO - Started process (PID=2849) to work on /opt/airflow/dags/raw_from_api_to_s3.py
[2026-04-14T18:41:08.589+0000] {processor.py:914} INFO - Processing file /opt/airflow/dags/raw_from_api_to_s3.py for tasks to queue
[2026-04-14T18:41:08.591+0000] {logging_mixin.py:190} INFO - [2026-04-14T18:41:08.591+0000] {dagbag.py:588} INFO - Filling up the DagBag from /opt/airflow/dags/raw_from_api_to_s3.py
[2026-04-14T18:41:08.653+0000] {processor.py:925} INFO - DAG(s) 'raw_from_api_to_s3' retrieved from /opt/airflow/dags/raw_from_api_to_s3.py
[2026-04-14T18:41:08.661+0000] {logging_mixin.py:190} INFO - [2026-04-14T18:41:08.661+0000] {dag.py:3239} INFO - Sync 1 DAGs
[2026-04-14T18:41:08.671+0000] {logging_mixin.py:190} INFO - [2026-04-14T18:41:08.671+0000] {dag.py:4180} INFO - Setting next_dagrun for raw_from_api_to_s3 to 2026-04-14 00:00:00+00:00, run_after=2026-04-15 00:00:00+00:00
[2026-04-14T18:41:08.678+0000] {processor.py:208} INFO - Processing /opt/airflow/dags/raw_from_api_to_s3.py took 0.097 seconds
[2026-04-14T18:41:38.955+0000] {processor.py:186} INFO - Started process (PID=2863) to work on /opt/airflow/dags/raw_from_api_to_s3.py
[2026-04-14T18:41:38.957+0000] {processor.py:914} INFO - Processing file /opt/airflow/dags/raw_from_api_to_s3.py for tasks to queue
[2026-04-14T18:41:38.962+0000] {logging_mixin.py:190} INFO - [2026-04-14T18:41:38.961+0000] {dagbag.py:588} INFO - Filling up the DagBag from /opt/airflow/dags/raw_from_api_to_s3.py
[2026-04-14T18:41:39.030+0000] {processor.py:925} INFO - DAG(s) 'raw_from_api_to_s3' retrieved from /opt/airflow/dags/raw_from_api_to_s3.py
[2026-04-14T18:41:39.039+0000] {logging_mixin.py:190} INFO - [2026-04-14T18:41:39.039+0000] {dag.py:3239} INFO - Sync 1 DAGs
[2026-04-14T18:41:39.053+0000] {logging_mixin.py:190} INFO - [2026-04-14T18:41:39.053+0000] {dag.py:4180} INFO - Setting next_dagrun for raw_from_api_to_s3 to 2026-04-14 00:00:00+00:00, run_after=2026-04-15 00:00:00+00:00
[2026-04-14T18:41:39.060+0000] {processor.py:208} INFO - Processing /opt/airflow/dags/raw_from_api_to_s3.py took 0.118 seconds
[2026-04-14T18:42:09.342+0000] {processor.py:186} INFO - Started process (PID=2877) to work on /opt/airflow/dags/raw_from_api_to_s3.py
[2026-04-14T18:42:09.344+0000] {processor.py:914} INFO - Processing file /opt/airflow/dags/raw_from_api_to_s3.py for tasks to queue
[2026-04-14T18:42:09.348+0000] {logging_mixin.py:190} INFO - [2026-04-14T18:42:09.347+0000] {dagbag.py:588} INFO - Filling up the DagBag from /opt/airflow/dags/raw_from_api_to_s3.py
[2026-04-14T18:42:09.408+0000] {processor.py:925} INFO - DAG(s) 'raw_from_api_to_s3' retrieved from /opt/airflow/dags/raw_from_api_to_s3.py
[2026-04-14T18:42:09.417+0000] {logging_mixin.py:190} INFO - [2026-04-14T18:42:09.417+0000] {dag.py:3239} INFO - Sync 1 DAGs
[2026-04-14T18:42:09.427+0000] {logging_mixin.py:190} INFO - [2026-04-14T18:42:09.427+0000] {dag.py:4180} INFO - Setting next_dagrun for raw_from_api_to_s3 to 2026-04-14 00:00:00+00:00, run_after=2026-04-15 00:00:00+00:00
[2026-04-14T18:42:09.434+0000] {processor.py:208} INFO - Processing /opt/airflow/dags/raw_from_api_to_s3.py took 0.100 seconds
[2026-04-14T18:42:39.633+0000] {processor.py:186} INFO - Started process (PID=2891) to work on /opt/airflow/dags/raw_from_api_to_s3.py
[2026-04-14T18:42:39.634+0000] {processor.py:914} INFO - Processing file /opt/airflow/dags/raw_from_api_to_s3.py for tasks to queue
[2026-04-14T18:42:39.638+0000] {logging_mixin.py:190} INFO - [2026-04-14T18:42:39.637+0000] {dagbag.py:588} INFO - Filling up the DagBag from /opt/airflow/dags/raw_from_api_to_s3.py
[2026-04-14T18:42:39.716+0000] {processor.py:925} INFO - DAG(s) 'raw_from_api_to_s3' retrieved from /opt/airflow/dags/raw_from_api_to_s3.py
[2026-04-14T18:42:39.724+0000] {logging_mixin.py:190} INFO - [2026-04-14T18:42:39.724+0000] {dag.py:3239} INFO - Sync 1 DAGs
[2026-04-14T18:42:39.735+0000] {logging_mixin.py:190} INFO - [2026-04-14T18:42:39.735+0000] {dag.py:4180} INFO - Setting next_dagrun for raw_from_api_to_s3 to 2026-04-14 00:00:00+00:00, run_after=2026-04-15 00:00:00+00:00
[2026-04-14T18:42:39.742+0000] {processor.py:208} INFO - Processing /opt/airflow/dags/raw_from_api_to_s3.py took 0.116 seconds
[2026-04-14T18:43:09.981+0000] {processor.py:186} INFO - Started process (PID=2905) to work on /opt/airflow/dags/raw_from_api_to_s3.py
[2026-04-14T18:43:09.984+0000] {processor.py:914} INFO - Processing file /opt/airflow/dags/raw_from_api_to_s3.py for tasks to queue
[2026-04-14T18:43:09.988+0000] {logging_mixin.py:190} INFO - [2026-04-14T18:43:09.988+0000] {dagbag.py:588} INFO - Filling up the DagBag from /opt/airflow/dags/raw_from_api_to_s3.py
[2026-04-14T18:43:10.067+0000] {processor.py:925} INFO - DAG(s) 'raw_from_api_to_s3' retrieved from /opt/airflow/dags/raw_from_api_to_s3.py
[2026-04-14T18:43:10.079+0000] {logging_mixin.py:190} INFO - [2026-04-14T18:43:10.079+0000] {dag.py:3239} INFO - Sync 1 DAGs
[2026-04-14T18:43:10.092+0000] {logging_mixin.py:190} INFO - [2026-04-14T18:43:10.092+0000] {dag.py:4180} INFO - Setting next_dagrun for raw_from_api_to_s3 to 2026-04-14 00:00:00+00:00, run_after=2026-04-15 00:00:00+00:00
[2026-04-14T18:43:10.102+0000] {processor.py:208} INFO - Processing /opt/airflow/dags/raw_from_api_to_s3.py took 0.131 seconds
[2026-04-14T18:43:40.334+0000] {processor.py:186} INFO - Started process (PID=2919) to work on /opt/airflow/dags/raw_from_api_to_s3.py
[2026-04-14T18:43:40.335+0000] {processor.py:914} INFO - Processing file /opt/airflow/dags/raw_from_api_to_s3.py for tasks to queue
[2026-04-14T18:43:40.341+0000] {logging_mixin.py:190} INFO - [2026-04-14T18:43:40.340+0000] {dagbag.py:588} INFO - Filling up the DagBag from /opt/airflow/dags/raw_from_api_to_s3.py
[2026-04-14T18:43:40.453+0000] {processor.py:925} INFO - DAG(s) 'raw_from_api_to_s3' retrieved from /opt/airflow/dags/raw_from_api_to_s3.py
[2026-04-14T18:43:40.470+0000] {logging_mixin.py:190} INFO - [2026-04-14T18:43:40.470+0000] {dag.py:3239} INFO - Sync 1 DAGs
[2026-04-14T18:43:40.493+0000] {logging_mixin.py:190} INFO - [2026-04-14T18:43:40.493+0000] {dag.py:4180} INFO - Setting next_dagrun for raw_from_api_to_s3 to 2026-04-14 00:00:00+00:00, run_after=2026-04-15 00:00:00+00:00
[2026-04-14T18:43:40.504+0000] {processor.py:208} INFO - Processing /opt/airflow/dags/raw_from_api_to_s3.py took 0.182 seconds
[2026-04-14T18:44:10.774+0000] {processor.py:186} INFO - Started process (PID=2933) to work on /opt/airflow/dags/raw_from_api_to_s3.py
[2026-04-14T18:44:10.776+0000] {processor.py:914} INFO - Processing file /opt/airflow/dags/raw_from_api_to_s3.py for tasks to queue
[2026-04-14T18:44:10.783+0000] {logging_mixin.py:190} INFO - [2026-04-14T18:44:10.782+0000] {dagbag.py:588} INFO - Filling up the DagBag from /opt/airflow/dags/raw_from_api_to_s3.py
[2026-04-14T18:44:10.862+0000] {processor.py:925} INFO - DAG(s) 'raw_from_api_to_s3' retrieved from /opt/airflow/dags/raw_from_api_to_s3.py
[2026-04-14T18:44:10.872+0000] {logging_mixin.py:190} INFO - [2026-04-14T18:44:10.872+0000] {dag.py:3239} INFO - Sync 1 DAGs
[2026-04-14T18:44:10.885+0000] {logging_mixin.py:190} INFO - [2026-04-14T18:44:10.885+0000] {dag.py:4180} INFO - Setting next_dagrun for raw_from_api_to_s3 to 2026-04-14 00:00:00+00:00, run_after=2026-04-15 00:00:00+00:00
[2026-04-14T18:44:10.893+0000] {processor.py:208} INFO - Processing /opt/airflow/dags/raw_from_api_to_s3.py took 0.130 seconds
[2026-04-14T18:44:41.153+0000] {processor.py:186} INFO - Started process (PID=2947) to work on /opt/airflow/dags/raw_from_api_to_s3.py
[2026-04-14T18:44:41.154+0000] {processor.py:914} INFO - Processing file /opt/airflow/dags/raw_from_api_to_s3.py for tasks to queue
[2026-04-14T18:44:41.159+0000] {logging_mixin.py:190} INFO - [2026-04-14T18:44:41.158+0000] {dagbag.py:588} INFO - Filling up the DagBag from /opt/airflow/dags/raw_from_api_to_s3.py
[2026-04-14T18:44:41.232+0000] {processor.py:925} INFO - DAG(s) 'raw_from_api_to_s3' retrieved from /opt/airflow/dags/raw_from_api_to_s3.py
[2026-04-14T18:44:41.242+0000] {logging_mixin.py:190} INFO - [2026-04-14T18:44:41.241+0000] {dag.py:3239} INFO - Sync 1 DAGs
[2026-04-14T18:44:41.254+0000] {logging_mixin.py:190} INFO - [2026-04-14T18:44:41.253+0000] {dag.py:4180} INFO - Setting next_dagrun for raw_from_api_to_s3 to 2026-04-14 00:00:00+00:00, run_after=2026-04-15 00:00:00+00:00
[2026-04-14T18:44:41.261+0000] {processor.py:208} INFO - Processing /opt/airflow/dags/raw_from_api_to_s3.py took 0.119 seconds
[2026-04-14T18:45:11.491+0000] {processor.py:186} INFO - Started process (PID=2961) to work on /opt/airflow/dags/raw_from_api_to_s3.py
[2026-04-14T18:45:11.493+0000] {processor.py:914} INFO - Processing file /opt/airflow/dags/raw_from_api_to_s3.py for tasks to queue
[2026-04-14T18:45:11.498+0000] {logging_mixin.py:190} INFO - [2026-04-14T18:45:11.497+0000] {dagbag.py:588} INFO - Filling up the DagBag from /opt/airflow/dags/raw_from_api_to_s3.py
[2026-04-14T18:45:11.574+0000] {processor.py:925} INFO - DAG(s) 'raw_from_api_to_s3' retrieved from /opt/airflow/dags/raw_from_api_to_s3.py
[2026-04-14T18:45:11.584+0000] {logging_mixin.py:190} INFO - [2026-04-14T18:45:11.584+0000] {dag.py:3239} INFO - Sync 1 DAGs
[2026-04-14T18:45:11.598+0000] {logging_mixin.py:190} INFO - [2026-04-14T18:45:11.598+0000] {dag.py:4180} INFO - Setting next_dagrun for raw_from_api_to_s3 to 2026-04-14 00:00:00+00:00, run_after=2026-04-15 00:00:00+00:00
[2026-04-14T18:45:11.605+0000] {processor.py:208} INFO - Processing /opt/airflow/dags/raw_from_api_to_s3.py took 0.126 seconds
[2026-04-14T18:45:41.860+0000] {processor.py:186} INFO - Started process (PID=2975) to work on /opt/airflow/dags/raw_from_api_to_s3.py
[2026-04-14T18:45:41.862+0000] {processor.py:914} INFO - Processing file /opt/airflow/dags/raw_from_api_to_s3.py for tasks to queue
[2026-04-14T18:45:41.867+0000] {logging_mixin.py:190} INFO - [2026-04-14T18:45:41.866+0000] {dagbag.py:588} INFO - Filling up the DagBag from /opt/airflow/dags/raw_from_api_to_s3.py
[2026-04-14T18:45:41.949+0000] {processor.py:925} INFO - DAG(s) 'raw_from_api_to_s3' retrieved from /opt/airflow/dags/raw_from_api_to_s3.py
[2026-04-14T18:45:41.959+0000] {logging_mixin.py:190} INFO - [2026-04-14T18:45:41.959+0000] {dag.py:3239} INFO - Sync 1 DAGs
[2026-04-14T18:45:41.971+0000] {logging_mixin.py:190} INFO - [2026-04-14T18:45:41.971+0000] {dag.py:4180} INFO - Setting next_dagrun for raw_from_api_to_s3 to 2026-04-14 00:00:00+00:00, run_after=2026-04-15 00:00:00+00:00
[2026-04-14T18:45:41.980+0000] {processor.py:208} INFO - Processing /opt/airflow/dags/raw_from_api_to_s3.py took 0.128 seconds
[2026-04-14T18:46:12.245+0000] {processor.py:186} INFO - Started process (PID=2989) to work on /opt/airflow/dags/raw_from_api_to_s3.py
[2026-04-14T18:46:12.247+0000] {processor.py:914} INFO - Processing file /opt/airflow/dags/raw_from_api_to_s3.py for tasks to queue
[2026-04-14T18:46:12.251+0000] {logging_mixin.py:190} INFO - [2026-04-14T18:46:12.251+0000] {dagbag.py:588} INFO - Filling up the DagBag from /opt/airflow/dags/raw_from_api_to_s3.py
[2026-04-14T18:46:12.357+0000] {processor.py:925} INFO - DAG(s) 'raw_from_api_to_s3' retrieved from /opt/airflow/dags/raw_from_api_to_s3.py
[2026-04-14T18:46:12.368+0000] {logging_mixin.py:190} INFO - [2026-04-14T18:46:12.368+0000] {dag.py:3239} INFO - Sync 1 DAGs
[2026-04-14T18:46:12.381+0000] {logging_mixin.py:190} INFO - [2026-04-14T18:46:12.381+0000] {dag.py:4180} INFO - Setting next_dagrun for raw_from_api_to_s3 to 2026-04-14 00:00:00+00:00, run_after=2026-04-15 00:00:00+00:00
[2026-04-14T18:46:12.388+0000] {processor.py:208} INFO - Processing /opt/airflow/dags/raw_from_api_to_s3.py took 0.154 seconds
[2026-04-14T18:46:42.581+0000] {processor.py:186} INFO - Started process (PID=3003) to work on /opt/airflow/dags/raw_from_api_to_s3.py
[2026-04-14T18:46:42.583+0000] {processor.py:914} INFO - Processing file /opt/airflow/dags/raw_from_api_to_s3.py for tasks to queue
[2026-04-14T18:46:42.589+0000] {logging_mixin.py:190} INFO - [2026-04-14T18:46:42.589+0000] {dagbag.py:588} INFO - Filling up the DagBag from /opt/airflow/dags/raw_from_api_to_s3.py
[2026-04-14T18:46:42.668+0000] {processor.py:925} INFO - DAG(s) 'raw_from_api_to_s3' retrieved from /opt/airflow/dags/raw_from_api_to_s3.py
[2026-04-14T18:46:42.679+0000] {logging_mixin.py:190} INFO - [2026-04-14T18:46:42.679+0000] {dag.py:3239} INFO - Sync 1 DAGs
[2026-04-14T18:46:42.693+0000] {logging_mixin.py:190} INFO - [2026-04-14T18:46:42.693+0000] {dag.py:4180} INFO - Setting next_dagrun for raw_from_api_to_s3 to 2026-04-14 00:00:00+00:00, run_after=2026-04-15 00:00:00+00:00
[2026-04-14T18:46:42.701+0000] {processor.py:208} INFO - Processing /opt/airflow/dags/raw_from_api_to_s3.py took 0.132 seconds
[2026-04-14T18:47:12.966+0000] {processor.py:186} INFO - Started process (PID=3017) to work on /opt/airflow/dags/raw_from_api_to_s3.py
[2026-04-14T18:47:12.967+0000] {processor.py:914} INFO - Processing file /opt/airflow/dags/raw_from_api_to_s3.py for tasks to queue
[2026-04-14T18:47:12.969+0000] {logging_mixin.py:190} INFO - [2026-04-14T18:47:12.969+0000] {dagbag.py:588} INFO - Filling up the DagBag from /opt/airflow/dags/raw_from_api_to_s3.py
[2026-04-14T18:47:13.016+0000] {processor.py:925} INFO - DAG(s) 'raw_from_api_to_s3' retrieved from /opt/airflow/dags/raw_from_api_to_s3.py
[2026-04-14T18:47:13.023+0000] {logging_mixin.py:190} INFO - [2026-04-14T18:47:13.023+0000] {dag.py:3239} INFO - Sync 1 DAGs
[2026-04-14T18:47:13.031+0000] {logging_mixin.py:190} INFO - [2026-04-14T18:47:13.031+0000] {dag.py:4180} INFO - Setting next_dagrun for raw_from_api_to_s3 to 2026-04-14 00:00:00+00:00, run_after=2026-04-15 00:00:00+00:00
[2026-04-14T18:47:13.038+0000] {processor.py:208} INFO - Processing /opt/airflow/dags/raw_from_api_to_s3.py took 0.078 seconds
[2026-04-14T18:47:43.251+0000] {processor.py:186} INFO - Started process (PID=3031) to work on /opt/airflow/dags/raw_from_api_to_s3.py
[2026-04-14T18:47:43.251+0000] {processor.py:914} INFO - Processing file /opt/airflow/dags/raw_from_api_to_s3.py for tasks to queue
[2026-04-14T18:47:43.254+0000] {logging_mixin.py:190} INFO - [2026-04-14T18:47:43.254+0000] {dagbag.py:588} INFO - Filling up the DagBag from /opt/airflow/dags/raw_from_api_to_s3.py
[2026-04-14T18:47:43.303+0000] {processor.py:925} INFO - DAG(s) 'raw_from_api_to_s3' retrieved from /opt/airflow/dags/raw_from_api_to_s3.py
[2026-04-14T18:47:43.310+0000] {logging_mixin.py:190} INFO - [2026-04-14T18:47:43.310+0000] {dag.py:3239} INFO - Sync 1 DAGs
[2026-04-14T18:47:43.319+0000] {logging_mixin.py:190} INFO - [2026-04-14T18:47:43.319+0000] {dag.py:4180} INFO - Setting next_dagrun for raw_from_api_to_s3 to 2026-04-14 00:00:00+00:00, run_after=2026-04-15 00:00:00+00:00
[2026-04-14T18:47:43.325+0000] {processor.py:208} INFO - Processing /opt/airflow/dags/raw_from_api_to_s3.py took 0.082 seconds
[2026-04-14T18:48:13.547+0000] {processor.py:186} INFO - Started process (PID=3045) to work on /opt/airflow/dags/raw_from_api_to_s3.py
[2026-04-14T18:48:13.548+0000] {processor.py:914} INFO - Processing file /opt/airflow/dags/raw_from_api_to_s3.py for tasks to queue
[2026-04-14T18:48:13.550+0000] {logging_mixin.py:190} INFO - [2026-04-14T18:48:13.549+0000] {dagbag.py:588} INFO - Filling up the DagBag from /opt/airflow/dags/raw_from_api_to_s3.py
[2026-04-14T18:48:13.596+0000] {processor.py:925} INFO - DAG(s) 'raw_from_api_to_s3' retrieved from /opt/airflow/dags/raw_from_api_to_s3.py
[2026-04-14T18:48:13.603+0000] {logging_mixin.py:190} INFO - [2026-04-14T18:48:13.603+0000] {dag.py:3239} INFO - Sync 1 DAGs
[2026-04-14T18:48:13.612+0000] {logging_mixin.py:190} INFO - [2026-04-14T18:48:13.612+0000] {dag.py:4180} INFO - Setting next_dagrun for raw_from_api_to_s3 to 2026-04-14 00:00:00+00:00, run_after=2026-04-15 00:00:00+00:00
[2026-04-14T18:48:13.619+0000] {processor.py:208} INFO - Processing /opt/airflow/dags/raw_from_api_to_s3.py took 0.080 seconds
[2026-04-14T18:48:43.872+0000] {processor.py:186} INFO - Started process (PID=3059) to work on /opt/airflow/dags/raw_from_api_to_s3.py
[2026-04-14T18:48:43.874+0000] {processor.py:914} INFO - Processing file /opt/airflow/dags/raw_from_api_to_s3.py for tasks to queue
[2026-04-14T18:48:43.876+0000] {logging_mixin.py:190} INFO - [2026-04-14T18:48:43.876+0000] {dagbag.py:588} INFO - Filling up the DagBag from /opt/airflow/dags/raw_from_api_to_s3.py
[2026-04-14T18:48:43.922+0000] {processor.py:925} INFO - DAG(s) 'raw_from_api_to_s3' retrieved from /opt/airflow/dags/raw_from_api_to_s3.py
[2026-04-14T18:48:43.928+0000] {logging_mixin.py:190} INFO - [2026-04-14T18:48:43.928+0000] {dag.py:3239} INFO - Sync 1 DAGs
[2026-04-14T18:48:43.937+0000] {logging_mixin.py:190} INFO - [2026-04-14T18:48:43.937+0000] {dag.py:4180} INFO - Setting next_dagrun for raw_from_api_to_s3 to 2026-04-14 00:00:00+00:00, run_after=2026-04-15 00:00:00+00:00
[2026-04-14T18:48:43.944+0000] {processor.py:208} INFO - Processing /opt/airflow/dags/raw_from_api_to_s3.py took 0.078 seconds
[2026-04-14T18:49:14.158+0000] {processor.py:186} INFO - Started process (PID=3073) to work on /opt/airflow/dags/raw_from_api_to_s3.py
[2026-04-14T18:49:14.159+0000] {processor.py:914} INFO - Processing file /opt/airflow/dags/raw_from_api_to_s3.py for tasks to queue
[2026-04-14T18:49:14.164+0000] {logging_mixin.py:190} INFO - [2026-04-14T18:49:14.164+0000] {dagbag.py:588} INFO - Filling up the DagBag from /opt/airflow/dags/raw_from_api_to_s3.py
[2026-04-14T18:49:14.230+0000] {processor.py:925} INFO - DAG(s) 'raw_from_api_to_s3' retrieved from /opt/airflow/dags/raw_from_api_to_s3.py
[2026-04-14T18:49:14.238+0000] {logging_mixin.py:190} INFO - [2026-04-14T18:49:14.238+0000] {dag.py:3239} INFO - Sync 1 DAGs
[2026-04-14T18:49:14.250+0000] {logging_mixin.py:190} INFO - [2026-04-14T18:49:14.250+0000] {dag.py:4180} INFO - Setting next_dagrun for raw_from_api_to_s3 to 2026-04-14 00:00:00+00:00, run_after=2026-04-15 00:00:00+00:00
[2026-04-14T18:49:14.258+0000] {processor.py:208} INFO - Processing /opt/airflow/dags/raw_from_api_to_s3.py took 0.109 seconds
[2026-04-14T18:49:44.597+0000] {processor.py:186} INFO - Started process (PID=3087) to work on /opt/airflow/dags/raw_from_api_to_s3.py
[2026-04-14T18:49:44.598+0000] {processor.py:914} INFO - Processing file /opt/airflow/dags/raw_from_api_to_s3.py for tasks to queue
[2026-04-14T18:49:44.601+0000] {logging_mixin.py:190} INFO - [2026-04-14T18:49:44.600+0000] {dagbag.py:588} INFO - Filling up the DagBag from /opt/airflow/dags/raw_from_api_to_s3.py
[2026-04-14T18:49:44.648+0000] {processor.py:925} INFO - DAG(s) 'raw_from_api_to_s3' retrieved from /opt/airflow/dags/raw_from_api_to_s3.py
[2026-04-14T18:49:44.655+0000] {logging_mixin.py:190} INFO - [2026-04-14T18:49:44.655+0000] {dag.py:3239} INFO - Sync 1 DAGs
[2026-04-14T18:49:44.664+0000] {logging_mixin.py:190} INFO - [2026-04-14T18:49:44.664+0000] {dag.py:4180} INFO - Setting next_dagrun for raw_from_api_to_s3 to 2026-04-14 00:00:00+00:00, run_after=2026-04-15 00:00:00+00:00
[2026-04-14T18:49:44.670+0000] {processor.py:208} INFO - Processing /opt/airflow/dags/raw_from_api_to_s3.py took 0.079 seconds
[2026-04-14T18:50:14.923+0000] {processor.py:186} INFO - Started process (PID=3101) to work on /opt/airflow/dags/raw_from_api_to_s3.py
[2026-04-14T18:50:14.924+0000] {processor.py:914} INFO - Processing file /opt/airflow/dags/raw_from_api_to_s3.py for tasks to queue
[2026-04-14T18:50:14.926+0000] {logging_mixin.py:190} INFO - [2026-04-14T18:50:14.926+0000] {dagbag.py:588} INFO - Filling up the DagBag from /opt/airflow/dags/raw_from_api_to_s3.py
[2026-04-14T18:50:14.980+0000] {processor.py:925} INFO - DAG(s) 'raw_from_api_to_s3' retrieved from /opt/airflow/dags/raw_from_api_to_s3.py
[2026-04-14T18:50:14.987+0000] {logging_mixin.py:190} INFO - [2026-04-14T18:50:14.987+0000] {dag.py:3239} INFO - Sync 1 DAGs
[2026-04-14T18:50:14.996+0000] {logging_mixin.py:190} INFO - [2026-04-14T18:50:14.996+0000] {dag.py:4180} INFO - Setting next_dagrun for raw_from_api_to_s3 to 2026-04-14 00:00:00+00:00, run_after=2026-04-15 00:00:00+00:00
[2026-04-14T18:50:15.003+0000] {processor.py:208} INFO - Processing /opt/airflow/dags/raw_from_api_to_s3.py took 0.085 seconds
[2026-04-14T18:50:45.281+0000] {processor.py:186} INFO - Started process (PID=3115) to work on /opt/airflow/dags/raw_from_api_to_s3.py
[2026-04-14T18:50:45.282+0000] {processor.py:914} INFO - Processing file /opt/airflow/dags/raw_from_api_to_s3.py for tasks to queue
[2026-04-14T18:50:45.285+0000] {logging_mixin.py:190} INFO - [2026-04-14T18:50:45.284+0000] {dagbag.py:588} INFO - Filling up the DagBag from /opt/airflow/dags/raw_from_api_to_s3.py
[2026-04-14T18:50:45.329+0000] {processor.py:925} INFO - DAG(s) 'raw_from_api_to_s3' retrieved from /opt/airflow/dags/raw_from_api_to_s3.py
[2026-04-14T18:50:45.336+0000] {logging_mixin.py:190} INFO - [2026-04-14T18:50:45.335+0000] {dag.py:3239} INFO - Sync 1 DAGs
[2026-04-14T18:50:45.345+0000] {logging_mixin.py:190} INFO - [2026-04-14T18:50:45.345+0000] {dag.py:4180} INFO - Setting next_dagrun for raw_from_api_to_s3 to 2026-04-14 00:00:00+00:00, run_after=2026-04-15 00:00:00+00:00
[2026-04-14T18:50:45.351+0000] {processor.py:208} INFO - Processing /opt/airflow/dags/raw_from_api_to_s3.py took 0.077 seconds
[2026-04-14T18:51:15.629+0000] {processor.py:186} INFO - Started process (PID=3128) to work on /opt/airflow/dags/raw_from_api_to_s3.py
[2026-04-14T18:51:15.630+0000] {processor.py:914} INFO - Processing file /opt/airflow/dags/raw_from_api_to_s3.py for tasks to queue
[2026-04-14T18:51:15.633+0000] {logging_mixin.py:190} INFO - [2026-04-14T18:51:15.633+0000] {dagbag.py:588} INFO - Filling up the DagBag from /opt/airflow/dags/raw_from_api_to_s3.py
[2026-04-14T18:51:15.697+0000] {processor.py:925} INFO - DAG(s) 'raw_from_api_to_s3' retrieved from /opt/airflow/dags/raw_from_api_to_s3.py
[2026-04-14T18:51:15.705+0000] {logging_mixin.py:190} INFO - [2026-04-14T18:51:15.705+0000] {dag.py:3239} INFO - Sync 1 DAGs
[2026-04-14T18:51:15.716+0000] {logging_mixin.py:190} INFO - [2026-04-14T18:51:15.716+0000] {dag.py:4180} INFO - Setting next_dagrun for raw_from_api_to_s3 to 2026-04-14 00:00:00+00:00, run_after=2026-04-15 00:00:00+00:00
[2026-04-14T18:51:15.724+0000] {processor.py:208} INFO - Processing /opt/airflow/dags/raw_from_api_to_s3.py took 0.103 seconds
[2026-04-14T18:51:45.923+0000] {processor.py:186} INFO - Started process (PID=3142) to work on /opt/airflow/dags/raw_from_api_to_s3.py
[2026-04-14T18:51:45.924+0000] {processor.py:914} INFO - Processing file /opt/airflow/dags/raw_from_api_to_s3.py for tasks to queue
[2026-04-14T18:51:45.927+0000] {logging_mixin.py:190} INFO - [2026-04-14T18:51:45.927+0000] {dagbag.py:588} INFO - Filling up the DagBag from /opt/airflow/dags/raw_from_api_to_s3.py
[2026-04-14T18:51:45.974+0000] {processor.py:925} INFO - DAG(s) 'raw_from_api_to_s3' retrieved from /opt/airflow/dags/raw_from_api_to_s3.py
[2026-04-14T18:51:45.981+0000] {logging_mixin.py:190} INFO - [2026-04-14T18:51:45.981+0000] {dag.py:3239} INFO - Sync 1 DAGs
[2026-04-14T18:51:45.990+0000] {logging_mixin.py:190} INFO - [2026-04-14T18:51:45.990+0000] {dag.py:4180} INFO - Setting next_dagrun for raw_from_api_to_s3 to 2026-04-14 00:00:00+00:00, run_after=2026-04-15 00:00:00+00:00
[2026-04-14T18:51:45.996+0000] {processor.py:208} INFO - Processing /opt/airflow/dags/raw_from_api_to_s3.py took 0.079 seconds
[2026-04-14T18:52:16.280+0000] {processor.py:186} INFO - Started process (PID=3156) to work on /opt/airflow/dags/raw_from_api_to_s3.py
[2026-04-14T18:52:16.281+0000] {processor.py:914} INFO - Processing file /opt/airflow/dags/raw_from_api_to_s3.py for tasks to queue
[2026-04-14T18:52:16.283+0000] {logging_mixin.py:190} INFO - [2026-04-14T18:52:16.283+0000] {dagbag.py:588} INFO - Filling up the DagBag from /opt/airflow/dags/raw_from_api_to_s3.py
[2026-04-14T18:52:16.332+0000] {processor.py:925} INFO - DAG(s) 'raw_from_api_to_s3' retrieved from /opt/airflow/dags/raw_from_api_to_s3.py
[2026-04-14T18:52:16.339+0000] {logging_mixin.py:190} INFO - [2026-04-14T18:52:16.339+0000] {dag.py:3239} INFO - Sync 1 DAGs
[2026-04-14T18:52:16.348+0000] {logging_mixin.py:190} INFO - [2026-04-14T18:52:16.348+0000] {dag.py:4180} INFO - Setting next_dagrun for raw_from_api_to_s3 to 2026-04-14 00:00:00+00:00, run_after=2026-04-15 00:00:00+00:00
[2026-04-14T18:52:16.354+0000] {processor.py:208} INFO - Processing /opt/airflow/dags/raw_from_api_to_s3.py took 0.080 seconds
[2026-04-14T18:52:46.608+0000] {processor.py:186} INFO - Started process (PID=3170) to work on /opt/airflow/dags/raw_from_api_to_s3.py
[2026-04-14T18:52:46.609+0000] {processor.py:914} INFO - Processing file /opt/airflow/dags/raw_from_api_to_s3.py for tasks to queue
[2026-04-14T18:52:46.611+0000] {logging_mixin.py:190} INFO - [2026-04-14T18:52:46.611+0000] {dagbag.py:588} INFO - Filling up the DagBag from /opt/airflow/dags/raw_from_api_to_s3.py
[2026-04-14T18:52:46.656+0000] {processor.py:925} INFO - DAG(s) 'raw_from_api_to_s3' retrieved from /opt/airflow/dags/raw_from_api_to_s3.py
[2026-04-14T18:52:46.663+0000] {logging_mixin.py:190} INFO - [2026-04-14T18:52:46.663+0000] {dag.py:3239} INFO - Sync 1 DAGs
[2026-04-14T18:52:46.672+0000] {logging_mixin.py:190} INFO - [2026-04-14T18:52:46.672+0000] {dag.py:4180} INFO - Setting next_dagrun for raw_from_api_to_s3 to 2026-04-14 00:00:00+00:00, run_after=2026-04-15 00:00:00+00:00
[2026-04-14T18:52:46.679+0000] {processor.py:208} INFO - Processing /opt/airflow/dags/raw_from_api_to_s3.py took 0.078 seconds
[2026-04-14T18:53:16.983+0000] {processor.py:186} INFO - Started process (PID=3184) to work on /opt/airflow/dags/raw_from_api_to_s3.py
[2026-04-14T18:53:16.984+0000] {processor.py:914} INFO - Processing file /opt/airflow/dags/raw_from_api_to_s3.py for tasks to queue
[2026-04-14T18:53:16.987+0000] {logging_mixin.py:190} INFO - [2026-04-14T18:53:16.987+0000] {dagbag.py:588} INFO - Filling up the DagBag from /opt/airflow/dags/raw_from_api_to_s3.py
[2026-04-14T18:53:17.040+0000] {processor.py:925} INFO - DAG(s) 'raw_from_api_to_s3' retrieved from /opt/airflow/dags/raw_from_api_to_s3.py
[2026-04-14T18:53:17.048+0000] {logging_mixin.py:190} INFO - [2026-04-14T18:53:17.048+0000] {dag.py:3239} INFO - Sync 1 DAGs
[2026-04-14T18:53:17.058+0000] {logging_mixin.py:190} INFO - [2026-04-14T18:53:17.058+0000] {dag.py:4180} INFO - Setting next_dagrun for raw_from_api_to_s3 to 2026-04-14 00:00:00+00:00, run_after=2026-04-15 00:00:00+00:00
[2026-04-14T18:53:17.064+0000] {processor.py:208} INFO - Processing /opt/airflow/dags/raw_from_api_to_s3.py took 0.089 seconds
[2026-04-14T18:53:47.320+0000] {processor.py:186} INFO - Started process (PID=3198) to work on /opt/airflow/dags/raw_from_api_to_s3.py
[2026-04-14T18:53:47.321+0000] {processor.py:914} INFO - Processing file /opt/airflow/dags/raw_from_api_to_s3.py for tasks to queue
[2026-04-14T18:53:47.323+0000] {logging_mixin.py:190} INFO - [2026-04-14T18:53:47.322+0000] {dagbag.py:588} INFO - Filling up the DagBag from /opt/airflow/dags/raw_from_api_to_s3.py
[2026-04-14T18:53:47.373+0000] {processor.py:925} INFO - DAG(s) 'raw_from_api_to_s3' retrieved from /opt/airflow/dags/raw_from_api_to_s3.py
[2026-04-14T18:53:47.381+0000] {logging_mixin.py:190} INFO - [2026-04-14T18:53:47.381+0000] {dag.py:3239} INFO - Sync 1 DAGs
[2026-04-14T18:53:47.392+0000] {logging_mixin.py:190} INFO - [2026-04-14T18:53:47.392+0000] {dag.py:4180} INFO - Setting next_dagrun for raw_from_api_to_s3 to 2026-04-14 00:00:00+00:00, run_after=2026-04-15 00:00:00+00:00
[2026-04-14T18:53:47.399+0000] {processor.py:208} INFO - Processing /opt/airflow/dags/raw_from_api_to_s3.py took 0.083 seconds
[2026-04-14T18:54:17.694+0000] {processor.py:186} INFO - Started process (PID=3212) to work on /opt/airflow/dags/raw_from_api_to_s3.py
[2026-04-14T18:54:17.696+0000] {processor.py:914} INFO - Processing file /opt/airflow/dags/raw_from_api_to_s3.py for tasks to queue
[2026-04-14T18:54:17.703+0000] {logging_mixin.py:190} INFO - [2026-04-14T18:54:17.702+0000] {dagbag.py:588} INFO - Filling up the DagBag from /opt/airflow/dags/raw_from_api_to_s3.py
[2026-04-14T18:54:17.806+0000] {processor.py:925} INFO - DAG(s) 'raw_from_api_to_s3' retrieved from /opt/airflow/dags/raw_from_api_to_s3.py
[2026-04-14T18:54:17.817+0000] {logging_mixin.py:190} INFO - [2026-04-14T18:54:17.817+0000] {dag.py:3239} INFO - Sync 1 DAGs
[2026-04-14T18:54:17.836+0000] {logging_mixin.py:190} INFO - [2026-04-14T18:54:17.836+0000] {dag.py:4180} INFO - Setting next_dagrun for raw_from_api_to_s3 to 2026-04-14 00:00:00+00:00, run_after=2026-04-15 00:00:00+00:00
[2026-04-14T18:54:17.845+0000] {processor.py:208} INFO - Processing /opt/airflow/dags/raw_from_api_to_s3.py took 0.163 seconds
[2026-04-14T18:54:47.999+0000] {processor.py:186} INFO - Started process (PID=3226) to work on /opt/airflow/dags/raw_from_api_to_s3.py
[2026-04-14T18:54:48.001+0000] {processor.py:914} INFO - Processing file /opt/airflow/dags/raw_from_api_to_s3.py for tasks to queue
[2026-04-14T18:54:48.005+0000] {logging_mixin.py:190} INFO - [2026-04-14T18:54:48.004+0000] {dagbag.py:588} INFO - Filling up the DagBag from /opt/airflow/dags/raw_from_api_to_s3.py
[2026-04-14T18:54:48.066+0000] {processor.py:925} INFO - DAG(s) 'raw_from_api_to_s3' retrieved from /opt/airflow/dags/raw_from_api_to_s3.py
[2026-04-14T18:54:48.074+0000] {logging_mixin.py:190} INFO - [2026-04-14T18:54:48.074+0000] {dag.py:3239} INFO - Sync 1 DAGs
[2026-04-14T18:54:48.085+0000] {logging_mixin.py:190} INFO - [2026-04-14T18:54:48.085+0000] {dag.py:4180} INFO - Setting next_dagrun for raw_from_api_to_s3 to 2026-04-14 00:00:00+00:00, run_after=2026-04-15 00:00:00+00:00
[2026-04-14T18:54:48.092+0000] {processor.py:208} INFO - Processing /opt/airflow/dags/raw_from_api_to_s3.py took 0.103 seconds
[2026-04-14T18:55:18.306+0000] {processor.py:186} INFO - Started process (PID=3240) to work on /opt/airflow/dags/raw_from_api_to_s3.py
[2026-04-14T18:55:18.308+0000] {processor.py:914} INFO - Processing file /opt/airflow/dags/raw_from_api_to_s3.py for tasks to queue
[2026-04-14T18:55:18.316+0000] {logging_mixin.py:190} INFO - [2026-04-14T18:55:18.316+0000] {dagbag.py:588} INFO - Filling up the DagBag from /opt/airflow/dags/raw_from_api_to_s3.py
[2026-04-14T18:55:18.386+0000] {processor.py:925} INFO - DAG(s) 'raw_from_api_to_s3' retrieved from /opt/airflow/dags/raw_from_api_to_s3.py
[2026-04-14T18:55:18.395+0000] {logging_mixin.py:190} INFO - [2026-04-14T18:55:18.395+0000] {dag.py:3239} INFO - Sync 1 DAGs
[2026-04-14T18:55:18.406+0000] {logging_mixin.py:190} INFO - [2026-04-14T18:55:18.406+0000] {dag.py:4180} INFO - Setting next_dagrun for raw_from_api_to_s3 to 2026-04-14 00:00:00+00:00, run_after=2026-04-15 00:00:00+00:00
[2026-04-14T18:55:18.413+0000] {processor.py:208} INFO - Processing /opt/airflow/dags/raw_from_api_to_s3.py took 0.118 seconds
[2026-04-14T18:55:48.681+0000] {processor.py:186} INFO - Started process (PID=3254) to work on /opt/airflow/dags/raw_from_api_to_s3.py
[2026-04-14T18:55:48.682+0000] {processor.py:914} INFO - Processing file /opt/airflow/dags/raw_from_api_to_s3.py for tasks to queue
[2026-04-14T18:55:48.686+0000] {logging_mixin.py:190} INFO - [2026-04-14T18:55:48.685+0000] {dagbag.py:588} INFO - Filling up the DagBag from /opt/airflow/dags/raw_from_api_to_s3.py
[2026-04-14T18:55:48.764+0000] {processor.py:925} INFO - DAG(s) 'raw_from_api_to_s3' retrieved from /opt/airflow/dags/raw_from_api_to_s3.py
[2026-04-14T18:55:48.773+0000] {logging_mixin.py:190} INFO - [2026-04-14T18:55:48.773+0000] {dag.py:3239} INFO - Sync 1 DAGs
[2026-04-14T18:55:48.784+0000] {logging_mixin.py:190} INFO - [2026-04-14T18:55:48.783+0000] {dag.py:4180} INFO - Setting next_dagrun for raw_from_api_to_s3 to 2026-04-14 00:00:00+00:00, run_after=2026-04-15 00:00:00+00:00
[2026-04-14T18:55:48.791+0000] {processor.py:208} INFO - Processing /opt/airflow/dags/raw_from_api_to_s3.py took 0.119 seconds
[2026-04-14T18:56:19.042+0000] {processor.py:186} INFO - Started process (PID=3268) to work on /opt/airflow/dags/raw_from_api_to_s3.py
[2026-04-14T18:56:19.043+0000] {processor.py:914} INFO - Processing file /opt/airflow/dags/raw_from_api_to_s3.py for tasks to queue
[2026-04-14T18:56:19.046+0000] {logging_mixin.py:190} INFO - [2026-04-14T18:56:19.045+0000] {dagbag.py:588} INFO - Filling up the DagBag from /opt/airflow/dags/raw_from_api_to_s3.py
[2026-04-14T18:56:19.098+0000] {processor.py:925} INFO - DAG(s) 'raw_from_api_to_s3' retrieved from /opt/airflow/dags/raw_from_api_to_s3.py
[2026-04-14T18:56:19.105+0000] {logging_mixin.py:190} INFO - [2026-04-14T18:56:19.105+0000] {dag.py:3239} INFO - Sync 1 DAGs
[2026-04-14T18:56:19.114+0000] {logging_mixin.py:190} INFO - [2026-04-14T18:56:19.114+0000] {dag.py:4180} INFO - Setting next_dagrun for raw_from_api_to_s3 to 2026-04-14 00:00:00+00:00, run_after=2026-04-15 00:00:00+00:00
[2026-04-14T18:56:19.120+0000] {processor.py:208} INFO - Processing /opt/airflow/dags/raw_from_api_to_s3.py took 0.087 seconds
[2026-04-14T18:56:49.433+0000] {processor.py:186} INFO - Started process (PID=3282) to work on /opt/airflow/dags/raw_from_api_to_s3.py
[2026-04-14T18:56:49.434+0000] {processor.py:914} INFO - Processing file /opt/airflow/dags/raw_from_api_to_s3.py for tasks to queue
[2026-04-14T18:56:49.437+0000] {logging_mixin.py:190} INFO - [2026-04-14T18:56:49.437+0000] {dagbag.py:588} INFO - Filling up the DagBag from /opt/airflow/dags/raw_from_api_to_s3.py
[2026-04-14T18:56:49.497+0000] {processor.py:925} INFO - DAG(s) 'raw_from_api_to_s3' retrieved from /opt/airflow/dags/raw_from_api_to_s3.py
[2026-04-14T18:56:49.506+0000] {logging_mixin.py:190} INFO - [2026-04-14T18:56:49.505+0000] {dag.py:3239} INFO - Sync 1 DAGs
[2026-04-14T18:56:49.517+0000] {logging_mixin.py:190} INFO - [2026-04-14T18:56:49.517+0000] {dag.py:4180} INFO - Setting next_dagrun for raw_from_api_to_s3 to 2026-04-14 00:00:00+00:00, run_after=2026-04-15 00:00:00+00:00
[2026-04-14T18:56:49.525+0000] {processor.py:208} INFO - Processing /opt/airflow/dags/raw_from_api_to_s3.py took 0.100 seconds
[2026-04-14T18:57:19.748+0000] {processor.py:186} INFO - Started process (PID=3296) to work on /opt/airflow/dags/raw_from_api_to_s3.py
[2026-04-14T18:57:19.749+0000] {processor.py:914} INFO - Processing file /opt/airflow/dags/raw_from_api_to_s3.py for tasks to queue
[2026-04-14T18:57:19.750+0000] {logging_mixin.py:190} INFO - [2026-04-14T18:57:19.750+0000] {dagbag.py:588} INFO - Filling up the DagBag from /opt/airflow/dags/raw_from_api_to_s3.py
[2026-04-14T18:57:19.790+0000] {processor.py:925} INFO - DAG(s) 'raw_from_api_to_s3' retrieved from /opt/airflow/dags/raw_from_api_to_s3.py
[2026-04-14T18:57:19.797+0000] {logging_mixin.py:190} INFO - [2026-04-14T18:57:19.797+0000] {dag.py:3239} INFO - Sync 1 DAGs
[2026-04-14T18:57:19.807+0000] {logging_mixin.py:190} INFO - [2026-04-14T18:57:19.807+0000] {dag.py:4180} INFO - Setting next_dagrun for raw_from_api_to_s3 to 2026-04-14 00:00:00+00:00, run_after=2026-04-15 00:00:00+00:00
[2026-04-14T18:57:19.813+0000] {processor.py:208} INFO - Processing /opt/airflow/dags/raw_from_api_to_s3.py took 0.069 seconds
[2026-04-14T18:57:50.175+0000] {processor.py:186} INFO - Started process (PID=3310) to work on /opt/airflow/dags/raw_from_api_to_s3.py
[2026-04-14T18:57:50.176+0000] {processor.py:914} INFO - Processing file /opt/airflow/dags/raw_from_api_to_s3.py for tasks to queue
[2026-04-14T18:57:50.180+0000] {logging_mixin.py:190} INFO - [2026-04-14T18:57:50.180+0000] {dagbag.py:588} INFO - Filling up the DagBag from /opt/airflow/dags/raw_from_api_to_s3.py
[2026-04-14T18:57:50.259+0000] {processor.py:925} INFO - DAG(s) 'raw_from_api_to_s3' retrieved from /opt/airflow/dags/raw_from_api_to_s3.py
[2026-04-14T18:57:50.268+0000] {logging_mixin.py:190} INFO - [2026-04-14T18:57:50.268+0000] {dag.py:3239} INFO - Sync 1 DAGs
[2026-04-14T18:57:50.278+0000] {logging_mixin.py:190} INFO - [2026-04-14T18:57:50.278+0000] {dag.py:4180} INFO - Setting next_dagrun for raw_from_api_to_s3 to 2026-04-14 00:00:00+00:00, run_after=2026-04-15 00:00:00+00:00
[2026-04-14T18:57:50.286+0000] {processor.py:208} INFO - Processing /opt/airflow/dags/raw_from_api_to_s3.py took 0.120 seconds
[2026-04-14T18:58:20.544+0000] {processor.py:186} INFO - Started process (PID=3324) to work on /opt/airflow/dags/raw_from_api_to_s3.py
[2026-04-14T18:58:20.545+0000] {processor.py:914} INFO - Processing file /opt/airflow/dags/raw_from_api_to_s3.py for tasks to queue
[2026-04-14T18:58:20.548+0000] {logging_mixin.py:190} INFO - [2026-04-14T18:58:20.548+0000] {dagbag.py:588} INFO - Filling up the DagBag from /opt/airflow/dags/raw_from_api_to_s3.py
[2026-04-14T18:58:20.599+0000] {processor.py:925} INFO - DAG(s) 'raw_from_api_to_s3' retrieved from /opt/airflow/dags/raw_from_api_to_s3.py
[2026-04-14T18:58:20.606+0000] {logging_mixin.py:190} INFO - [2026-04-14T18:58:20.606+0000] {dag.py:3239} INFO - Sync 1 DAGs
[2026-04-14T18:58:20.617+0000] {logging_mixin.py:190} INFO - [2026-04-14T18:58:20.617+0000] {dag.py:4180} INFO - Setting next_dagrun for raw_from_api_to_s3 to 2026-04-14 00:00:00+00:00, run_after=2026-04-15 00:00:00+00:00
[2026-04-14T18:58:20.623+0000] {processor.py:208} INFO - Processing /opt/airflow/dags/raw_from_api_to_s3.py took 0.086 seconds
[2026-04-14T18:58:50.911+0000] {processor.py:186} INFO - Started process (PID=3344) to work on /opt/airflow/dags/raw_from_api_to_s3.py
[2026-04-14T18:58:50.912+0000] {processor.py:914} INFO - Processing file /opt/airflow/dags/raw_from_api_to_s3.py for tasks to queue
[2026-04-14T18:58:50.915+0000] {logging_mixin.py:190} INFO - [2026-04-14T18:58:50.914+0000] {dagbag.py:588} INFO - Filling up the DagBag from /opt/airflow/dags/raw_from_api_to_s3.py
[2026-04-14T18:58:50.957+0000] {processor.py:925} INFO - DAG(s) 'raw_from_api_to_s3' retrieved from /opt/airflow/dags/raw_from_api_to_s3.py
[2026-04-14T18:58:50.964+0000] {logging_mixin.py:190} INFO - [2026-04-14T18:58:50.964+0000] {dag.py:3239} INFO - Sync 1 DAGs
[2026-04-14T18:58:50.973+0000] {logging_mixin.py:190} INFO - [2026-04-14T18:58:50.973+0000] {dag.py:4180} INFO - Setting next_dagrun for raw_from_api_to_s3 to 2026-04-14 00:00:00+00:00, run_after=2026-04-15 00:00:00+00:00
[2026-04-14T18:58:50.980+0000] {processor.py:208} INFO - Processing /opt/airflow/dags/raw_from_api_to_s3.py took 0.074 seconds
[2026-04-14T18:59:21.222+0000] {processor.py:186} INFO - Started process (PID=3358) to work on /opt/airflow/dags/raw_from_api_to_s3.py
[2026-04-14T18:59:21.223+0000] {processor.py:914} INFO - Processing file /opt/airflow/dags/raw_from_api_to_s3.py for tasks to queue
[2026-04-14T18:59:21.227+0000] {logging_mixin.py:190} INFO - [2026-04-14T18:59:21.226+0000] {dagbag.py:588} INFO - Filling up the DagBag from /opt/airflow/dags/raw_from_api_to_s3.py
[2026-04-14T18:59:21.279+0000] {processor.py:925} INFO - DAG(s) 'raw_from_api_to_s3' retrieved from /opt/airflow/dags/raw_from_api_to_s3.py
[2026-04-14T18:59:21.287+0000] {logging_mixin.py:190} INFO - [2026-04-14T18:59:21.286+0000] {dag.py:3239} INFO - Sync 1 DAGs
[2026-04-14T18:59:21.296+0000] {logging_mixin.py:190} INFO - [2026-04-14T18:59:21.296+0000] {dag.py:4180} INFO - Setting next_dagrun for raw_from_api_to_s3 to 2026-04-14 00:00:00+00:00, run_after=2026-04-15 00:00:00+00:00
[2026-04-14T18:59:21.303+0000] {processor.py:208} INFO - Processing /opt/airflow/dags/raw_from_api_to_s3.py took 0.086 seconds
[2026-04-14T18:59:51.528+0000] {processor.py:186} INFO - Started process (PID=3372) to work on /opt/airflow/dags/raw_from_api_to_s3.py
[2026-04-14T18:59:51.528+0000] {processor.py:914} INFO - Processing file /opt/airflow/dags/raw_from_api_to_s3.py for tasks to queue
[2026-04-14T18:59:51.530+0000] {logging_mixin.py:190} INFO - [2026-04-14T18:59:51.530+0000] {dagbag.py:588} INFO - Filling up the DagBag from /opt/airflow/dags/raw_from_api_to_s3.py
[2026-04-14T18:59:51.573+0000] {processor.py:925} INFO - DAG(s) 'raw_from_api_to_s3' retrieved from /opt/airflow/dags/raw_from_api_to_s3.py
[2026-04-14T18:59:51.580+0000] {logging_mixin.py:190} INFO - [2026-04-14T18:59:51.580+0000] {dag.py:3239} INFO - Sync 1 DAGs
[2026-04-14T18:59:51.589+0000] {logging_mixin.py:190} INFO - [2026-04-14T18:59:51.589+0000] {dag.py:4180} INFO - Setting next_dagrun for raw_from_api_to_s3 to 2026-04-14 00:00:00+00:00, run_after=2026-04-15 00:00:00+00:00
[2026-04-14T18:59:51.595+0000] {processor.py:208} INFO - Processing /opt/airflow/dags/raw_from_api_to_s3.py took 0.073 seconds
[2026-04-14T19:00:21.818+0000] {processor.py:186} INFO - Started process (PID=3386) to work on /opt/airflow/dags/raw_from_api_to_s3.py
[2026-04-14T19:00:21.819+0000] {processor.py:914} INFO - Processing file /opt/airflow/dags/raw_from_api_to_s3.py for tasks to queue
[2026-04-14T19:00:21.822+0000] {logging_mixin.py:190} INFO - [2026-04-14T19:00:21.822+0000] {dagbag.py:588} INFO - Filling up the DagBag from /opt/airflow/dags/raw_from_api_to_s3.py
[2026-04-14T19:00:21.895+0000] {processor.py:925} INFO - DAG(s) 'raw_from_api_to_s3' retrieved from /opt/airflow/dags/raw_from_api_to_s3.py
[2026-04-14T19:00:21.906+0000] {logging_mixin.py:190} INFO - [2026-04-14T19:00:21.906+0000] {dag.py:3239} INFO - Sync 1 DAGs
[2026-04-14T19:00:21.918+0000] {logging_mixin.py:190} INFO - [2026-04-14T19:00:21.918+0000] {dag.py:4180} INFO - Setting next_dagrun for raw_from_api_to_s3 to 2026-04-14 00:00:00+00:00, run_after=2026-04-15 00:00:00+00:00
[2026-04-14T19:00:21.925+0000] {processor.py:208} INFO - Processing /opt/airflow/dags/raw_from_api_to_s3.py took 0.115 seconds
[2026-04-14T19:00:52.092+0000] {processor.py:186} INFO - Started process (PID=3400) to work on /opt/airflow/dags/raw_from_api_to_s3.py
[2026-04-14T19:00:52.092+0000] {processor.py:914} INFO - Processing file /opt/airflow/dags/raw_from_api_to_s3.py for tasks to queue
[2026-04-14T19:00:52.094+0000] {logging_mixin.py:190} INFO - [2026-04-14T19:00:52.094+0000] {dagbag.py:588} INFO - Filling up the DagBag from /opt/airflow/dags/raw_from_api_to_s3.py
[2026-04-14T19:00:52.133+0000] {processor.py:925} INFO - DAG(s) 'raw_from_api_to_s3' retrieved from /opt/airflow/dags/raw_from_api_to_s3.py
[2026-04-14T19:00:52.142+0000] {logging_mixin.py:190} INFO - [2026-04-14T19:00:52.141+0000] {dag.py:3239} INFO - Sync 1 DAGs
[2026-04-14T19:00:52.152+0000] {logging_mixin.py:190} INFO - [2026-04-14T19:00:52.152+0000] {dag.py:4180} INFO - Setting next_dagrun for raw_from_api_to_s3 to 2026-04-14 00:00:00+00:00, run_after=2026-04-15 00:00:00+00:00
[2026-04-14T19:00:52.160+0000] {processor.py:208} INFO - Processing /opt/airflow/dags/raw_from_api_to_s3.py took 0.072 seconds
[2026-04-14T19:01:22.387+0000] {processor.py:186} INFO - Started process (PID=3414) to work on /opt/airflow/dags/raw_from_api_to_s3.py
[2026-04-14T19:01:22.388+0000] {processor.py:914} INFO - Processing file /opt/airflow/dags/raw_from_api_to_s3.py for tasks to queue
[2026-04-14T19:01:22.392+0000] {logging_mixin.py:190} INFO - [2026-04-14T19:01:22.392+0000] {dagbag.py:588} INFO - Filling up the DagBag from /opt/airflow/dags/raw_from_api_to_s3.py
[2026-04-14T19:01:22.472+0000] {processor.py:925} INFO - DAG(s) 'raw_from_api_to_s3' retrieved from /opt/airflow/dags/raw_from_api_to_s3.py
[2026-04-14T19:01:22.481+0000] {logging_mixin.py:190} INFO - [2026-04-14T19:01:22.481+0000] {dag.py:3239} INFO - Sync 1 DAGs
[2026-04-14T19:01:22.492+0000] {logging_mixin.py:190} INFO - [2026-04-14T19:01:22.492+0000] {dag.py:4180} INFO - Setting next_dagrun for raw_from_api_to_s3 to 2026-04-14 00:00:00+00:00, run_after=2026-04-15 00:00:00+00:00
[2026-04-14T19:01:22.500+0000] {processor.py:208} INFO - Processing /opt/airflow/dags/raw_from_api_to_s3.py took 0.124 seconds
[2026-04-14T19:01:52.844+0000] {processor.py:186} INFO - Started process (PID=3428) to work on /opt/airflow/dags/raw_from_api_to_s3.py
[2026-04-14T19:01:52.846+0000] {processor.py:914} INFO - Processing file /opt/airflow/dags/raw_from_api_to_s3.py for tasks to queue
[2026-04-14T19:01:52.851+0000] {logging_mixin.py:190} INFO - [2026-04-14T19:01:52.850+0000] {dagbag.py:588} INFO - Filling up the DagBag from /opt/airflow/dags/raw_from_api_to_s3.py
[2026-04-14T19:01:52.942+0000] {processor.py:925} INFO - DAG(s) 'raw_from_api_to_s3' retrieved from /opt/airflow/dags/raw_from_api_to_s3.py
[2026-04-14T19:01:52.957+0000] {logging_mixin.py:190} INFO - [2026-04-14T19:01:52.957+0000] {dag.py:3239} INFO - Sync 1 DAGs
[2026-04-14T19:01:52.967+0000] {logging_mixin.py:190} INFO - [2026-04-14T19:01:52.967+0000] {dag.py:4180} INFO - Setting next_dagrun for raw_from_api_to_s3 to 2026-04-14 00:00:00+00:00, run_after=2026-04-15 00:00:00+00:00
[2026-04-14T19:01:52.974+0000] {processor.py:208} INFO - Processing /opt/airflow/dags/raw_from_api_to_s3.py took 0.143 seconds
[2026-04-14T19:02:23.213+0000] {processor.py:186} INFO - Started process (PID=3442) to work on /opt/airflow/dags/raw_from_api_to_s3.py
[2026-04-14T19:02:23.214+0000] {processor.py:914} INFO - Processing file /opt/airflow/dags/raw_from_api_to_s3.py for tasks to queue
[2026-04-14T19:02:23.218+0000] {logging_mixin.py:190} INFO - [2026-04-14T19:02:23.217+0000] {dagbag.py:588} INFO - Filling up the DagBag from /opt/airflow/dags/raw_from_api_to_s3.py
[2026-04-14T19:02:23.284+0000] {processor.py:925} INFO - DAG(s) 'raw_from_api_to_s3' retrieved from /opt/airflow/dags/raw_from_api_to_s3.py
[2026-04-14T19:02:23.293+0000] {logging_mixin.py:190} INFO - [2026-04-14T19:02:23.293+0000] {dag.py:3239} INFO - Sync 1 DAGs
[2026-04-14T19:02:23.303+0000] {logging_mixin.py:190} INFO - [2026-04-14T19:02:23.303+0000] {dag.py:4180} INFO - Setting next_dagrun for raw_from_api_to_s3 to 2026-04-14 00:00:00+00:00, run_after=2026-04-15 00:00:00+00:00
[2026-04-14T19:02:23.311+0000] {processor.py:208} INFO - Processing /opt/airflow/dags/raw_from_api_to_s3.py took 0.108 seconds
[2026-04-14T19:02:53.618+0000] {processor.py:186} INFO - Started process (PID=3456) to work on /opt/airflow/dags/raw_from_api_to_s3.py
[2026-04-14T19:02:53.620+0000] {processor.py:914} INFO - Processing file /opt/airflow/dags/raw_from_api_to_s3.py for tasks to queue
[2026-04-14T19:02:53.624+0000] {logging_mixin.py:190} INFO - [2026-04-14T19:02:53.624+0000] {dagbag.py:588} INFO - Filling up the DagBag from /opt/airflow/dags/raw_from_api_to_s3.py
[2026-04-14T19:02:53.696+0000] {processor.py:925} INFO - DAG(s) 'raw_from_api_to_s3' retrieved from /opt/airflow/dags/raw_from_api_to_s3.py
[2026-04-14T19:02:53.705+0000] {logging_mixin.py:190} INFO - [2026-04-14T19:02:53.705+0000] {dag.py:3239} INFO - Sync 1 DAGs
[2026-04-14T19:02:53.717+0000] {logging_mixin.py:190} INFO - [2026-04-14T19:02:53.717+0000] {dag.py:4180} INFO - Setting next_dagrun for raw_from_api_to_s3 to 2026-04-14 00:00:00+00:00, run_after=2026-04-15 00:00:00+00:00
[2026-04-14T19:02:53.725+0000] {processor.py:208} INFO - Processing /opt/airflow/dags/raw_from_api_to_s3.py took 0.118 seconds
[2026-04-14T19:03:23.966+0000] {processor.py:186} INFO - Started process (PID=3470) to work on /opt/airflow/dags/raw_from_api_to_s3.py
[2026-04-14T19:03:23.967+0000] {processor.py:914} INFO - Processing file /opt/airflow/dags/raw_from_api_to_s3.py for tasks to queue
[2026-04-14T19:03:23.971+0000] {logging_mixin.py:190} INFO - [2026-04-14T19:03:23.971+0000] {dagbag.py:588} INFO - Filling up the DagBag from /opt/airflow/dags/raw_from_api_to_s3.py
[2026-04-14T19:03:24.038+0000] {processor.py:925} INFO - DAG(s) 'raw_from_api_to_s3' retrieved from /opt/airflow/dags/raw_from_api_to_s3.py
[2026-04-14T19:03:24.048+0000] {logging_mixin.py:190} INFO - [2026-04-14T19:03:24.048+0000] {dag.py:3239} INFO - Sync 1 DAGs
[2026-04-14T19:03:24.059+0000] {logging_mixin.py:190} INFO - [2026-04-14T19:03:24.059+0000] {dag.py:4180} INFO - Setting next_dagrun for raw_from_api_to_s3 to 2026-04-14 00:00:00+00:00, run_after=2026-04-15 00:00:00+00:00
[2026-04-14T19:03:24.066+0000] {processor.py:208} INFO - Processing /opt/airflow/dags/raw_from_api_to_s3.py took 0.108 seconds
[2026-04-14T19:03:54.395+0000] {processor.py:186} INFO - Started process (PID=3484) to work on /opt/airflow/dags/raw_from_api_to_s3.py
[2026-04-14T19:03:54.396+0000] {processor.py:914} INFO - Processing file /opt/airflow/dags/raw_from_api_to_s3.py for tasks to queue
[2026-04-14T19:03:54.399+0000] {logging_mixin.py:190} INFO - [2026-04-14T19:03:54.399+0000] {dagbag.py:588} INFO - Filling up the DagBag from /opt/airflow/dags/raw_from_api_to_s3.py
[2026-04-14T19:03:54.452+0000] {processor.py:925} INFO - DAG(s) 'raw_from_api_to_s3' retrieved from /opt/airflow/dags/raw_from_api_to_s3.py
[2026-04-14T19:03:54.460+0000] {logging_mixin.py:190} INFO - [2026-04-14T19:03:54.460+0000] {dag.py:3239} INFO - Sync 1 DAGs
[2026-04-14T19:03:54.473+0000] {logging_mixin.py:190} INFO - [2026-04-14T19:03:54.473+0000] {dag.py:4180} INFO - Setting next_dagrun for raw_from_api_to_s3 to 2026-04-14 00:00:00+00:00, run_after=2026-04-15 00:00:00+00:00
[2026-04-14T19:03:54.481+0000] {processor.py:208} INFO - Processing /opt/airflow/dags/raw_from_api_to_s3.py took 0.093 seconds
[2026-04-14T19:04:24.702+0000] {processor.py:186} INFO - Started process (PID=3498) to work on /opt/airflow/dags/raw_from_api_to_s3.py
[2026-04-14T19:04:24.703+0000] {processor.py:914} INFO - Processing file /opt/airflow/dags/raw_from_api_to_s3.py for tasks to queue
[2026-04-14T19:04:24.709+0000] {logging_mixin.py:190} INFO - [2026-04-14T19:04:24.708+0000] {dagbag.py:588} INFO - Filling up the DagBag from /opt/airflow/dags/raw_from_api_to_s3.py
[2026-04-14T19:04:24.783+0000] {processor.py:925} INFO - DAG(s) 'raw_from_api_to_s3' retrieved from /opt/airflow/dags/raw_from_api_to_s3.py
[2026-04-14T19:04:24.792+0000] {logging_mixin.py:190} INFO - [2026-04-14T19:04:24.792+0000] {dag.py:3239} INFO - Sync 1 DAGs
[2026-04-14T19:04:24.802+0000] {logging_mixin.py:190} INFO - [2026-04-14T19:04:24.802+0000] {dag.py:4180} INFO - Setting next_dagrun for raw_from_api_to_s3 to 2026-04-14 00:00:00+00:00, run_after=2026-04-15 00:00:00+00:00
[2026-04-14T19:04:24.811+0000] {processor.py:208} INFO - Processing /opt/airflow/dags/raw_from_api_to_s3.py took 0.122 seconds
[2026-04-14T19:04:55.047+0000] {processor.py:186} INFO - Started process (PID=3512) to work on /opt/airflow/dags/raw_from_api_to_s3.py
[2026-04-14T19:04:55.050+0000] {processor.py:914} INFO - Processing file /opt/airflow/dags/raw_from_api_to_s3.py for tasks to queue
[2026-04-14T19:04:55.056+0000] {logging_mixin.py:190} INFO - [2026-04-14T19:04:55.056+0000] {dagbag.py:588} INFO - Filling up the DagBag from /opt/airflow/dags/raw_from_api_to_s3.py
[2026-04-14T19:04:55.162+0000] {processor.py:925} INFO - DAG(s) 'raw_from_api_to_s3' retrieved from /opt/airflow/dags/raw_from_api_to_s3.py
[2026-04-14T19:04:55.178+0000] {logging_mixin.py:190} INFO - [2026-04-14T19:04:55.175+0000] {dag.py:3239} INFO - Sync 1 DAGs
[2026-04-14T19:04:55.190+0000] {logging_mixin.py:190} INFO - [2026-04-14T19:04:55.190+0000] {dag.py:4180} INFO - Setting next_dagrun for raw_from_api_to_s3 to 2026-04-14 00:00:00+00:00, run_after=2026-04-15 00:00:00+00:00
[2026-04-14T19:04:55.199+0000] {processor.py:208} INFO - Processing /opt/airflow/dags/raw_from_api_to_s3.py took 0.161 seconds
[2026-04-14T19:05:25.350+0000] {processor.py:186} INFO - Started process (PID=3526) to work on /opt/airflow/dags/raw_from_api_to_s3.py
[2026-04-14T19:05:25.352+0000] {processor.py:914} INFO - Processing file /opt/airflow/dags/raw_from_api_to_s3.py for tasks to queue
[2026-04-14T19:05:25.356+0000] {logging_mixin.py:190} INFO - [2026-04-14T19:05:25.355+0000] {dagbag.py:588} INFO - Filling up the DagBag from /opt/airflow/dags/raw_from_api_to_s3.py
[2026-04-14T19:05:25.442+0000] {processor.py:925} INFO - DAG(s) 'raw_from_api_to_s3' retrieved from /opt/airflow/dags/raw_from_api_to_s3.py
[2026-04-14T19:05:25.455+0000] {logging_mixin.py:190} INFO - [2026-04-14T19:05:25.455+0000] {dag.py:3239} INFO - Sync 1 DAGs
[2026-04-14T19:05:25.469+0000] {logging_mixin.py:190} INFO - [2026-04-14T19:05:25.469+0000] {dag.py:4180} INFO - Setting next_dagrun for raw_from_api_to_s3 to 2026-04-14 00:00:00+00:00, run_after=2026-04-15 00:00:00+00:00
[2026-04-14T19:05:25.478+0000] {processor.py:208} INFO - Processing /opt/airflow/dags/raw_from_api_to_s3.py took 0.138 seconds
[2026-04-14T19:05:55.782+0000] {processor.py:186} INFO - Started process (PID=3540) to work on /opt/airflow/dags/raw_from_api_to_s3.py
[2026-04-14T19:05:55.783+0000] {processor.py:914} INFO - Processing file /opt/airflow/dags/raw_from_api_to_s3.py for tasks to queue
[2026-04-14T19:05:55.788+0000] {logging_mixin.py:190} INFO - [2026-04-14T19:05:55.787+0000] {dagbag.py:588} INFO - Filling up the DagBag from /opt/airflow/dags/raw_from_api_to_s3.py
[2026-04-14T19:05:55.864+0000] {processor.py:925} INFO - DAG(s) 'raw_from_api_to_s3' retrieved from /opt/airflow/dags/raw_from_api_to_s3.py
[2026-04-14T19:05:55.876+0000] {logging_mixin.py:190} INFO - [2026-04-14T19:05:55.876+0000] {dag.py:3239} INFO - Sync 1 DAGs
[2026-04-14T19:05:55.890+0000] {logging_mixin.py:190} INFO - [2026-04-14T19:05:55.889+0000] {dag.py:4180} INFO - Setting next_dagrun for raw_from_api_to_s3 to 2026-04-14 00:00:00+00:00, run_after=2026-04-15 00:00:00+00:00
[2026-04-14T19:05:55.898+0000] {processor.py:208} INFO - Processing /opt/airflow/dags/raw_from_api_to_s3.py took 0.125 seconds
[2026-04-14T19:06:26.132+0000] {processor.py:186} INFO - Started process (PID=3554) to work on /opt/airflow/dags/raw_from_api_to_s3.py
[2026-04-14T19:06:26.134+0000] {processor.py:914} INFO - Processing file /opt/airflow/dags/raw_from_api_to_s3.py for tasks to queue
[2026-04-14T19:06:26.145+0000] {logging_mixin.py:190} INFO - [2026-04-14T19:06:26.145+0000] {dagbag.py:588} INFO - Filling up the DagBag from /opt/airflow/dags/raw_from_api_to_s3.py
[2026-04-14T19:06:26.222+0000] {processor.py:925} INFO - DAG(s) 'raw_from_api_to_s3' retrieved from /opt/airflow/dags/raw_from_api_to_s3.py
[2026-04-14T19:06:26.231+0000] {logging_mixin.py:190} INFO - [2026-04-14T19:06:26.231+0000] {dag.py:3239} INFO - Sync 1 DAGs
[2026-04-14T19:06:26.242+0000] {logging_mixin.py:190} INFO - [2026-04-14T19:06:26.242+0000] {dag.py:4180} INFO - Setting next_dagrun for raw_from_api_to_s3 to 2026-04-14 00:00:00+00:00, run_after=2026-04-15 00:00:00+00:00
[2026-04-14T19:06:26.250+0000] {processor.py:208} INFO - Processing /opt/airflow/dags/raw_from_api_to_s3.py took 0.130 seconds
[2026-04-14T19:06:56.532+0000] {processor.py:186} INFO - Started process (PID=3568) to work on /opt/airflow/dags/raw_from_api_to_s3.py
[2026-04-14T19:06:56.533+0000] {processor.py:914} INFO - Processing file /opt/airflow/dags/raw_from_api_to_s3.py for tasks to queue
[2026-04-14T19:06:56.538+0000] {logging_mixin.py:190} INFO - [2026-04-14T19:06:56.537+0000] {dagbag.py:588} INFO - Filling up the DagBag from /opt/airflow/dags/raw_from_api_to_s3.py
[2026-04-14T19:06:56.617+0000] {processor.py:925} INFO - DAG(s) 'raw_from_api_to_s3' retrieved from /opt/airflow/dags/raw_from_api_to_s3.py
[2026-04-14T19:06:56.626+0000] {logging_mixin.py:190} INFO - [2026-04-14T19:06:56.626+0000] {dag.py:3239} INFO - Sync 1 DAGs
[2026-04-14T19:06:56.638+0000] {logging_mixin.py:190} INFO - [2026-04-14T19:06:56.637+0000] {dag.py:4180} INFO - Setting next_dagrun for raw_from_api_to_s3 to 2026-04-14 00:00:00+00:00, run_after=2026-04-15 00:00:00+00:00
[2026-04-14T19:06:56.648+0000] {processor.py:208} INFO - Processing /opt/airflow/dags/raw_from_api_to_s3.py took 0.125 seconds
[2026-04-14T19:07:26.885+0000] {processor.py:186} INFO - Started process (PID=3582) to work on /opt/airflow/dags/raw_from_api_to_s3.py
[2026-04-14T19:07:26.886+0000] {processor.py:914} INFO - Processing file /opt/airflow/dags/raw_from_api_to_s3.py for tasks to queue
[2026-04-14T19:07:26.891+0000] {logging_mixin.py:190} INFO - [2026-04-14T19:07:26.890+0000] {dagbag.py:588} INFO - Filling up the DagBag from /opt/airflow/dags/raw_from_api_to_s3.py
[2026-04-14T19:07:26.992+0000] {processor.py:925} INFO - DAG(s) 'raw_from_api_to_s3' retrieved from /opt/airflow/dags/raw_from_api_to_s3.py
[2026-04-14T19:07:27.006+0000] {logging_mixin.py:190} INFO - [2026-04-14T19:07:27.006+0000] {dag.py:3239} INFO - Sync 1 DAGs
[2026-04-14T19:07:27.019+0000] {logging_mixin.py:190} INFO - [2026-04-14T19:07:27.019+0000] {dag.py:4180} INFO - Setting next_dagrun for raw_from_api_to_s3 to 2026-04-14 00:00:00+00:00, run_after=2026-04-15 00:00:00+00:00
[2026-04-14T19:07:27.029+0000] {processor.py:208} INFO - Processing /opt/airflow/dags/raw_from_api_to_s3.py took 0.154 seconds
[2026-04-14T19:07:57.312+0000] {processor.py:186} INFO - Started process (PID=3596) to work on /opt/airflow/dags/raw_from_api_to_s3.py
[2026-04-14T19:07:57.314+0000] {processor.py:914} INFO - Processing file /opt/airflow/dags/raw_from_api_to_s3.py for tasks to queue
[2026-04-14T19:07:57.323+0000] {logging_mixin.py:190} INFO - [2026-04-14T19:07:57.322+0000] {dagbag.py:588} INFO - Filling up the DagBag from /opt/airflow/dags/raw_from_api_to_s3.py
[2026-04-14T19:07:57.418+0000] {processor.py:925} INFO - DAG(s) 'raw_from_api_to_s3' retrieved from /opt/airflow/dags/raw_from_api_to_s3.py
[2026-04-14T19:07:57.430+0000] {logging_mixin.py:190} INFO - [2026-04-14T19:07:57.430+0000] {dag.py:3239} INFO - Sync 1 DAGs
[2026-04-14T19:07:57.444+0000] {logging_mixin.py:190} INFO - [2026-04-14T19:07:57.444+0000] {dag.py:4180} INFO - Setting next_dagrun for raw_from_api_to_s3 to 2026-04-14 00:00:00+00:00, run_after=2026-04-15 00:00:00+00:00
[2026-04-14T19:07:57.452+0000] {processor.py:208} INFO - Processing /opt/airflow/dags/raw_from_api_to_s3.py took 0.147 seconds
[2026-04-14T19:08:27.599+0000] {processor.py:186} INFO - Started process (PID=3610) to work on /opt/airflow/dags/raw_from_api_to_s3.py
[2026-04-14T19:08:27.600+0000] {processor.py:914} INFO - Processing file /opt/airflow/dags/raw_from_api_to_s3.py for tasks to queue
[2026-04-14T19:08:27.604+0000] {logging_mixin.py:190} INFO - [2026-04-14T19:08:27.604+0000] {dagbag.py:588} INFO - Filling up the DagBag from /opt/airflow/dags/raw_from_api_to_s3.py
[2026-04-14T19:08:27.679+0000] {processor.py:925} INFO - DAG(s) 'raw_from_api_to_s3' retrieved from /opt/airflow/dags/raw_from_api_to_s3.py
[2026-04-14T19:08:27.690+0000] {logging_mixin.py:190} INFO - [2026-04-14T19:08:27.690+0000] {dag.py:3239} INFO - Sync 1 DAGs
[2026-04-14T19:08:27.702+0000] {logging_mixin.py:190} INFO - [2026-04-14T19:08:27.702+0000] {dag.py:4180} INFO - Setting next_dagrun for raw_from_api_to_s3 to 2026-04-14 00:00:00+00:00, run_after=2026-04-15 00:00:00+00:00
[2026-04-14T19:08:27.711+0000] {processor.py:208} INFO - Processing /opt/airflow/dags/raw_from_api_to_s3.py took 0.120 seconds
[2026-04-14T19:08:57.923+0000] {processor.py:186} INFO - Started process (PID=3624) to work on /opt/airflow/dags/raw_from_api_to_s3.py
[2026-04-14T19:08:57.924+0000] {processor.py:914} INFO - Processing file /opt/airflow/dags/raw_from_api_to_s3.py for tasks to queue
[2026-04-14T19:08:57.931+0000] {logging_mixin.py:190} INFO - [2026-04-14T19:08:57.930+0000] {dagbag.py:588} INFO - Filling up the DagBag from /opt/airflow/dags/raw_from_api_to_s3.py
[2026-04-14T19:08:57.997+0000] {processor.py:925} INFO - DAG(s) 'raw_from_api_to_s3' retrieved from /opt/airflow/dags/raw_from_api_to_s3.py
[2026-04-14T19:08:58.005+0000] {logging_mixin.py:190} INFO - [2026-04-14T19:08:58.005+0000] {dag.py:3239} INFO - Sync 1 DAGs
[2026-04-14T19:08:58.016+0000] {logging_mixin.py:190} INFO - [2026-04-14T19:08:58.016+0000] {dag.py:4180} INFO - Setting next_dagrun for raw_from_api_to_s3 to 2026-04-14 00:00:00+00:00, run_after=2026-04-15 00:00:00+00:00
[2026-04-14T19:08:58.023+0000] {processor.py:208} INFO - Processing /opt/airflow/dags/raw_from_api_to_s3.py took 0.111 seconds
[2026-04-14T19:09:28.340+0000] {processor.py:186} INFO - Started process (PID=3638) to work on /opt/airflow/dags/raw_from_api_to_s3.py
[2026-04-14T19:09:28.341+0000] {processor.py:914} INFO - Processing file /opt/airflow/dags/raw_from_api_to_s3.py for tasks to queue
[2026-04-14T19:09:28.346+0000] {logging_mixin.py:190} INFO - [2026-04-14T19:09:28.345+0000] {dagbag.py:588} INFO - Filling up the DagBag from /opt/airflow/dags/raw_from_api_to_s3.py
[2026-04-14T19:09:28.405+0000] {processor.py:925} INFO - DAG(s) 'raw_from_api_to_s3' retrieved from /opt/airflow/dags/raw_from_api_to_s3.py
[2026-04-14T19:09:28.414+0000] {logging_mixin.py:190} INFO - [2026-04-14T19:09:28.414+0000] {dag.py:3239} INFO - Sync 1 DAGs
[2026-04-14T19:09:28.424+0000] {logging_mixin.py:190} INFO - [2026-04-14T19:09:28.424+0000] {dag.py:4180} INFO - Setting next_dagrun for raw_from_api_to_s3 to 2026-04-14 00:00:00+00:00, run_after=2026-04-15 00:00:00+00:00
[2026-04-14T19:09:28.431+0000] {processor.py:208} INFO - Processing /opt/airflow/dags/raw_from_api_to_s3.py took 0.100 seconds
[2026-04-14T19:09:58.648+0000] {processor.py:186} INFO - Started process (PID=3652) to work on /opt/airflow/dags/raw_from_api_to_s3.py
[2026-04-14T19:09:58.649+0000] {processor.py:914} INFO - Processing file /opt/airflow/dags/raw_from_api_to_s3.py for tasks to queue
[2026-04-14T19:09:58.654+0000] {logging_mixin.py:190} INFO - [2026-04-14T19:09:58.653+0000] {dagbag.py:588} INFO - Filling up the DagBag from /opt/airflow/dags/raw_from_api_to_s3.py
[2026-04-14T19:09:58.731+0000] {processor.py:925} INFO - DAG(s) 'raw_from_api_to_s3' retrieved from /opt/airflow/dags/raw_from_api_to_s3.py
[2026-04-14T19:09:58.740+0000] {logging_mixin.py:190} INFO - [2026-04-14T19:09:58.740+0000] {dag.py:3239} INFO - Sync 1 DAGs
[2026-04-14T19:09:58.753+0000] {logging_mixin.py:190} INFO - [2026-04-14T19:09:58.753+0000] {dag.py:4180} INFO - Setting next_dagrun for raw_from_api_to_s3 to 2026-04-14 00:00:00+00:00, run_after=2026-04-15 00:00:00+00:00
[2026-04-14T19:09:58.761+0000] {processor.py:208} INFO - Processing /opt/airflow/dags/raw_from_api_to_s3.py took 0.122 seconds
[2026-04-14T19:10:29.030+0000] {processor.py:186} INFO - Started process (PID=3666) to work on /opt/airflow/dags/raw_from_api_to_s3.py
[2026-04-14T19:10:29.033+0000] {processor.py:914} INFO - Processing file /opt/airflow/dags/raw_from_api_to_s3.py for tasks to queue
[2026-04-14T19:10:29.037+0000] {logging_mixin.py:190} INFO - [2026-04-14T19:10:29.036+0000] {dagbag.py:588} INFO - Filling up the DagBag from /opt/airflow/dags/raw_from_api_to_s3.py
[2026-04-14T19:10:29.110+0000] {processor.py:925} INFO - DAG(s) 'raw_from_api_to_s3' retrieved from /opt/airflow/dags/raw_from_api_to_s3.py
[2026-04-14T19:10:29.119+0000] {logging_mixin.py:190} INFO - [2026-04-14T19:10:29.119+0000] {dag.py:3239} INFO - Sync 1 DAGs
[2026-04-14T19:10:29.129+0000] {logging_mixin.py:190} INFO - [2026-04-14T19:10:29.129+0000] {dag.py:4180} INFO - Setting next_dagrun for raw_from_api_to_s3 to 2026-04-14 00:00:00+00:00, run_after=2026-04-15 00:00:00+00:00
[2026-04-14T19:10:29.137+0000] {processor.py:208} INFO - Processing /opt/airflow/dags/raw_from_api_to_s3.py took 0.116 seconds
[2026-04-14T19:10:59.478+0000] {processor.py:186} INFO - Started process (PID=3680) to work on /opt/airflow/dags/raw_from_api_to_s3.py
[2026-04-14T19:10:59.482+0000] {processor.py:914} INFO - Processing file /opt/airflow/dags/raw_from_api_to_s3.py for tasks to queue
[2026-04-14T19:10:59.486+0000] {logging_mixin.py:190} INFO - [2026-04-14T19:10:59.486+0000] {dagbag.py:588} INFO - Filling up the DagBag from /opt/airflow/dags/raw_from_api_to_s3.py
[2026-04-14T19:10:59.585+0000] {processor.py:925} INFO - DAG(s) 'raw_from_api_to_s3' retrieved from /opt/airflow/dags/raw_from_api_to_s3.py
[2026-04-14T19:10:59.599+0000] {logging_mixin.py:190} INFO - [2026-04-14T19:10:59.598+0000] {dag.py:3239} INFO - Sync 1 DAGs
[2026-04-14T19:10:59.613+0000] {logging_mixin.py:190} INFO - [2026-04-14T19:10:59.613+0000] {dag.py:4180} INFO - Setting next_dagrun for raw_from_api_to_s3 to 2026-04-14 00:00:00+00:00, run_after=2026-04-15 00:00:00+00:00
[2026-04-14T19:10:59.621+0000] {processor.py:208} INFO - Processing /opt/airflow/dags/raw_from_api_to_s3.py took 0.152 seconds
[2026-04-14T19:11:29.812+0000] {processor.py:186} INFO - Started process (PID=3694) to work on /opt/airflow/dags/raw_from_api_to_s3.py
[2026-04-14T19:11:29.814+0000] {processor.py:914} INFO - Processing file /opt/airflow/dags/raw_from_api_to_s3.py for tasks to queue
[2026-04-14T19:11:29.822+0000] {logging_mixin.py:190} INFO - [2026-04-14T19:11:29.821+0000] {dagbag.py:588} INFO - Filling up the DagBag from /opt/airflow/dags/raw_from_api_to_s3.py
[2026-04-14T19:11:29.900+0000] {processor.py:925} INFO - DAG(s) 'raw_from_api_to_s3' retrieved from /opt/airflow/dags/raw_from_api_to_s3.py
[2026-04-14T19:11:29.909+0000] {logging_mixin.py:190} INFO - [2026-04-14T19:11:29.909+0000] {dag.py:3239} INFO - Sync 1 DAGs
[2026-04-14T19:11:29.920+0000] {logging_mixin.py:190} INFO - [2026-04-14T19:11:29.920+0000] {dag.py:4180} INFO - Setting next_dagrun for raw_from_api_to_s3 to 2026-04-14 00:00:00+00:00, run_after=2026-04-15 00:00:00+00:00
[2026-04-14T19:11:29.927+0000] {processor.py:208} INFO - Processing /opt/airflow/dags/raw_from_api_to_s3.py took 0.123 seconds
[2026-04-14T19:12:00.277+0000] {processor.py:186} INFO - Started process (PID=3708) to work on /opt/airflow/dags/raw_from_api_to_s3.py
[2026-04-14T19:12:00.279+0000] {processor.py:914} INFO - Processing file /opt/airflow/dags/raw_from_api_to_s3.py for tasks to queue
[2026-04-14T19:12:00.283+0000] {logging_mixin.py:190} INFO - [2026-04-14T19:12:00.283+0000] {dagbag.py:588} INFO - Filling up the DagBag from /opt/airflow/dags/raw_from_api_to_s3.py
[2026-04-14T19:12:00.352+0000] {processor.py:925} INFO - DAG(s) 'raw_from_api_to_s3' retrieved from /opt/airflow/dags/raw_from_api_to_s3.py
[2026-04-14T19:12:00.362+0000] {logging_mixin.py:190} INFO - [2026-04-14T19:12:00.362+0000] {dag.py:3239} INFO - Sync 1 DAGs
[2026-04-14T19:12:00.373+0000] {logging_mixin.py:190} INFO - [2026-04-14T19:12:00.373+0000] {dag.py:4180} INFO - Setting next_dagrun for raw_from_api_to_s3 to 2026-04-14 00:00:00+00:00, run_after=2026-04-15 00:00:00+00:00
[2026-04-14T19:12:00.380+0000] {processor.py:208} INFO - Processing /opt/airflow/dags/raw_from_api_to_s3.py took 0.113 seconds
[2026-04-14T19:12:30.569+0000] {processor.py:186} INFO - Started process (PID=3722) to work on /opt/airflow/dags/raw_from_api_to_s3.py
[2026-04-14T19:12:30.569+0000] {processor.py:914} INFO - Processing file /opt/airflow/dags/raw_from_api_to_s3.py for tasks to queue
[2026-04-14T19:12:30.572+0000] {logging_mixin.py:190} INFO - [2026-04-14T19:12:30.572+0000] {dagbag.py:588} INFO - Filling up the DagBag from /opt/airflow/dags/raw_from_api_to_s3.py
[2026-04-14T19:12:30.623+0000] {processor.py:925} INFO - DAG(s) 'raw_from_api_to_s3' retrieved from /opt/airflow/dags/raw_from_api_to_s3.py
[2026-04-14T19:12:30.630+0000] {logging_mixin.py:190} INFO - [2026-04-14T19:12:30.630+0000] {dag.py:3239} INFO - Sync 1 DAGs
[2026-04-14T19:12:30.638+0000] {logging_mixin.py:190} INFO - [2026-04-14T19:12:30.638+0000] {dag.py:4180} INFO - Setting next_dagrun for raw_from_api_to_s3 to 2026-04-14 00:00:00+00:00, run_after=2026-04-15 00:00:00+00:00
[2026-04-14T19:12:30.645+0000] {processor.py:208} INFO - Processing /opt/airflow/dags/raw_from_api_to_s3.py took 0.083 seconds
[2026-04-14T19:13:00.859+0000] {processor.py:186} INFO - Started process (PID=3736) to work on /opt/airflow/dags/raw_from_api_to_s3.py
[2026-04-14T19:13:00.860+0000] {processor.py:914} INFO - Processing file /opt/airflow/dags/raw_from_api_to_s3.py for tasks to queue
[2026-04-14T19:13:00.862+0000] {logging_mixin.py:190} INFO - [2026-04-14T19:13:00.862+0000] {dagbag.py:588} INFO - Filling up the DagBag from /opt/airflow/dags/raw_from_api_to_s3.py
[2026-04-14T19:13:00.911+0000] {processor.py:925} INFO - DAG(s) 'raw_from_api_to_s3' retrieved from /opt/airflow/dags/raw_from_api_to_s3.py
[2026-04-14T19:13:00.917+0000] {logging_mixin.py:190} INFO - [2026-04-14T19:13:00.917+0000] {dag.py:3239} INFO - Sync 1 DAGs
[2026-04-14T19:13:00.926+0000] {logging_mixin.py:190} INFO - [2026-04-14T19:13:00.926+0000] {dag.py:4180} INFO - Setting next_dagrun for raw_from_api_to_s3 to 2026-04-14 00:00:00+00:00, run_after=2026-04-15 00:00:00+00:00
[2026-04-14T19:13:00.932+0000] {processor.py:208} INFO - Processing /opt/airflow/dags/raw_from_api_to_s3.py took 0.080 seconds
[2026-04-14T19:13:31.203+0000] {processor.py:186} INFO - Started process (PID=3750) to work on /opt/airflow/dags/raw_from_api_to_s3.py
[2026-04-14T19:13:31.204+0000] {processor.py:914} INFO - Processing file /opt/airflow/dags/raw_from_api_to_s3.py for tasks to queue
[2026-04-14T19:13:31.206+0000] {logging_mixin.py:190} INFO - [2026-04-14T19:13:31.206+0000] {dagbag.py:588} INFO - Filling up the DagBag from /opt/airflow/dags/raw_from_api_to_s3.py
[2026-04-14T19:13:31.251+0000] {processor.py:925} INFO - DAG(s) 'raw_from_api_to_s3' retrieved from /opt/airflow/dags/raw_from_api_to_s3.py
[2026-04-14T19:13:31.258+0000] {logging_mixin.py:190} INFO - [2026-04-14T19:13:31.258+0000] {dag.py:3239} INFO - Sync 1 DAGs
[2026-04-14T19:13:31.267+0000] {logging_mixin.py:190} INFO - [2026-04-14T19:13:31.267+0000] {dag.py:4180} INFO - Setting next_dagrun for raw_from_api_to_s3 to 2026-04-14 00:00:00+00:00, run_after=2026-04-15 00:00:00+00:00
[2026-04-14T19:13:31.274+0000] {processor.py:208} INFO - Processing /opt/airflow/dags/raw_from_api_to_s3.py took 0.076 seconds
[2026-04-14T19:14:01.509+0000] {processor.py:186} INFO - Started process (PID=3764) to work on /opt/airflow/dags/raw_from_api_to_s3.py
[2026-04-14T19:14:01.510+0000] {processor.py:914} INFO - Processing file /opt/airflow/dags/raw_from_api_to_s3.py for tasks to queue
[2026-04-14T19:14:01.511+0000] {logging_mixin.py:190} INFO - [2026-04-14T19:14:01.511+0000] {dagbag.py:588} INFO - Filling up the DagBag from /opt/airflow/dags/raw_from_api_to_s3.py
[2026-04-14T19:14:01.544+0000] {processor.py:925} INFO - DAG(s) 'raw_from_api_to_s3' retrieved from /opt/airflow/dags/raw_from_api_to_s3.py
[2026-04-14T19:14:01.551+0000] {logging_mixin.py:190} INFO - [2026-04-14T19:14:01.551+0000] {dag.py:3239} INFO - Sync 1 DAGs
[2026-04-14T19:14:01.561+0000] {logging_mixin.py:190} INFO - [2026-04-14T19:14:01.560+0000] {dag.py:4180} INFO - Setting next_dagrun for raw_from_api_to_s3 to 2026-04-14 00:00:00+00:00, run_after=2026-04-15 00:00:00+00:00
[2026-04-14T19:14:01.567+0000] {processor.py:208} INFO - Processing /opt/airflow/dags/raw_from_api_to_s3.py took 0.061 seconds
[2026-04-14T19:14:31.836+0000] {processor.py:186} INFO - Started process (PID=3778) to work on /opt/airflow/dags/raw_from_api_to_s3.py
[2026-04-14T19:14:31.837+0000] {processor.py:914} INFO - Processing file /opt/airflow/dags/raw_from_api_to_s3.py for tasks to queue
[2026-04-14T19:14:31.839+0000] {logging_mixin.py:190} INFO - [2026-04-14T19:14:31.839+0000] {dagbag.py:588} INFO - Filling up the DagBag from /opt/airflow/dags/raw_from_api_to_s3.py
[2026-04-14T19:14:31.885+0000] {processor.py:925} INFO - DAG(s) 'raw_from_api_to_s3' retrieved from /opt/airflow/dags/raw_from_api_to_s3.py
[2026-04-14T19:14:31.892+0000] {logging_mixin.py:190} INFO - [2026-04-14T19:14:31.892+0000] {dag.py:3239} INFO - Sync 1 DAGs
[2026-04-14T19:14:31.901+0000] {logging_mixin.py:190} INFO - [2026-04-14T19:14:31.901+0000] {dag.py:4180} INFO - Setting next_dagrun for raw_from_api_to_s3 to 2026-04-14 00:00:00+00:00, run_after=2026-04-15 00:00:00+00:00
[2026-04-14T19:14:31.907+0000] {processor.py:208} INFO - Processing /opt/airflow/dags/raw_from_api_to_s3.py took 0.077 seconds
[2026-04-14T19:15:02.101+0000] {processor.py:186} INFO - Started process (PID=3792) to work on /opt/airflow/dags/raw_from_api_to_s3.py
[2026-04-14T19:15:02.102+0000] {processor.py:914} INFO - Processing file /opt/airflow/dags/raw_from_api_to_s3.py for tasks to queue
[2026-04-14T19:15:02.105+0000] {logging_mixin.py:190} INFO - [2026-04-14T19:15:02.105+0000] {dagbag.py:588} INFO - Filling up the DagBag from /opt/airflow/dags/raw_from_api_to_s3.py
[2026-04-14T19:15:02.152+0000] {processor.py:925} INFO - DAG(s) 'raw_from_api_to_s3' retrieved from /opt/airflow/dags/raw_from_api_to_s3.py
[2026-04-14T19:15:02.158+0000] {logging_mixin.py:190} INFO - [2026-04-14T19:15:02.158+0000] {dag.py:3239} INFO - Sync 1 DAGs
[2026-04-14T19:15:02.167+0000] {logging_mixin.py:190} INFO - [2026-04-14T19:15:02.167+0000] {dag.py:4180} INFO - Setting next_dagrun for raw_from_api_to_s3 to 2026-04-14 00:00:00+00:00, run_after=2026-04-15 00:00:00+00:00
[2026-04-14T19:15:02.173+0000] {processor.py:208} INFO - Processing /opt/airflow/dags/raw_from_api_to_s3.py took 0.079 seconds
[2026-04-14T19:15:32.392+0000] {processor.py:186} INFO - Started process (PID=3806) to work on /opt/airflow/dags/raw_from_api_to_s3.py
[2026-04-14T19:15:32.393+0000] {processor.py:914} INFO - Processing file /opt/airflow/dags/raw_from_api_to_s3.py for tasks to queue
[2026-04-14T19:15:32.397+0000] {logging_mixin.py:190} INFO - [2026-04-14T19:15:32.397+0000] {dagbag.py:588} INFO - Filling up the DagBag from /opt/airflow/dags/raw_from_api_to_s3.py
[2026-04-14T19:15:32.451+0000] {processor.py:925} INFO - DAG(s) 'raw_from_api_to_s3' retrieved from /opt/airflow/dags/raw_from_api_to_s3.py
[2026-04-14T19:15:32.458+0000] {logging_mixin.py:190} INFO - [2026-04-14T19:15:32.458+0000] {dag.py:3239} INFO - Sync 1 DAGs
[2026-04-14T19:15:32.469+0000] {logging_mixin.py:190} INFO - [2026-04-14T19:15:32.468+0000] {dag.py:4180} INFO - Setting next_dagrun for raw_from_api_to_s3 to 2026-04-14 00:00:00+00:00, run_after=2026-04-15 00:00:00+00:00
[2026-04-14T19:15:32.475+0000] {processor.py:208} INFO - Processing /opt/airflow/dags/raw_from_api_to_s3.py took 0.091 seconds
[2026-04-14T19:16:02.711+0000] {processor.py:186} INFO - Started process (PID=3820) to work on /opt/airflow/dags/raw_from_api_to_s3.py
[2026-04-14T19:16:02.712+0000] {processor.py:914} INFO - Processing file /opt/airflow/dags/raw_from_api_to_s3.py for tasks to queue
[2026-04-14T19:16:02.714+0000] {logging_mixin.py:190} INFO - [2026-04-14T19:16:02.714+0000] {dagbag.py:588} INFO - Filling up the DagBag from /opt/airflow/dags/raw_from_api_to_s3.py
[2026-04-14T19:16:02.760+0000] {processor.py:925} INFO - DAG(s) 'raw_from_api_to_s3' retrieved from /opt/airflow/dags/raw_from_api_to_s3.py
[2026-04-14T19:16:02.767+0000] {logging_mixin.py:190} INFO - [2026-04-14T19:16:02.766+0000] {dag.py:3239} INFO - Sync 1 DAGs
[2026-04-14T19:16:02.775+0000] {logging_mixin.py:190} INFO - [2026-04-14T19:16:02.775+0000] {dag.py:4180} INFO - Setting next_dagrun for raw_from_api_to_s3 to 2026-04-14 00:00:00+00:00, run_after=2026-04-15 00:00:00+00:00
[2026-04-14T19:16:02.782+0000] {processor.py:208} INFO - Processing /opt/airflow/dags/raw_from_api_to_s3.py took 0.077 seconds
[2026-04-14T19:16:33.036+0000] {processor.py:186} INFO - Started process (PID=3834) to work on /opt/airflow/dags/raw_from_api_to_s3.py
[2026-04-14T19:16:33.037+0000] {processor.py:914} INFO - Processing file /opt/airflow/dags/raw_from_api_to_s3.py for tasks to queue
[2026-04-14T19:16:33.039+0000] {logging_mixin.py:190} INFO - [2026-04-14T19:16:33.038+0000] {dagbag.py:588} INFO - Filling up the DagBag from /opt/airflow/dags/raw_from_api_to_s3.py
[2026-04-14T19:16:33.082+0000] {processor.py:925} INFO - DAG(s) 'raw_from_api_to_s3' retrieved from /opt/airflow/dags/raw_from_api_to_s3.py
[2026-04-14T19:16:33.089+0000] {logging_mixin.py:190} INFO - [2026-04-14T19:16:33.089+0000] {dag.py:3239} INFO - Sync 1 DAGs
[2026-04-14T19:16:33.098+0000] {logging_mixin.py:190} INFO - [2026-04-14T19:16:33.098+0000] {dag.py:4180} INFO - Setting next_dagrun for raw_from_api_to_s3 to 2026-04-14 00:00:00+00:00, run_after=2026-04-15 00:00:00+00:00
[2026-04-14T19:16:33.105+0000] {processor.py:208} INFO - Processing /opt/airflow/dags/raw_from_api_to_s3.py took 0.074 seconds
[2026-04-14T19:17:03.386+0000] {processor.py:186} INFO - Started process (PID=3848) to work on /opt/airflow/dags/raw_from_api_to_s3.py
[2026-04-14T19:17:03.387+0000] {processor.py:914} INFO - Processing file /opt/airflow/dags/raw_from_api_to_s3.py for tasks to queue
[2026-04-14T19:17:03.388+0000] {logging_mixin.py:190} INFO - [2026-04-14T19:17:03.387+0000] {dagbag.py:588} INFO - Filling up the DagBag from /opt/airflow/dags/raw_from_api_to_s3.py
[2026-04-14T19:17:03.420+0000] {processor.py:925} INFO - DAG(s) 'raw_from_api_to_s3' retrieved from /opt/airflow/dags/raw_from_api_to_s3.py
[2026-04-14T19:17:03.426+0000] {logging_mixin.py:190} INFO - [2026-04-14T19:17:03.426+0000] {dag.py:3239} INFO - Sync 1 DAGs
[2026-04-14T19:17:03.436+0000] {logging_mixin.py:190} INFO - [2026-04-14T19:17:03.435+0000] {dag.py:4180} INFO - Setting next_dagrun for raw_from_api_to_s3 to 2026-04-14 00:00:00+00:00, run_after=2026-04-15 00:00:00+00:00
[2026-04-14T19:17:03.442+0000] {processor.py:208} INFO - Processing /opt/airflow/dags/raw_from_api_to_s3.py took 0.059 seconds
[2026-04-14T19:17:33.790+0000] {processor.py:186} INFO - Started process (PID=3862) to work on /opt/airflow/dags/raw_from_api_to_s3.py
[2026-04-14T19:17:33.791+0000] {processor.py:914} INFO - Processing file /opt/airflow/dags/raw_from_api_to_s3.py for tasks to queue
[2026-04-14T19:17:33.794+0000] {logging_mixin.py:190} INFO - [2026-04-14T19:17:33.794+0000] {dagbag.py:588} INFO - Filling up the DagBag from /opt/airflow/dags/raw_from_api_to_s3.py
[2026-04-14T19:17:33.848+0000] {processor.py:925} INFO - DAG(s) 'raw_from_api_to_s3' retrieved from /opt/airflow/dags/raw_from_api_to_s3.py
[2026-04-14T19:17:33.856+0000] {logging_mixin.py:190} INFO - [2026-04-14T19:17:33.856+0000] {dag.py:3239} INFO - Sync 1 DAGs
[2026-04-14T19:17:33.866+0000] {logging_mixin.py:190} INFO - [2026-04-14T19:17:33.866+0000] {dag.py:4180} INFO - Setting next_dagrun for raw_from_api_to_s3 to 2026-04-14 00:00:00+00:00, run_after=2026-04-15 00:00:00+00:00
[2026-04-14T19:17:33.873+0000] {processor.py:208} INFO - Processing /opt/airflow/dags/raw_from_api_to_s3.py took 0.092 seconds
[2026-04-14T19:18:04.114+0000] {processor.py:186} INFO - Started process (PID=3876) to work on /opt/airflow/dags/raw_from_api_to_s3.py
[2026-04-14T19:18:04.115+0000] {processor.py:914} INFO - Processing file /opt/airflow/dags/raw_from_api_to_s3.py for tasks to queue
[2026-04-14T19:18:04.118+0000] {logging_mixin.py:190} INFO - [2026-04-14T19:18:04.118+0000] {dagbag.py:588} INFO - Filling up the DagBag from /opt/airflow/dags/raw_from_api_to_s3.py
[2026-04-14T19:18:04.177+0000] {processor.py:925} INFO - DAG(s) 'raw_from_api_to_s3' retrieved from /opt/airflow/dags/raw_from_api_to_s3.py
[2026-04-14T19:18:04.185+0000] {logging_mixin.py:190} INFO - [2026-04-14T19:18:04.185+0000] {dag.py:3239} INFO - Sync 1 DAGs
[2026-04-14T19:18:04.195+0000] {logging_mixin.py:190} INFO - [2026-04-14T19:18:04.194+0000] {dag.py:4180} INFO - Setting next_dagrun for raw_from_api_to_s3 to 2026-04-14 00:00:00+00:00, run_after=2026-04-15 00:00:00+00:00
[2026-04-14T19:18:04.201+0000] {processor.py:208} INFO - Processing /opt/airflow/dags/raw_from_api_to_s3.py took 0.095 seconds
[2026-04-14T19:18:34.430+0000] {processor.py:186} INFO - Started process (PID=3890) to work on /opt/airflow/dags/raw_from_api_to_s3.py
[2026-04-14T19:18:34.431+0000] {processor.py:914} INFO - Processing file /opt/airflow/dags/raw_from_api_to_s3.py for tasks to queue
[2026-04-14T19:18:34.433+0000] {logging_mixin.py:190} INFO - [2026-04-14T19:18:34.433+0000] {dagbag.py:588} INFO - Filling up the DagBag from /opt/airflow/dags/raw_from_api_to_s3.py
[2026-04-14T19:18:34.476+0000] {processor.py:925} INFO - DAG(s) 'raw_from_api_to_s3' retrieved from /opt/airflow/dags/raw_from_api_to_s3.py
[2026-04-14T19:18:34.483+0000] {logging_mixin.py:190} INFO - [2026-04-14T19:18:34.483+0000] {dag.py:3239} INFO - Sync 1 DAGs
[2026-04-14T19:18:34.491+0000] {logging_mixin.py:190} INFO - [2026-04-14T19:18:34.491+0000] {dag.py:4180} INFO - Setting next_dagrun for raw_from_api_to_s3 to 2026-04-14 00:00:00+00:00, run_after=2026-04-15 00:00:00+00:00
[2026-04-14T19:18:34.497+0000] {processor.py:208} INFO - Processing /opt/airflow/dags/raw_from_api_to_s3.py took 0.072 seconds
[2026-04-14T19:19:04.781+0000] {processor.py:186} INFO - Started process (PID=3904) to work on /opt/airflow/dags/raw_from_api_to_s3.py
[2026-04-14T19:19:04.782+0000] {processor.py:914} INFO - Processing file /opt/airflow/dags/raw_from_api_to_s3.py for tasks to queue
[2026-04-14T19:19:04.785+0000] {logging_mixin.py:190} INFO - [2026-04-14T19:19:04.784+0000] {dagbag.py:588} INFO - Filling up the DagBag from /opt/airflow/dags/raw_from_api_to_s3.py
[2026-04-14T19:19:04.832+0000] {processor.py:925} INFO - DAG(s) 'raw_from_api_to_s3' retrieved from /opt/airflow/dags/raw_from_api_to_s3.py
[2026-04-14T19:19:04.839+0000] {logging_mixin.py:190} INFO - [2026-04-14T19:19:04.839+0000] {dag.py:3239} INFO - Sync 1 DAGs
[2026-04-14T19:19:04.849+0000] {logging_mixin.py:190} INFO - [2026-04-14T19:19:04.849+0000] {dag.py:4180} INFO - Setting next_dagrun for raw_from_api_to_s3 to 2026-04-14 00:00:00+00:00, run_after=2026-04-15 00:00:00+00:00
[2026-04-14T19:19:04.858+0000] {processor.py:208} INFO - Processing /opt/airflow/dags/raw_from_api_to_s3.py took 0.084 seconds
[2026-04-14T19:19:35.117+0000] {processor.py:186} INFO - Started process (PID=3918) to work on /opt/airflow/dags/raw_from_api_to_s3.py
[2026-04-14T19:19:35.117+0000] {processor.py:914} INFO - Processing file /opt/airflow/dags/raw_from_api_to_s3.py for tasks to queue
[2026-04-14T19:19:35.120+0000] {logging_mixin.py:190} INFO - [2026-04-14T19:19:35.119+0000] {dagbag.py:588} INFO - Filling up the DagBag from /opt/airflow/dags/raw_from_api_to_s3.py
[2026-04-14T19:19:35.168+0000] {processor.py:925} INFO - DAG(s) 'raw_from_api_to_s3' retrieved from /opt/airflow/dags/raw_from_api_to_s3.py
[2026-04-14T19:19:35.175+0000] {logging_mixin.py:190} INFO - [2026-04-14T19:19:35.175+0000] {dag.py:3239} INFO - Sync 1 DAGs
[2026-04-14T19:19:35.184+0000] {logging_mixin.py:190} INFO - [2026-04-14T19:19:35.184+0000] {dag.py:4180} INFO - Setting next_dagrun for raw_from_api_to_s3 to 2026-04-14 00:00:00+00:00, run_after=2026-04-15 00:00:00+00:00
[2026-04-14T19:19:35.190+0000] {processor.py:208} INFO - Processing /opt/airflow/dags/raw_from_api_to_s3.py took 0.080 seconds
[2026-04-14T19:20:05.483+0000] {processor.py:186} INFO - Started process (PID=3932) to work on /opt/airflow/dags/raw_from_api_to_s3.py
[2026-04-14T19:20:05.484+0000] {processor.py:914} INFO - Processing file /opt/airflow/dags/raw_from_api_to_s3.py for tasks to queue
[2026-04-14T19:20:05.486+0000] {logging_mixin.py:190} INFO - [2026-04-14T19:20:05.486+0000] {dagbag.py:588} INFO - Filling up the DagBag from /opt/airflow/dags/raw_from_api_to_s3.py
[2026-04-14T19:20:05.533+0000] {processor.py:925} INFO - DAG(s) 'raw_from_api_to_s3' retrieved from /opt/airflow/dags/raw_from_api_to_s3.py
[2026-04-14T19:20:05.540+0000] {logging_mixin.py:190} INFO - [2026-04-14T19:20:05.540+0000] {dag.py:3239} INFO - Sync 1 DAGs
[2026-04-14T19:20:05.549+0000] {logging_mixin.py:190} INFO - [2026-04-14T19:20:05.549+0000] {dag.py:4180} INFO - Setting next_dagrun for raw_from_api_to_s3 to 2026-04-14 00:00:00+00:00, run_after=2026-04-15 00:00:00+00:00
[2026-04-14T19:20:05.555+0000] {processor.py:208} INFO - Processing /opt/airflow/dags/raw_from_api_to_s3.py took 0.078 seconds
[2026-04-14T19:20:35.836+0000] {processor.py:186} INFO - Started process (PID=3946) to work on /opt/airflow/dags/raw_from_api_to_s3.py
[2026-04-14T19:20:35.837+0000] {processor.py:914} INFO - Processing file /opt/airflow/dags/raw_from_api_to_s3.py for tasks to queue
[2026-04-14T19:20:35.840+0000] {logging_mixin.py:190} INFO - [2026-04-14T19:20:35.840+0000] {dagbag.py:588} INFO - Filling up the DagBag from /opt/airflow/dags/raw_from_api_to_s3.py
[2026-04-14T19:20:35.889+0000] {processor.py:925} INFO - DAG(s) 'raw_from_api_to_s3' retrieved from /opt/airflow/dags/raw_from_api_to_s3.py
[2026-04-14T19:20:35.896+0000] {logging_mixin.py:190} INFO - [2026-04-14T19:20:35.896+0000] {dag.py:3239} INFO - Sync 1 DAGs
[2026-04-14T19:20:35.905+0000] {logging_mixin.py:190} INFO - [2026-04-14T19:20:35.905+0000] {dag.py:4180} INFO - Setting next_dagrun for raw_from_api_to_s3 to 2026-04-14 00:00:00+00:00, run_after=2026-04-15 00:00:00+00:00
[2026-04-14T19:20:35.911+0000] {processor.py:208} INFO - Processing /opt/airflow/dags/raw_from_api_to_s3.py took 0.081 seconds
[2026-04-14T19:21:06.195+0000] {processor.py:186} INFO - Started process (PID=3960) to work on /opt/airflow/dags/raw_from_api_to_s3.py
[2026-04-14T19:21:06.195+0000] {processor.py:914} INFO - Processing file /opt/airflow/dags/raw_from_api_to_s3.py for tasks to queue
[2026-04-14T19:21:06.198+0000] {logging_mixin.py:190} INFO - [2026-04-14T19:21:06.197+0000] {dagbag.py:588} INFO - Filling up the DagBag from /opt/airflow/dags/raw_from_api_to_s3.py
[2026-04-14T19:21:06.245+0000] {processor.py:925} INFO - DAG(s) 'raw_from_api_to_s3' retrieved from /opt/airflow/dags/raw_from_api_to_s3.py
[2026-04-14T19:21:06.252+0000] {logging_mixin.py:190} INFO - [2026-04-14T19:21:06.251+0000] {dag.py:3239} INFO - Sync 1 DAGs
[2026-04-14T19:21:06.260+0000] {logging_mixin.py:190} INFO - [2026-04-14T19:21:06.260+0000] {dag.py:4180} INFO - Setting next_dagrun for raw_from_api_to_s3 to 2026-04-14 00:00:00+00:00, run_after=2026-04-15 00:00:00+00:00
[2026-04-14T19:21:06.266+0000] {processor.py:208} INFO - Processing /opt/airflow/dags/raw_from_api_to_s3.py took 0.078 seconds
[2026-04-14T19:21:36.553+0000] {processor.py:186} INFO - Started process (PID=3974) to work on /opt/airflow/dags/raw_from_api_to_s3.py
[2026-04-14T19:21:36.554+0000] {processor.py:914} INFO - Processing file /opt/airflow/dags/raw_from_api_to_s3.py for tasks to queue
[2026-04-14T19:21:36.556+0000] {logging_mixin.py:190} INFO - [2026-04-14T19:21:36.556+0000] {dagbag.py:588} INFO - Filling up the DagBag from /opt/airflow/dags/raw_from_api_to_s3.py
[2026-04-14T19:21:36.597+0000] {processor.py:925} INFO - DAG(s) 'raw_from_api_to_s3' retrieved from /opt/airflow/dags/raw_from_api_to_s3.py
[2026-04-14T19:21:36.603+0000] {logging_mixin.py:190} INFO - [2026-04-14T19:21:36.603+0000] {dag.py:3239} INFO - Sync 1 DAGs
[2026-04-14T19:21:36.612+0000] {logging_mixin.py:190} INFO - [2026-04-14T19:21:36.612+0000] {dag.py:4180} INFO - Setting next_dagrun for raw_from_api_to_s3 to 2026-04-14 00:00:00+00:00, run_after=2026-04-15 00:00:00+00:00
[2026-04-14T19:21:36.618+0000] {processor.py:208} INFO - Processing /opt/airflow/dags/raw_from_api_to_s3.py took 0.070 seconds
[2026-04-14T19:22:06.943+0000] {processor.py:186} INFO - Started process (PID=3988) to work on /opt/airflow/dags/raw_from_api_to_s3.py
[2026-04-14T19:22:06.944+0000] {processor.py:914} INFO - Processing file /opt/airflow/dags/raw_from_api_to_s3.py for tasks to queue
[2026-04-14T19:22:06.947+0000] {logging_mixin.py:190} INFO - [2026-04-14T19:22:06.946+0000] {dagbag.py:588} INFO - Filling up the DagBag from /opt/airflow/dags/raw_from_api_to_s3.py
[2026-04-14T19:22:06.994+0000] {processor.py:925} INFO - DAG(s) 'raw_from_api_to_s3' retrieved from /opt/airflow/dags/raw_from_api_to_s3.py
[2026-04-14T19:22:07.001+0000] {logging_mixin.py:190} INFO - [2026-04-14T19:22:07.001+0000] {dag.py:3239} INFO - Sync 1 DAGs
[2026-04-14T19:22:07.010+0000] {logging_mixin.py:190} INFO - [2026-04-14T19:22:07.010+0000] {dag.py:4180} INFO - Setting next_dagrun for raw_from_api_to_s3 to 2026-04-14 00:00:00+00:00, run_after=2026-04-15 00:00:00+00:00
[2026-04-14T19:22:07.016+0000] {processor.py:208} INFO - Processing /opt/airflow/dags/raw_from_api_to_s3.py took 0.079 seconds
[2026-04-14T19:22:37.309+0000] {processor.py:186} INFO - Started process (PID=4002) to work on /opt/airflow/dags/raw_from_api_to_s3.py
[2026-04-14T19:22:37.310+0000] {processor.py:914} INFO - Processing file /opt/airflow/dags/raw_from_api_to_s3.py for tasks to queue
[2026-04-14T19:22:37.313+0000] {logging_mixin.py:190} INFO - [2026-04-14T19:22:37.312+0000] {dagbag.py:588} INFO - Filling up the DagBag from /opt/airflow/dags/raw_from_api_to_s3.py
[2026-04-14T19:22:37.364+0000] {processor.py:925} INFO - DAG(s) 'raw_from_api_to_s3' retrieved from /opt/airflow/dags/raw_from_api_to_s3.py
[2026-04-14T19:22:37.371+0000] {logging_mixin.py:190} INFO - [2026-04-14T19:22:37.371+0000] {dag.py:3239} INFO - Sync 1 DAGs
[2026-04-14T19:22:37.380+0000] {logging_mixin.py:190} INFO - [2026-04-14T19:22:37.380+0000] {dag.py:4180} INFO - Setting next_dagrun for raw_from_api_to_s3 to 2026-04-14 00:00:00+00:00, run_after=2026-04-15 00:00:00+00:00
[2026-04-14T19:22:37.387+0000] {processor.py:208} INFO - Processing /opt/airflow/dags/raw_from_api_to_s3.py took 0.084 seconds
[2026-04-14T19:23:07.648+0000] {processor.py:186} INFO - Started process (PID=4016) to work on /opt/airflow/dags/raw_from_api_to_s3.py
[2026-04-14T19:23:07.649+0000] {processor.py:914} INFO - Processing file /opt/airflow/dags/raw_from_api_to_s3.py for tasks to queue
[2026-04-14T19:23:07.651+0000] {logging_mixin.py:190} INFO - [2026-04-14T19:23:07.651+0000] {dagbag.py:588} INFO - Filling up the DagBag from /opt/airflow/dags/raw_from_api_to_s3.py
[2026-04-14T19:23:07.700+0000] {processor.py:925} INFO - DAG(s) 'raw_from_api_to_s3' retrieved from /opt/airflow/dags/raw_from_api_to_s3.py
[2026-04-14T19:23:07.707+0000] {logging_mixin.py:190} INFO - [2026-04-14T19:23:07.707+0000] {dag.py:3239} INFO - Sync 1 DAGs
[2026-04-14T19:23:07.716+0000] {logging_mixin.py:190} INFO - [2026-04-14T19:23:07.716+0000] {dag.py:4180} INFO - Setting next_dagrun for raw_from_api_to_s3 to 2026-04-14 00:00:00+00:00, run_after=2026-04-15 00:00:00+00:00
[2026-04-14T19:23:07.722+0000] {processor.py:208} INFO - Processing /opt/airflow/dags/raw_from_api_to_s3.py took 0.080 seconds
[2026-04-14T19:23:37.994+0000] {processor.py:186} INFO - Started process (PID=4030) to work on /opt/airflow/dags/raw_from_api_to_s3.py
[2026-04-14T19:23:37.994+0000] {processor.py:914} INFO - Processing file /opt/airflow/dags/raw_from_api_to_s3.py for tasks to queue
[2026-04-14T19:23:37.997+0000] {logging_mixin.py:190} INFO - [2026-04-14T19:23:37.996+0000] {dagbag.py:588} INFO - Filling up the DagBag from /opt/airflow/dags/raw_from_api_to_s3.py
[2026-04-14T19:23:38.045+0000] {processor.py:925} INFO - DAG(s) 'raw_from_api_to_s3' retrieved from /opt/airflow/dags/raw_from_api_to_s3.py
[2026-04-14T19:23:38.051+0000] {logging_mixin.py:190} INFO - [2026-04-14T19:23:38.051+0000] {dag.py:3239} INFO - Sync 1 DAGs
[2026-04-14T19:23:38.060+0000] {logging_mixin.py:190} INFO - [2026-04-14T19:23:38.060+0000] {dag.py:4180} INFO - Setting next_dagrun for raw_from_api_to_s3 to 2026-04-14 00:00:00+00:00, run_after=2026-04-15 00:00:00+00:00
[2026-04-14T19:23:38.066+0000] {processor.py:208} INFO - Processing /opt/airflow/dags/raw_from_api_to_s3.py took 0.079 seconds
[2026-04-14T19:24:08.350+0000] {processor.py:186} INFO - Started process (PID=4044) to work on /opt/airflow/dags/raw_from_api_to_s3.py
[2026-04-14T19:24:08.352+0000] {processor.py:914} INFO - Processing file /opt/airflow/dags/raw_from_api_to_s3.py for tasks to queue
[2026-04-14T19:24:08.361+0000] {logging_mixin.py:190} INFO - [2026-04-14T19:24:08.360+0000] {dagbag.py:588} INFO - Filling up the DagBag from /opt/airflow/dags/raw_from_api_to_s3.py
[2026-04-14T19:24:08.448+0000] {processor.py:925} INFO - DAG(s) 'raw_from_api_to_s3' retrieved from /opt/airflow/dags/raw_from_api_to_s3.py
[2026-04-14T19:24:08.458+0000] {logging_mixin.py:190} INFO - [2026-04-14T19:24:08.458+0000] {dag.py:3239} INFO - Sync 1 DAGs
[2026-04-14T19:24:08.471+0000] {logging_mixin.py:190} INFO - [2026-04-14T19:24:08.471+0000] {dag.py:4180} INFO - Setting next_dagrun for raw_from_api_to_s3 to 2026-04-14 00:00:00+00:00, run_after=2026-04-15 00:00:00+00:00
[2026-04-14T19:24:08.479+0000] {processor.py:208} INFO - Processing /opt/airflow/dags/raw_from_api_to_s3.py took 0.140 seconds
[2026-04-14T19:24:38.750+0000] {processor.py:186} INFO - Started process (PID=4058) to work on /opt/airflow/dags/raw_from_api_to_s3.py
[2026-04-14T19:24:38.751+0000] {processor.py:914} INFO - Processing file /opt/airflow/dags/raw_from_api_to_s3.py for tasks to queue
[2026-04-14T19:24:38.754+0000] {logging_mixin.py:190} INFO - [2026-04-14T19:24:38.754+0000] {dagbag.py:588} INFO - Filling up the DagBag from /opt/airflow/dags/raw_from_api_to_s3.py
[2026-04-14T19:24:38.804+0000] {processor.py:925} INFO - DAG(s) 'raw_from_api_to_s3' retrieved from /opt/airflow/dags/raw_from_api_to_s3.py
[2026-04-14T19:24:38.810+0000] {logging_mixin.py:190} INFO - [2026-04-14T19:24:38.810+0000] {dag.py:3239} INFO - Sync 1 DAGs
[2026-04-14T19:24:38.820+0000] {logging_mixin.py:190} INFO - [2026-04-14T19:24:38.820+0000] {dag.py:4180} INFO - Setting next_dagrun for raw_from_api_to_s3 to 2026-04-14 00:00:00+00:00, run_after=2026-04-15 00:00:00+00:00
[2026-04-14T19:24:38.827+0000] {processor.py:208} INFO - Processing /opt/airflow/dags/raw_from_api_to_s3.py took 0.085 seconds
[2026-04-14T19:25:09.186+0000] {processor.py:186} INFO - Started process (PID=4072) to work on /opt/airflow/dags/raw_from_api_to_s3.py
[2026-04-14T19:25:09.188+0000] {processor.py:914} INFO - Processing file /opt/airflow/dags/raw_from_api_to_s3.py for tasks to queue
[2026-04-14T19:25:09.191+0000] {logging_mixin.py:190} INFO - [2026-04-14T19:25:09.191+0000] {dagbag.py:588} INFO - Filling up the DagBag from /opt/airflow/dags/raw_from_api_to_s3.py
[2026-04-14T19:25:09.251+0000] {processor.py:925} INFO - DAG(s) 'raw_from_api_to_s3' retrieved from /opt/airflow/dags/raw_from_api_to_s3.py
[2026-04-14T19:25:09.260+0000] {logging_mixin.py:190} INFO - [2026-04-14T19:25:09.260+0000] {dag.py:3239} INFO - Sync 1 DAGs
[2026-04-14T19:25:09.271+0000] {logging_mixin.py:190} INFO - [2026-04-14T19:25:09.270+0000] {dag.py:4180} INFO - Setting next_dagrun for raw_from_api_to_s3 to 2026-04-14 00:00:00+00:00, run_after=2026-04-15 00:00:00+00:00
[2026-04-14T19:25:09.278+0000] {processor.py:208} INFO - Processing /opt/airflow/dags/raw_from_api_to_s3.py took 0.099 seconds
[2026-04-14T19:25:39.536+0000] {processor.py:186} INFO - Started process (PID=4086) to work on /opt/airflow/dags/raw_from_api_to_s3.py
[2026-04-14T19:25:39.537+0000] {processor.py:914} INFO - Processing file /opt/airflow/dags/raw_from_api_to_s3.py for tasks to queue
[2026-04-14T19:25:39.540+0000] {logging_mixin.py:190} INFO - [2026-04-14T19:25:39.539+0000] {dagbag.py:588} INFO - Filling up the DagBag from /opt/airflow/dags/raw_from_api_to_s3.py
[2026-04-14T19:25:39.586+0000] {processor.py:925} INFO - DAG(s) 'raw_from_api_to_s3' retrieved from /opt/airflow/dags/raw_from_api_to_s3.py
[2026-04-14T19:25:39.593+0000] {logging_mixin.py:190} INFO - [2026-04-14T19:25:39.593+0000] {dag.py:3239} INFO - Sync 1 DAGs
[2026-04-14T19:25:39.602+0000] {logging_mixin.py:190} INFO - [2026-04-14T19:25:39.602+0000] {dag.py:4180} INFO - Setting next_dagrun for raw_from_api_to_s3 to 2026-04-14 00:00:00+00:00, run_after=2026-04-15 00:00:00+00:00
[2026-04-14T19:25:39.608+0000] {processor.py:208} INFO - Processing /opt/airflow/dags/raw_from_api_to_s3.py took 0.079 seconds
[2026-04-14T19:26:09.845+0000] {processor.py:186} INFO - Started process (PID=4100) to work on /opt/airflow/dags/raw_from_api_to_s3.py
[2026-04-14T19:26:09.846+0000] {processor.py:914} INFO - Processing file /opt/airflow/dags/raw_from_api_to_s3.py for tasks to queue
[2026-04-14T19:26:09.848+0000] {logging_mixin.py:190} INFO - [2026-04-14T19:26:09.848+0000] {dagbag.py:588} INFO - Filling up the DagBag from /opt/airflow/dags/raw_from_api_to_s3.py
[2026-04-14T19:26:09.891+0000] {processor.py:925} INFO - DAG(s) 'raw_from_api_to_s3' retrieved from /opt/airflow/dags/raw_from_api_to_s3.py
[2026-04-14T19:26:09.898+0000] {logging_mixin.py:190} INFO - [2026-04-14T19:26:09.898+0000] {dag.py:3239} INFO - Sync 1 DAGs
[2026-04-14T19:26:09.907+0000] {logging_mixin.py:190} INFO - [2026-04-14T19:26:09.907+0000] {dag.py:4180} INFO - Setting next_dagrun for raw_from_api_to_s3 to 2026-04-14 00:00:00+00:00, run_after=2026-04-15 00:00:00+00:00
[2026-04-14T19:26:09.914+0000] {processor.py:208} INFO - Processing /opt/airflow/dags/raw_from_api_to_s3.py took 0.074 seconds
[2026-04-14T19:26:40.090+0000] {processor.py:186} INFO - Started process (PID=4114) to work on /opt/airflow/dags/raw_from_api_to_s3.py
[2026-04-14T19:26:40.091+0000] {processor.py:914} INFO - Processing file /opt/airflow/dags/raw_from_api_to_s3.py for tasks to queue
[2026-04-14T19:26:40.092+0000] {logging_mixin.py:190} INFO - [2026-04-14T19:26:40.092+0000] {dagbag.py:588} INFO - Filling up the DagBag from /opt/airflow/dags/raw_from_api_to_s3.py
[2026-04-14T19:26:40.128+0000] {processor.py:925} INFO - DAG(s) 'raw_from_api_to_s3' retrieved from /opt/airflow/dags/raw_from_api_to_s3.py
[2026-04-14T19:26:40.134+0000] {logging_mixin.py:190} INFO - [2026-04-14T19:26:40.134+0000] {dag.py:3239} INFO - Sync 1 DAGs
[2026-04-14T19:26:40.143+0000] {logging_mixin.py:190} INFO - [2026-04-14T19:26:40.143+0000] {dag.py:4180} INFO - Setting next_dagrun for raw_from_api_to_s3 to 2026-04-14 00:00:00+00:00, run_after=2026-04-15 00:00:00+00:00
[2026-04-14T19:26:40.149+0000] {processor.py:208} INFO - Processing /opt/airflow/dags/raw_from_api_to_s3.py took 0.063 seconds
[2026-04-14T19:27:10.554+0000] {processor.py:186} INFO - Started process (PID=4128) to work on /opt/airflow/dags/raw_from_api_to_s3.py
[2026-04-14T19:27:10.556+0000] {processor.py:914} INFO - Processing file /opt/airflow/dags/raw_from_api_to_s3.py for tasks to queue
[2026-04-14T19:27:10.559+0000] {logging_mixin.py:190} INFO - [2026-04-14T19:27:10.559+0000] {dagbag.py:588} INFO - Filling up the DagBag from /opt/airflow/dags/raw_from_api_to_s3.py
[2026-04-14T19:27:10.613+0000] {processor.py:925} INFO - DAG(s) 'raw_from_api_to_s3' retrieved from /opt/airflow/dags/raw_from_api_to_s3.py
[2026-04-14T19:27:10.619+0000] {logging_mixin.py:190} INFO - [2026-04-14T19:27:10.619+0000] {dag.py:3239} INFO - Sync 1 DAGs
[2026-04-14T19:27:10.627+0000] {logging_mixin.py:190} INFO - [2026-04-14T19:27:10.627+0000] {dag.py:4180} INFO - Setting next_dagrun for raw_from_api_to_s3 to 2026-04-14 00:00:00+00:00, run_after=2026-04-15 00:00:00+00:00
[2026-04-14T19:27:10.634+0000] {processor.py:208} INFO - Processing /opt/airflow/dags/raw_from_api_to_s3.py took 0.089 seconds
[2026-04-14T19:27:40.910+0000] {processor.py:186} INFO - Started process (PID=4142) to work on /opt/airflow/dags/raw_from_api_to_s3.py
[2026-04-14T19:27:40.911+0000] {processor.py:914} INFO - Processing file /opt/airflow/dags/raw_from_api_to_s3.py for tasks to queue
[2026-04-14T19:27:40.913+0000] {logging_mixin.py:190} INFO - [2026-04-14T19:27:40.913+0000] {dagbag.py:588} INFO - Filling up the DagBag from /opt/airflow/dags/raw_from_api_to_s3.py
[2026-04-14T19:27:40.971+0000] {processor.py:925} INFO - DAG(s) 'raw_from_api_to_s3' retrieved from /opt/airflow/dags/raw_from_api_to_s3.py
[2026-04-14T19:27:40.979+0000] {logging_mixin.py:190} INFO - [2026-04-14T19:27:40.979+0000] {dag.py:3239} INFO - Sync 1 DAGs
[2026-04-14T19:27:40.990+0000] {logging_mixin.py:190} INFO - [2026-04-14T19:27:40.990+0000] {dag.py:4180} INFO - Setting next_dagrun for raw_from_api_to_s3 to 2026-04-14 00:00:00+00:00, run_after=2026-04-15 00:00:00+00:00
[2026-04-14T19:27:40.996+0000] {processor.py:208} INFO - Processing /opt/airflow/dags/raw_from_api_to_s3.py took 0.094 seconds
[2026-04-14T19:28:11.290+0000] {processor.py:186} INFO - Started process (PID=4156) to work on /opt/airflow/dags/raw_from_api_to_s3.py
[2026-04-14T19:28:11.290+0000] {processor.py:914} INFO - Processing file /opt/airflow/dags/raw_from_api_to_s3.py for tasks to queue
[2026-04-14T19:28:11.293+0000] {logging_mixin.py:190} INFO - [2026-04-14T19:28:11.293+0000] {dagbag.py:588} INFO - Filling up the DagBag from /opt/airflow/dags/raw_from_api_to_s3.py
[2026-04-14T19:28:11.342+0000] {processor.py:925} INFO - DAG(s) 'raw_from_api_to_s3' retrieved from /opt/airflow/dags/raw_from_api_to_s3.py
[2026-04-14T19:28:11.349+0000] {logging_mixin.py:190} INFO - [2026-04-14T19:28:11.349+0000] {dag.py:3239} INFO - Sync 1 DAGs
[2026-04-14T19:28:11.358+0000] {logging_mixin.py:190} INFO - [2026-04-14T19:28:11.358+0000] {dag.py:4180} INFO - Setting next_dagrun for raw_from_api_to_s3 to 2026-04-14 00:00:00+00:00, run_after=2026-04-15 00:00:00+00:00
[2026-04-14T19:28:11.365+0000] {processor.py:208} INFO - Processing /opt/airflow/dags/raw_from_api_to_s3.py took 0.082 seconds
[2026-04-14T19:28:41.661+0000] {processor.py:186} INFO - Started process (PID=4170) to work on /opt/airflow/dags/raw_from_api_to_s3.py
[2026-04-14T19:28:41.662+0000] {processor.py:914} INFO - Processing file /opt/airflow/dags/raw_from_api_to_s3.py for tasks to queue
[2026-04-14T19:28:41.664+0000] {logging_mixin.py:190} INFO - [2026-04-14T19:28:41.664+0000] {dagbag.py:588} INFO - Filling up the DagBag from /opt/airflow/dags/raw_from_api_to_s3.py
[2026-04-14T19:28:41.714+0000] {processor.py:925} INFO - DAG(s) 'raw_from_api_to_s3' retrieved from /opt/airflow/dags/raw_from_api_to_s3.py
[2026-04-14T19:28:41.721+0000] {logging_mixin.py:190} INFO - [2026-04-14T19:28:41.721+0000] {dag.py:3239} INFO - Sync 1 DAGs
[2026-04-14T19:28:41.729+0000] {logging_mixin.py:190} INFO - [2026-04-14T19:28:41.729+0000] {dag.py:4180} INFO - Setting next_dagrun for raw_from_api_to_s3 to 2026-04-14 00:00:00+00:00, run_after=2026-04-15 00:00:00+00:00
[2026-04-14T19:28:41.735+0000] {processor.py:208} INFO - Processing /opt/airflow/dags/raw_from_api_to_s3.py took 0.081 seconds
[2026-04-14T19:29:12.028+0000] {processor.py:186} INFO - Started process (PID=4184) to work on /opt/airflow/dags/raw_from_api_to_s3.py
[2026-04-14T19:29:12.029+0000] {processor.py:914} INFO - Processing file /opt/airflow/dags/raw_from_api_to_s3.py for tasks to queue
[2026-04-14T19:29:12.034+0000] {logging_mixin.py:190} INFO - [2026-04-14T19:29:12.033+0000] {dagbag.py:588} INFO - Filling up the DagBag from /opt/airflow/dags/raw_from_api_to_s3.py
[2026-04-14T19:29:12.107+0000] {processor.py:925} INFO - DAG(s) 'raw_from_api_to_s3' retrieved from /opt/airflow/dags/raw_from_api_to_s3.py
[2026-04-14T19:29:12.114+0000] {logging_mixin.py:190} INFO - [2026-04-14T19:29:12.114+0000] {dag.py:3239} INFO - Sync 1 DAGs
[2026-04-14T19:29:12.124+0000] {logging_mixin.py:190} INFO - [2026-04-14T19:29:12.124+0000] {dag.py:4180} INFO - Setting next_dagrun for raw_from_api_to_s3 to 2026-04-14 00:00:00+00:00, run_after=2026-04-15 00:00:00+00:00
[2026-04-14T19:29:12.133+0000] {processor.py:208} INFO - Processing /opt/airflow/dags/raw_from_api_to_s3.py took 0.113 seconds
[2026-04-14T19:29:42.433+0000] {processor.py:186} INFO - Started process (PID=4198) to work on /opt/airflow/dags/raw_from_api_to_s3.py
[2026-04-14T19:29:42.433+0000] {processor.py:914} INFO - Processing file /opt/airflow/dags/raw_from_api_to_s3.py for tasks to queue
[2026-04-14T19:29:42.436+0000] {logging_mixin.py:190} INFO - [2026-04-14T19:29:42.436+0000] {dagbag.py:588} INFO - Filling up the DagBag from /opt/airflow/dags/raw_from_api_to_s3.py
[2026-04-14T19:29:42.482+0000] {processor.py:925} INFO - DAG(s) 'raw_from_api_to_s3' retrieved from /opt/airflow/dags/raw_from_api_to_s3.py
[2026-04-14T19:29:42.489+0000] {logging_mixin.py:190} INFO - [2026-04-14T19:29:42.489+0000] {dag.py:3239} INFO - Sync 1 DAGs
[2026-04-14T19:29:42.498+0000] {logging_mixin.py:190} INFO - [2026-04-14T19:29:42.498+0000] {dag.py:4180} INFO - Setting next_dagrun for raw_from_api_to_s3 to 2026-04-14 00:00:00+00:00, run_after=2026-04-15 00:00:00+00:00
[2026-04-14T19:29:42.505+0000] {processor.py:208} INFO - Processing /opt/airflow/dags/raw_from_api_to_s3.py took 0.080 seconds
[2026-04-14T19:30:12.767+0000] {processor.py:186} INFO - Started process (PID=4212) to work on /opt/airflow/dags/raw_from_api_to_s3.py
[2026-04-14T19:30:12.769+0000] {processor.py:914} INFO - Processing file /opt/airflow/dags/raw_from_api_to_s3.py for tasks to queue
[2026-04-14T19:30:12.772+0000] {logging_mixin.py:190} INFO - [2026-04-14T19:30:12.771+0000] {dagbag.py:588} INFO - Filling up the DagBag from /opt/airflow/dags/raw_from_api_to_s3.py
[2026-04-14T19:30:12.828+0000] {processor.py:925} INFO - DAG(s) 'raw_from_api_to_s3' retrieved from /opt/airflow/dags/raw_from_api_to_s3.py
[2026-04-14T19:30:12.836+0000] {logging_mixin.py:190} INFO - [2026-04-14T19:30:12.836+0000] {dag.py:3239} INFO - Sync 1 DAGs
[2026-04-14T19:30:12.846+0000] {logging_mixin.py:190} INFO - [2026-04-14T19:30:12.846+0000] {dag.py:4180} INFO - Setting next_dagrun for raw_from_api_to_s3 to 2026-04-14 00:00:00+00:00, run_after=2026-04-15 00:00:00+00:00
[2026-04-14T19:30:12.853+0000] {processor.py:208} INFO - Processing /opt/airflow/dags/raw_from_api_to_s3.py took 0.093 seconds
[2026-04-14T19:30:43.114+0000] {processor.py:186} INFO - Started process (PID=4226) to work on /opt/airflow/dags/raw_from_api_to_s3.py
[2026-04-14T19:30:43.115+0000] {processor.py:914} INFO - Processing file /opt/airflow/dags/raw_from_api_to_s3.py for tasks to queue
[2026-04-14T19:30:43.116+0000] {logging_mixin.py:190} INFO - [2026-04-14T19:30:43.116+0000] {dagbag.py:588} INFO - Filling up the DagBag from /opt/airflow/dags/raw_from_api_to_s3.py
[2026-04-14T19:30:43.152+0000] {processor.py:925} INFO - DAG(s) 'raw_from_api_to_s3' retrieved from /opt/airflow/dags/raw_from_api_to_s3.py
[2026-04-14T19:30:43.160+0000] {logging_mixin.py:190} INFO - [2026-04-14T19:30:43.160+0000] {dag.py:3239} INFO - Sync 1 DAGs
[2026-04-14T19:30:43.172+0000] {logging_mixin.py:190} INFO - [2026-04-14T19:30:43.172+0000] {dag.py:4180} INFO - Setting next_dagrun for raw_from_api_to_s3 to 2026-04-14 00:00:00+00:00, run_after=2026-04-15 00:00:00+00:00
[2026-04-14T19:30:43.179+0000] {processor.py:208} INFO - Processing /opt/airflow/dags/raw_from_api_to_s3.py took 0.067 seconds
[2026-04-14T19:31:13.474+0000] {processor.py:186} INFO - Started process (PID=4240) to work on /opt/airflow/dags/raw_from_api_to_s3.py
[2026-04-14T19:31:13.474+0000] {processor.py:914} INFO - Processing file /opt/airflow/dags/raw_from_api_to_s3.py for tasks to queue
[2026-04-14T19:31:13.475+0000] {logging_mixin.py:190} INFO - [2026-04-14T19:31:13.475+0000] {dagbag.py:588} INFO - Filling up the DagBag from /opt/airflow/dags/raw_from_api_to_s3.py
[2026-04-14T19:31:13.510+0000] {processor.py:925} INFO - DAG(s) 'raw_from_api_to_s3' retrieved from /opt/airflow/dags/raw_from_api_to_s3.py
[2026-04-14T19:31:13.517+0000] {logging_mixin.py:190} INFO - [2026-04-14T19:31:13.516+0000] {dag.py:3239} INFO - Sync 1 DAGs
[2026-04-14T19:31:13.525+0000] {logging_mixin.py:190} INFO - [2026-04-14T19:31:13.525+0000] {dag.py:4180} INFO - Setting next_dagrun for raw_from_api_to_s3 to 2026-04-14 00:00:00+00:00, run_after=2026-04-15 00:00:00+00:00
[2026-04-14T19:31:13.532+0000] {processor.py:208} INFO - Processing /opt/airflow/dags/raw_from_api_to_s3.py took 0.061 seconds
[2026-04-14T19:31:43.821+0000] {processor.py:186} INFO - Started process (PID=4254) to work on /opt/airflow/dags/raw_from_api_to_s3.py
[2026-04-14T19:31:43.822+0000] {processor.py:914} INFO - Processing file /opt/airflow/dags/raw_from_api_to_s3.py for tasks to queue
[2026-04-14T19:31:43.825+0000] {logging_mixin.py:190} INFO - [2026-04-14T19:31:43.824+0000] {dagbag.py:588} INFO - Filling up the DagBag from /opt/airflow/dags/raw_from_api_to_s3.py
[2026-04-14T19:31:43.873+0000] {processor.py:925} INFO - DAG(s) 'raw_from_api_to_s3' retrieved from /opt/airflow/dags/raw_from_api_to_s3.py
[2026-04-14T19:31:43.880+0000] {logging_mixin.py:190} INFO - [2026-04-14T19:31:43.880+0000] {dag.py:3239} INFO - Sync 1 DAGs
[2026-04-14T19:31:43.888+0000] {logging_mixin.py:190} INFO - [2026-04-14T19:31:43.888+0000] {dag.py:4180} INFO - Setting next_dagrun for raw_from_api_to_s3 to 2026-04-14 00:00:00+00:00, run_after=2026-04-15 00:00:00+00:00
[2026-04-14T19:31:43.895+0000] {processor.py:208} INFO - Processing /opt/airflow/dags/raw_from_api_to_s3.py took 0.080 seconds
[2026-04-14T19:32:14.181+0000] {processor.py:186} INFO - Started process (PID=4268) to work on /opt/airflow/dags/raw_from_api_to_s3.py
[2026-04-14T19:32:14.182+0000] {processor.py:914} INFO - Processing file /opt/airflow/dags/raw_from_api_to_s3.py for tasks to queue
[2026-04-14T19:32:14.185+0000] {logging_mixin.py:190} INFO - [2026-04-14T19:32:14.185+0000] {dagbag.py:588} INFO - Filling up the DagBag from /opt/airflow/dags/raw_from_api_to_s3.py
[2026-04-14T19:32:14.234+0000] {processor.py:925} INFO - DAG(s) 'raw_from_api_to_s3' retrieved from /opt/airflow/dags/raw_from_api_to_s3.py
[2026-04-14T19:32:14.241+0000] {logging_mixin.py:190} INFO - [2026-04-14T19:32:14.241+0000] {dag.py:3239} INFO - Sync 1 DAGs
[2026-04-14T19:32:14.250+0000] {logging_mixin.py:190} INFO - [2026-04-14T19:32:14.249+0000] {dag.py:4180} INFO - Setting next_dagrun for raw_from_api_to_s3 to 2026-04-14 00:00:00+00:00, run_after=2026-04-15 00:00:00+00:00
[2026-04-14T19:32:14.256+0000] {processor.py:208} INFO - Processing /opt/airflow/dags/raw_from_api_to_s3.py took 0.081 seconds
[2026-04-14T19:32:44.540+0000] {processor.py:186} INFO - Started process (PID=4282) to work on /opt/airflow/dags/raw_from_api_to_s3.py
[2026-04-14T19:32:44.541+0000] {processor.py:914} INFO - Processing file /opt/airflow/dags/raw_from_api_to_s3.py for tasks to queue
[2026-04-14T19:32:44.545+0000] {logging_mixin.py:190} INFO - [2026-04-14T19:32:44.544+0000] {dagbag.py:588} INFO - Filling up the DagBag from /opt/airflow/dags/raw_from_api_to_s3.py
[2026-04-14T19:32:44.606+0000] {processor.py:925} INFO - DAG(s) 'raw_from_api_to_s3' retrieved from /opt/airflow/dags/raw_from_api_to_s3.py
[2026-04-14T19:32:44.614+0000] {logging_mixin.py:190} INFO - [2026-04-14T19:32:44.614+0000] {dag.py:3239} INFO - Sync 1 DAGs
[2026-04-14T19:32:44.625+0000] {logging_mixin.py:190} INFO - [2026-04-14T19:32:44.625+0000] {dag.py:4180} INFO - Setting next_dagrun for raw_from_api_to_s3 to 2026-04-14 00:00:00+00:00, run_after=2026-04-15 00:00:00+00:00
[2026-04-14T19:32:44.632+0000] {processor.py:208} INFO - Processing /opt/airflow/dags/raw_from_api_to_s3.py took 0.101 seconds
[2026-04-14T19:33:14.906+0000] {processor.py:186} INFO - Started process (PID=4296) to work on /opt/airflow/dags/raw_from_api_to_s3.py
[2026-04-14T19:33:14.907+0000] {processor.py:914} INFO - Processing file /opt/airflow/dags/raw_from_api_to_s3.py for tasks to queue
[2026-04-14T19:33:14.910+0000] {logging_mixin.py:190} INFO - [2026-04-14T19:33:14.909+0000] {dagbag.py:588} INFO - Filling up the DagBag from /opt/airflow/dags/raw_from_api_to_s3.py
[2026-04-14T19:33:14.955+0000] {processor.py:925} INFO - DAG(s) 'raw_from_api_to_s3' retrieved from /opt/airflow/dags/raw_from_api_to_s3.py
[2026-04-14T19:33:14.962+0000] {logging_mixin.py:190} INFO - [2026-04-14T19:33:14.962+0000] {dag.py:3239} INFO - Sync 1 DAGs
[2026-04-14T19:33:14.971+0000] {logging_mixin.py:190} INFO - [2026-04-14T19:33:14.971+0000] {dag.py:4180} INFO - Setting next_dagrun for raw_from_api_to_s3 to 2026-04-14 00:00:00+00:00, run_after=2026-04-15 00:00:00+00:00
[2026-04-14T19:33:14.977+0000] {processor.py:208} INFO - Processing /opt/airflow/dags/raw_from_api_to_s3.py took 0.079 seconds
[2026-04-14T19:33:45.260+0000] {processor.py:186} INFO - Started process (PID=4310) to work on /opt/airflow/dags/raw_from_api_to_s3.py
[2026-04-14T19:33:45.261+0000] {processor.py:914} INFO - Processing file /opt/airflow/dags/raw_from_api_to_s3.py for tasks to queue
[2026-04-14T19:33:45.263+0000] {logging_mixin.py:190} INFO - [2026-04-14T19:33:45.263+0000] {dagbag.py:588} INFO - Filling up the DagBag from /opt/airflow/dags/raw_from_api_to_s3.py
[2026-04-14T19:33:45.311+0000] {processor.py:925} INFO - DAG(s) 'raw_from_api_to_s3' retrieved from /opt/airflow/dags/raw_from_api_to_s3.py
[2026-04-14T19:33:45.318+0000] {logging_mixin.py:190} INFO - [2026-04-14T19:33:45.318+0000] {dag.py:3239} INFO - Sync 1 DAGs
[2026-04-14T19:33:45.327+0000] {logging_mixin.py:190} INFO - [2026-04-14T19:33:45.327+0000] {dag.py:4180} INFO - Setting next_dagrun for raw_from_api_to_s3 to 2026-04-14 00:00:00+00:00, run_after=2026-04-15 00:00:00+00:00
[2026-04-14T19:33:45.333+0000] {processor.py:208} INFO - Processing /opt/airflow/dags/raw_from_api_to_s3.py took 0.079 seconds
[2026-04-14T19:34:15.626+0000] {processor.py:186} INFO - Started process (PID=4324) to work on /opt/airflow/dags/raw_from_api_to_s3.py
[2026-04-14T19:34:15.627+0000] {processor.py:914} INFO - Processing file /opt/airflow/dags/raw_from_api_to_s3.py for tasks to queue
[2026-04-14T19:34:15.630+0000] {logging_mixin.py:190} INFO - [2026-04-14T19:34:15.630+0000] {dagbag.py:588} INFO - Filling up the DagBag from /opt/airflow/dags/raw_from_api_to_s3.py
[2026-04-14T19:34:15.680+0000] {processor.py:925} INFO - DAG(s) 'raw_from_api_to_s3' retrieved from /opt/airflow/dags/raw_from_api_to_s3.py
[2026-04-14T19:34:15.687+0000] {logging_mixin.py:190} INFO - [2026-04-14T19:34:15.687+0000] {dag.py:3239} INFO - Sync 1 DAGs
[2026-04-14T19:34:15.696+0000] {logging_mixin.py:190} INFO - [2026-04-14T19:34:15.696+0000] {dag.py:4180} INFO - Setting next_dagrun for raw_from_api_to_s3 to 2026-04-14 00:00:00+00:00, run_after=2026-04-15 00:00:00+00:00
[2026-04-14T19:34:15.702+0000] {processor.py:208} INFO - Processing /opt/airflow/dags/raw_from_api_to_s3.py took 0.082 seconds
[2026-04-14T19:34:45.987+0000] {processor.py:186} INFO - Started process (PID=4338) to work on /opt/airflow/dags/raw_from_api_to_s3.py
[2026-04-14T19:34:45.988+0000] {processor.py:914} INFO - Processing file /opt/airflow/dags/raw_from_api_to_s3.py for tasks to queue
[2026-04-14T19:34:45.990+0000] {logging_mixin.py:190} INFO - [2026-04-14T19:34:45.990+0000] {dagbag.py:588} INFO - Filling up the DagBag from /opt/airflow/dags/raw_from_api_to_s3.py
[2026-04-14T19:34:46.041+0000] {processor.py:925} INFO - DAG(s) 'raw_from_api_to_s3' retrieved from /opt/airflow/dags/raw_from_api_to_s3.py
[2026-04-14T19:34:46.048+0000] {logging_mixin.py:190} INFO - [2026-04-14T19:34:46.048+0000] {dag.py:3239} INFO - Sync 1 DAGs
[2026-04-14T19:34:46.056+0000] {logging_mixin.py:190} INFO - [2026-04-14T19:34:46.056+0000] {dag.py:4180} INFO - Setting next_dagrun for raw_from_api_to_s3 to 2026-04-14 00:00:00+00:00, run_after=2026-04-15 00:00:00+00:00
[2026-04-14T19:34:46.062+0000] {processor.py:208} INFO - Processing /opt/airflow/dags/raw_from_api_to_s3.py took 0.082 seconds
[2026-04-14T19:35:16.322+0000] {processor.py:186} INFO - Started process (PID=4352) to work on /opt/airflow/dags/raw_from_api_to_s3.py
[2026-04-14T19:35:16.323+0000] {processor.py:914} INFO - Processing file /opt/airflow/dags/raw_from_api_to_s3.py for tasks to queue
[2026-04-14T19:35:16.325+0000] {logging_mixin.py:190} INFO - [2026-04-14T19:35:16.325+0000] {dagbag.py:588} INFO - Filling up the DagBag from /opt/airflow/dags/raw_from_api_to_s3.py
[2026-04-14T19:35:16.373+0000] {processor.py:925} INFO - DAG(s) 'raw_from_api_to_s3' retrieved from /opt/airflow/dags/raw_from_api_to_s3.py
[2026-04-14T19:35:16.380+0000] {logging_mixin.py:190} INFO - [2026-04-14T19:35:16.380+0000] {dag.py:3239} INFO - Sync 1 DAGs
[2026-04-14T19:35:16.389+0000] {logging_mixin.py:190} INFO - [2026-04-14T19:35:16.389+0000] {dag.py:4180} INFO - Setting next_dagrun for raw_from_api_to_s3 to 2026-04-14 00:00:00+00:00, run_after=2026-04-15 00:00:00+00:00
[2026-04-14T19:35:16.395+0000] {processor.py:208} INFO - Processing /opt/airflow/dags/raw_from_api_to_s3.py took 0.079 seconds
[2026-04-14T19:35:46.656+0000] {processor.py:186} INFO - Started process (PID=4366) to work on /opt/airflow/dags/raw_from_api_to_s3.py
[2026-04-14T19:35:46.657+0000] {processor.py:914} INFO - Processing file /opt/airflow/dags/raw_from_api_to_s3.py for tasks to queue
[2026-04-14T19:35:46.658+0000] {logging_mixin.py:190} INFO - [2026-04-14T19:35:46.658+0000] {dagbag.py:588} INFO - Filling up the DagBag from /opt/airflow/dags/raw_from_api_to_s3.py
[2026-04-14T19:35:46.690+0000] {processor.py:925} INFO - DAG(s) 'raw_from_api_to_s3' retrieved from /opt/airflow/dags/raw_from_api_to_s3.py
[2026-04-14T19:35:46.696+0000] {logging_mixin.py:190} INFO - [2026-04-14T19:35:46.696+0000] {dag.py:3239} INFO - Sync 1 DAGs
[2026-04-14T19:35:46.704+0000] {logging_mixin.py:190} INFO - [2026-04-14T19:35:46.704+0000] {dag.py:4180} INFO - Setting next_dagrun for raw_from_api_to_s3 to 2026-04-14 00:00:00+00:00, run_after=2026-04-15 00:00:00+00:00
[2026-04-14T19:35:46.711+0000] {processor.py:208} INFO - Processing /opt/airflow/dags/raw_from_api_to_s3.py took 0.057 seconds
[2026-04-14T19:36:16.980+0000] {processor.py:186} INFO - Started process (PID=4380) to work on /opt/airflow/dags/raw_from_api_to_s3.py
[2026-04-14T19:36:16.981+0000] {processor.py:914} INFO - Processing file /opt/airflow/dags/raw_from_api_to_s3.py for tasks to queue
[2026-04-14T19:36:16.982+0000] {logging_mixin.py:190} INFO - [2026-04-14T19:36:16.982+0000] {dagbag.py:588} INFO - Filling up the DagBag from /opt/airflow/dags/raw_from_api_to_s3.py
[2026-04-14T19:36:17.014+0000] {processor.py:925} INFO - DAG(s) 'raw_from_api_to_s3' retrieved from /opt/airflow/dags/raw_from_api_to_s3.py
[2026-04-14T19:36:17.020+0000] {logging_mixin.py:190} INFO - [2026-04-14T19:36:17.020+0000] {dag.py:3239} INFO - Sync 1 DAGs
[2026-04-14T19:36:17.029+0000] {logging_mixin.py:190} INFO - [2026-04-14T19:36:17.029+0000] {dag.py:4180} INFO - Setting next_dagrun for raw_from_api_to_s3 to 2026-04-14 00:00:00+00:00, run_after=2026-04-15 00:00:00+00:00
[2026-04-14T19:36:17.036+0000] {processor.py:208} INFO - Processing /opt/airflow/dags/raw_from_api_to_s3.py took 0.058 seconds
[2026-04-14T19:36:47.297+0000] {processor.py:186} INFO - Started process (PID=4394) to work on /opt/airflow/dags/raw_from_api_to_s3.py
[2026-04-14T19:36:47.298+0000] {processor.py:914} INFO - Processing file /opt/airflow/dags/raw_from_api_to_s3.py for tasks to queue
[2026-04-14T19:36:47.301+0000] {logging_mixin.py:190} INFO - [2026-04-14T19:36:47.301+0000] {dagbag.py:588} INFO - Filling up the DagBag from /opt/airflow/dags/raw_from_api_to_s3.py
[2026-04-14T19:36:47.355+0000] {processor.py:925} INFO - DAG(s) 'raw_from_api_to_s3' retrieved from /opt/airflow/dags/raw_from_api_to_s3.py
[2026-04-14T19:36:47.363+0000] {logging_mixin.py:190} INFO - [2026-04-14T19:36:47.363+0000] {dag.py:3239} INFO - Sync 1 DAGs
[2026-04-14T19:36:47.372+0000] {logging_mixin.py:190} INFO - [2026-04-14T19:36:47.372+0000] {dag.py:4180} INFO - Setting next_dagrun for raw_from_api_to_s3 to 2026-04-14 00:00:00+00:00, run_after=2026-04-15 00:00:00+00:00
[2026-04-14T19:36:47.378+0000] {processor.py:208} INFO - Processing /opt/airflow/dags/raw_from_api_to_s3.py took 0.089 seconds
[2026-04-14T19:37:17.720+0000] {processor.py:186} INFO - Started process (PID=4408) to work on /opt/airflow/dags/raw_from_api_to_s3.py
[2026-04-14T19:37:17.721+0000] {processor.py:914} INFO - Processing file /opt/airflow/dags/raw_from_api_to_s3.py for tasks to queue
[2026-04-14T19:37:17.725+0000] {logging_mixin.py:190} INFO - [2026-04-14T19:37:17.725+0000] {dagbag.py:588} INFO - Filling up the DagBag from /opt/airflow/dags/raw_from_api_to_s3.py
[2026-04-14T19:37:17.785+0000] {processor.py:925} INFO - DAG(s) 'raw_from_api_to_s3' retrieved from /opt/airflow/dags/raw_from_api_to_s3.py
[2026-04-14T19:37:17.793+0000] {logging_mixin.py:190} INFO - [2026-04-14T19:37:17.793+0000] {dag.py:3239} INFO - Sync 1 DAGs
[2026-04-14T19:37:17.803+0000] {logging_mixin.py:190} INFO - [2026-04-14T19:37:17.803+0000] {dag.py:4180} INFO - Setting next_dagrun for raw_from_api_to_s3 to 2026-04-14 00:00:00+00:00, run_after=2026-04-15 00:00:00+00:00
[2026-04-14T19:37:17.810+0000] {processor.py:208} INFO - Processing /opt/airflow/dags/raw_from_api_to_s3.py took 0.098 seconds
[2026-04-14T19:37:48.084+0000] {processor.py:186} INFO - Started process (PID=4422) to work on /opt/airflow/dags/raw_from_api_to_s3.py
[2026-04-14T19:37:48.085+0000] {processor.py:914} INFO - Processing file /opt/airflow/dags/raw_from_api_to_s3.py for tasks to queue
[2026-04-14T19:37:48.088+0000] {logging_mixin.py:190} INFO - [2026-04-14T19:37:48.087+0000] {dagbag.py:588} INFO - Filling up the DagBag from /opt/airflow/dags/raw_from_api_to_s3.py
[2026-04-14T19:37:48.136+0000] {processor.py:925} INFO - DAG(s) 'raw_from_api_to_s3' retrieved from /opt/airflow/dags/raw_from_api_to_s3.py
[2026-04-14T19:37:48.143+0000] {logging_mixin.py:190} INFO - [2026-04-14T19:37:48.143+0000] {dag.py:3239} INFO - Sync 1 DAGs
[2026-04-14T19:37:48.152+0000] {logging_mixin.py:190} INFO - [2026-04-14T19:37:48.152+0000] {dag.py:4180} INFO - Setting next_dagrun for raw_from_api_to_s3 to 2026-04-14 00:00:00+00:00, run_after=2026-04-15 00:00:00+00:00
[2026-04-14T19:37:48.158+0000] {processor.py:208} INFO - Processing /opt/airflow/dags/raw_from_api_to_s3.py took 0.080 seconds
[2026-04-14T19:38:18.398+0000] {processor.py:186} INFO - Started process (PID=4436) to work on /opt/airflow/dags/raw_from_api_to_s3.py
[2026-04-14T19:38:18.399+0000] {processor.py:914} INFO - Processing file /opt/airflow/dags/raw_from_api_to_s3.py for tasks to queue
[2026-04-14T19:38:18.402+0000] {logging_mixin.py:190} INFO - [2026-04-14T19:38:18.401+0000] {dagbag.py:588} INFO - Filling up the DagBag from /opt/airflow/dags/raw_from_api_to_s3.py
[2026-04-14T19:38:18.446+0000] {processor.py:925} INFO - DAG(s) 'raw_from_api_to_s3' retrieved from /opt/airflow/dags/raw_from_api_to_s3.py
[2026-04-14T19:38:18.453+0000] {logging_mixin.py:190} INFO - [2026-04-14T19:38:18.453+0000] {dag.py:3239} INFO - Sync 1 DAGs
[2026-04-14T19:38:18.462+0000] {logging_mixin.py:190} INFO - [2026-04-14T19:38:18.462+0000] {dag.py:4180} INFO - Setting next_dagrun for raw_from_api_to_s3 to 2026-04-14 00:00:00+00:00, run_after=2026-04-15 00:00:00+00:00
[2026-04-14T19:38:18.468+0000] {processor.py:208} INFO - Processing /opt/airflow/dags/raw_from_api_to_s3.py took 0.076 seconds
[2026-04-14T19:38:48.763+0000] {processor.py:186} INFO - Started process (PID=4450) to work on /opt/airflow/dags/raw_from_api_to_s3.py
[2026-04-14T19:38:48.764+0000] {processor.py:914} INFO - Processing file /opt/airflow/dags/raw_from_api_to_s3.py for tasks to queue
[2026-04-14T19:38:48.765+0000] {logging_mixin.py:190} INFO - [2026-04-14T19:38:48.765+0000] {dagbag.py:588} INFO - Filling up the DagBag from /opt/airflow/dags/raw_from_api_to_s3.py
[2026-04-14T19:38:48.808+0000] {processor.py:925} INFO - DAG(s) 'raw_from_api_to_s3' retrieved from /opt/airflow/dags/raw_from_api_to_s3.py
[2026-04-14T19:38:48.814+0000] {logging_mixin.py:190} INFO - [2026-04-14T19:38:48.814+0000] {dag.py:3239} INFO - Sync 1 DAGs
[2026-04-14T19:38:48.823+0000] {logging_mixin.py:190} INFO - [2026-04-14T19:38:48.823+0000] {dag.py:4180} INFO - Setting next_dagrun for raw_from_api_to_s3 to 2026-04-14 00:00:00+00:00, run_after=2026-04-15 00:00:00+00:00
[2026-04-14T19:38:48.829+0000] {processor.py:208} INFO - Processing /opt/airflow/dags/raw_from_api_to_s3.py took 0.070 seconds
[2026-04-14T19:39:19.177+0000] {processor.py:186} INFO - Started process (PID=4464) to work on /opt/airflow/dags/raw_from_api_to_s3.py
[2026-04-14T19:39:19.179+0000] {processor.py:914} INFO - Processing file /opt/airflow/dags/raw_from_api_to_s3.py for tasks to queue
[2026-04-14T19:39:19.182+0000] {logging_mixin.py:190} INFO - [2026-04-14T19:39:19.182+0000] {dagbag.py:588} INFO - Filling up the DagBag from /opt/airflow/dags/raw_from_api_to_s3.py
[2026-04-14T19:39:19.233+0000] {processor.py:925} INFO - DAG(s) 'raw_from_api_to_s3' retrieved from /opt/airflow/dags/raw_from_api_to_s3.py
[2026-04-14T19:39:19.240+0000] {logging_mixin.py:190} INFO - [2026-04-14T19:39:19.240+0000] {dag.py:3239} INFO - Sync 1 DAGs
[2026-04-14T19:39:19.250+0000] {logging_mixin.py:190} INFO - [2026-04-14T19:39:19.250+0000] {dag.py:4180} INFO - Setting next_dagrun for raw_from_api_to_s3 to 2026-04-14 00:00:00+00:00, run_after=2026-04-15 00:00:00+00:00
[2026-04-14T19:39:19.257+0000] {processor.py:208} INFO - Processing /opt/airflow/dags/raw_from_api_to_s3.py took 0.087 seconds
[2026-04-14T19:39:49.563+0000] {processor.py:186} INFO - Started process (PID=4478) to work on /opt/airflow/dags/raw_from_api_to_s3.py
[2026-04-14T19:39:49.564+0000] {processor.py:914} INFO - Processing file /opt/airflow/dags/raw_from_api_to_s3.py for tasks to queue
[2026-04-14T19:39:49.567+0000] {logging_mixin.py:190} INFO - [2026-04-14T19:39:49.566+0000] {dagbag.py:588} INFO - Filling up the DagBag from /opt/airflow/dags/raw_from_api_to_s3.py
[2026-04-14T19:39:49.616+0000] {processor.py:925} INFO - DAG(s) 'raw_from_api_to_s3' retrieved from /opt/airflow/dags/raw_from_api_to_s3.py
[2026-04-14T19:39:49.623+0000] {logging_mixin.py:190} INFO - [2026-04-14T19:39:49.622+0000] {dag.py:3239} INFO - Sync 1 DAGs
[2026-04-14T19:39:49.631+0000] {logging_mixin.py:190} INFO - [2026-04-14T19:39:49.631+0000] {dag.py:4180} INFO - Setting next_dagrun for raw_from_api_to_s3 to 2026-04-14 00:00:00+00:00, run_after=2026-04-15 00:00:00+00:00
[2026-04-14T19:39:49.638+0000] {processor.py:208} INFO - Processing /opt/airflow/dags/raw_from_api_to_s3.py took 0.081 seconds
[2026-04-14T19:40:19.974+0000] {processor.py:186} INFO - Started process (PID=4492) to work on /opt/airflow/dags/raw_from_api_to_s3.py
[2026-04-14T19:40:19.975+0000] {processor.py:914} INFO - Processing file /opt/airflow/dags/raw_from_api_to_s3.py for tasks to queue
[2026-04-14T19:40:19.980+0000] {logging_mixin.py:190} INFO - [2026-04-14T19:40:19.979+0000] {dagbag.py:588} INFO - Filling up the DagBag from /opt/airflow/dags/raw_from_api_to_s3.py
[2026-04-14T19:40:20.052+0000] {processor.py:925} INFO - DAG(s) 'raw_from_api_to_s3' retrieved from /opt/airflow/dags/raw_from_api_to_s3.py
[2026-04-14T19:40:20.062+0000] {logging_mixin.py:190} INFO - [2026-04-14T19:40:20.062+0000] {dag.py:3239} INFO - Sync 1 DAGs
[2026-04-14T19:40:20.073+0000] {logging_mixin.py:190} INFO - [2026-04-14T19:40:20.073+0000] {dag.py:4180} INFO - Setting next_dagrun for raw_from_api_to_s3 to 2026-04-14 00:00:00+00:00, run_after=2026-04-15 00:00:00+00:00
[2026-04-14T19:40:20.080+0000] {processor.py:208} INFO - Processing /opt/airflow/dags/raw_from_api_to_s3.py took 0.116 seconds
[2026-04-14T19:40:50.284+0000] {processor.py:186} INFO - Started process (PID=4506) to work on /opt/airflow/dags/raw_from_api_to_s3.py
[2026-04-14T19:40:50.285+0000] {processor.py:914} INFO - Processing file /opt/airflow/dags/raw_from_api_to_s3.py for tasks to queue
[2026-04-14T19:40:50.288+0000] {logging_mixin.py:190} INFO - [2026-04-14T19:40:50.288+0000] {dagbag.py:588} INFO - Filling up the DagBag from /opt/airflow/dags/raw_from_api_to_s3.py
[2026-04-14T19:40:50.339+0000] {processor.py:925} INFO - DAG(s) 'raw_from_api_to_s3' retrieved from /opt/airflow/dags/raw_from_api_to_s3.py
[2026-04-14T19:40:50.346+0000] {logging_mixin.py:190} INFO - [2026-04-14T19:40:50.345+0000] {dag.py:3239} INFO - Sync 1 DAGs
[2026-04-14T19:40:50.354+0000] {logging_mixin.py:190} INFO - [2026-04-14T19:40:50.354+0000] {dag.py:4180} INFO - Setting next_dagrun for raw_from_api_to_s3 to 2026-04-14 00:00:00+00:00, run_after=2026-04-15 00:00:00+00:00
[2026-04-14T19:40:50.363+0000] {processor.py:208} INFO - Processing /opt/airflow/dags/raw_from_api_to_s3.py took 0.086 seconds
[2026-04-14T19:41:20.710+0000] {processor.py:186} INFO - Started process (PID=4520) to work on /opt/airflow/dags/raw_from_api_to_s3.py
[2026-04-14T19:41:20.711+0000] {processor.py:914} INFO - Processing file /opt/airflow/dags/raw_from_api_to_s3.py for tasks to queue
[2026-04-14T19:41:20.713+0000] {logging_mixin.py:190} INFO - [2026-04-14T19:41:20.713+0000] {dagbag.py:588} INFO - Filling up the DagBag from /opt/airflow/dags/raw_from_api_to_s3.py
[2026-04-14T19:41:20.757+0000] {processor.py:925} INFO - DAG(s) 'raw_from_api_to_s3' retrieved from /opt/airflow/dags/raw_from_api_to_s3.py
[2026-04-14T19:41:20.764+0000] {logging_mixin.py:190} INFO - [2026-04-14T19:41:20.764+0000] {dag.py:3239} INFO - Sync 1 DAGs
[2026-04-14T19:41:20.773+0000] {logging_mixin.py:190} INFO - [2026-04-14T19:41:20.773+0000] {dag.py:4180} INFO - Setting next_dagrun for raw_from_api_to_s3 to 2026-04-14 00:00:00+00:00, run_after=2026-04-15 00:00:00+00:00
[2026-04-14T19:41:20.780+0000] {processor.py:208} INFO - Processing /opt/airflow/dags/raw_from_api_to_s3.py took 0.076 seconds
[2026-04-14T19:41:51.016+0000] {processor.py:186} INFO - Started process (PID=4534) to work on /opt/airflow/dags/raw_from_api_to_s3.py
[2026-04-14T19:41:51.017+0000] {processor.py:914} INFO - Processing file /opt/airflow/dags/raw_from_api_to_s3.py for tasks to queue
[2026-04-14T19:41:51.019+0000] {logging_mixin.py:190} INFO - [2026-04-14T19:41:51.019+0000] {dagbag.py:588} INFO - Filling up the DagBag from /opt/airflow/dags/raw_from_api_to_s3.py
[2026-04-14T19:41:51.059+0000] {processor.py:925} INFO - DAG(s) 'raw_from_api_to_s3' retrieved from /opt/airflow/dags/raw_from_api_to_s3.py
[2026-04-14T19:41:51.065+0000] {logging_mixin.py:190} INFO - [2026-04-14T19:41:51.065+0000] {dag.py:3239} INFO - Sync 1 DAGs
[2026-04-14T19:41:51.074+0000] {logging_mixin.py:190} INFO - [2026-04-14T19:41:51.074+0000] {dag.py:4180} INFO - Setting next_dagrun for raw_from_api_to_s3 to 2026-04-14 00:00:00+00:00, run_after=2026-04-15 00:00:00+00:00
[2026-04-14T19:41:51.081+0000] {processor.py:208} INFO - Processing /opt/airflow/dags/raw_from_api_to_s3.py took 0.070 seconds
[2026-04-14T19:42:21.363+0000] {processor.py:186} INFO - Started process (PID=4548) to work on /opt/airflow/dags/raw_from_api_to_s3.py
[2026-04-14T19:42:21.363+0000] {processor.py:914} INFO - Processing file /opt/airflow/dags/raw_from_api_to_s3.py for tasks to queue
[2026-04-14T19:42:21.367+0000] {logging_mixin.py:190} INFO - [2026-04-14T19:42:21.367+0000] {dagbag.py:588} INFO - Filling up the DagBag from /opt/airflow/dags/raw_from_api_to_s3.py
[2026-04-14T19:42:21.414+0000] {processor.py:925} INFO - DAG(s) 'raw_from_api_to_s3' retrieved from /opt/airflow/dags/raw_from_api_to_s3.py
[2026-04-14T19:42:21.421+0000] {logging_mixin.py:190} INFO - [2026-04-14T19:42:21.421+0000] {dag.py:3239} INFO - Sync 1 DAGs
[2026-04-14T19:42:21.429+0000] {logging_mixin.py:190} INFO - [2026-04-14T19:42:21.429+0000] {dag.py:4180} INFO - Setting next_dagrun for raw_from_api_to_s3 to 2026-04-14 00:00:00+00:00, run_after=2026-04-15 00:00:00+00:00
[2026-04-14T19:42:21.435+0000] {processor.py:208} INFO - Processing /opt/airflow/dags/raw_from_api_to_s3.py took 0.081 seconds
[2026-04-14T19:42:51.728+0000] {processor.py:186} INFO - Started process (PID=4562) to work on /opt/airflow/dags/raw_from_api_to_s3.py
[2026-04-14T19:42:51.728+0000] {processor.py:914} INFO - Processing file /opt/airflow/dags/raw_from_api_to_s3.py for tasks to queue
[2026-04-14T19:42:51.730+0000] {logging_mixin.py:190} INFO - [2026-04-14T19:42:51.730+0000] {dagbag.py:588} INFO - Filling up the DagBag from /opt/airflow/dags/raw_from_api_to_s3.py
[2026-04-14T19:42:51.797+0000] {processor.py:925} INFO - DAG(s) 'raw_from_api_to_s3' retrieved from /opt/airflow/dags/raw_from_api_to_s3.py
[2026-04-14T19:42:51.811+0000] {logging_mixin.py:190} INFO - [2026-04-14T19:42:51.811+0000] {dag.py:3239} INFO - Sync 1 DAGs
[2026-04-14T19:42:51.821+0000] {logging_mixin.py:190} INFO - [2026-04-14T19:42:51.821+0000] {dag.py:4180} INFO - Setting next_dagrun for raw_from_api_to_s3 to 2026-04-14 00:00:00+00:00, run_after=2026-04-15 00:00:00+00:00
[2026-04-14T19:42:51.828+0000] {processor.py:208} INFO - Processing /opt/airflow/dags/raw_from_api_to_s3.py took 0.106 seconds
[2026-04-14T19:43:22.054+0000] {processor.py:186} INFO - Started process (PID=4576) to work on /opt/airflow/dags/raw_from_api_to_s3.py
[2026-04-14T19:43:22.055+0000] {processor.py:914} INFO - Processing file /opt/airflow/dags/raw_from_api_to_s3.py for tasks to queue
[2026-04-14T19:43:22.057+0000] {logging_mixin.py:190} INFO - [2026-04-14T19:43:22.057+0000] {dagbag.py:588} INFO - Filling up the DagBag from /opt/airflow/dags/raw_from_api_to_s3.py
[2026-04-14T19:43:22.108+0000] {processor.py:925} INFO - DAG(s) 'raw_from_api_to_s3' retrieved from /opt/airflow/dags/raw_from_api_to_s3.py
[2026-04-14T19:43:22.114+0000] {logging_mixin.py:190} INFO - [2026-04-14T19:43:22.114+0000] {dag.py:3239} INFO - Sync 1 DAGs
[2026-04-14T19:43:22.123+0000] {logging_mixin.py:190} INFO - [2026-04-14T19:43:22.123+0000] {dag.py:4180} INFO - Setting next_dagrun for raw_from_api_to_s3 to 2026-04-14 00:00:00+00:00, run_after=2026-04-15 00:00:00+00:00
[2026-04-14T19:43:22.129+0000] {processor.py:208} INFO - Processing /opt/airflow/dags/raw_from_api_to_s3.py took 0.081 seconds
[2026-04-14T19:43:52.421+0000] {processor.py:186} INFO - Started process (PID=4590) to work on /opt/airflow/dags/raw_from_api_to_s3.py
[2026-04-14T19:43:52.422+0000] {processor.py:914} INFO - Processing file /opt/airflow/dags/raw_from_api_to_s3.py for tasks to queue
[2026-04-14T19:43:52.424+0000] {logging_mixin.py:190} INFO - [2026-04-14T19:43:52.424+0000] {dagbag.py:588} INFO - Filling up the DagBag from /opt/airflow/dags/raw_from_api_to_s3.py
[2026-04-14T19:43:52.472+0000] {processor.py:925} INFO - DAG(s) 'raw_from_api_to_s3' retrieved from /opt/airflow/dags/raw_from_api_to_s3.py
[2026-04-14T19:43:52.479+0000] {logging_mixin.py:190} INFO - [2026-04-14T19:43:52.479+0000] {dag.py:3239} INFO - Sync 1 DAGs
[2026-04-14T19:43:52.488+0000] {logging_mixin.py:190} INFO - [2026-04-14T19:43:52.487+0000] {dag.py:4180} INFO - Setting next_dagrun for raw_from_api_to_s3 to 2026-04-14 00:00:00+00:00, run_after=2026-04-15 00:00:00+00:00
[2026-04-14T19:43:52.494+0000] {processor.py:208} INFO - Processing /opt/airflow/dags/raw_from_api_to_s3.py took 0.080 seconds
[2026-04-14T19:44:22.791+0000] {processor.py:186} INFO - Started process (PID=4604) to work on /opt/airflow/dags/raw_from_api_to_s3.py
[2026-04-14T19:44:22.791+0000] {processor.py:914} INFO - Processing file /opt/airflow/dags/raw_from_api_to_s3.py for tasks to queue
[2026-04-14T19:44:22.794+0000] {logging_mixin.py:190} INFO - [2026-04-14T19:44:22.794+0000] {dagbag.py:588} INFO - Filling up the DagBag from /opt/airflow/dags/raw_from_api_to_s3.py
[2026-04-14T19:44:22.841+0000] {processor.py:925} INFO - DAG(s) 'raw_from_api_to_s3' retrieved from /opt/airflow/dags/raw_from_api_to_s3.py
[2026-04-14T19:44:22.847+0000] {logging_mixin.py:190} INFO - [2026-04-14T19:44:22.847+0000] {dag.py:3239} INFO - Sync 1 DAGs
[2026-04-14T19:44:22.856+0000] {logging_mixin.py:190} INFO - [2026-04-14T19:44:22.856+0000] {dag.py:4180} INFO - Setting next_dagrun for raw_from_api_to_s3 to 2026-04-14 00:00:00+00:00, run_after=2026-04-15 00:00:00+00:00
[2026-04-14T19:44:22.863+0000] {processor.py:208} INFO - Processing /opt/airflow/dags/raw_from_api_to_s3.py took 0.077 seconds
[2026-04-14T19:44:53.147+0000] {processor.py:186} INFO - Started process (PID=4618) to work on /opt/airflow/dags/raw_from_api_to_s3.py
[2026-04-14T19:44:53.148+0000] {processor.py:914} INFO - Processing file /opt/airflow/dags/raw_from_api_to_s3.py for tasks to queue
[2026-04-14T19:44:53.151+0000] {logging_mixin.py:190} INFO - [2026-04-14T19:44:53.150+0000] {dagbag.py:588} INFO - Filling up the DagBag from /opt/airflow/dags/raw_from_api_to_s3.py
[2026-04-14T19:44:53.198+0000] {processor.py:925} INFO - DAG(s) 'raw_from_api_to_s3' retrieved from /opt/airflow/dags/raw_from_api_to_s3.py
[2026-04-14T19:44:53.205+0000] {logging_mixin.py:190} INFO - [2026-04-14T19:44:53.205+0000] {dag.py:3239} INFO - Sync 1 DAGs
[2026-04-14T19:44:53.214+0000] {logging_mixin.py:190} INFO - [2026-04-14T19:44:53.214+0000] {dag.py:4180} INFO - Setting next_dagrun for raw_from_api_to_s3 to 2026-04-14 00:00:00+00:00, run_after=2026-04-15 00:00:00+00:00
[2026-04-14T19:44:53.220+0000] {processor.py:208} INFO - Processing /opt/airflow/dags/raw_from_api_to_s3.py took 0.080 seconds
[2026-04-14T19:45:23.510+0000] {processor.py:186} INFO - Started process (PID=4632) to work on /opt/airflow/dags/raw_from_api_to_s3.py
[2026-04-14T19:45:23.511+0000] {processor.py:914} INFO - Processing file /opt/airflow/dags/raw_from_api_to_s3.py for tasks to queue
[2026-04-14T19:45:23.515+0000] {logging_mixin.py:190} INFO - [2026-04-14T19:45:23.514+0000] {dagbag.py:588} INFO - Filling up the DagBag from /opt/airflow/dags/raw_from_api_to_s3.py
[2026-04-14T19:45:23.575+0000] {processor.py:925} INFO - DAG(s) 'raw_from_api_to_s3' retrieved from /opt/airflow/dags/raw_from_api_to_s3.py
[2026-04-14T19:45:23.584+0000] {logging_mixin.py:190} INFO - [2026-04-14T19:45:23.584+0000] {dag.py:3239} INFO - Sync 1 DAGs
[2026-04-14T19:45:23.594+0000] {logging_mixin.py:190} INFO - [2026-04-14T19:45:23.594+0000] {dag.py:4180} INFO - Setting next_dagrun for raw_from_api_to_s3 to 2026-04-14 00:00:00+00:00, run_after=2026-04-15 00:00:00+00:00
[2026-04-14T19:45:23.601+0000] {processor.py:208} INFO - Processing /opt/airflow/dags/raw_from_api_to_s3.py took 0.099 seconds
[2026-04-14T19:45:53.896+0000] {processor.py:186} INFO - Started process (PID=4646) to work on /opt/airflow/dags/raw_from_api_to_s3.py
[2026-04-14T19:45:53.897+0000] {processor.py:914} INFO - Processing file /opt/airflow/dags/raw_from_api_to_s3.py for tasks to queue
[2026-04-14T19:45:53.900+0000] {logging_mixin.py:190} INFO - [2026-04-14T19:45:53.899+0000] {dagbag.py:588} INFO - Filling up the DagBag from /opt/airflow/dags/raw_from_api_to_s3.py
[2026-04-14T19:45:53.948+0000] {processor.py:925} INFO - DAG(s) 'raw_from_api_to_s3' retrieved from /opt/airflow/dags/raw_from_api_to_s3.py
[2026-04-14T19:45:53.955+0000] {logging_mixin.py:190} INFO - [2026-04-14T19:45:53.955+0000] {dag.py:3239} INFO - Sync 1 DAGs
[2026-04-14T19:45:53.963+0000] {logging_mixin.py:190} INFO - [2026-04-14T19:45:53.963+0000] {dag.py:4180} INFO - Setting next_dagrun for raw_from_api_to_s3 to 2026-04-14 00:00:00+00:00, run_after=2026-04-15 00:00:00+00:00
[2026-04-14T19:45:53.970+0000] {processor.py:208} INFO - Processing /opt/airflow/dags/raw_from_api_to_s3.py took 0.080 seconds
[2026-04-14T19:46:24.256+0000] {processor.py:186} INFO - Started process (PID=4660) to work on /opt/airflow/dags/raw_from_api_to_s3.py
[2026-04-14T19:46:24.257+0000] {processor.py:914} INFO - Processing file /opt/airflow/dags/raw_from_api_to_s3.py for tasks to queue
[2026-04-14T19:46:24.259+0000] {logging_mixin.py:190} INFO - [2026-04-14T19:46:24.258+0000] {dagbag.py:588} INFO - Filling up the DagBag from /opt/airflow/dags/raw_from_api_to_s3.py
[2026-04-14T19:46:24.303+0000] {processor.py:925} INFO - DAG(s) 'raw_from_api_to_s3' retrieved from /opt/airflow/dags/raw_from_api_to_s3.py
[2026-04-14T19:46:24.310+0000] {logging_mixin.py:190} INFO - [2026-04-14T19:46:24.310+0000] {dag.py:3239} INFO - Sync 1 DAGs
[2026-04-14T19:46:24.319+0000] {logging_mixin.py:190} INFO - [2026-04-14T19:46:24.318+0000] {dag.py:4180} INFO - Setting next_dagrun for raw_from_api_to_s3 to 2026-04-14 00:00:00+00:00, run_after=2026-04-15 00:00:00+00:00
[2026-04-14T19:46:24.325+0000] {processor.py:208} INFO - Processing /opt/airflow/dags/raw_from_api_to_s3.py took 0.075 seconds
[2026-04-14T19:46:54.617+0000] {processor.py:186} INFO - Started process (PID=4674) to work on /opt/airflow/dags/raw_from_api_to_s3.py
[2026-04-14T19:46:54.618+0000] {processor.py:914} INFO - Processing file /opt/airflow/dags/raw_from_api_to_s3.py for tasks to queue
[2026-04-14T19:46:54.620+0000] {logging_mixin.py:190} INFO - [2026-04-14T19:46:54.619+0000] {dagbag.py:588} INFO - Filling up the DagBag from /opt/airflow/dags/raw_from_api_to_s3.py
[2026-04-14T19:46:54.661+0000] {processor.py:925} INFO - DAG(s) 'raw_from_api_to_s3' retrieved from /opt/airflow/dags/raw_from_api_to_s3.py
[2026-04-14T19:46:54.668+0000] {logging_mixin.py:190} INFO - [2026-04-14T19:46:54.668+0000] {dag.py:3239} INFO - Sync 1 DAGs
[2026-04-14T19:46:54.677+0000] {logging_mixin.py:190} INFO - [2026-04-14T19:46:54.677+0000] {dag.py:4180} INFO - Setting next_dagrun for raw_from_api_to_s3 to 2026-04-14 00:00:00+00:00, run_after=2026-04-15 00:00:00+00:00
[2026-04-14T19:46:54.683+0000] {processor.py:208} INFO - Processing /opt/airflow/dags/raw_from_api_to_s3.py took 0.072 seconds
[2026-04-14T19:47:24.926+0000] {processor.py:186} INFO - Started process (PID=4688) to work on /opt/airflow/dags/raw_from_api_to_s3.py
[2026-04-14T19:47:24.927+0000] {processor.py:914} INFO - Processing file /opt/airflow/dags/raw_from_api_to_s3.py for tasks to queue
[2026-04-14T19:47:24.929+0000] {logging_mixin.py:190} INFO - [2026-04-14T19:47:24.929+0000] {dagbag.py:588} INFO - Filling up the DagBag from /opt/airflow/dags/raw_from_api_to_s3.py
[2026-04-14T19:47:24.974+0000] {processor.py:925} INFO - DAG(s) 'raw_from_api_to_s3' retrieved from /opt/airflow/dags/raw_from_api_to_s3.py
[2026-04-14T19:47:24.981+0000] {logging_mixin.py:190} INFO - [2026-04-14T19:47:24.981+0000] {dag.py:3239} INFO - Sync 1 DAGs
[2026-04-14T19:47:24.990+0000] {logging_mixin.py:190} INFO - [2026-04-14T19:47:24.990+0000] {dag.py:4180} INFO - Setting next_dagrun for raw_from_api_to_s3 to 2026-04-14 00:00:00+00:00, run_after=2026-04-15 00:00:00+00:00
[2026-04-14T19:47:24.996+0000] {processor.py:208} INFO - Processing /opt/airflow/dags/raw_from_api_to_s3.py took 0.076 seconds
[2026-04-14T19:47:55.332+0000] {processor.py:186} INFO - Started process (PID=4702) to work on /opt/airflow/dags/raw_from_api_to_s3.py
[2026-04-14T19:47:55.332+0000] {processor.py:914} INFO - Processing file /opt/airflow/dags/raw_from_api_to_s3.py for tasks to queue
[2026-04-14T19:47:55.334+0000] {logging_mixin.py:190} INFO - [2026-04-14T19:47:55.333+0000] {dagbag.py:588} INFO - Filling up the DagBag from /opt/airflow/dags/raw_from_api_to_s3.py
[2026-04-14T19:47:55.373+0000] {processor.py:925} INFO - DAG(s) 'raw_from_api_to_s3' retrieved from /opt/airflow/dags/raw_from_api_to_s3.py
[2026-04-14T19:47:55.382+0000] {logging_mixin.py:190} INFO - [2026-04-14T19:47:55.382+0000] {dag.py:3239} INFO - Sync 1 DAGs
[2026-04-14T19:47:55.393+0000] {logging_mixin.py:190} INFO - [2026-04-14T19:47:55.392+0000] {dag.py:4180} INFO - Setting next_dagrun for raw_from_api_to_s3 to 2026-04-14 00:00:00+00:00, run_after=2026-04-15 00:00:00+00:00
[2026-04-14T19:47:55.400+0000] {processor.py:208} INFO - Processing /opt/airflow/dags/raw_from_api_to_s3.py took 0.071 seconds
[2026-04-14T19:48:25.687+0000] {processor.py:186} INFO - Started process (PID=4716) to work on /opt/airflow/dags/raw_from_api_to_s3.py
[2026-04-14T19:48:25.688+0000] {processor.py:914} INFO - Processing file /opt/airflow/dags/raw_from_api_to_s3.py for tasks to queue
[2026-04-14T19:48:25.690+0000] {logging_mixin.py:190} INFO - [2026-04-14T19:48:25.689+0000] {dagbag.py:588} INFO - Filling up the DagBag from /opt/airflow/dags/raw_from_api_to_s3.py
[2026-04-14T19:48:25.729+0000] {processor.py:925} INFO - DAG(s) 'raw_from_api_to_s3' retrieved from /opt/airflow/dags/raw_from_api_to_s3.py
[2026-04-14T19:48:25.736+0000] {logging_mixin.py:190} INFO - [2026-04-14T19:48:25.736+0000] {dag.py:3239} INFO - Sync 1 DAGs
[2026-04-14T19:48:25.745+0000] {logging_mixin.py:190} INFO - [2026-04-14T19:48:25.745+0000] {dag.py:4180} INFO - Setting next_dagrun for raw_from_api_to_s3 to 2026-04-14 00:00:00+00:00, run_after=2026-04-15 00:00:00+00:00
[2026-04-14T19:48:25.751+0000] {processor.py:208} INFO - Processing /opt/airflow/dags/raw_from_api_to_s3.py took 0.068 seconds
[2026-04-14T19:48:56.059+0000] {processor.py:186} INFO - Started process (PID=4730) to work on /opt/airflow/dags/raw_from_api_to_s3.py
[2026-04-14T19:48:56.059+0000] {processor.py:914} INFO - Processing file /opt/airflow/dags/raw_from_api_to_s3.py for tasks to queue
[2026-04-14T19:48:56.062+0000] {logging_mixin.py:190} INFO - [2026-04-14T19:48:56.062+0000] {dagbag.py:588} INFO - Filling up the DagBag from /opt/airflow/dags/raw_from_api_to_s3.py
[2026-04-14T19:48:56.113+0000] {processor.py:925} INFO - DAG(s) 'raw_from_api_to_s3' retrieved from /opt/airflow/dags/raw_from_api_to_s3.py
[2026-04-14T19:48:56.120+0000] {logging_mixin.py:190} INFO - [2026-04-14T19:48:56.120+0000] {dag.py:3239} INFO - Sync 1 DAGs
[2026-04-14T19:48:56.130+0000] {logging_mixin.py:190} INFO - [2026-04-14T19:48:56.129+0000] {dag.py:4180} INFO - Setting next_dagrun for raw_from_api_to_s3 to 2026-04-14 00:00:00+00:00, run_after=2026-04-15 00:00:00+00:00
[2026-04-14T19:48:56.136+0000] {processor.py:208} INFO - Processing /opt/airflow/dags/raw_from_api_to_s3.py took 0.083 seconds
[2026-04-14T19:49:26.425+0000] {processor.py:186} INFO - Started process (PID=4744) to work on /opt/airflow/dags/raw_from_api_to_s3.py
[2026-04-14T19:49:26.426+0000] {processor.py:914} INFO - Processing file /opt/airflow/dags/raw_from_api_to_s3.py for tasks to queue
[2026-04-14T19:49:26.428+0000] {logging_mixin.py:190} INFO - [2026-04-14T19:49:26.428+0000] {dagbag.py:588} INFO - Filling up the DagBag from /opt/airflow/dags/raw_from_api_to_s3.py
[2026-04-14T19:49:26.473+0000] {processor.py:925} INFO - DAG(s) 'raw_from_api_to_s3' retrieved from /opt/airflow/dags/raw_from_api_to_s3.py
[2026-04-14T19:49:26.480+0000] {logging_mixin.py:190} INFO - [2026-04-14T19:49:26.480+0000] {dag.py:3239} INFO - Sync 1 DAGs
[2026-04-14T19:49:26.489+0000] {logging_mixin.py:190} INFO - [2026-04-14T19:49:26.489+0000] {dag.py:4180} INFO - Setting next_dagrun for raw_from_api_to_s3 to 2026-04-14 00:00:00+00:00, run_after=2026-04-15 00:00:00+00:00
[2026-04-14T19:49:26.496+0000] {processor.py:208} INFO - Processing /opt/airflow/dags/raw_from_api_to_s3.py took 0.077 seconds
[2026-04-14T19:49:56.779+0000] {processor.py:186} INFO - Started process (PID=4758) to work on /opt/airflow/dags/raw_from_api_to_s3.py
[2026-04-14T19:49:56.780+0000] {processor.py:914} INFO - Processing file /opt/airflow/dags/raw_from_api_to_s3.py for tasks to queue
[2026-04-14T19:49:56.782+0000] {logging_mixin.py:190} INFO - [2026-04-14T19:49:56.782+0000] {dagbag.py:588} INFO - Filling up the DagBag from /opt/airflow/dags/raw_from_api_to_s3.py
[2026-04-14T19:49:56.832+0000] {processor.py:925} INFO - DAG(s) 'raw_from_api_to_s3' retrieved from /opt/airflow/dags/raw_from_api_to_s3.py
[2026-04-14T19:49:56.839+0000] {logging_mixin.py:190} INFO - [2026-04-14T19:49:56.839+0000] {dag.py:3239} INFO - Sync 1 DAGs
[2026-04-14T19:49:56.848+0000] {logging_mixin.py:190} INFO - [2026-04-14T19:49:56.848+0000] {dag.py:4180} INFO - Setting next_dagrun for raw_from_api_to_s3 to 2026-04-14 00:00:00+00:00, run_after=2026-04-15 00:00:00+00:00
[2026-04-14T19:49:56.855+0000] {processor.py:208} INFO - Processing /opt/airflow/dags/raw_from_api_to_s3.py took 0.083 seconds
[2026-04-14T19:50:27.099+0000] {processor.py:186} INFO - Started process (PID=4772) to work on /opt/airflow/dags/raw_from_api_to_s3.py
[2026-04-14T19:50:27.100+0000] {processor.py:914} INFO - Processing file /opt/airflow/dags/raw_from_api_to_s3.py for tasks to queue
[2026-04-14T19:50:27.103+0000] {logging_mixin.py:190} INFO - [2026-04-14T19:50:27.103+0000] {dagbag.py:588} INFO - Filling up the DagBag from /opt/airflow/dags/raw_from_api_to_s3.py
[2026-04-14T19:50:27.162+0000] {processor.py:925} INFO - DAG(s) 'raw_from_api_to_s3' retrieved from /opt/airflow/dags/raw_from_api_to_s3.py
[2026-04-14T19:50:27.170+0000] {logging_mixin.py:190} INFO - [2026-04-14T19:50:27.170+0000] {dag.py:3239} INFO - Sync 1 DAGs
[2026-04-14T19:50:27.180+0000] {logging_mixin.py:190} INFO - [2026-04-14T19:50:27.180+0000] {dag.py:4180} INFO - Setting next_dagrun for raw_from_api_to_s3 to 2026-04-14 00:00:00+00:00, run_after=2026-04-15 00:00:00+00:00
[2026-04-14T19:50:27.187+0000] {processor.py:208} INFO - Processing /opt/airflow/dags/raw_from_api_to_s3.py took 0.097 seconds
[2026-04-14T19:50:57.521+0000] {processor.py:186} INFO - Started process (PID=4786) to work on /opt/airflow/dags/raw_from_api_to_s3.py
[2026-04-14T19:50:57.522+0000] {processor.py:914} INFO - Processing file /opt/airflow/dags/raw_from_api_to_s3.py for tasks to queue
[2026-04-14T19:50:57.524+0000] {logging_mixin.py:190} INFO - [2026-04-14T19:50:57.524+0000] {dagbag.py:588} INFO - Filling up the DagBag from /opt/airflow/dags/raw_from_api_to_s3.py
[2026-04-14T19:50:57.572+0000] {processor.py:925} INFO - DAG(s) 'raw_from_api_to_s3' retrieved from /opt/airflow/dags/raw_from_api_to_s3.py
[2026-04-14T19:50:57.580+0000] {logging_mixin.py:190} INFO - [2026-04-14T19:50:57.580+0000] {dag.py:3239} INFO - Sync 1 DAGs
[2026-04-14T19:50:57.589+0000] {logging_mixin.py:190} INFO - [2026-04-14T19:50:57.589+0000] {dag.py:4180} INFO - Setting next_dagrun for raw_from_api_to_s3 to 2026-04-14 00:00:00+00:00, run_after=2026-04-15 00:00:00+00:00
[2026-04-14T19:50:57.596+0000] {processor.py:208} INFO - Processing /opt/airflow/dags/raw_from_api_to_s3.py took 0.082 seconds
[2026-04-14T19:51:27.888+0000] {processor.py:186} INFO - Started process (PID=4800) to work on /opt/airflow/dags/raw_from_api_to_s3.py
[2026-04-14T19:51:27.889+0000] {processor.py:914} INFO - Processing file /opt/airflow/dags/raw_from_api_to_s3.py for tasks to queue
[2026-04-14T19:51:27.891+0000] {logging_mixin.py:190} INFO - [2026-04-14T19:51:27.891+0000] {dagbag.py:588} INFO - Filling up the DagBag from /opt/airflow/dags/raw_from_api_to_s3.py
[2026-04-14T19:51:27.937+0000] {processor.py:925} INFO - DAG(s) 'raw_from_api_to_s3' retrieved from /opt/airflow/dags/raw_from_api_to_s3.py
[2026-04-14T19:51:27.943+0000] {logging_mixin.py:190} INFO - [2026-04-14T19:51:27.943+0000] {dag.py:3239} INFO - Sync 1 DAGs
[2026-04-14T19:51:27.952+0000] {logging_mixin.py:190} INFO - [2026-04-14T19:51:27.952+0000] {dag.py:4180} INFO - Setting next_dagrun for raw_from_api_to_s3 to 2026-04-14 00:00:00+00:00, run_after=2026-04-15 00:00:00+00:00
[2026-04-14T19:51:27.958+0000] {processor.py:208} INFO - Processing /opt/airflow/dags/raw_from_api_to_s3.py took 0.077 seconds
[2026-04-14T19:51:58.186+0000] {processor.py:186} INFO - Started process (PID=4814) to work on /opt/airflow/dags/raw_from_api_to_s3.py
[2026-04-14T19:51:58.187+0000] {processor.py:914} INFO - Processing file /opt/airflow/dags/raw_from_api_to_s3.py for tasks to queue
[2026-04-14T19:51:58.189+0000] {logging_mixin.py:190} INFO - [2026-04-14T19:51:58.189+0000] {dagbag.py:588} INFO - Filling up the DagBag from /opt/airflow/dags/raw_from_api_to_s3.py
[2026-04-14T19:51:58.231+0000] {processor.py:925} INFO - DAG(s) 'raw_from_api_to_s3' retrieved from /opt/airflow/dags/raw_from_api_to_s3.py
[2026-04-14T19:51:58.237+0000] {logging_mixin.py:190} INFO - [2026-04-14T19:51:58.237+0000] {dag.py:3239} INFO - Sync 1 DAGs
[2026-04-14T19:51:58.246+0000] {logging_mixin.py:190} INFO - [2026-04-14T19:51:58.246+0000] {dag.py:4180} INFO - Setting next_dagrun for raw_from_api_to_s3 to 2026-04-14 00:00:00+00:00, run_after=2026-04-15 00:00:00+00:00
[2026-04-14T19:51:58.253+0000] {processor.py:208} INFO - Processing /opt/airflow/dags/raw_from_api_to_s3.py took 0.071 seconds
[2026-04-14T19:52:28.470+0000] {processor.py:186} INFO - Started process (PID=4828) to work on /opt/airflow/dags/raw_from_api_to_s3.py
[2026-04-14T19:52:28.471+0000] {processor.py:914} INFO - Processing file /opt/airflow/dags/raw_from_api_to_s3.py for tasks to queue
[2026-04-14T19:52:28.473+0000] {logging_mixin.py:190} INFO - [2026-04-14T19:52:28.473+0000] {dagbag.py:588} INFO - Filling up the DagBag from /opt/airflow/dags/raw_from_api_to_s3.py
[2026-04-14T19:52:28.521+0000] {processor.py:925} INFO - DAG(s) 'raw_from_api_to_s3' retrieved from /opt/airflow/dags/raw_from_api_to_s3.py
[2026-04-14T19:52:28.530+0000] {logging_mixin.py:190} INFO - [2026-04-14T19:52:28.529+0000] {dag.py:3239} INFO - Sync 1 DAGs
[2026-04-14T19:52:28.540+0000] {logging_mixin.py:190} INFO - [2026-04-14T19:52:28.540+0000] {dag.py:4180} INFO - Setting next_dagrun for raw_from_api_to_s3 to 2026-04-14 00:00:00+00:00, run_after=2026-04-15 00:00:00+00:00
[2026-04-14T19:52:28.546+0000] {processor.py:208} INFO - Processing /opt/airflow/dags/raw_from_api_to_s3.py took 0.081 seconds
[2026-04-14T19:52:58.796+0000] {processor.py:186} INFO - Started process (PID=4848) to work on /opt/airflow/dags/raw_from_api_to_s3.py
[2026-04-14T19:52:58.797+0000] {processor.py:914} INFO - Processing file /opt/airflow/dags/raw_from_api_to_s3.py for tasks to queue
[2026-04-14T19:52:58.800+0000] {logging_mixin.py:190} INFO - [2026-04-14T19:52:58.800+0000] {dagbag.py:588} INFO - Filling up the DagBag from /opt/airflow/dags/raw_from_api_to_s3.py
[2026-04-14T19:52:58.848+0000] {processor.py:925} INFO - DAG(s) 'raw_from_api_to_s3' retrieved from /opt/airflow/dags/raw_from_api_to_s3.py
[2026-04-14T19:52:58.855+0000] {logging_mixin.py:190} INFO - [2026-04-14T19:52:58.855+0000] {dag.py:3239} INFO - Sync 1 DAGs
[2026-04-14T19:52:58.864+0000] {logging_mixin.py:190} INFO - [2026-04-14T19:52:58.864+0000] {dag.py:4180} INFO - Setting next_dagrun for raw_from_api_to_s3 to 2026-04-14 00:00:00+00:00, run_after=2026-04-15 00:00:00+00:00
[2026-04-14T19:52:58.871+0000] {processor.py:208} INFO - Processing /opt/airflow/dags/raw_from_api_to_s3.py took 0.082 seconds
[2026-04-14T19:53:29.111+0000] {processor.py:186} INFO - Started process (PID=4862) to work on /opt/airflow/dags/raw_from_api_to_s3.py
[2026-04-14T19:53:29.112+0000] {processor.py:914} INFO - Processing file /opt/airflow/dags/raw_from_api_to_s3.py for tasks to queue
[2026-04-14T19:53:29.114+0000] {logging_mixin.py:190} INFO - [2026-04-14T19:53:29.114+0000] {dagbag.py:588} INFO - Filling up the DagBag from /opt/airflow/dags/raw_from_api_to_s3.py
[2026-04-14T19:53:29.170+0000] {processor.py:925} INFO - DAG(s) 'raw_from_api_to_s3' retrieved from /opt/airflow/dags/raw_from_api_to_s3.py
[2026-04-14T19:53:29.178+0000] {logging_mixin.py:190} INFO - [2026-04-14T19:53:29.178+0000] {dag.py:3239} INFO - Sync 1 DAGs
[2026-04-14T19:53:29.187+0000] {logging_mixin.py:190} INFO - [2026-04-14T19:53:29.187+0000] {dag.py:4180} INFO - Setting next_dagrun for raw_from_api_to_s3 to 2026-04-14 00:00:00+00:00, run_after=2026-04-15 00:00:00+00:00
[2026-04-14T19:53:29.194+0000] {processor.py:208} INFO - Processing /opt/airflow/dags/raw_from_api_to_s3.py took 0.090 seconds
[2026-04-14T19:53:59.503+0000] {processor.py:186} INFO - Started process (PID=4876) to work on /opt/airflow/dags/raw_from_api_to_s3.py
[2026-04-14T19:53:59.504+0000] {processor.py:914} INFO - Processing file /opt/airflow/dags/raw_from_api_to_s3.py for tasks to queue
[2026-04-14T19:53:59.507+0000] {logging_mixin.py:190} INFO - [2026-04-14T19:53:59.506+0000] {dagbag.py:588} INFO - Filling up the DagBag from /opt/airflow/dags/raw_from_api_to_s3.py
[2026-04-14T19:53:59.554+0000] {processor.py:925} INFO - DAG(s) 'raw_from_api_to_s3' retrieved from /opt/airflow/dags/raw_from_api_to_s3.py
[2026-04-14T19:53:59.561+0000] {logging_mixin.py:190} INFO - [2026-04-14T19:53:59.561+0000] {dag.py:3239} INFO - Sync 1 DAGs
[2026-04-14T19:53:59.570+0000] {logging_mixin.py:190} INFO - [2026-04-14T19:53:59.570+0000] {dag.py:4180} INFO - Setting next_dagrun for raw_from_api_to_s3 to 2026-04-14 00:00:00+00:00, run_after=2026-04-15 00:00:00+00:00
[2026-04-14T19:53:59.576+0000] {processor.py:208} INFO - Processing /opt/airflow/dags/raw_from_api_to_s3.py took 0.080 seconds
[2026-04-14T19:54:29.845+0000] {processor.py:186} INFO - Started process (PID=4890) to work on /opt/airflow/dags/raw_from_api_to_s3.py
[2026-04-14T19:54:29.846+0000] {processor.py:914} INFO - Processing file /opt/airflow/dags/raw_from_api_to_s3.py for tasks to queue
[2026-04-14T19:54:29.848+0000] {logging_mixin.py:190} INFO - [2026-04-14T19:54:29.848+0000] {dagbag.py:588} INFO - Filling up the DagBag from /opt/airflow/dags/raw_from_api_to_s3.py
[2026-04-14T19:54:29.895+0000] {processor.py:925} INFO - DAG(s) 'raw_from_api_to_s3' retrieved from /opt/airflow/dags/raw_from_api_to_s3.py
[2026-04-14T19:54:29.902+0000] {logging_mixin.py:190} INFO - [2026-04-14T19:54:29.902+0000] {dag.py:3239} INFO - Sync 1 DAGs
[2026-04-14T19:54:29.911+0000] {logging_mixin.py:190} INFO - [2026-04-14T19:54:29.911+0000] {dag.py:4180} INFO - Setting next_dagrun for raw_from_api_to_s3 to 2026-04-14 00:00:00+00:00, run_after=2026-04-15 00:00:00+00:00
[2026-04-14T19:54:29.918+0000] {processor.py:208} INFO - Processing /opt/airflow/dags/raw_from_api_to_s3.py took 0.079 seconds
[2026-04-14T19:55:00.144+0000] {processor.py:186} INFO - Started process (PID=4904) to work on /opt/airflow/dags/raw_from_api_to_s3.py
[2026-04-14T19:55:00.146+0000] {processor.py:914} INFO - Processing file /opt/airflow/dags/raw_from_api_to_s3.py for tasks to queue
[2026-04-14T19:55:00.150+0000] {logging_mixin.py:190} INFO - [2026-04-14T19:55:00.150+0000] {dagbag.py:588} INFO - Filling up the DagBag from /opt/airflow/dags/raw_from_api_to_s3.py
[2026-04-14T19:55:00.210+0000] {processor.py:925} INFO - DAG(s) 'raw_from_api_to_s3' retrieved from /opt/airflow/dags/raw_from_api_to_s3.py
[2026-04-14T19:55:00.219+0000] {logging_mixin.py:190} INFO - [2026-04-14T19:55:00.219+0000] {dag.py:3239} INFO - Sync 1 DAGs
[2026-04-14T19:55:00.231+0000] {logging_mixin.py:190} INFO - [2026-04-14T19:55:00.231+0000] {dag.py:4180} INFO - Setting next_dagrun for raw_from_api_to_s3 to 2026-04-14 00:00:00+00:00, run_after=2026-04-15 00:00:00+00:00
[2026-04-14T19:55:00.239+0000] {processor.py:208} INFO - Processing /opt/airflow/dags/raw_from_api_to_s3.py took 0.100 seconds
[2026-04-14T19:55:30.523+0000] {processor.py:186} INFO - Started process (PID=4918) to work on /opt/airflow/dags/raw_from_api_to_s3.py
[2026-04-14T19:55:30.525+0000] {processor.py:914} INFO - Processing file /opt/airflow/dags/raw_from_api_to_s3.py for tasks to queue
[2026-04-14T19:55:30.528+0000] {logging_mixin.py:190} INFO - [2026-04-14T19:55:30.527+0000] {dagbag.py:588} INFO - Filling up the DagBag from /opt/airflow/dags/raw_from_api_to_s3.py
[2026-04-14T19:55:30.578+0000] {processor.py:925} INFO - DAG(s) 'raw_from_api_to_s3' retrieved from /opt/airflow/dags/raw_from_api_to_s3.py
[2026-04-14T19:55:30.586+0000] {logging_mixin.py:190} INFO - [2026-04-14T19:55:30.586+0000] {dag.py:3239} INFO - Sync 1 DAGs
[2026-04-14T19:55:30.597+0000] {logging_mixin.py:190} INFO - [2026-04-14T19:55:30.596+0000] {dag.py:4180} INFO - Setting next_dagrun for raw_from_api_to_s3 to 2026-04-14 00:00:00+00:00, run_after=2026-04-15 00:00:00+00:00
[2026-04-14T19:55:30.608+0000] {processor.py:208} INFO - Processing /opt/airflow/dags/raw_from_api_to_s3.py took 0.092 seconds
[2026-04-14T19:56:00.886+0000] {processor.py:186} INFO - Started process (PID=4931) to work on /opt/airflow/dags/raw_from_api_to_s3.py
[2026-04-14T19:56:00.887+0000] {processor.py:914} INFO - Processing file /opt/airflow/dags/raw_from_api_to_s3.py for tasks to queue
[2026-04-14T19:56:00.889+0000] {logging_mixin.py:190} INFO - [2026-04-14T19:56:00.889+0000] {dagbag.py:588} INFO - Filling up the DagBag from /opt/airflow/dags/raw_from_api_to_s3.py
[2026-04-14T19:56:00.938+0000] {processor.py:925} INFO - DAG(s) 'raw_from_api_to_s3' retrieved from /opt/airflow/dags/raw_from_api_to_s3.py
[2026-04-14T19:56:00.945+0000] {logging_mixin.py:190} INFO - [2026-04-14T19:56:00.945+0000] {dag.py:3239} INFO - Sync 1 DAGs
[2026-04-14T19:56:00.954+0000] {logging_mixin.py:190} INFO - [2026-04-14T19:56:00.954+0000] {dag.py:4180} INFO - Setting next_dagrun for raw_from_api_to_s3 to 2026-04-14 00:00:00+00:00, run_after=2026-04-15 00:00:00+00:00
[2026-04-14T19:56:00.961+0000] {processor.py:208} INFO - Processing /opt/airflow/dags/raw_from_api_to_s3.py took 0.081 seconds
[2026-04-14T19:56:31.229+0000] {processor.py:186} INFO - Started process (PID=4945) to work on /opt/airflow/dags/raw_from_api_to_s3.py
[2026-04-14T19:56:31.231+0000] {processor.py:914} INFO - Processing file /opt/airflow/dags/raw_from_api_to_s3.py for tasks to queue
[2026-04-14T19:56:31.234+0000] {logging_mixin.py:190} INFO - [2026-04-14T19:56:31.234+0000] {dagbag.py:588} INFO - Filling up the DagBag from /opt/airflow/dags/raw_from_api_to_s3.py
[2026-04-14T19:56:31.296+0000] {processor.py:925} INFO - DAG(s) 'raw_from_api_to_s3' retrieved from /opt/airflow/dags/raw_from_api_to_s3.py
[2026-04-14T19:56:31.304+0000] {logging_mixin.py:190} INFO - [2026-04-14T19:56:31.304+0000] {dag.py:3239} INFO - Sync 1 DAGs
[2026-04-14T19:56:31.314+0000] {logging_mixin.py:190} INFO - [2026-04-14T19:56:31.314+0000] {dag.py:4180} INFO - Setting next_dagrun for raw_from_api_to_s3 to 2026-04-14 00:00:00+00:00, run_after=2026-04-15 00:00:00+00:00
[2026-04-14T19:56:31.320+0000] {processor.py:208} INFO - Processing /opt/airflow/dags/raw_from_api_to_s3.py took 0.101 seconds
[2026-04-14T19:57:01.594+0000] {processor.py:186} INFO - Started process (PID=4959) to work on /opt/airflow/dags/raw_from_api_to_s3.py
[2026-04-14T19:57:01.595+0000] {processor.py:914} INFO - Processing file /opt/airflow/dags/raw_from_api_to_s3.py for tasks to queue
[2026-04-14T19:57:01.597+0000] {logging_mixin.py:190} INFO - [2026-04-14T19:57:01.597+0000] {dagbag.py:588} INFO - Filling up the DagBag from /opt/airflow/dags/raw_from_api_to_s3.py
[2026-04-14T19:57:01.643+0000] {processor.py:925} INFO - DAG(s) 'raw_from_api_to_s3' retrieved from /opt/airflow/dags/raw_from_api_to_s3.py
[2026-04-14T19:57:01.650+0000] {logging_mixin.py:190} INFO - [2026-04-14T19:57:01.650+0000] {dag.py:3239} INFO - Sync 1 DAGs
[2026-04-14T19:57:01.659+0000] {logging_mixin.py:190} INFO - [2026-04-14T19:57:01.659+0000] {dag.py:4180} INFO - Setting next_dagrun for raw_from_api_to_s3 to 2026-04-14 00:00:00+00:00, run_after=2026-04-15 00:00:00+00:00
[2026-04-14T19:57:01.665+0000] {processor.py:208} INFO - Processing /opt/airflow/dags/raw_from_api_to_s3.py took 0.078 seconds
[2026-04-14T19:57:32.013+0000] {processor.py:186} INFO - Started process (PID=4973) to work on /opt/airflow/dags/raw_from_api_to_s3.py
[2026-04-14T19:57:32.014+0000] {processor.py:914} INFO - Processing file /opt/airflow/dags/raw_from_api_to_s3.py for tasks to queue
[2026-04-14T19:57:32.016+0000] {logging_mixin.py:190} INFO - [2026-04-14T19:57:32.016+0000] {dagbag.py:588} INFO - Filling up the DagBag from /opt/airflow/dags/raw_from_api_to_s3.py
[2026-04-14T19:57:32.067+0000] {processor.py:925} INFO - DAG(s) 'raw_from_api_to_s3' retrieved from /opt/airflow/dags/raw_from_api_to_s3.py
[2026-04-14T19:57:32.074+0000] {logging_mixin.py:190} INFO - [2026-04-14T19:57:32.074+0000] {dag.py:3239} INFO - Sync 1 DAGs
[2026-04-14T19:57:32.082+0000] {logging_mixin.py:190} INFO - [2026-04-14T19:57:32.082+0000] {dag.py:4180} INFO - Setting next_dagrun for raw_from_api_to_s3 to 2026-04-14 00:00:00+00:00, run_after=2026-04-15 00:00:00+00:00
[2026-04-14T19:57:32.089+0000] {processor.py:208} INFO - Processing /opt/airflow/dags/raw_from_api_to_s3.py took 0.083 seconds
[2026-04-14T19:58:02.304+0000] {processor.py:186} INFO - Started process (PID=4987) to work on /opt/airflow/dags/raw_from_api_to_s3.py
[2026-04-14T19:58:02.305+0000] {processor.py:914} INFO - Processing file /opt/airflow/dags/raw_from_api_to_s3.py for tasks to queue
[2026-04-14T19:58:02.308+0000] {logging_mixin.py:190} INFO - [2026-04-14T19:58:02.307+0000] {dagbag.py:588} INFO - Filling up the DagBag from /opt/airflow/dags/raw_from_api_to_s3.py
[2026-04-14T19:58:02.362+0000] {processor.py:925} INFO - DAG(s) 'raw_from_api_to_s3' retrieved from /opt/airflow/dags/raw_from_api_to_s3.py
[2026-04-14T19:58:02.370+0000] {logging_mixin.py:190} INFO - [2026-04-14T19:58:02.370+0000] {dag.py:3239} INFO - Sync 1 DAGs
[2026-04-14T19:58:02.380+0000] {logging_mixin.py:190} INFO - [2026-04-14T19:58:02.380+0000] {dag.py:4180} INFO - Setting next_dagrun for raw_from_api_to_s3 to 2026-04-14 00:00:00+00:00, run_after=2026-04-15 00:00:00+00:00
[2026-04-14T19:58:02.387+0000] {processor.py:208} INFO - Processing /opt/airflow/dags/raw_from_api_to_s3.py took 0.092 seconds
[2026-04-14T19:58:32.659+0000] {processor.py:186} INFO - Started process (PID=5001) to work on /opt/airflow/dags/raw_from_api_to_s3.py
[2026-04-14T19:58:32.660+0000] {processor.py:914} INFO - Processing file /opt/airflow/dags/raw_from_api_to_s3.py for tasks to queue
[2026-04-14T19:58:32.664+0000] {logging_mixin.py:190} INFO - [2026-04-14T19:58:32.663+0000] {dagbag.py:588} INFO - Filling up the DagBag from /opt/airflow/dags/raw_from_api_to_s3.py
[2026-04-14T19:58:32.715+0000] {processor.py:925} INFO - DAG(s) 'raw_from_api_to_s3' retrieved from /opt/airflow/dags/raw_from_api_to_s3.py
[2026-04-14T19:58:32.721+0000] {logging_mixin.py:190} INFO - [2026-04-14T19:58:32.721+0000] {dag.py:3239} INFO - Sync 1 DAGs
[2026-04-14T19:58:32.731+0000] {logging_mixin.py:190} INFO - [2026-04-14T19:58:32.731+0000] {dag.py:4180} INFO - Setting next_dagrun for raw_from_api_to_s3 to 2026-04-14 00:00:00+00:00, run_after=2026-04-15 00:00:00+00:00
[2026-04-14T19:58:32.737+0000] {processor.py:208} INFO - Processing /opt/airflow/dags/raw_from_api_to_s3.py took 0.087 seconds
[2026-04-14T19:59:03.068+0000] {processor.py:186} INFO - Started process (PID=5015) to work on /opt/airflow/dags/raw_from_api_to_s3.py
[2026-04-14T19:59:03.069+0000] {processor.py:914} INFO - Processing file /opt/airflow/dags/raw_from_api_to_s3.py for tasks to queue
[2026-04-14T19:59:03.073+0000] {logging_mixin.py:190} INFO - [2026-04-14T19:59:03.072+0000] {dagbag.py:588} INFO - Filling up the DagBag from /opt/airflow/dags/raw_from_api_to_s3.py
[2026-04-14T19:59:03.143+0000] {processor.py:925} INFO - DAG(s) 'raw_from_api_to_s3' retrieved from /opt/airflow/dags/raw_from_api_to_s3.py
[2026-04-14T19:59:03.152+0000] {logging_mixin.py:190} INFO - [2026-04-14T19:59:03.152+0000] {dag.py:3239} INFO - Sync 1 DAGs
[2026-04-14T19:59:03.162+0000] {logging_mixin.py:190} INFO - [2026-04-14T19:59:03.162+0000] {dag.py:4180} INFO - Setting next_dagrun for raw_from_api_to_s3 to 2026-04-14 00:00:00+00:00, run_after=2026-04-15 00:00:00+00:00
[2026-04-14T19:59:03.169+0000] {processor.py:208} INFO - Processing /opt/airflow/dags/raw_from_api_to_s3.py took 0.109 seconds
[2026-04-14T19:59:33.442+0000] {processor.py:186} INFO - Started process (PID=5029) to work on /opt/airflow/dags/raw_from_api_to_s3.py
[2026-04-14T19:59:33.443+0000] {processor.py:914} INFO - Processing file /opt/airflow/dags/raw_from_api_to_s3.py for tasks to queue
[2026-04-14T19:59:33.446+0000] {logging_mixin.py:190} INFO - [2026-04-14T19:59:33.445+0000] {dagbag.py:588} INFO - Filling up the DagBag from /opt/airflow/dags/raw_from_api_to_s3.py
[2026-04-14T19:59:33.490+0000] {processor.py:925} INFO - DAG(s) 'raw_from_api_to_s3' retrieved from /opt/airflow/dags/raw_from_api_to_s3.py
[2026-04-14T19:59:33.497+0000] {logging_mixin.py:190} INFO - [2026-04-14T19:59:33.497+0000] {dag.py:3239} INFO - Sync 1 DAGs
[2026-04-14T19:59:33.506+0000] {logging_mixin.py:190} INFO - [2026-04-14T19:59:33.506+0000] {dag.py:4180} INFO - Setting next_dagrun for raw_from_api_to_s3 to 2026-04-14 00:00:00+00:00, run_after=2026-04-15 00:00:00+00:00
[2026-04-14T19:59:33.512+0000] {processor.py:208} INFO - Processing /opt/airflow/dags/raw_from_api_to_s3.py took 0.077 seconds
[2026-04-14T20:00:03.815+0000] {processor.py:186} INFO - Started process (PID=5043) to work on /opt/airflow/dags/raw_from_api_to_s3.py
[2026-04-14T20:00:03.816+0000] {processor.py:914} INFO - Processing file /opt/airflow/dags/raw_from_api_to_s3.py for tasks to queue
[2026-04-14T20:00:03.819+0000] {logging_mixin.py:190} INFO - [2026-04-14T20:00:03.819+0000] {dagbag.py:588} INFO - Filling up the DagBag from /opt/airflow/dags/raw_from_api_to_s3.py
[2026-04-14T20:00:03.866+0000] {processor.py:925} INFO - DAG(s) 'raw_from_api_to_s3' retrieved from /opt/airflow/dags/raw_from_api_to_s3.py
[2026-04-14T20:00:03.873+0000] {logging_mixin.py:190} INFO - [2026-04-14T20:00:03.873+0000] {dag.py:3239} INFO - Sync 1 DAGs
[2026-04-14T20:00:03.883+0000] {logging_mixin.py:190} INFO - [2026-04-14T20:00:03.883+0000] {dag.py:4180} INFO - Setting next_dagrun for raw_from_api_to_s3 to 2026-04-14 00:00:00+00:00, run_after=2026-04-15 00:00:00+00:00
[2026-04-14T20:00:03.890+0000] {processor.py:208} INFO - Processing /opt/airflow/dags/raw_from_api_to_s3.py took 0.081 seconds
[2026-04-14T20:00:34.206+0000] {processor.py:186} INFO - Started process (PID=5057) to work on /opt/airflow/dags/raw_from_api_to_s3.py
[2026-04-14T20:00:34.207+0000] {processor.py:914} INFO - Processing file /opt/airflow/dags/raw_from_api_to_s3.py for tasks to queue
[2026-04-14T20:00:34.210+0000] {logging_mixin.py:190} INFO - [2026-04-14T20:00:34.209+0000] {dagbag.py:588} INFO - Filling up the DagBag from /opt/airflow/dags/raw_from_api_to_s3.py
[2026-04-14T20:00:34.259+0000] {processor.py:925} INFO - DAG(s) 'raw_from_api_to_s3' retrieved from /opt/airflow/dags/raw_from_api_to_s3.py
[2026-04-14T20:00:34.266+0000] {logging_mixin.py:190} INFO - [2026-04-14T20:00:34.265+0000] {dag.py:3239} INFO - Sync 1 DAGs
[2026-04-14T20:00:34.275+0000] {logging_mixin.py:190} INFO - [2026-04-14T20:00:34.275+0000] {dag.py:4180} INFO - Setting next_dagrun for raw_from_api_to_s3 to 2026-04-14 00:00:00+00:00, run_after=2026-04-15 00:00:00+00:00
[2026-04-14T20:00:34.282+0000] {processor.py:208} INFO - Processing /opt/airflow/dags/raw_from_api_to_s3.py took 0.082 seconds
[2026-04-14T20:01:04.547+0000] {processor.py:186} INFO - Started process (PID=5070) to work on /opt/airflow/dags/raw_from_api_to_s3.py
[2026-04-14T20:01:04.548+0000] {processor.py:914} INFO - Processing file /opt/airflow/dags/raw_from_api_to_s3.py for tasks to queue
[2026-04-14T20:01:04.550+0000] {logging_mixin.py:190} INFO - [2026-04-14T20:01:04.549+0000] {dagbag.py:588} INFO - Filling up the DagBag from /opt/airflow/dags/raw_from_api_to_s3.py
[2026-04-14T20:01:04.594+0000] {processor.py:925} INFO - DAG(s) 'raw_from_api_to_s3' retrieved from /opt/airflow/dags/raw_from_api_to_s3.py
[2026-04-14T20:01:04.601+0000] {logging_mixin.py:190} INFO - [2026-04-14T20:01:04.601+0000] {dag.py:3239} INFO - Sync 1 DAGs
[2026-04-14T20:01:04.610+0000] {logging_mixin.py:190} INFO - [2026-04-14T20:01:04.610+0000] {dag.py:4180} INFO - Setting next_dagrun for raw_from_api_to_s3 to 2026-04-14 00:00:00+00:00, run_after=2026-04-15 00:00:00+00:00
[2026-04-14T20:01:04.616+0000] {processor.py:208} INFO - Processing /opt/airflow/dags/raw_from_api_to_s3.py took 0.075 seconds
[2026-04-14T20:01:34.905+0000] {processor.py:186} INFO - Started process (PID=5084) to work on /opt/airflow/dags/raw_from_api_to_s3.py
[2026-04-14T20:01:34.907+0000] {processor.py:914} INFO - Processing file /opt/airflow/dags/raw_from_api_to_s3.py for tasks to queue
[2026-04-14T20:01:34.910+0000] {logging_mixin.py:190} INFO - [2026-04-14T20:01:34.909+0000] {dagbag.py:588} INFO - Filling up the DagBag from /opt/airflow/dags/raw_from_api_to_s3.py
[2026-04-14T20:01:34.960+0000] {processor.py:925} INFO - DAG(s) 'raw_from_api_to_s3' retrieved from /opt/airflow/dags/raw_from_api_to_s3.py
[2026-04-14T20:01:34.967+0000] {logging_mixin.py:190} INFO - [2026-04-14T20:01:34.967+0000] {dag.py:3239} INFO - Sync 1 DAGs
[2026-04-14T20:01:34.976+0000] {logging_mixin.py:190} INFO - [2026-04-14T20:01:34.976+0000] {dag.py:4180} INFO - Setting next_dagrun for raw_from_api_to_s3 to 2026-04-14 00:00:00+00:00, run_after=2026-04-15 00:00:00+00:00
[2026-04-14T20:01:34.983+0000] {processor.py:208} INFO - Processing /opt/airflow/dags/raw_from_api_to_s3.py took 0.084 seconds
[2026-04-14T20:02:05.269+0000] {processor.py:186} INFO - Started process (PID=5098) to work on /opt/airflow/dags/raw_from_api_to_s3.py
[2026-04-14T20:02:05.270+0000] {processor.py:914} INFO - Processing file /opt/airflow/dags/raw_from_api_to_s3.py for tasks to queue
[2026-04-14T20:02:05.273+0000] {logging_mixin.py:190} INFO - [2026-04-14T20:02:05.272+0000] {dagbag.py:588} INFO - Filling up the DagBag from /opt/airflow/dags/raw_from_api_to_s3.py
[2026-04-14T20:02:05.323+0000] {processor.py:925} INFO - DAG(s) 'raw_from_api_to_s3' retrieved from /opt/airflow/dags/raw_from_api_to_s3.py
[2026-04-14T20:02:05.329+0000] {logging_mixin.py:190} INFO - [2026-04-14T20:02:05.329+0000] {dag.py:3239} INFO - Sync 1 DAGs
[2026-04-14T20:02:05.338+0000] {logging_mixin.py:190} INFO - [2026-04-14T20:02:05.338+0000] {dag.py:4180} INFO - Setting next_dagrun for raw_from_api_to_s3 to 2026-04-14 00:00:00+00:00, run_after=2026-04-15 00:00:00+00:00
[2026-04-14T20:02:05.345+0000] {processor.py:208} INFO - Processing /opt/airflow/dags/raw_from_api_to_s3.py took 0.083 seconds
[2026-04-14T20:02:35.634+0000] {processor.py:186} INFO - Started process (PID=5112) to work on /opt/airflow/dags/raw_from_api_to_s3.py
[2026-04-14T20:02:35.635+0000] {processor.py:914} INFO - Processing file /opt/airflow/dags/raw_from_api_to_s3.py for tasks to queue
[2026-04-14T20:02:35.638+0000] {logging_mixin.py:190} INFO - [2026-04-14T20:02:35.638+0000] {dagbag.py:588} INFO - Filling up the DagBag from /opt/airflow/dags/raw_from_api_to_s3.py
[2026-04-14T20:02:35.704+0000] {processor.py:925} INFO - DAG(s) 'raw_from_api_to_s3' retrieved from /opt/airflow/dags/raw_from_api_to_s3.py
[2026-04-14T20:02:35.712+0000] {logging_mixin.py:190} INFO - [2026-04-14T20:02:35.712+0000] {dag.py:3239} INFO - Sync 1 DAGs
[2026-04-14T20:02:35.724+0000] {logging_mixin.py:190} INFO - [2026-04-14T20:02:35.724+0000] {dag.py:4180} INFO - Setting next_dagrun for raw_from_api_to_s3 to 2026-04-14 00:00:00+00:00, run_after=2026-04-15 00:00:00+00:00
[2026-04-14T20:02:35.731+0000] {processor.py:208} INFO - Processing /opt/airflow/dags/raw_from_api_to_s3.py took 0.104 seconds
[2026-04-14T20:03:05.959+0000] {processor.py:186} INFO - Started process (PID=5126) to work on /opt/airflow/dags/raw_from_api_to_s3.py
[2026-04-14T20:03:05.960+0000] {processor.py:914} INFO - Processing file /opt/airflow/dags/raw_from_api_to_s3.py for tasks to queue
[2026-04-14T20:03:05.962+0000] {logging_mixin.py:190} INFO - [2026-04-14T20:03:05.962+0000] {dagbag.py:588} INFO - Filling up the DagBag from /opt/airflow/dags/raw_from_api_to_s3.py
[2026-04-14T20:03:06.007+0000] {processor.py:925} INFO - DAG(s) 'raw_from_api_to_s3' retrieved from /opt/airflow/dags/raw_from_api_to_s3.py
[2026-04-14T20:03:06.014+0000] {logging_mixin.py:190} INFO - [2026-04-14T20:03:06.014+0000] {dag.py:3239} INFO - Sync 1 DAGs
[2026-04-14T20:03:06.024+0000] {logging_mixin.py:190} INFO - [2026-04-14T20:03:06.024+0000] {dag.py:4180} INFO - Setting next_dagrun for raw_from_api_to_s3 to 2026-04-14 00:00:00+00:00, run_after=2026-04-15 00:00:00+00:00
[2026-04-14T20:03:06.031+0000] {processor.py:208} INFO - Processing /opt/airflow/dags/raw_from_api_to_s3.py took 0.080 seconds
[2026-04-14T20:03:36.372+0000] {processor.py:186} INFO - Started process (PID=5140) to work on /opt/airflow/dags/raw_from_api_to_s3.py
[2026-04-14T20:03:36.373+0000] {processor.py:914} INFO - Processing file /opt/airflow/dags/raw_from_api_to_s3.py for tasks to queue
[2026-04-14T20:03:36.376+0000] {logging_mixin.py:190} INFO - [2026-04-14T20:03:36.375+0000] {dagbag.py:588} INFO - Filling up the DagBag from /opt/airflow/dags/raw_from_api_to_s3.py
[2026-04-14T20:03:36.421+0000] {processor.py:925} INFO - DAG(s) 'raw_from_api_to_s3' retrieved from /opt/airflow/dags/raw_from_api_to_s3.py
[2026-04-14T20:03:36.428+0000] {logging_mixin.py:190} INFO - [2026-04-14T20:03:36.428+0000] {dag.py:3239} INFO - Sync 1 DAGs
[2026-04-14T20:03:36.438+0000] {logging_mixin.py:190} INFO - [2026-04-14T20:03:36.437+0000] {dag.py:4180} INFO - Setting next_dagrun for raw_from_api_to_s3 to 2026-04-14 00:00:00+00:00, run_after=2026-04-15 00:00:00+00:00
[2026-04-14T20:03:36.444+0000] {processor.py:208} INFO - Processing /opt/airflow/dags/raw_from_api_to_s3.py took 0.078 seconds
[2026-04-14T20:04:06.744+0000] {processor.py:186} INFO - Started process (PID=5154) to work on /opt/airflow/dags/raw_from_api_to_s3.py
[2026-04-14T20:04:06.745+0000] {processor.py:914} INFO - Processing file /opt/airflow/dags/raw_from_api_to_s3.py for tasks to queue
[2026-04-14T20:04:06.748+0000] {logging_mixin.py:190} INFO - [2026-04-14T20:04:06.747+0000] {dagbag.py:588} INFO - Filling up the DagBag from /opt/airflow/dags/raw_from_api_to_s3.py
[2026-04-14T20:04:06.795+0000] {processor.py:925} INFO - DAG(s) 'raw_from_api_to_s3' retrieved from /opt/airflow/dags/raw_from_api_to_s3.py
[2026-04-14T20:04:06.802+0000] {logging_mixin.py:190} INFO - [2026-04-14T20:04:06.802+0000] {dag.py:3239} INFO - Sync 1 DAGs
[2026-04-14T20:04:06.811+0000] {logging_mixin.py:190} INFO - [2026-04-14T20:04:06.811+0000] {dag.py:4180} INFO - Setting next_dagrun for raw_from_api_to_s3 to 2026-04-14 00:00:00+00:00, run_after=2026-04-15 00:00:00+00:00
[2026-04-14T20:04:06.817+0000] {processor.py:208} INFO - Processing /opt/airflow/dags/raw_from_api_to_s3.py took 0.078 seconds
[2026-04-14T20:04:37.109+0000] {processor.py:186} INFO - Started process (PID=5168) to work on /opt/airflow/dags/raw_from_api_to_s3.py
[2026-04-14T20:04:37.110+0000] {processor.py:914} INFO - Processing file /opt/airflow/dags/raw_from_api_to_s3.py for tasks to queue
[2026-04-14T20:04:37.113+0000] {logging_mixin.py:190} INFO - [2026-04-14T20:04:37.112+0000] {dagbag.py:588} INFO - Filling up the DagBag from /opt/airflow/dags/raw_from_api_to_s3.py
[2026-04-14T20:04:37.158+0000] {processor.py:925} INFO - DAG(s) 'raw_from_api_to_s3' retrieved from /opt/airflow/dags/raw_from_api_to_s3.py
[2026-04-14T20:04:37.165+0000] {logging_mixin.py:190} INFO - [2026-04-14T20:04:37.165+0000] {dag.py:3239} INFO - Sync 1 DAGs
[2026-04-14T20:04:37.174+0000] {logging_mixin.py:190} INFO - [2026-04-14T20:04:37.174+0000] {dag.py:4180} INFO - Setting next_dagrun for raw_from_api_to_s3 to 2026-04-14 00:00:00+00:00, run_after=2026-04-15 00:00:00+00:00
[2026-04-14T20:04:37.180+0000] {processor.py:208} INFO - Processing /opt/airflow/dags/raw_from_api_to_s3.py took 0.077 seconds
[2026-04-14T20:05:07.460+0000] {processor.py:186} INFO - Started process (PID=5182) to work on /opt/airflow/dags/raw_from_api_to_s3.py
[2026-04-14T20:05:07.460+0000] {processor.py:914} INFO - Processing file /opt/airflow/dags/raw_from_api_to_s3.py for tasks to queue
[2026-04-14T20:05:07.462+0000] {logging_mixin.py:190} INFO - [2026-04-14T20:05:07.462+0000] {dagbag.py:588} INFO - Filling up the DagBag from /opt/airflow/dags/raw_from_api_to_s3.py
[2026-04-14T20:05:07.508+0000] {processor.py:925} INFO - DAG(s) 'raw_from_api_to_s3' retrieved from /opt/airflow/dags/raw_from_api_to_s3.py
[2026-04-14T20:05:07.516+0000] {logging_mixin.py:190} INFO - [2026-04-14T20:05:07.516+0000] {dag.py:3239} INFO - Sync 1 DAGs
[2026-04-14T20:05:07.527+0000] {logging_mixin.py:190} INFO - [2026-04-14T20:05:07.527+0000] {dag.py:4180} INFO - Setting next_dagrun for raw_from_api_to_s3 to 2026-04-14 00:00:00+00:00, run_after=2026-04-15 00:00:00+00:00
[2026-04-14T20:05:07.534+0000] {processor.py:208} INFO - Processing /opt/airflow/dags/raw_from_api_to_s3.py took 0.079 seconds
[2026-04-14T20:05:37.845+0000] {processor.py:186} INFO - Started process (PID=5196) to work on /opt/airflow/dags/raw_from_api_to_s3.py
[2026-04-14T20:05:37.846+0000] {processor.py:914} INFO - Processing file /opt/airflow/dags/raw_from_api_to_s3.py for tasks to queue
[2026-04-14T20:05:37.849+0000] {logging_mixin.py:190} INFO - [2026-04-14T20:05:37.848+0000] {dagbag.py:588} INFO - Filling up the DagBag from /opt/airflow/dags/raw_from_api_to_s3.py
[2026-04-14T20:05:37.908+0000] {processor.py:925} INFO - DAG(s) 'raw_from_api_to_s3' retrieved from /opt/airflow/dags/raw_from_api_to_s3.py
[2026-04-14T20:05:37.915+0000] {logging_mixin.py:190} INFO - [2026-04-14T20:05:37.915+0000] {dag.py:3239} INFO - Sync 1 DAGs
[2026-04-14T20:05:37.925+0000] {logging_mixin.py:190} INFO - [2026-04-14T20:05:37.925+0000] {dag.py:4180} INFO - Setting next_dagrun for raw_from_api_to_s3 to 2026-04-14 00:00:00+00:00, run_after=2026-04-15 00:00:00+00:00
[2026-04-14T20:05:37.932+0000] {processor.py:208} INFO - Processing /opt/airflow/dags/raw_from_api_to_s3.py took 0.094 seconds
[2026-04-14T20:06:08.192+0000] {processor.py:186} INFO - Started process (PID=5210) to work on /opt/airflow/dags/raw_from_api_to_s3.py
[2026-04-14T20:06:08.193+0000] {processor.py:914} INFO - Processing file /opt/airflow/dags/raw_from_api_to_s3.py for tasks to queue
[2026-04-14T20:06:08.196+0000] {logging_mixin.py:190} INFO - [2026-04-14T20:06:08.195+0000] {dagbag.py:588} INFO - Filling up the DagBag from /opt/airflow/dags/raw_from_api_to_s3.py
[2026-04-14T20:06:08.246+0000] {processor.py:925} INFO - DAG(s) 'raw_from_api_to_s3' retrieved from /opt/airflow/dags/raw_from_api_to_s3.py
[2026-04-14T20:06:08.253+0000] {logging_mixin.py:190} INFO - [2026-04-14T20:06:08.253+0000] {dag.py:3239} INFO - Sync 1 DAGs
[2026-04-14T20:06:08.263+0000] {logging_mixin.py:190} INFO - [2026-04-14T20:06:08.263+0000] {dag.py:4180} INFO - Setting next_dagrun for raw_from_api_to_s3 to 2026-04-14 00:00:00+00:00, run_after=2026-04-15 00:00:00+00:00
[2026-04-14T20:06:08.269+0000] {processor.py:208} INFO - Processing /opt/airflow/dags/raw_from_api_to_s3.py took 0.084 seconds
[2026-04-14T20:06:38.598+0000] {processor.py:186} INFO - Started process (PID=5224) to work on /opt/airflow/dags/raw_from_api_to_s3.py
[2026-04-14T20:06:38.599+0000] {processor.py:914} INFO - Processing file /opt/airflow/dags/raw_from_api_to_s3.py for tasks to queue
[2026-04-14T20:06:38.603+0000] {logging_mixin.py:190} INFO - [2026-04-14T20:06:38.603+0000] {dagbag.py:588} INFO - Filling up the DagBag from /opt/airflow/dags/raw_from_api_to_s3.py
[2026-04-14T20:06:38.657+0000] {processor.py:925} INFO - DAG(s) 'raw_from_api_to_s3' retrieved from /opt/airflow/dags/raw_from_api_to_s3.py
[2026-04-14T20:06:38.664+0000] {logging_mixin.py:190} INFO - [2026-04-14T20:06:38.664+0000] {dag.py:3239} INFO - Sync 1 DAGs
[2026-04-14T20:06:38.675+0000] {logging_mixin.py:190} INFO - [2026-04-14T20:06:38.675+0000] {dag.py:4180} INFO - Setting next_dagrun for raw_from_api_to_s3 to 2026-04-14 00:00:00+00:00, run_after=2026-04-15 00:00:00+00:00
[2026-04-14T20:06:38.682+0000] {processor.py:208} INFO - Processing /opt/airflow/dags/raw_from_api_to_s3.py took 0.092 seconds
[2026-04-14T20:07:08.990+0000] {processor.py:186} INFO - Started process (PID=5238) to work on /opt/airflow/dags/raw_from_api_to_s3.py
[2026-04-14T20:07:08.991+0000] {processor.py:914} INFO - Processing file /opt/airflow/dags/raw_from_api_to_s3.py for tasks to queue
[2026-04-14T20:07:08.994+0000] {logging_mixin.py:190} INFO - [2026-04-14T20:07:08.994+0000] {dagbag.py:588} INFO - Filling up the DagBag from /opt/airflow/dags/raw_from_api_to_s3.py
[2026-04-14T20:07:09.052+0000] {processor.py:925} INFO - DAG(s) 'raw_from_api_to_s3' retrieved from /opt/airflow/dags/raw_from_api_to_s3.py
[2026-04-14T20:07:09.060+0000] {logging_mixin.py:190} INFO - [2026-04-14T20:07:09.060+0000] {dag.py:3239} INFO - Sync 1 DAGs
[2026-04-14T20:07:09.070+0000] {logging_mixin.py:190} INFO - [2026-04-14T20:07:09.069+0000] {dag.py:4180} INFO - Setting next_dagrun for raw_from_api_to_s3 to 2026-04-14 00:00:00+00:00, run_after=2026-04-15 00:00:00+00:00
[2026-04-14T20:07:09.076+0000] {processor.py:208} INFO - Processing /opt/airflow/dags/raw_from_api_to_s3.py took 0.094 seconds
[2026-04-14T20:07:39.238+0000] {processor.py:186} INFO - Started process (PID=5252) to work on /opt/airflow/dags/raw_from_api_to_s3.py
[2026-04-14T20:07:39.239+0000] {processor.py:914} INFO - Processing file /opt/airflow/dags/raw_from_api_to_s3.py for tasks to queue
[2026-04-14T20:07:39.242+0000] {logging_mixin.py:190} INFO - [2026-04-14T20:07:39.242+0000] {dagbag.py:588} INFO - Filling up the DagBag from /opt/airflow/dags/raw_from_api_to_s3.py
[2026-04-14T20:07:39.294+0000] {processor.py:925} INFO - DAG(s) 'raw_from_api_to_s3' retrieved from /opt/airflow/dags/raw_from_api_to_s3.py
[2026-04-14T20:07:39.301+0000] {logging_mixin.py:190} INFO - [2026-04-14T20:07:39.301+0000] {dag.py:3239} INFO - Sync 1 DAGs
[2026-04-14T20:07:39.310+0000] {logging_mixin.py:190} INFO - [2026-04-14T20:07:39.310+0000] {dag.py:4180} INFO - Setting next_dagrun for raw_from_api_to_s3 to 2026-04-14 00:00:00+00:00, run_after=2026-04-15 00:00:00+00:00
[2026-04-14T20:07:39.316+0000] {processor.py:208} INFO - Processing /opt/airflow/dags/raw_from_api_to_s3.py took 0.086 seconds
[2026-04-14T20:08:09.583+0000] {processor.py:186} INFO - Started process (PID=5266) to work on /opt/airflow/dags/raw_from_api_to_s3.py
[2026-04-14T20:08:09.584+0000] {processor.py:914} INFO - Processing file /opt/airflow/dags/raw_from_api_to_s3.py for tasks to queue
[2026-04-14T20:08:09.586+0000] {logging_mixin.py:190} INFO - [2026-04-14T20:08:09.586+0000] {dagbag.py:588} INFO - Filling up the DagBag from /opt/airflow/dags/raw_from_api_to_s3.py
[2026-04-14T20:08:09.631+0000] {processor.py:925} INFO - DAG(s) 'raw_from_api_to_s3' retrieved from /opt/airflow/dags/raw_from_api_to_s3.py
[2026-04-14T20:08:09.638+0000] {logging_mixin.py:190} INFO - [2026-04-14T20:08:09.638+0000] {dag.py:3239} INFO - Sync 1 DAGs
[2026-04-14T20:08:09.647+0000] {logging_mixin.py:190} INFO - [2026-04-14T20:08:09.647+0000] {dag.py:4180} INFO - Setting next_dagrun for raw_from_api_to_s3 to 2026-04-14 00:00:00+00:00, run_after=2026-04-15 00:00:00+00:00
[2026-04-14T20:08:09.653+0000] {processor.py:208} INFO - Processing /opt/airflow/dags/raw_from_api_to_s3.py took 0.075 seconds
[2026-04-14T20:08:39.958+0000] {processor.py:186} INFO - Started process (PID=5280) to work on /opt/airflow/dags/raw_from_api_to_s3.py
[2026-04-14T20:08:39.959+0000] {processor.py:914} INFO - Processing file /opt/airflow/dags/raw_from_api_to_s3.py for tasks to queue
[2026-04-14T20:08:39.963+0000] {logging_mixin.py:190} INFO - [2026-04-14T20:08:39.962+0000] {dagbag.py:588} INFO - Filling up the DagBag from /opt/airflow/dags/raw_from_api_to_s3.py
[2026-04-14T20:08:40.014+0000] {processor.py:925} INFO - DAG(s) 'raw_from_api_to_s3' retrieved from /opt/airflow/dags/raw_from_api_to_s3.py
[2026-04-14T20:08:40.022+0000] {logging_mixin.py:190} INFO - [2026-04-14T20:08:40.022+0000] {dag.py:3239} INFO - Sync 1 DAGs
[2026-04-14T20:08:40.031+0000] {logging_mixin.py:190} INFO - [2026-04-14T20:08:40.031+0000] {dag.py:4180} INFO - Setting next_dagrun for raw_from_api_to_s3 to 2026-04-14 00:00:00+00:00, run_after=2026-04-15 00:00:00+00:00
[2026-04-14T20:08:40.038+0000] {processor.py:208} INFO - Processing /opt/airflow/dags/raw_from_api_to_s3.py took 0.088 seconds
[2026-04-14T20:09:10.335+0000] {processor.py:186} INFO - Started process (PID=5294) to work on /opt/airflow/dags/raw_from_api_to_s3.py
[2026-04-14T20:09:10.336+0000] {processor.py:914} INFO - Processing file /opt/airflow/dags/raw_from_api_to_s3.py for tasks to queue
[2026-04-14T20:09:10.339+0000] {logging_mixin.py:190} INFO - [2026-04-14T20:09:10.339+0000] {dagbag.py:588} INFO - Filling up the DagBag from /opt/airflow/dags/raw_from_api_to_s3.py
[2026-04-14T20:09:10.392+0000] {processor.py:925} INFO - DAG(s) 'raw_from_api_to_s3' retrieved from /opt/airflow/dags/raw_from_api_to_s3.py
[2026-04-14T20:09:10.399+0000] {logging_mixin.py:190} INFO - [2026-04-14T20:09:10.399+0000] {dag.py:3239} INFO - Sync 1 DAGs
[2026-04-14T20:09:10.408+0000] {logging_mixin.py:190} INFO - [2026-04-14T20:09:10.408+0000] {dag.py:4180} INFO - Setting next_dagrun for raw_from_api_to_s3 to 2026-04-14 00:00:00+00:00, run_after=2026-04-15 00:00:00+00:00
[2026-04-14T20:09:10.414+0000] {processor.py:208} INFO - Processing /opt/airflow/dags/raw_from_api_to_s3.py took 0.086 seconds
[2026-04-14T20:09:40.691+0000] {processor.py:186} INFO - Started process (PID=5308) to work on /opt/airflow/dags/raw_from_api_to_s3.py
[2026-04-14T20:09:40.692+0000] {processor.py:914} INFO - Processing file /opt/airflow/dags/raw_from_api_to_s3.py for tasks to queue
[2026-04-14T20:09:40.695+0000] {logging_mixin.py:190} INFO - [2026-04-14T20:09:40.694+0000] {dagbag.py:588} INFO - Filling up the DagBag from /opt/airflow/dags/raw_from_api_to_s3.py
[2026-04-14T20:09:40.750+0000] {processor.py:925} INFO - DAG(s) 'raw_from_api_to_s3' retrieved from /opt/airflow/dags/raw_from_api_to_s3.py
[2026-04-14T20:09:40.758+0000] {logging_mixin.py:190} INFO - [2026-04-14T20:09:40.758+0000] {dag.py:3239} INFO - Sync 1 DAGs
[2026-04-14T20:09:40.768+0000] {logging_mixin.py:190} INFO - [2026-04-14T20:09:40.768+0000] {dag.py:4180} INFO - Setting next_dagrun for raw_from_api_to_s3 to 2026-04-14 00:00:00+00:00, run_after=2026-04-15 00:00:00+00:00
[2026-04-14T20:09:40.774+0000] {processor.py:208} INFO - Processing /opt/airflow/dags/raw_from_api_to_s3.py took 0.089 seconds
[2026-04-14T20:10:11.035+0000] {processor.py:186} INFO - Started process (PID=5321) to work on /opt/airflow/dags/raw_from_api_to_s3.py
[2026-04-14T20:10:11.036+0000] {processor.py:914} INFO - Processing file /opt/airflow/dags/raw_from_api_to_s3.py for tasks to queue
[2026-04-14T20:10:11.038+0000] {logging_mixin.py:190} INFO - [2026-04-14T20:10:11.038+0000] {dagbag.py:588} INFO - Filling up the DagBag from /opt/airflow/dags/raw_from_api_to_s3.py
[2026-04-14T20:10:11.083+0000] {processor.py:925} INFO - DAG(s) 'raw_from_api_to_s3' retrieved from /opt/airflow/dags/raw_from_api_to_s3.py
[2026-04-14T20:10:11.090+0000] {logging_mixin.py:190} INFO - [2026-04-14T20:10:11.090+0000] {dag.py:3239} INFO - Sync 1 DAGs
[2026-04-14T20:10:11.099+0000] {logging_mixin.py:190} INFO - [2026-04-14T20:10:11.099+0000] {dag.py:4180} INFO - Setting next_dagrun for raw_from_api_to_s3 to 2026-04-14 00:00:00+00:00, run_after=2026-04-15 00:00:00+00:00
[2026-04-14T20:10:11.105+0000] {processor.py:208} INFO - Processing /opt/airflow/dags/raw_from_api_to_s3.py took 0.076 seconds
[2026-04-14T20:10:41.394+0000] {processor.py:186} INFO - Started process (PID=5335) to work on /opt/airflow/dags/raw_from_api_to_s3.py
[2026-04-14T20:10:41.395+0000] {processor.py:914} INFO - Processing file /opt/airflow/dags/raw_from_api_to_s3.py for tasks to queue
[2026-04-14T20:10:41.397+0000] {logging_mixin.py:190} INFO - [2026-04-14T20:10:41.397+0000] {dagbag.py:588} INFO - Filling up the DagBag from /opt/airflow/dags/raw_from_api_to_s3.py
[2026-04-14T20:10:41.444+0000] {processor.py:925} INFO - DAG(s) 'raw_from_api_to_s3' retrieved from /opt/airflow/dags/raw_from_api_to_s3.py
[2026-04-14T20:10:41.450+0000] {logging_mixin.py:190} INFO - [2026-04-14T20:10:41.450+0000] {dag.py:3239} INFO - Sync 1 DAGs
[2026-04-14T20:10:41.459+0000] {logging_mixin.py:190} INFO - [2026-04-14T20:10:41.459+0000] {dag.py:4180} INFO - Setting next_dagrun for raw_from_api_to_s3 to 2026-04-14 00:00:00+00:00, run_after=2026-04-15 00:00:00+00:00
[2026-04-14T20:10:41.465+0000] {processor.py:208} INFO - Processing /opt/airflow/dags/raw_from_api_to_s3.py took 0.077 seconds
[2026-04-14T20:11:11.733+0000] {processor.py:186} INFO - Started process (PID=5349) to work on /opt/airflow/dags/raw_from_api_to_s3.py
[2026-04-14T20:11:11.734+0000] {processor.py:914} INFO - Processing file /opt/airflow/dags/raw_from_api_to_s3.py for tasks to queue
[2026-04-14T20:11:11.736+0000] {logging_mixin.py:190} INFO - [2026-04-14T20:11:11.736+0000] {dagbag.py:588} INFO - Filling up the DagBag from /opt/airflow/dags/raw_from_api_to_s3.py
[2026-04-14T20:11:11.779+0000] {processor.py:925} INFO - DAG(s) 'raw_from_api_to_s3' retrieved from /opt/airflow/dags/raw_from_api_to_s3.py
[2026-04-14T20:11:11.786+0000] {logging_mixin.py:190} INFO - [2026-04-14T20:11:11.786+0000] {dag.py:3239} INFO - Sync 1 DAGs
[2026-04-14T20:11:11.795+0000] {logging_mixin.py:190} INFO - [2026-04-14T20:11:11.795+0000] {dag.py:4180} INFO - Setting next_dagrun for raw_from_api_to_s3 to 2026-04-14 00:00:00+00:00, run_after=2026-04-15 00:00:00+00:00
[2026-04-14T20:11:11.801+0000] {processor.py:208} INFO - Processing /opt/airflow/dags/raw_from_api_to_s3.py took 0.074 seconds
[2026-04-14T20:11:42.012+0000] {processor.py:186} INFO - Started process (PID=5363) to work on /opt/airflow/dags/raw_from_api_to_s3.py
[2026-04-14T20:11:42.013+0000] {processor.py:914} INFO - Processing file /opt/airflow/dags/raw_from_api_to_s3.py for tasks to queue
[2026-04-14T20:11:42.016+0000] {logging_mixin.py:190} INFO - [2026-04-14T20:11:42.015+0000] {dagbag.py:588} INFO - Filling up the DagBag from /opt/airflow/dags/raw_from_api_to_s3.py
[2026-04-14T20:11:42.061+0000] {processor.py:925} INFO - DAG(s) 'raw_from_api_to_s3' retrieved from /opt/airflow/dags/raw_from_api_to_s3.py
[2026-04-14T20:11:42.068+0000] {logging_mixin.py:190} INFO - [2026-04-14T20:11:42.068+0000] {dag.py:3239} INFO - Sync 1 DAGs
[2026-04-14T20:11:42.078+0000] {logging_mixin.py:190} INFO - [2026-04-14T20:11:42.078+0000] {dag.py:4180} INFO - Setting next_dagrun for raw_from_api_to_s3 to 2026-04-14 00:00:00+00:00, run_after=2026-04-15 00:00:00+00:00
[2026-04-14T20:11:42.084+0000] {processor.py:208} INFO - Processing /opt/airflow/dags/raw_from_api_to_s3.py took 0.079 seconds
[2026-04-14T20:12:12.412+0000] {processor.py:186} INFO - Started process (PID=5377) to work on /opt/airflow/dags/raw_from_api_to_s3.py
[2026-04-14T20:12:12.412+0000] {processor.py:914} INFO - Processing file /opt/airflow/dags/raw_from_api_to_s3.py for tasks to queue
[2026-04-14T20:12:12.416+0000] {logging_mixin.py:190} INFO - [2026-04-14T20:12:12.415+0000] {dagbag.py:588} INFO - Filling up the DagBag from /opt/airflow/dags/raw_from_api_to_s3.py
[2026-04-14T20:12:12.464+0000] {processor.py:925} INFO - DAG(s) 'raw_from_api_to_s3' retrieved from /opt/airflow/dags/raw_from_api_to_s3.py
[2026-04-14T20:12:12.470+0000] {logging_mixin.py:190} INFO - [2026-04-14T20:12:12.470+0000] {dag.py:3239} INFO - Sync 1 DAGs
[2026-04-14T20:12:12.479+0000] {logging_mixin.py:190} INFO - [2026-04-14T20:12:12.479+0000] {dag.py:4180} INFO - Setting next_dagrun for raw_from_api_to_s3 to 2026-04-14 00:00:00+00:00, run_after=2026-04-15 00:00:00+00:00
[2026-04-14T20:12:12.486+0000] {processor.py:208} INFO - Processing /opt/airflow/dags/raw_from_api_to_s3.py took 0.081 seconds
[2026-04-14T20:12:42.689+0000] {processor.py:186} INFO - Started process (PID=5391) to work on /opt/airflow/dags/raw_from_api_to_s3.py
[2026-04-14T20:12:42.690+0000] {processor.py:914} INFO - Processing file /opt/airflow/dags/raw_from_api_to_s3.py for tasks to queue
[2026-04-14T20:12:42.692+0000] {logging_mixin.py:190} INFO - [2026-04-14T20:12:42.692+0000] {dagbag.py:588} INFO - Filling up the DagBag from /opt/airflow/dags/raw_from_api_to_s3.py
[2026-04-14T20:12:42.750+0000] {processor.py:925} INFO - DAG(s) 'raw_from_api_to_s3' retrieved from /opt/airflow/dags/raw_from_api_to_s3.py
[2026-04-14T20:12:42.758+0000] {logging_mixin.py:190} INFO - [2026-04-14T20:12:42.758+0000] {dag.py:3239} INFO - Sync 1 DAGs
[2026-04-14T20:12:42.767+0000] {logging_mixin.py:190} INFO - [2026-04-14T20:12:42.767+0000] {dag.py:4180} INFO - Setting next_dagrun for raw_from_api_to_s3 to 2026-04-14 00:00:00+00:00, run_after=2026-04-15 00:00:00+00:00
[2026-04-14T20:12:42.774+0000] {processor.py:208} INFO - Processing /opt/airflow/dags/raw_from_api_to_s3.py took 0.092 seconds
[2026-04-14T20:13:13.089+0000] {processor.py:186} INFO - Started process (PID=5405) to work on /opt/airflow/dags/raw_from_api_to_s3.py
[2026-04-14T20:13:13.089+0000] {processor.py:914} INFO - Processing file /opt/airflow/dags/raw_from_api_to_s3.py for tasks to queue
[2026-04-14T20:13:13.091+0000] {logging_mixin.py:190} INFO - [2026-04-14T20:13:13.091+0000] {dagbag.py:588} INFO - Filling up the DagBag from /opt/airflow/dags/raw_from_api_to_s3.py
[2026-04-14T20:13:13.143+0000] {processor.py:925} INFO - DAG(s) 'raw_from_api_to_s3' retrieved from /opt/airflow/dags/raw_from_api_to_s3.py
[2026-04-14T20:13:13.152+0000] {logging_mixin.py:190} INFO - [2026-04-14T20:13:13.152+0000] {dag.py:3239} INFO - Sync 1 DAGs
[2026-04-14T20:13:13.164+0000] {logging_mixin.py:190} INFO - [2026-04-14T20:13:13.163+0000] {dag.py:4180} INFO - Setting next_dagrun for raw_from_api_to_s3 to 2026-04-14 00:00:00+00:00, run_after=2026-04-15 00:00:00+00:00
[2026-04-14T20:13:13.171+0000] {processor.py:208} INFO - Processing /opt/airflow/dags/raw_from_api_to_s3.py took 0.086 seconds
[2026-04-14T20:13:43.464+0000] {processor.py:186} INFO - Started process (PID=5419) to work on /opt/airflow/dags/raw_from_api_to_s3.py
[2026-04-14T20:13:43.465+0000] {processor.py:914} INFO - Processing file /opt/airflow/dags/raw_from_api_to_s3.py for tasks to queue
[2026-04-14T20:13:43.467+0000] {logging_mixin.py:190} INFO - [2026-04-14T20:13:43.467+0000] {dagbag.py:588} INFO - Filling up the DagBag from /opt/airflow/dags/raw_from_api_to_s3.py
[2026-04-14T20:13:43.518+0000] {processor.py:925} INFO - DAG(s) 'raw_from_api_to_s3' retrieved from /opt/airflow/dags/raw_from_api_to_s3.py
[2026-04-14T20:13:43.524+0000] {logging_mixin.py:190} INFO - [2026-04-14T20:13:43.524+0000] {dag.py:3239} INFO - Sync 1 DAGs
[2026-04-14T20:13:43.533+0000] {logging_mixin.py:190} INFO - [2026-04-14T20:13:43.533+0000] {dag.py:4180} INFO - Setting next_dagrun for raw_from_api_to_s3 to 2026-04-14 00:00:00+00:00, run_after=2026-04-15 00:00:00+00:00
[2026-04-14T20:13:43.539+0000] {processor.py:208} INFO - Processing /opt/airflow/dags/raw_from_api_to_s3.py took 0.083 seconds
[2026-04-14T20:14:13.836+0000] {processor.py:186} INFO - Started process (PID=5433) to work on /opt/airflow/dags/raw_from_api_to_s3.py
[2026-04-14T20:14:13.837+0000] {processor.py:914} INFO - Processing file /opt/airflow/dags/raw_from_api_to_s3.py for tasks to queue
[2026-04-14T20:14:13.838+0000] {logging_mixin.py:190} INFO - [2026-04-14T20:14:13.838+0000] {dagbag.py:588} INFO - Filling up the DagBag from /opt/airflow/dags/raw_from_api_to_s3.py
[2026-04-14T20:14:13.873+0000] {processor.py:925} INFO - DAG(s) 'raw_from_api_to_s3' retrieved from /opt/airflow/dags/raw_from_api_to_s3.py
[2026-04-14T20:14:13.880+0000] {logging_mixin.py:190} INFO - [2026-04-14T20:14:13.880+0000] {dag.py:3239} INFO - Sync 1 DAGs
[2026-04-14T20:14:13.889+0000] {logging_mixin.py:190} INFO - [2026-04-14T20:14:13.889+0000] {dag.py:4180} INFO - Setting next_dagrun for raw_from_api_to_s3 to 2026-04-14 00:00:00+00:00, run_after=2026-04-15 00:00:00+00:00
[2026-04-14T20:14:13.896+0000] {processor.py:208} INFO - Processing /opt/airflow/dags/raw_from_api_to_s3.py took 0.063 seconds
[2026-04-14T20:14:44.200+0000] {processor.py:186} INFO - Started process (PID=5447) to work on /opt/airflow/dags/raw_from_api_to_s3.py
[2026-04-14T20:14:44.201+0000] {processor.py:914} INFO - Processing file /opt/airflow/dags/raw_from_api_to_s3.py for tasks to queue
[2026-04-14T20:14:44.203+0000] {logging_mixin.py:190} INFO - [2026-04-14T20:14:44.203+0000] {dagbag.py:588} INFO - Filling up the DagBag from /opt/airflow/dags/raw_from_api_to_s3.py
[2026-04-14T20:14:44.249+0000] {processor.py:925} INFO - DAG(s) 'raw_from_api_to_s3' retrieved from /opt/airflow/dags/raw_from_api_to_s3.py
[2026-04-14T20:14:44.256+0000] {logging_mixin.py:190} INFO - [2026-04-14T20:14:44.256+0000] {dag.py:3239} INFO - Sync 1 DAGs
[2026-04-14T20:14:44.265+0000] {logging_mixin.py:190} INFO - [2026-04-14T20:14:44.265+0000] {dag.py:4180} INFO - Setting next_dagrun for raw_from_api_to_s3 to 2026-04-14 00:00:00+00:00, run_after=2026-04-15 00:00:00+00:00
[2026-04-14T20:14:44.272+0000] {processor.py:208} INFO - Processing /opt/airflow/dags/raw_from_api_to_s3.py took 0.079 seconds
[2026-04-14T20:15:14.557+0000] {processor.py:186} INFO - Started process (PID=5461) to work on /opt/airflow/dags/raw_from_api_to_s3.py
[2026-04-14T20:15:14.558+0000] {processor.py:914} INFO - Processing file /opt/airflow/dags/raw_from_api_to_s3.py for tasks to queue
[2026-04-14T20:15:14.561+0000] {logging_mixin.py:190} INFO - [2026-04-14T20:15:14.560+0000] {dagbag.py:588} INFO - Filling up the DagBag from /opt/airflow/dags/raw_from_api_to_s3.py
[2026-04-14T20:15:14.613+0000] {processor.py:925} INFO - DAG(s) 'raw_from_api_to_s3' retrieved from /opt/airflow/dags/raw_from_api_to_s3.py
[2026-04-14T20:15:14.620+0000] {logging_mixin.py:190} INFO - [2026-04-14T20:15:14.620+0000] {dag.py:3239} INFO - Sync 1 DAGs
[2026-04-14T20:15:14.629+0000] {logging_mixin.py:190} INFO - [2026-04-14T20:15:14.629+0000] {dag.py:4180} INFO - Setting next_dagrun for raw_from_api_to_s3 to 2026-04-14 00:00:00+00:00, run_after=2026-04-15 00:00:00+00:00
[2026-04-14T20:15:14.636+0000] {processor.py:208} INFO - Processing /opt/airflow/dags/raw_from_api_to_s3.py took 0.085 seconds
[2026-04-14T20:15:44.903+0000] {processor.py:186} INFO - Started process (PID=5475) to work on /opt/airflow/dags/raw_from_api_to_s3.py
[2026-04-14T20:15:44.905+0000] {processor.py:914} INFO - Processing file /opt/airflow/dags/raw_from_api_to_s3.py for tasks to queue
[2026-04-14T20:15:44.908+0000] {logging_mixin.py:190} INFO - [2026-04-14T20:15:44.907+0000] {dagbag.py:588} INFO - Filling up the DagBag from /opt/airflow/dags/raw_from_api_to_s3.py
[2026-04-14T20:15:44.973+0000] {processor.py:925} INFO - DAG(s) 'raw_from_api_to_s3' retrieved from /opt/airflow/dags/raw_from_api_to_s3.py
[2026-04-14T20:15:44.984+0000] {logging_mixin.py:190} INFO - [2026-04-14T20:15:44.984+0000] {dag.py:3239} INFO - Sync 1 DAGs
[2026-04-14T20:15:44.995+0000] {logging_mixin.py:190} INFO - [2026-04-14T20:15:44.995+0000] {dag.py:4180} INFO - Setting next_dagrun for raw_from_api_to_s3 to 2026-04-14 00:00:00+00:00, run_after=2026-04-15 00:00:00+00:00
[2026-04-14T20:15:45.002+0000] {processor.py:208} INFO - Processing /opt/airflow/dags/raw_from_api_to_s3.py took 0.107 seconds
[2026-04-14T20:16:15.262+0000] {processor.py:186} INFO - Started process (PID=5489) to work on /opt/airflow/dags/raw_from_api_to_s3.py
[2026-04-14T20:16:15.263+0000] {processor.py:914} INFO - Processing file /opt/airflow/dags/raw_from_api_to_s3.py for tasks to queue
[2026-04-14T20:16:15.266+0000] {logging_mixin.py:190} INFO - [2026-04-14T20:16:15.265+0000] {dagbag.py:588} INFO - Filling up the DagBag from /opt/airflow/dags/raw_from_api_to_s3.py
[2026-04-14T20:16:15.314+0000] {processor.py:925} INFO - DAG(s) 'raw_from_api_to_s3' retrieved from /opt/airflow/dags/raw_from_api_to_s3.py
[2026-04-14T20:16:15.321+0000] {logging_mixin.py:190} INFO - [2026-04-14T20:16:15.321+0000] {dag.py:3239} INFO - Sync 1 DAGs
[2026-04-14T20:16:15.330+0000] {logging_mixin.py:190} INFO - [2026-04-14T20:16:15.330+0000] {dag.py:4180} INFO - Setting next_dagrun for raw_from_api_to_s3 to 2026-04-14 00:00:00+00:00, run_after=2026-04-15 00:00:00+00:00
[2026-04-14T20:16:15.337+0000] {processor.py:208} INFO - Processing /opt/airflow/dags/raw_from_api_to_s3.py took 0.083 seconds
[2026-04-14T20:16:45.642+0000] {processor.py:186} INFO - Started process (PID=5503) to work on /opt/airflow/dags/raw_from_api_to_s3.py
[2026-04-14T20:16:45.643+0000] {processor.py:914} INFO - Processing file /opt/airflow/dags/raw_from_api_to_s3.py for tasks to queue
[2026-04-14T20:16:45.646+0000] {logging_mixin.py:190} INFO - [2026-04-14T20:16:45.646+0000] {dagbag.py:588} INFO - Filling up the DagBag from /opt/airflow/dags/raw_from_api_to_s3.py
[2026-04-14T20:16:45.694+0000] {processor.py:925} INFO - DAG(s) 'raw_from_api_to_s3' retrieved from /opt/airflow/dags/raw_from_api_to_s3.py
[2026-04-14T20:16:45.700+0000] {logging_mixin.py:190} INFO - [2026-04-14T20:16:45.700+0000] {dag.py:3239} INFO - Sync 1 DAGs
[2026-04-14T20:16:45.709+0000] {logging_mixin.py:190} INFO - [2026-04-14T20:16:45.709+0000] {dag.py:4180} INFO - Setting next_dagrun for raw_from_api_to_s3 to 2026-04-14 00:00:00+00:00, run_after=2026-04-15 00:00:00+00:00
[2026-04-14T20:16:45.716+0000] {processor.py:208} INFO - Processing /opt/airflow/dags/raw_from_api_to_s3.py took 0.080 seconds
[2026-04-14T20:17:15.990+0000] {processor.py:186} INFO - Started process (PID=5517) to work on /opt/airflow/dags/raw_from_api_to_s3.py
[2026-04-14T20:17:15.991+0000] {processor.py:914} INFO - Processing file /opt/airflow/dags/raw_from_api_to_s3.py for tasks to queue
[2026-04-14T20:17:15.993+0000] {logging_mixin.py:190} INFO - [2026-04-14T20:17:15.993+0000] {dagbag.py:588} INFO - Filling up the DagBag from /opt/airflow/dags/raw_from_api_to_s3.py
[2026-04-14T20:17:16.037+0000] {processor.py:925} INFO - DAG(s) 'raw_from_api_to_s3' retrieved from /opt/airflow/dags/raw_from_api_to_s3.py
[2026-04-14T20:17:16.044+0000] {logging_mixin.py:190} INFO - [2026-04-14T20:17:16.044+0000] {dag.py:3239} INFO - Sync 1 DAGs
[2026-04-14T20:17:16.053+0000] {logging_mixin.py:190} INFO - [2026-04-14T20:17:16.053+0000] {dag.py:4180} INFO - Setting next_dagrun for raw_from_api_to_s3 to 2026-04-14 00:00:00+00:00, run_after=2026-04-15 00:00:00+00:00
[2026-04-14T20:17:16.059+0000] {processor.py:208} INFO - Processing /opt/airflow/dags/raw_from_api_to_s3.py took 0.074 seconds
[2026-04-14T20:17:46.326+0000] {processor.py:186} INFO - Started process (PID=5531) to work on /opt/airflow/dags/raw_from_api_to_s3.py
[2026-04-14T20:17:46.327+0000] {processor.py:914} INFO - Processing file /opt/airflow/dags/raw_from_api_to_s3.py for tasks to queue
[2026-04-14T20:17:46.330+0000] {logging_mixin.py:190} INFO - [2026-04-14T20:17:46.330+0000] {dagbag.py:588} INFO - Filling up the DagBag from /opt/airflow/dags/raw_from_api_to_s3.py
[2026-04-14T20:17:46.385+0000] {processor.py:925} INFO - DAG(s) 'raw_from_api_to_s3' retrieved from /opt/airflow/dags/raw_from_api_to_s3.py
[2026-04-14T20:17:46.393+0000] {logging_mixin.py:190} INFO - [2026-04-14T20:17:46.393+0000] {dag.py:3239} INFO - Sync 1 DAGs
[2026-04-14T20:17:46.403+0000] {logging_mixin.py:190} INFO - [2026-04-14T20:17:46.403+0000] {dag.py:4180} INFO - Setting next_dagrun for raw_from_api_to_s3 to 2026-04-14 00:00:00+00:00, run_after=2026-04-15 00:00:00+00:00
[2026-04-14T20:17:46.410+0000] {processor.py:208} INFO - Processing /opt/airflow/dags/raw_from_api_to_s3.py took 0.092 seconds
[2026-04-14T20:18:16.676+0000] {processor.py:186} INFO - Started process (PID=5545) to work on /opt/airflow/dags/raw_from_api_to_s3.py
[2026-04-14T20:18:16.677+0000] {processor.py:914} INFO - Processing file /opt/airflow/dags/raw_from_api_to_s3.py for tasks to queue
[2026-04-14T20:18:16.679+0000] {logging_mixin.py:190} INFO - [2026-04-14T20:18:16.679+0000] {dagbag.py:588} INFO - Filling up the DagBag from /opt/airflow/dags/raw_from_api_to_s3.py
[2026-04-14T20:18:16.727+0000] {processor.py:925} INFO - DAG(s) 'raw_from_api_to_s3' retrieved from /opt/airflow/dags/raw_from_api_to_s3.py
[2026-04-14T20:18:16.735+0000] {logging_mixin.py:190} INFO - [2026-04-14T20:18:16.735+0000] {dag.py:3239} INFO - Sync 1 DAGs
[2026-04-14T20:18:16.744+0000] {logging_mixin.py:190} INFO - [2026-04-14T20:18:16.744+0000] {dag.py:4180} INFO - Setting next_dagrun for raw_from_api_to_s3 to 2026-04-14 00:00:00+00:00, run_after=2026-04-15 00:00:00+00:00
[2026-04-14T20:18:16.751+0000] {processor.py:208} INFO - Processing /opt/airflow/dags/raw_from_api_to_s3.py took 0.080 seconds
[2026-04-14T20:18:47.003+0000] {processor.py:186} INFO - Started process (PID=5559) to work on /opt/airflow/dags/raw_from_api_to_s3.py
[2026-04-14T20:18:47.004+0000] {processor.py:914} INFO - Processing file /opt/airflow/dags/raw_from_api_to_s3.py for tasks to queue
[2026-04-14T20:18:47.007+0000] {logging_mixin.py:190} INFO - [2026-04-14T20:18:47.006+0000] {dagbag.py:588} INFO - Filling up the DagBag from /opt/airflow/dags/raw_from_api_to_s3.py
[2026-04-14T20:18:47.051+0000] {processor.py:925} INFO - DAG(s) 'raw_from_api_to_s3' retrieved from /opt/airflow/dags/raw_from_api_to_s3.py
[2026-04-14T20:18:47.058+0000] {logging_mixin.py:190} INFO - [2026-04-14T20:18:47.058+0000] {dag.py:3239} INFO - Sync 1 DAGs
[2026-04-14T20:18:47.067+0000] {logging_mixin.py:190} INFO - [2026-04-14T20:18:47.067+0000] {dag.py:4180} INFO - Setting next_dagrun for raw_from_api_to_s3 to 2026-04-14 00:00:00+00:00, run_after=2026-04-15 00:00:00+00:00
[2026-04-14T20:18:47.073+0000] {processor.py:208} INFO - Processing /opt/airflow/dags/raw_from_api_to_s3.py took 0.075 seconds
[2026-04-14T20:19:17.333+0000] {processor.py:186} INFO - Started process (PID=5573) to work on /opt/airflow/dags/raw_from_api_to_s3.py
[2026-04-14T20:19:17.334+0000] {processor.py:914} INFO - Processing file /opt/airflow/dags/raw_from_api_to_s3.py for tasks to queue
[2026-04-14T20:19:17.338+0000] {logging_mixin.py:190} INFO - [2026-04-14T20:19:17.338+0000] {dagbag.py:588} INFO - Filling up the DagBag from /opt/airflow/dags/raw_from_api_to_s3.py
[2026-04-14T20:19:17.386+0000] {processor.py:925} INFO - DAG(s) 'raw_from_api_to_s3' retrieved from /opt/airflow/dags/raw_from_api_to_s3.py
[2026-04-14T20:19:17.394+0000] {logging_mixin.py:190} INFO - [2026-04-14T20:19:17.394+0000] {dag.py:3239} INFO - Sync 1 DAGs
[2026-04-14T20:19:17.403+0000] {logging_mixin.py:190} INFO - [2026-04-14T20:19:17.403+0000] {dag.py:4180} INFO - Setting next_dagrun for raw_from_api_to_s3 to 2026-04-14 00:00:00+00:00, run_after=2026-04-15 00:00:00+00:00
[2026-04-14T20:19:17.409+0000] {processor.py:208} INFO - Processing /opt/airflow/dags/raw_from_api_to_s3.py took 0.083 seconds
[2026-04-14T20:19:47.674+0000] {processor.py:186} INFO - Started process (PID=5587) to work on /opt/airflow/dags/raw_from_api_to_s3.py
[2026-04-14T20:19:47.674+0000] {processor.py:914} INFO - Processing file /opt/airflow/dags/raw_from_api_to_s3.py for tasks to queue
[2026-04-14T20:19:47.677+0000] {logging_mixin.py:190} INFO - [2026-04-14T20:19:47.677+0000] {dagbag.py:588} INFO - Filling up the DagBag from /opt/airflow/dags/raw_from_api_to_s3.py
[2026-04-14T20:19:47.730+0000] {processor.py:925} INFO - DAG(s) 'raw_from_api_to_s3' retrieved from /opt/airflow/dags/raw_from_api_to_s3.py
[2026-04-14T20:19:47.738+0000] {logging_mixin.py:190} INFO - [2026-04-14T20:19:47.738+0000] {dag.py:3239} INFO - Sync 1 DAGs
[2026-04-14T20:19:47.749+0000] {logging_mixin.py:190} INFO - [2026-04-14T20:19:47.749+0000] {dag.py:4180} INFO - Setting next_dagrun for raw_from_api_to_s3 to 2026-04-14 00:00:00+00:00, run_after=2026-04-15 00:00:00+00:00
[2026-04-14T20:19:47.755+0000] {processor.py:208} INFO - Processing /opt/airflow/dags/raw_from_api_to_s3.py took 0.087 seconds
[2026-04-14T20:20:18.048+0000] {processor.py:186} INFO - Started process (PID=5601) to work on /opt/airflow/dags/raw_from_api_to_s3.py
[2026-04-14T20:20:18.048+0000] {processor.py:914} INFO - Processing file /opt/airflow/dags/raw_from_api_to_s3.py for tasks to queue
[2026-04-14T20:20:18.051+0000] {logging_mixin.py:190} INFO - [2026-04-14T20:20:18.051+0000] {dagbag.py:588} INFO - Filling up the DagBag from /opt/airflow/dags/raw_from_api_to_s3.py
[2026-04-14T20:20:18.101+0000] {processor.py:925} INFO - DAG(s) 'raw_from_api_to_s3' retrieved from /opt/airflow/dags/raw_from_api_to_s3.py
[2026-04-14T20:20:18.108+0000] {logging_mixin.py:190} INFO - [2026-04-14T20:20:18.108+0000] {dag.py:3239} INFO - Sync 1 DAGs
[2026-04-14T20:20:18.117+0000] {logging_mixin.py:190} INFO - [2026-04-14T20:20:18.117+0000] {dag.py:4180} INFO - Setting next_dagrun for raw_from_api_to_s3 to 2026-04-14 00:00:00+00:00, run_after=2026-04-15 00:00:00+00:00
[2026-04-14T20:20:18.124+0000] {processor.py:208} INFO - Processing /opt/airflow/dags/raw_from_api_to_s3.py took 0.083 seconds
[2026-04-14T20:20:48.424+0000] {processor.py:186} INFO - Started process (PID=5615) to work on /opt/airflow/dags/raw_from_api_to_s3.py
[2026-04-14T20:20:48.424+0000] {processor.py:914} INFO - Processing file /opt/airflow/dags/raw_from_api_to_s3.py for tasks to queue
[2026-04-14T20:20:48.427+0000] {logging_mixin.py:190} INFO - [2026-04-14T20:20:48.427+0000] {dagbag.py:588} INFO - Filling up the DagBag from /opt/airflow/dags/raw_from_api_to_s3.py
[2026-04-14T20:20:48.476+0000] {processor.py:925} INFO - DAG(s) 'raw_from_api_to_s3' retrieved from /opt/airflow/dags/raw_from_api_to_s3.py
[2026-04-14T20:20:48.483+0000] {logging_mixin.py:190} INFO - [2026-04-14T20:20:48.483+0000] {dag.py:3239} INFO - Sync 1 DAGs
[2026-04-14T20:20:48.492+0000] {logging_mixin.py:190} INFO - [2026-04-14T20:20:48.492+0000] {dag.py:4180} INFO - Setting next_dagrun for raw_from_api_to_s3 to 2026-04-14 00:00:00+00:00, run_after=2026-04-15 00:00:00+00:00
[2026-04-14T20:20:48.498+0000] {processor.py:208} INFO - Processing /opt/airflow/dags/raw_from_api_to_s3.py took 0.081 seconds
[2026-04-14T20:21:18.779+0000] {processor.py:186} INFO - Started process (PID=5629) to work on /opt/airflow/dags/raw_from_api_to_s3.py
[2026-04-14T20:21:18.780+0000] {processor.py:914} INFO - Processing file /opt/airflow/dags/raw_from_api_to_s3.py for tasks to queue
[2026-04-14T20:21:18.782+0000] {logging_mixin.py:190} INFO - [2026-04-14T20:21:18.782+0000] {dagbag.py:588} INFO - Filling up the DagBag from /opt/airflow/dags/raw_from_api_to_s3.py
[2026-04-14T20:21:18.830+0000] {processor.py:925} INFO - DAG(s) 'raw_from_api_to_s3' retrieved from /opt/airflow/dags/raw_from_api_to_s3.py
[2026-04-14T20:21:18.836+0000] {logging_mixin.py:190} INFO - [2026-04-14T20:21:18.836+0000] {dag.py:3239} INFO - Sync 1 DAGs
[2026-04-14T20:21:18.845+0000] {logging_mixin.py:190} INFO - [2026-04-14T20:21:18.845+0000] {dag.py:4180} INFO - Setting next_dagrun for raw_from_api_to_s3 to 2026-04-14 00:00:00+00:00, run_after=2026-04-15 00:00:00+00:00
[2026-04-14T20:21:18.851+0000] {processor.py:208} INFO - Processing /opt/airflow/dags/raw_from_api_to_s3.py took 0.078 seconds
[2026-04-14T20:21:49.115+0000] {processor.py:186} INFO - Started process (PID=5643) to work on /opt/airflow/dags/raw_from_api_to_s3.py
[2026-04-14T20:21:49.116+0000] {processor.py:914} INFO - Processing file /opt/airflow/dags/raw_from_api_to_s3.py for tasks to queue
[2026-04-14T20:21:49.118+0000] {logging_mixin.py:190} INFO - [2026-04-14T20:21:49.118+0000] {dagbag.py:588} INFO - Filling up the DagBag from /opt/airflow/dags/raw_from_api_to_s3.py
[2026-04-14T20:21:49.182+0000] {processor.py:925} INFO - DAG(s) 'raw_from_api_to_s3' retrieved from /opt/airflow/dags/raw_from_api_to_s3.py
[2026-04-14T20:21:49.196+0000] {logging_mixin.py:190} INFO - [2026-04-14T20:21:49.196+0000] {dag.py:3239} INFO - Sync 1 DAGs
[2026-04-14T20:21:49.208+0000] {logging_mixin.py:190} INFO - [2026-04-14T20:21:49.207+0000] {dag.py:4180} INFO - Setting next_dagrun for raw_from_api_to_s3 to 2026-04-14 00:00:00+00:00, run_after=2026-04-15 00:00:00+00:00
[2026-04-14T20:21:49.215+0000] {processor.py:208} INFO - Processing /opt/airflow/dags/raw_from_api_to_s3.py took 0.104 seconds
[2026-04-14T20:22:19.515+0000] {processor.py:186} INFO - Started process (PID=5657) to work on /opt/airflow/dags/raw_from_api_to_s3.py
[2026-04-14T20:22:19.516+0000] {processor.py:914} INFO - Processing file /opt/airflow/dags/raw_from_api_to_s3.py for tasks to queue
[2026-04-14T20:22:19.519+0000] {logging_mixin.py:190} INFO - [2026-04-14T20:22:19.518+0000] {dagbag.py:588} INFO - Filling up the DagBag from /opt/airflow/dags/raw_from_api_to_s3.py
[2026-04-14T20:22:19.565+0000] {processor.py:925} INFO - DAG(s) 'raw_from_api_to_s3' retrieved from /opt/airflow/dags/raw_from_api_to_s3.py
[2026-04-14T20:22:19.572+0000] {logging_mixin.py:190} INFO - [2026-04-14T20:22:19.572+0000] {dag.py:3239} INFO - Sync 1 DAGs
[2026-04-14T20:22:19.581+0000] {logging_mixin.py:190} INFO - [2026-04-14T20:22:19.581+0000] {dag.py:4180} INFO - Setting next_dagrun for raw_from_api_to_s3 to 2026-04-14 00:00:00+00:00, run_after=2026-04-15 00:00:00+00:00
[2026-04-14T20:22:19.588+0000] {processor.py:208} INFO - Processing /opt/airflow/dags/raw_from_api_to_s3.py took 0.080 seconds
[2026-04-14T20:22:49.870+0000] {processor.py:186} INFO - Started process (PID=5671) to work on /opt/airflow/dags/raw_from_api_to_s3.py
[2026-04-14T20:22:49.871+0000] {processor.py:914} INFO - Processing file /opt/airflow/dags/raw_from_api_to_s3.py for tasks to queue
[2026-04-14T20:22:49.874+0000] {logging_mixin.py:190} INFO - [2026-04-14T20:22:49.873+0000] {dagbag.py:588} INFO - Filling up the DagBag from /opt/airflow/dags/raw_from_api_to_s3.py
[2026-04-14T20:22:49.926+0000] {processor.py:925} INFO - DAG(s) 'raw_from_api_to_s3' retrieved from /opt/airflow/dags/raw_from_api_to_s3.py
[2026-04-14T20:22:49.933+0000] {logging_mixin.py:190} INFO - [2026-04-14T20:22:49.933+0000] {dag.py:3239} INFO - Sync 1 DAGs
[2026-04-14T20:22:49.943+0000] {logging_mixin.py:190} INFO - [2026-04-14T20:22:49.943+0000] {dag.py:4180} INFO - Setting next_dagrun for raw_from_api_to_s3 to 2026-04-14 00:00:00+00:00, run_after=2026-04-15 00:00:00+00:00
[2026-04-14T20:22:49.950+0000] {processor.py:208} INFO - Processing /opt/airflow/dags/raw_from_api_to_s3.py took 0.088 seconds
[2026-04-14T20:23:20.188+0000] {processor.py:186} INFO - Started process (PID=5685) to work on /opt/airflow/dags/raw_from_api_to_s3.py
[2026-04-14T20:23:20.189+0000] {processor.py:914} INFO - Processing file /opt/airflow/dags/raw_from_api_to_s3.py for tasks to queue
[2026-04-14T20:23:20.191+0000] {logging_mixin.py:190} INFO - [2026-04-14T20:23:20.190+0000] {dagbag.py:588} INFO - Filling up the DagBag from /opt/airflow/dags/raw_from_api_to_s3.py
[2026-04-14T20:23:20.234+0000] {processor.py:925} INFO - DAG(s) 'raw_from_api_to_s3' retrieved from /opt/airflow/dags/raw_from_api_to_s3.py
[2026-04-14T20:23:20.241+0000] {logging_mixin.py:190} INFO - [2026-04-14T20:23:20.240+0000] {dag.py:3239} INFO - Sync 1 DAGs
[2026-04-14T20:23:20.250+0000] {logging_mixin.py:190} INFO - [2026-04-14T20:23:20.250+0000] {dag.py:4180} INFO - Setting next_dagrun for raw_from_api_to_s3 to 2026-04-14 00:00:00+00:00, run_after=2026-04-15 00:00:00+00:00
[2026-04-14T20:23:20.256+0000] {processor.py:208} INFO - Processing /opt/airflow/dags/raw_from_api_to_s3.py took 0.074 seconds
[2026-04-14T20:23:50.493+0000] {processor.py:186} INFO - Started process (PID=5699) to work on /opt/airflow/dags/raw_from_api_to_s3.py
[2026-04-14T20:23:50.494+0000] {processor.py:914} INFO - Processing file /opt/airflow/dags/raw_from_api_to_s3.py for tasks to queue
[2026-04-14T20:23:50.498+0000] {logging_mixin.py:190} INFO - [2026-04-14T20:23:50.498+0000] {dagbag.py:588} INFO - Filling up the DagBag from /opt/airflow/dags/raw_from_api_to_s3.py
[2026-04-14T20:23:50.557+0000] {processor.py:925} INFO - DAG(s) 'raw_from_api_to_s3' retrieved from /opt/airflow/dags/raw_from_api_to_s3.py
[2026-04-14T20:23:50.565+0000] {logging_mixin.py:190} INFO - [2026-04-14T20:23:50.565+0000] {dag.py:3239} INFO - Sync 1 DAGs
[2026-04-14T20:23:50.575+0000] {logging_mixin.py:190} INFO - [2026-04-14T20:23:50.575+0000] {dag.py:4180} INFO - Setting next_dagrun for raw_from_api_to_s3 to 2026-04-14 00:00:00+00:00, run_after=2026-04-15 00:00:00+00:00
[2026-04-14T20:23:50.582+0000] {processor.py:208} INFO - Processing /opt/airflow/dags/raw_from_api_to_s3.py took 0.097 seconds
[2026-04-14T20:24:20.836+0000] {processor.py:186} INFO - Started process (PID=5713) to work on /opt/airflow/dags/raw_from_api_to_s3.py
[2026-04-14T20:24:20.838+0000] {processor.py:914} INFO - Processing file /opt/airflow/dags/raw_from_api_to_s3.py for tasks to queue
[2026-04-14T20:24:20.841+0000] {logging_mixin.py:190} INFO - [2026-04-14T20:24:20.841+0000] {dagbag.py:588} INFO - Filling up the DagBag from /opt/airflow/dags/raw_from_api_to_s3.py
[2026-04-14T20:24:20.896+0000] {processor.py:925} INFO - DAG(s) 'raw_from_api_to_s3' retrieved from /opt/airflow/dags/raw_from_api_to_s3.py
[2026-04-14T20:24:20.903+0000] {logging_mixin.py:190} INFO - [2026-04-14T20:24:20.903+0000] {dag.py:3239} INFO - Sync 1 DAGs
[2026-04-14T20:24:20.912+0000] {logging_mixin.py:190} INFO - [2026-04-14T20:24:20.912+0000] {dag.py:4180} INFO - Setting next_dagrun for raw_from_api_to_s3 to 2026-04-14 00:00:00+00:00, run_after=2026-04-15 00:00:00+00:00
[2026-04-14T20:24:20.918+0000] {processor.py:208} INFO - Processing /opt/airflow/dags/raw_from_api_to_s3.py took 0.090 seconds
[2026-04-14T20:24:51.246+0000] {processor.py:186} INFO - Started process (PID=5727) to work on /opt/airflow/dags/raw_from_api_to_s3.py
[2026-04-14T20:24:51.247+0000] {processor.py:914} INFO - Processing file /opt/airflow/dags/raw_from_api_to_s3.py for tasks to queue
[2026-04-14T20:24:51.249+0000] {logging_mixin.py:190} INFO - [2026-04-14T20:24:51.249+0000] {dagbag.py:588} INFO - Filling up the DagBag from /opt/airflow/dags/raw_from_api_to_s3.py
[2026-04-14T20:24:51.298+0000] {processor.py:925} INFO - DAG(s) 'raw_from_api_to_s3' retrieved from /opt/airflow/dags/raw_from_api_to_s3.py
[2026-04-14T20:24:51.305+0000] {logging_mixin.py:190} INFO - [2026-04-14T20:24:51.305+0000] {dag.py:3239} INFO - Sync 1 DAGs
[2026-04-14T20:24:51.314+0000] {logging_mixin.py:190} INFO - [2026-04-14T20:24:51.314+0000] {dag.py:4180} INFO - Setting next_dagrun for raw_from_api_to_s3 to 2026-04-14 00:00:00+00:00, run_after=2026-04-15 00:00:00+00:00
[2026-04-14T20:24:51.321+0000] {processor.py:208} INFO - Processing /opt/airflow/dags/raw_from_api_to_s3.py took 0.081 seconds
[2026-04-14T20:25:21.620+0000] {processor.py:186} INFO - Started process (PID=5741) to work on /opt/airflow/dags/raw_from_api_to_s3.py
[2026-04-14T20:25:21.621+0000] {processor.py:914} INFO - Processing file /opt/airflow/dags/raw_from_api_to_s3.py for tasks to queue
[2026-04-14T20:25:21.624+0000] {logging_mixin.py:190} INFO - [2026-04-14T20:25:21.624+0000] {dagbag.py:588} INFO - Filling up the DagBag from /opt/airflow/dags/raw_from_api_to_s3.py
[2026-04-14T20:25:21.684+0000] {processor.py:925} INFO - DAG(s) 'raw_from_api_to_s3' retrieved from /opt/airflow/dags/raw_from_api_to_s3.py
[2026-04-14T20:25:21.692+0000] {logging_mixin.py:190} INFO - [2026-04-14T20:25:21.692+0000] {dag.py:3239} INFO - Sync 1 DAGs
[2026-04-14T20:25:21.702+0000] {logging_mixin.py:190} INFO - [2026-04-14T20:25:21.702+0000] {dag.py:4180} INFO - Setting next_dagrun for raw_from_api_to_s3 to 2026-04-14 00:00:00+00:00, run_after=2026-04-15 00:00:00+00:00
[2026-04-14T20:25:21.709+0000] {processor.py:208} INFO - Processing /opt/airflow/dags/raw_from_api_to_s3.py took 0.098 seconds
[2026-04-14T20:25:51.941+0000] {processor.py:186} INFO - Started process (PID=5755) to work on /opt/airflow/dags/raw_from_api_to_s3.py
[2026-04-14T20:25:51.942+0000] {processor.py:914} INFO - Processing file /opt/airflow/dags/raw_from_api_to_s3.py for tasks to queue
[2026-04-14T20:25:51.944+0000] {logging_mixin.py:190} INFO - [2026-04-14T20:25:51.944+0000] {dagbag.py:588} INFO - Filling up the DagBag from /opt/airflow/dags/raw_from_api_to_s3.py
[2026-04-14T20:25:51.995+0000] {processor.py:925} INFO - DAG(s) 'raw_from_api_to_s3' retrieved from /opt/airflow/dags/raw_from_api_to_s3.py
[2026-04-14T20:25:52.002+0000] {logging_mixin.py:190} INFO - [2026-04-14T20:25:52.002+0000] {dag.py:3239} INFO - Sync 1 DAGs
[2026-04-14T20:25:52.012+0000] {logging_mixin.py:190} INFO - [2026-04-14T20:25:52.012+0000] {dag.py:4180} INFO - Setting next_dagrun for raw_from_api_to_s3 to 2026-04-14 00:00:00+00:00, run_after=2026-04-15 00:00:00+00:00
[2026-04-14T20:25:52.018+0000] {processor.py:208} INFO - Processing /opt/airflow/dags/raw_from_api_to_s3.py took 0.085 seconds
[2026-04-14T20:26:22.286+0000] {processor.py:186} INFO - Started process (PID=5769) to work on /opt/airflow/dags/raw_from_api_to_s3.py
[2026-04-14T20:26:22.287+0000] {processor.py:914} INFO - Processing file /opt/airflow/dags/raw_from_api_to_s3.py for tasks to queue
[2026-04-14T20:26:22.289+0000] {logging_mixin.py:190} INFO - [2026-04-14T20:26:22.289+0000] {dagbag.py:588} INFO - Filling up the DagBag from /opt/airflow/dags/raw_from_api_to_s3.py
[2026-04-14T20:26:22.339+0000] {processor.py:925} INFO - DAG(s) 'raw_from_api_to_s3' retrieved from /opt/airflow/dags/raw_from_api_to_s3.py
[2026-04-14T20:26:22.346+0000] {logging_mixin.py:190} INFO - [2026-04-14T20:26:22.346+0000] {dag.py:3239} INFO - Sync 1 DAGs
[2026-04-14T20:26:22.355+0000] {logging_mixin.py:190} INFO - [2026-04-14T20:26:22.355+0000] {dag.py:4180} INFO - Setting next_dagrun for raw_from_api_to_s3 to 2026-04-14 00:00:00+00:00, run_after=2026-04-15 00:00:00+00:00
[2026-04-14T20:26:22.362+0000] {processor.py:208} INFO - Processing /opt/airflow/dags/raw_from_api_to_s3.py took 0.082 seconds
[2026-04-14T20:26:52.659+0000] {processor.py:186} INFO - Started process (PID=5783) to work on /opt/airflow/dags/raw_from_api_to_s3.py
[2026-04-14T20:26:52.660+0000] {processor.py:914} INFO - Processing file /opt/airflow/dags/raw_from_api_to_s3.py for tasks to queue
[2026-04-14T20:26:52.662+0000] {logging_mixin.py:190} INFO - [2026-04-14T20:26:52.662+0000] {dagbag.py:588} INFO - Filling up the DagBag from /opt/airflow/dags/raw_from_api_to_s3.py
[2026-04-14T20:26:52.714+0000] {processor.py:925} INFO - DAG(s) 'raw_from_api_to_s3' retrieved from /opt/airflow/dags/raw_from_api_to_s3.py
[2026-04-14T20:26:52.721+0000] {logging_mixin.py:190} INFO - [2026-04-14T20:26:52.721+0000] {dag.py:3239} INFO - Sync 1 DAGs
[2026-04-14T20:26:52.731+0000] {logging_mixin.py:190} INFO - [2026-04-14T20:26:52.731+0000] {dag.py:4180} INFO - Setting next_dagrun for raw_from_api_to_s3 to 2026-04-14 00:00:00+00:00, run_after=2026-04-15 00:00:00+00:00
[2026-04-14T20:26:52.738+0000] {processor.py:208} INFO - Processing /opt/airflow/dags/raw_from_api_to_s3.py took 0.086 seconds
[2026-04-14T20:27:23.035+0000] {processor.py:186} INFO - Started process (PID=5797) to work on /opt/airflow/dags/raw_from_api_to_s3.py
[2026-04-14T20:27:23.036+0000] {processor.py:914} INFO - Processing file /opt/airflow/dags/raw_from_api_to_s3.py for tasks to queue
[2026-04-14T20:27:23.039+0000] {logging_mixin.py:190} INFO - [2026-04-14T20:27:23.038+0000] {dagbag.py:588} INFO - Filling up the DagBag from /opt/airflow/dags/raw_from_api_to_s3.py
[2026-04-14T20:27:23.093+0000] {processor.py:925} INFO - DAG(s) 'raw_from_api_to_s3' retrieved from /opt/airflow/dags/raw_from_api_to_s3.py
[2026-04-14T20:27:23.101+0000] {logging_mixin.py:190} INFO - [2026-04-14T20:27:23.100+0000] {dag.py:3239} INFO - Sync 1 DAGs
[2026-04-14T20:27:23.110+0000] {logging_mixin.py:190} INFO - [2026-04-14T20:27:23.110+0000] {dag.py:4180} INFO - Setting next_dagrun for raw_from_api_to_s3 to 2026-04-14 00:00:00+00:00, run_after=2026-04-15 00:00:00+00:00
[2026-04-14T20:27:23.117+0000] {processor.py:208} INFO - Processing /opt/airflow/dags/raw_from_api_to_s3.py took 0.089 seconds
[2026-04-14T20:27:53.366+0000] {processor.py:186} INFO - Started process (PID=5811) to work on /opt/airflow/dags/raw_from_api_to_s3.py
[2026-04-14T20:27:53.367+0000] {processor.py:914} INFO - Processing file /opt/airflow/dags/raw_from_api_to_s3.py for tasks to queue
[2026-04-14T20:27:53.369+0000] {logging_mixin.py:190} INFO - [2026-04-14T20:27:53.369+0000] {dagbag.py:588} INFO - Filling up the DagBag from /opt/airflow/dags/raw_from_api_to_s3.py
[2026-04-14T20:27:53.417+0000] {processor.py:925} INFO - DAG(s) 'raw_from_api_to_s3' retrieved from /opt/airflow/dags/raw_from_api_to_s3.py
[2026-04-14T20:27:53.424+0000] {logging_mixin.py:190} INFO - [2026-04-14T20:27:53.424+0000] {dag.py:3239} INFO - Sync 1 DAGs
[2026-04-14T20:27:53.433+0000] {logging_mixin.py:190} INFO - [2026-04-14T20:27:53.433+0000] {dag.py:4180} INFO - Setting next_dagrun for raw_from_api_to_s3 to 2026-04-14 00:00:00+00:00, run_after=2026-04-15 00:00:00+00:00
[2026-04-14T20:27:53.440+0000] {processor.py:208} INFO - Processing /opt/airflow/dags/raw_from_api_to_s3.py took 0.081 seconds
[2026-04-14T20:28:23.750+0000] {processor.py:186} INFO - Started process (PID=5825) to work on /opt/airflow/dags/raw_from_api_to_s3.py
[2026-04-14T20:28:23.751+0000] {processor.py:914} INFO - Processing file /opt/airflow/dags/raw_from_api_to_s3.py for tasks to queue
[2026-04-14T20:28:23.754+0000] {logging_mixin.py:190} INFO - [2026-04-14T20:28:23.754+0000] {dagbag.py:588} INFO - Filling up the DagBag from /opt/airflow/dags/raw_from_api_to_s3.py
[2026-04-14T20:28:23.804+0000] {processor.py:925} INFO - DAG(s) 'raw_from_api_to_s3' retrieved from /opt/airflow/dags/raw_from_api_to_s3.py
[2026-04-14T20:28:23.811+0000] {logging_mixin.py:190} INFO - [2026-04-14T20:28:23.811+0000] {dag.py:3239} INFO - Sync 1 DAGs
[2026-04-14T20:28:23.821+0000] {logging_mixin.py:190} INFO - [2026-04-14T20:28:23.821+0000] {dag.py:4180} INFO - Setting next_dagrun for raw_from_api_to_s3 to 2026-04-14 00:00:00+00:00, run_after=2026-04-15 00:00:00+00:00
[2026-04-14T20:28:23.827+0000] {processor.py:208} INFO - Processing /opt/airflow/dags/raw_from_api_to_s3.py took 0.084 seconds
[2026-04-14T20:28:54.165+0000] {processor.py:186} INFO - Started process (PID=5839) to work on /opt/airflow/dags/raw_from_api_to_s3.py
[2026-04-14T20:28:54.166+0000] {processor.py:914} INFO - Processing file /opt/airflow/dags/raw_from_api_to_s3.py for tasks to queue
[2026-04-14T20:28:54.168+0000] {logging_mixin.py:190} INFO - [2026-04-14T20:28:54.168+0000] {dagbag.py:588} INFO - Filling up the DagBag from /opt/airflow/dags/raw_from_api_to_s3.py
[2026-04-14T20:28:54.218+0000] {processor.py:925} INFO - DAG(s) 'raw_from_api_to_s3' retrieved from /opt/airflow/dags/raw_from_api_to_s3.py
[2026-04-14T20:28:54.225+0000] {logging_mixin.py:190} INFO - [2026-04-14T20:28:54.225+0000] {dag.py:3239} INFO - Sync 1 DAGs
[2026-04-14T20:28:54.234+0000] {logging_mixin.py:190} INFO - [2026-04-14T20:28:54.234+0000] {dag.py:4180} INFO - Setting next_dagrun for raw_from_api_to_s3 to 2026-04-14 00:00:00+00:00, run_after=2026-04-15 00:00:00+00:00
[2026-04-14T20:28:54.241+0000] {processor.py:208} INFO - Processing /opt/airflow/dags/raw_from_api_to_s3.py took 0.083 seconds
[2026-04-14T20:29:24.563+0000] {processor.py:186} INFO - Started process (PID=5853) to work on /opt/airflow/dags/raw_from_api_to_s3.py
[2026-04-14T20:29:24.564+0000] {processor.py:914} INFO - Processing file /opt/airflow/dags/raw_from_api_to_s3.py for tasks to queue
[2026-04-14T20:29:24.567+0000] {logging_mixin.py:190} INFO - [2026-04-14T20:29:24.567+0000] {dagbag.py:588} INFO - Filling up the DagBag from /opt/airflow/dags/raw_from_api_to_s3.py
[2026-04-14T20:29:24.616+0000] {processor.py:925} INFO - DAG(s) 'raw_from_api_to_s3' retrieved from /opt/airflow/dags/raw_from_api_to_s3.py
[2026-04-14T20:29:24.623+0000] {logging_mixin.py:190} INFO - [2026-04-14T20:29:24.623+0000] {dag.py:3239} INFO - Sync 1 DAGs
[2026-04-14T20:29:24.631+0000] {logging_mixin.py:190} INFO - [2026-04-14T20:29:24.631+0000] {dag.py:4180} INFO - Setting next_dagrun for raw_from_api_to_s3 to 2026-04-14 00:00:00+00:00, run_after=2026-04-15 00:00:00+00:00
[2026-04-14T20:29:24.638+0000] {processor.py:208} INFO - Processing /opt/airflow/dags/raw_from_api_to_s3.py took 0.081 seconds
[2026-04-14T20:29:54.934+0000] {processor.py:186} INFO - Started process (PID=5867) to work on /opt/airflow/dags/raw_from_api_to_s3.py
[2026-04-14T20:29:54.934+0000] {processor.py:914} INFO - Processing file /opt/airflow/dags/raw_from_api_to_s3.py for tasks to queue
[2026-04-14T20:29:54.936+0000] {logging_mixin.py:190} INFO - [2026-04-14T20:29:54.936+0000] {dagbag.py:588} INFO - Filling up the DagBag from /opt/airflow/dags/raw_from_api_to_s3.py
[2026-04-14T20:29:54.982+0000] {processor.py:925} INFO - DAG(s) 'raw_from_api_to_s3' retrieved from /opt/airflow/dags/raw_from_api_to_s3.py
[2026-04-14T20:29:54.989+0000] {logging_mixin.py:190} INFO - [2026-04-14T20:29:54.989+0000] {dag.py:3239} INFO - Sync 1 DAGs
[2026-04-14T20:29:54.998+0000] {logging_mixin.py:190} INFO - [2026-04-14T20:29:54.998+0000] {dag.py:4180} INFO - Setting next_dagrun for raw_from_api_to_s3 to 2026-04-14 00:00:00+00:00, run_after=2026-04-15 00:00:00+00:00
[2026-04-14T20:29:55.004+0000] {processor.py:208} INFO - Processing /opt/airflow/dags/raw_from_api_to_s3.py took 0.076 seconds
[2026-04-14T20:30:25.260+0000] {processor.py:186} INFO - Started process (PID=5881) to work on /opt/airflow/dags/raw_from_api_to_s3.py
[2026-04-14T20:30:25.261+0000] {processor.py:914} INFO - Processing file /opt/airflow/dags/raw_from_api_to_s3.py for tasks to queue
[2026-04-14T20:30:25.263+0000] {logging_mixin.py:190} INFO - [2026-04-14T20:30:25.263+0000] {dagbag.py:588} INFO - Filling up the DagBag from /opt/airflow/dags/raw_from_api_to_s3.py
[2026-04-14T20:30:25.310+0000] {processor.py:925} INFO - DAG(s) 'raw_from_api_to_s3' retrieved from /opt/airflow/dags/raw_from_api_to_s3.py
[2026-04-14T20:30:25.317+0000] {logging_mixin.py:190} INFO - [2026-04-14T20:30:25.317+0000] {dag.py:3239} INFO - Sync 1 DAGs
[2026-04-14T20:30:25.325+0000] {logging_mixin.py:190} INFO - [2026-04-14T20:30:25.325+0000] {dag.py:4180} INFO - Setting next_dagrun for raw_from_api_to_s3 to 2026-04-14 00:00:00+00:00, run_after=2026-04-15 00:00:00+00:00
[2026-04-14T20:30:25.333+0000] {processor.py:208} INFO - Processing /opt/airflow/dags/raw_from_api_to_s3.py took 0.079 seconds
[2026-04-14T20:30:55.606+0000] {processor.py:186} INFO - Started process (PID=5895) to work on /opt/airflow/dags/raw_from_api_to_s3.py
[2026-04-14T20:30:55.607+0000] {processor.py:914} INFO - Processing file /opt/airflow/dags/raw_from_api_to_s3.py for tasks to queue
[2026-04-14T20:30:55.611+0000] {logging_mixin.py:190} INFO - [2026-04-14T20:30:55.610+0000] {dagbag.py:588} INFO - Filling up the DagBag from /opt/airflow/dags/raw_from_api_to_s3.py
[2026-04-14T20:30:55.676+0000] {processor.py:925} INFO - DAG(s) 'raw_from_api_to_s3' retrieved from /opt/airflow/dags/raw_from_api_to_s3.py
[2026-04-14T20:30:55.687+0000] {logging_mixin.py:190} INFO - [2026-04-14T20:30:55.686+0000] {dag.py:3239} INFO - Sync 1 DAGs
[2026-04-14T20:30:55.697+0000] {logging_mixin.py:190} INFO - [2026-04-14T20:30:55.697+0000] {dag.py:4180} INFO - Setting next_dagrun for raw_from_api_to_s3 to 2026-04-14 00:00:00+00:00, run_after=2026-04-15 00:00:00+00:00
[2026-04-14T20:30:55.704+0000] {processor.py:208} INFO - Processing /opt/airflow/dags/raw_from_api_to_s3.py took 0.106 seconds
[2026-04-14T20:31:25.920+0000] {processor.py:186} INFO - Started process (PID=5909) to work on /opt/airflow/dags/raw_from_api_to_s3.py
[2026-04-14T20:31:25.922+0000] {processor.py:914} INFO - Processing file /opt/airflow/dags/raw_from_api_to_s3.py for tasks to queue
[2026-04-14T20:31:25.925+0000] {logging_mixin.py:190} INFO - [2026-04-14T20:31:25.924+0000] {dagbag.py:588} INFO - Filling up the DagBag from /opt/airflow/dags/raw_from_api_to_s3.py
[2026-04-14T20:31:25.977+0000] {processor.py:925} INFO - DAG(s) 'raw_from_api_to_s3' retrieved from /opt/airflow/dags/raw_from_api_to_s3.py
[2026-04-14T20:31:25.984+0000] {logging_mixin.py:190} INFO - [2026-04-14T20:31:25.984+0000] {dag.py:3239} INFO - Sync 1 DAGs
[2026-04-14T20:31:25.994+0000] {logging_mixin.py:190} INFO - [2026-04-14T20:31:25.993+0000] {dag.py:4180} INFO - Setting next_dagrun for raw_from_api_to_s3 to 2026-04-14 00:00:00+00:00, run_after=2026-04-15 00:00:00+00:00
[2026-04-14T20:31:26.000+0000] {processor.py:208} INFO - Processing /opt/airflow/dags/raw_from_api_to_s3.py took 0.087 seconds
[2026-04-14T20:31:56.273+0000] {processor.py:186} INFO - Started process (PID=5923) to work on /opt/airflow/dags/raw_from_api_to_s3.py
[2026-04-14T20:31:56.274+0000] {processor.py:914} INFO - Processing file /opt/airflow/dags/raw_from_api_to_s3.py for tasks to queue
[2026-04-14T20:31:56.276+0000] {logging_mixin.py:190} INFO - [2026-04-14T20:31:56.276+0000] {dagbag.py:588} INFO - Filling up the DagBag from /opt/airflow/dags/raw_from_api_to_s3.py
[2026-04-14T20:31:56.318+0000] {processor.py:925} INFO - DAG(s) 'raw_from_api_to_s3' retrieved from /opt/airflow/dags/raw_from_api_to_s3.py
[2026-04-14T20:31:56.325+0000] {logging_mixin.py:190} INFO - [2026-04-14T20:31:56.325+0000] {dag.py:3239} INFO - Sync 1 DAGs
[2026-04-14T20:31:56.334+0000] {logging_mixin.py:190} INFO - [2026-04-14T20:31:56.334+0000] {dag.py:4180} INFO - Setting next_dagrun for raw_from_api_to_s3 to 2026-04-14 00:00:00+00:00, run_after=2026-04-15 00:00:00+00:00
[2026-04-14T20:31:56.340+0000] {processor.py:208} INFO - Processing /opt/airflow/dags/raw_from_api_to_s3.py took 0.074 seconds
[2026-04-14T20:32:26.650+0000] {processor.py:186} INFO - Started process (PID=5937) to work on /opt/airflow/dags/raw_from_api_to_s3.py
[2026-04-14T20:32:26.651+0000] {processor.py:914} INFO - Processing file /opt/airflow/dags/raw_from_api_to_s3.py for tasks to queue
[2026-04-14T20:32:26.653+0000] {logging_mixin.py:190} INFO - [2026-04-14T20:32:26.653+0000] {dagbag.py:588} INFO - Filling up the DagBag from /opt/airflow/dags/raw_from_api_to_s3.py
[2026-04-14T20:32:26.701+0000] {processor.py:925} INFO - DAG(s) 'raw_from_api_to_s3' retrieved from /opt/airflow/dags/raw_from_api_to_s3.py
[2026-04-14T20:32:26.707+0000] {logging_mixin.py:190} INFO - [2026-04-14T20:32:26.707+0000] {dag.py:3239} INFO - Sync 1 DAGs
[2026-04-14T20:32:26.716+0000] {logging_mixin.py:190} INFO - [2026-04-14T20:32:26.716+0000] {dag.py:4180} INFO - Setting next_dagrun for raw_from_api_to_s3 to 2026-04-14 00:00:00+00:00, run_after=2026-04-15 00:00:00+00:00
[2026-04-14T20:32:26.722+0000] {processor.py:208} INFO - Processing /opt/airflow/dags/raw_from_api_to_s3.py took 0.079 seconds
[2026-04-14T20:32:57.023+0000] {processor.py:186} INFO - Started process (PID=5951) to work on /opt/airflow/dags/raw_from_api_to_s3.py
[2026-04-14T20:32:57.024+0000] {processor.py:914} INFO - Processing file /opt/airflow/dags/raw_from_api_to_s3.py for tasks to queue
[2026-04-14T20:32:57.026+0000] {logging_mixin.py:190} INFO - [2026-04-14T20:32:57.026+0000] {dagbag.py:588} INFO - Filling up the DagBag from /opt/airflow/dags/raw_from_api_to_s3.py
[2026-04-14T20:32:57.075+0000] {processor.py:925} INFO - DAG(s) 'raw_from_api_to_s3' retrieved from /opt/airflow/dags/raw_from_api_to_s3.py
[2026-04-14T20:32:57.081+0000] {logging_mixin.py:190} INFO - [2026-04-14T20:32:57.081+0000] {dag.py:3239} INFO - Sync 1 DAGs
[2026-04-14T20:32:57.090+0000] {logging_mixin.py:190} INFO - [2026-04-14T20:32:57.090+0000] {dag.py:4180} INFO - Setting next_dagrun for raw_from_api_to_s3 to 2026-04-14 00:00:00+00:00, run_after=2026-04-15 00:00:00+00:00
[2026-04-14T20:32:57.096+0000] {processor.py:208} INFO - Processing /opt/airflow/dags/raw_from_api_to_s3.py took 0.080 seconds
[2026-04-14T20:33:27.414+0000] {processor.py:186} INFO - Started process (PID=5965) to work on /opt/airflow/dags/raw_from_api_to_s3.py
[2026-04-14T20:33:27.414+0000] {processor.py:914} INFO - Processing file /opt/airflow/dags/raw_from_api_to_s3.py for tasks to queue
[2026-04-14T20:33:27.418+0000] {logging_mixin.py:190} INFO - [2026-04-14T20:33:27.417+0000] {dagbag.py:588} INFO - Filling up the DagBag from /opt/airflow/dags/raw_from_api_to_s3.py
[2026-04-14T20:33:27.470+0000] {processor.py:925} INFO - DAG(s) 'raw_from_api_to_s3' retrieved from /opt/airflow/dags/raw_from_api_to_s3.py
[2026-04-14T20:33:27.479+0000] {logging_mixin.py:190} INFO - [2026-04-14T20:33:27.479+0000] {dag.py:3239} INFO - Sync 1 DAGs
[2026-04-14T20:33:27.492+0000] {logging_mixin.py:190} INFO - [2026-04-14T20:33:27.492+0000] {dag.py:4180} INFO - Setting next_dagrun for raw_from_api_to_s3 to 2026-04-14 00:00:00+00:00, run_after=2026-04-15 00:00:00+00:00
[2026-04-14T20:33:27.501+0000] {processor.py:208} INFO - Processing /opt/airflow/dags/raw_from_api_to_s3.py took 0.092 seconds
[2026-04-14T20:33:57.731+0000] {processor.py:186} INFO - Started process (PID=5979) to work on /opt/airflow/dags/raw_from_api_to_s3.py
[2026-04-14T20:33:57.732+0000] {processor.py:914} INFO - Processing file /opt/airflow/dags/raw_from_api_to_s3.py for tasks to queue
[2026-04-14T20:33:57.734+0000] {logging_mixin.py:190} INFO - [2026-04-14T20:33:57.734+0000] {dagbag.py:588} INFO - Filling up the DagBag from /opt/airflow/dags/raw_from_api_to_s3.py
[2026-04-14T20:33:57.777+0000] {processor.py:925} INFO - DAG(s) 'raw_from_api_to_s3' retrieved from /opt/airflow/dags/raw_from_api_to_s3.py
[2026-04-14T20:33:57.785+0000] {logging_mixin.py:190} INFO - [2026-04-14T20:33:57.784+0000] {dag.py:3239} INFO - Sync 1 DAGs
[2026-04-14T20:33:57.794+0000] {logging_mixin.py:190} INFO - [2026-04-14T20:33:57.794+0000] {dag.py:4180} INFO - Setting next_dagrun for raw_from_api_to_s3 to 2026-04-14 00:00:00+00:00, run_after=2026-04-15 00:00:00+00:00
[2026-04-14T20:33:57.801+0000] {processor.py:208} INFO - Processing /opt/airflow/dags/raw_from_api_to_s3.py took 0.077 seconds
[2026-04-14T20:34:28.153+0000] {processor.py:186} INFO - Started process (PID=5993) to work on /opt/airflow/dags/raw_from_api_to_s3.py
[2026-04-14T20:34:28.154+0000] {processor.py:914} INFO - Processing file /opt/airflow/dags/raw_from_api_to_s3.py for tasks to queue
[2026-04-14T20:34:28.157+0000] {logging_mixin.py:190} INFO - [2026-04-14T20:34:28.156+0000] {dagbag.py:588} INFO - Filling up the DagBag from /opt/airflow/dags/raw_from_api_to_s3.py
[2026-04-14T20:34:28.205+0000] {processor.py:925} INFO - DAG(s) 'raw_from_api_to_s3' retrieved from /opt/airflow/dags/raw_from_api_to_s3.py
[2026-04-14T20:34:28.212+0000] {logging_mixin.py:190} INFO - [2026-04-14T20:34:28.212+0000] {dag.py:3239} INFO - Sync 1 DAGs
[2026-04-14T20:34:28.221+0000] {logging_mixin.py:190} INFO - [2026-04-14T20:34:28.221+0000] {dag.py:4180} INFO - Setting next_dagrun for raw_from_api_to_s3 to 2026-04-14 00:00:00+00:00, run_after=2026-04-15 00:00:00+00:00
[2026-04-14T20:34:28.228+0000] {processor.py:208} INFO - Processing /opt/airflow/dags/raw_from_api_to_s3.py took 0.082 seconds
[2026-04-14T20:34:58.540+0000] {processor.py:186} INFO - Started process (PID=6007) to work on /opt/airflow/dags/raw_from_api_to_s3.py
[2026-04-14T20:34:58.541+0000] {processor.py:914} INFO - Processing file /opt/airflow/dags/raw_from_api_to_s3.py for tasks to queue
[2026-04-14T20:34:58.543+0000] {logging_mixin.py:190} INFO - [2026-04-14T20:34:58.543+0000] {dagbag.py:588} INFO - Filling up the DagBag from /opt/airflow/dags/raw_from_api_to_s3.py
[2026-04-14T20:34:58.590+0000] {processor.py:925} INFO - DAG(s) 'raw_from_api_to_s3' retrieved from /opt/airflow/dags/raw_from_api_to_s3.py
[2026-04-14T20:34:58.596+0000] {logging_mixin.py:190} INFO - [2026-04-14T20:34:58.596+0000] {dag.py:3239} INFO - Sync 1 DAGs
[2026-04-14T20:34:58.605+0000] {logging_mixin.py:190} INFO - [2026-04-14T20:34:58.605+0000] {dag.py:4180} INFO - Setting next_dagrun for raw_from_api_to_s3 to 2026-04-14 00:00:00+00:00, run_after=2026-04-15 00:00:00+00:00
[2026-04-14T20:34:58.611+0000] {processor.py:208} INFO - Processing /opt/airflow/dags/raw_from_api_to_s3.py took 0.077 seconds
[2026-04-14T20:35:28.913+0000] {processor.py:186} INFO - Started process (PID=6021) to work on /opt/airflow/dags/raw_from_api_to_s3.py
[2026-04-14T20:35:28.914+0000] {processor.py:914} INFO - Processing file /opt/airflow/dags/raw_from_api_to_s3.py for tasks to queue
[2026-04-14T20:35:28.916+0000] {logging_mixin.py:190} INFO - [2026-04-14T20:35:28.916+0000] {dagbag.py:588} INFO - Filling up the DagBag from /opt/airflow/dags/raw_from_api_to_s3.py
[2026-04-14T20:35:28.960+0000] {processor.py:925} INFO - DAG(s) 'raw_from_api_to_s3' retrieved from /opt/airflow/dags/raw_from_api_to_s3.py
[2026-04-14T20:35:28.967+0000] {logging_mixin.py:190} INFO - [2026-04-14T20:35:28.967+0000] {dag.py:3239} INFO - Sync 1 DAGs
[2026-04-14T20:35:28.976+0000] {logging_mixin.py:190} INFO - [2026-04-14T20:35:28.976+0000] {dag.py:4180} INFO - Setting next_dagrun for raw_from_api_to_s3 to 2026-04-14 00:00:00+00:00, run_after=2026-04-15 00:00:00+00:00
[2026-04-14T20:35:28.982+0000] {processor.py:208} INFO - Processing /opt/airflow/dags/raw_from_api_to_s3.py took 0.074 seconds
[2026-04-14T20:35:59.247+0000] {processor.py:186} INFO - Started process (PID=6036) to work on /opt/airflow/dags/raw_from_api_to_s3.py
[2026-04-14T20:35:59.248+0000] {processor.py:914} INFO - Processing file /opt/airflow/dags/raw_from_api_to_s3.py for tasks to queue
[2026-04-14T20:35:59.250+0000] {logging_mixin.py:190} INFO - [2026-04-14T20:35:59.250+0000] {dagbag.py:588} INFO - Filling up the DagBag from /opt/airflow/dags/raw_from_api_to_s3.py
[2026-04-14T20:35:59.300+0000] {processor.py:925} INFO - DAG(s) 'raw_from_api_to_s3' retrieved from /opt/airflow/dags/raw_from_api_to_s3.py
[2026-04-14T20:35:59.306+0000] {logging_mixin.py:190} INFO - [2026-04-14T20:35:59.306+0000] {dag.py:3239} INFO - Sync 1 DAGs
[2026-04-14T20:35:59.315+0000] {logging_mixin.py:190} INFO - [2026-04-14T20:35:59.315+0000] {dag.py:4180} INFO - Setting next_dagrun for raw_from_api_to_s3 to 2026-04-14 00:00:00+00:00, run_after=2026-04-15 00:00:00+00:00
[2026-04-14T20:35:59.322+0000] {processor.py:208} INFO - Processing /opt/airflow/dags/raw_from_api_to_s3.py took 0.082 seconds
[2026-04-14T20:36:29.521+0000] {processor.py:186} INFO - Started process (PID=6050) to work on /opt/airflow/dags/raw_from_api_to_s3.py
[2026-04-14T20:36:29.522+0000] {processor.py:914} INFO - Processing file /opt/airflow/dags/raw_from_api_to_s3.py for tasks to queue
[2026-04-14T20:36:29.524+0000] {logging_mixin.py:190} INFO - [2026-04-14T20:36:29.523+0000] {dagbag.py:588} INFO - Filling up the DagBag from /opt/airflow/dags/raw_from_api_to_s3.py
[2026-04-14T20:36:29.570+0000] {processor.py:925} INFO - DAG(s) 'raw_from_api_to_s3' retrieved from /opt/airflow/dags/raw_from_api_to_s3.py
[2026-04-14T20:36:29.576+0000] {logging_mixin.py:190} INFO - [2026-04-14T20:36:29.576+0000] {dag.py:3239} INFO - Sync 1 DAGs
[2026-04-14T20:36:29.585+0000] {logging_mixin.py:190} INFO - [2026-04-14T20:36:29.585+0000] {dag.py:4180} INFO - Setting next_dagrun for raw_from_api_to_s3 to 2026-04-14 00:00:00+00:00, run_after=2026-04-15 00:00:00+00:00
[2026-04-14T20:36:29.591+0000] {processor.py:208} INFO - Processing /opt/airflow/dags/raw_from_api_to_s3.py took 0.076 seconds
[2026-04-14T20:36:59.904+0000] {processor.py:186} INFO - Started process (PID=6064) to work on /opt/airflow/dags/raw_from_api_to_s3.py
[2026-04-14T20:36:59.905+0000] {processor.py:914} INFO - Processing file /opt/airflow/dags/raw_from_api_to_s3.py for tasks to queue
[2026-04-14T20:36:59.909+0000] {logging_mixin.py:190} INFO - [2026-04-14T20:36:59.908+0000] {dagbag.py:588} INFO - Filling up the DagBag from /opt/airflow/dags/raw_from_api_to_s3.py
[2026-04-14T20:36:59.968+0000] {processor.py:925} INFO - DAG(s) 'raw_from_api_to_s3' retrieved from /opt/airflow/dags/raw_from_api_to_s3.py
[2026-04-14T20:36:59.976+0000] {logging_mixin.py:190} INFO - [2026-04-14T20:36:59.976+0000] {dag.py:3239} INFO - Sync 1 DAGs
[2026-04-14T20:36:59.986+0000] {logging_mixin.py:190} INFO - [2026-04-14T20:36:59.986+0000] {dag.py:4180} INFO - Setting next_dagrun for raw_from_api_to_s3 to 2026-04-14 00:00:00+00:00, run_after=2026-04-15 00:00:00+00:00
[2026-04-14T20:36:59.993+0000] {processor.py:208} INFO - Processing /opt/airflow/dags/raw_from_api_to_s3.py took 0.096 seconds
[2026-04-14T20:37:30.258+0000] {processor.py:186} INFO - Started process (PID=6078) to work on /opt/airflow/dags/raw_from_api_to_s3.py
[2026-04-14T20:37:30.259+0000] {processor.py:914} INFO - Processing file /opt/airflow/dags/raw_from_api_to_s3.py for tasks to queue
[2026-04-14T20:37:30.261+0000] {logging_mixin.py:190} INFO - [2026-04-14T20:37:30.261+0000] {dagbag.py:588} INFO - Filling up the DagBag from /opt/airflow/dags/raw_from_api_to_s3.py
[2026-04-14T20:37:30.305+0000] {processor.py:925} INFO - DAG(s) 'raw_from_api_to_s3' retrieved from /opt/airflow/dags/raw_from_api_to_s3.py
[2026-04-14T20:37:30.312+0000] {logging_mixin.py:190} INFO - [2026-04-14T20:37:30.312+0000] {dag.py:3239} INFO - Sync 1 DAGs
[2026-04-14T20:37:30.320+0000] {logging_mixin.py:190} INFO - [2026-04-14T20:37:30.320+0000] {dag.py:4180} INFO - Setting next_dagrun for raw_from_api_to_s3 to 2026-04-14 00:00:00+00:00, run_after=2026-04-15 00:00:00+00:00
[2026-04-14T20:37:30.327+0000] {processor.py:208} INFO - Processing /opt/airflow/dags/raw_from_api_to_s3.py took 0.074 seconds
[2026-04-14T20:38:00.640+0000] {processor.py:186} INFO - Started process (PID=6092) to work on /opt/airflow/dags/raw_from_api_to_s3.py
[2026-04-14T20:38:00.640+0000] {processor.py:914} INFO - Processing file /opt/airflow/dags/raw_from_api_to_s3.py for tasks to queue
[2026-04-14T20:38:00.643+0000] {logging_mixin.py:190} INFO - [2026-04-14T20:38:00.643+0000] {dagbag.py:588} INFO - Filling up the DagBag from /opt/airflow/dags/raw_from_api_to_s3.py
[2026-04-14T20:38:00.690+0000] {processor.py:925} INFO - DAG(s) 'raw_from_api_to_s3' retrieved from /opt/airflow/dags/raw_from_api_to_s3.py
[2026-04-14T20:38:00.697+0000] {logging_mixin.py:190} INFO - [2026-04-14T20:38:00.697+0000] {dag.py:3239} INFO - Sync 1 DAGs
[2026-04-14T20:38:00.706+0000] {logging_mixin.py:190} INFO - [2026-04-14T20:38:00.706+0000] {dag.py:4180} INFO - Setting next_dagrun for raw_from_api_to_s3 to 2026-04-14 00:00:00+00:00, run_after=2026-04-15 00:00:00+00:00
[2026-04-14T20:38:00.712+0000] {processor.py:208} INFO - Processing /opt/airflow/dags/raw_from_api_to_s3.py took 0.079 seconds
[2026-04-14T20:38:30.950+0000] {processor.py:186} INFO - Started process (PID=6106) to work on /opt/airflow/dags/raw_from_api_to_s3.py
[2026-04-14T20:38:30.951+0000] {processor.py:914} INFO - Processing file /opt/airflow/dags/raw_from_api_to_s3.py for tasks to queue
[2026-04-14T20:38:30.954+0000] {logging_mixin.py:190} INFO - [2026-04-14T20:38:30.953+0000] {dagbag.py:588} INFO - Filling up the DagBag from /opt/airflow/dags/raw_from_api_to_s3.py
[2026-04-14T20:38:31.002+0000] {processor.py:925} INFO - DAG(s) 'raw_from_api_to_s3' retrieved from /opt/airflow/dags/raw_from_api_to_s3.py
[2026-04-14T20:38:31.009+0000] {logging_mixin.py:190} INFO - [2026-04-14T20:38:31.009+0000] {dag.py:3239} INFO - Sync 1 DAGs
[2026-04-14T20:38:31.018+0000] {logging_mixin.py:190} INFO - [2026-04-14T20:38:31.017+0000] {dag.py:4180} INFO - Setting next_dagrun for raw_from_api_to_s3 to 2026-04-14 00:00:00+00:00, run_after=2026-04-15 00:00:00+00:00
[2026-04-14T20:38:31.023+0000] {processor.py:208} INFO - Processing /opt/airflow/dags/raw_from_api_to_s3.py took 0.080 seconds
[2026-04-14T20:39:01.424+0000] {processor.py:186} INFO - Started process (PID=6120) to work on /opt/airflow/dags/raw_from_api_to_s3.py
[2026-04-14T20:39:01.425+0000] {processor.py:914} INFO - Processing file /opt/airflow/dags/raw_from_api_to_s3.py for tasks to queue
[2026-04-14T20:39:01.428+0000] {logging_mixin.py:190} INFO - [2026-04-14T20:39:01.428+0000] {dagbag.py:588} INFO - Filling up the DagBag from /opt/airflow/dags/raw_from_api_to_s3.py
[2026-04-14T20:39:01.502+0000] {processor.py:925} INFO - DAG(s) 'raw_from_api_to_s3' retrieved from /opt/airflow/dags/raw_from_api_to_s3.py
[2026-04-14T20:39:01.512+0000] {logging_mixin.py:190} INFO - [2026-04-14T20:39:01.512+0000] {dag.py:3239} INFO - Sync 1 DAGs
[2026-04-14T20:39:01.527+0000] {logging_mixin.py:190} INFO - [2026-04-14T20:39:01.527+0000] {dag.py:4180} INFO - Setting next_dagrun for raw_from_api_to_s3 to 2026-04-14 00:00:00+00:00, run_after=2026-04-15 00:00:00+00:00
[2026-04-14T20:39:01.540+0000] {processor.py:208} INFO - Processing /opt/airflow/dags/raw_from_api_to_s3.py took 0.130 seconds
[2026-04-14T20:39:31.767+0000] {processor.py:186} INFO - Started process (PID=6134) to work on /opt/airflow/dags/raw_from_api_to_s3.py
[2026-04-14T20:39:31.768+0000] {processor.py:914} INFO - Processing file /opt/airflow/dags/raw_from_api_to_s3.py for tasks to queue
[2026-04-14T20:39:31.772+0000] {logging_mixin.py:190} INFO - [2026-04-14T20:39:31.771+0000] {dagbag.py:588} INFO - Filling up the DagBag from /opt/airflow/dags/raw_from_api_to_s3.py
[2026-04-14T20:39:31.823+0000] {processor.py:925} INFO - DAG(s) 'raw_from_api_to_s3' retrieved from /opt/airflow/dags/raw_from_api_to_s3.py
[2026-04-14T20:39:31.830+0000] {logging_mixin.py:190} INFO - [2026-04-14T20:39:31.830+0000] {dag.py:3239} INFO - Sync 1 DAGs
[2026-04-14T20:39:31.841+0000] {logging_mixin.py:190} INFO - [2026-04-14T20:39:31.841+0000] {dag.py:4180} INFO - Setting next_dagrun for raw_from_api_to_s3 to 2026-04-14 00:00:00+00:00, run_after=2026-04-15 00:00:00+00:00
[2026-04-14T20:39:31.847+0000] {processor.py:208} INFO - Processing /opt/airflow/dags/raw_from_api_to_s3.py took 0.088 seconds
[2026-04-14T20:40:02.204+0000] {processor.py:186} INFO - Started process (PID=6148) to work on /opt/airflow/dags/raw_from_api_to_s3.py
[2026-04-14T20:40:02.205+0000] {processor.py:914} INFO - Processing file /opt/airflow/dags/raw_from_api_to_s3.py for tasks to queue
[2026-04-14T20:40:02.208+0000] {logging_mixin.py:190} INFO - [2026-04-14T20:40:02.208+0000] {dagbag.py:588} INFO - Filling up the DagBag from /opt/airflow/dags/raw_from_api_to_s3.py
[2026-04-14T20:40:02.260+0000] {processor.py:925} INFO - DAG(s) 'raw_from_api_to_s3' retrieved from /opt/airflow/dags/raw_from_api_to_s3.py
[2026-04-14T20:40:02.267+0000] {logging_mixin.py:190} INFO - [2026-04-14T20:40:02.267+0000] {dag.py:3239} INFO - Sync 1 DAGs
[2026-04-14T20:40:02.276+0000] {logging_mixin.py:190} INFO - [2026-04-14T20:40:02.276+0000] {dag.py:4180} INFO - Setting next_dagrun for raw_from_api_to_s3 to 2026-04-14 00:00:00+00:00, run_after=2026-04-15 00:00:00+00:00
[2026-04-14T20:40:02.282+0000] {processor.py:208} INFO - Processing /opt/airflow/dags/raw_from_api_to_s3.py took 0.085 seconds
[2026-04-14T20:40:32.528+0000] {processor.py:186} INFO - Started process (PID=6162) to work on /opt/airflow/dags/raw_from_api_to_s3.py
[2026-04-14T20:40:32.530+0000] {processor.py:914} INFO - Processing file /opt/airflow/dags/raw_from_api_to_s3.py for tasks to queue
[2026-04-14T20:40:32.532+0000] {logging_mixin.py:190} INFO - [2026-04-14T20:40:32.532+0000] {dagbag.py:588} INFO - Filling up the DagBag from /opt/airflow/dags/raw_from_api_to_s3.py
[2026-04-14T20:40:32.583+0000] {processor.py:925} INFO - DAG(s) 'raw_from_api_to_s3' retrieved from /opt/airflow/dags/raw_from_api_to_s3.py
[2026-04-14T20:40:32.590+0000] {logging_mixin.py:190} INFO - [2026-04-14T20:40:32.590+0000] {dag.py:3239} INFO - Sync 1 DAGs
[2026-04-14T20:40:32.599+0000] {logging_mixin.py:190} INFO - [2026-04-14T20:40:32.599+0000] {dag.py:4180} INFO - Setting next_dagrun for raw_from_api_to_s3 to 2026-04-14 00:00:00+00:00, run_after=2026-04-15 00:00:00+00:00
[2026-04-14T20:40:32.605+0000] {processor.py:208} INFO - Processing /opt/airflow/dags/raw_from_api_to_s3.py took 0.085 seconds
[2026-04-14T20:41:02.956+0000] {processor.py:186} INFO - Started process (PID=6176) to work on /opt/airflow/dags/raw_from_api_to_s3.py
[2026-04-14T20:41:02.956+0000] {processor.py:914} INFO - Processing file /opt/airflow/dags/raw_from_api_to_s3.py for tasks to queue
[2026-04-14T20:41:02.960+0000] {logging_mixin.py:190} INFO - [2026-04-14T20:41:02.959+0000] {dagbag.py:588} INFO - Filling up the DagBag from /opt/airflow/dags/raw_from_api_to_s3.py
[2026-04-14T20:41:03.017+0000] {processor.py:925} INFO - DAG(s) 'raw_from_api_to_s3' retrieved from /opt/airflow/dags/raw_from_api_to_s3.py
[2026-04-14T20:41:03.025+0000] {logging_mixin.py:190} INFO - [2026-04-14T20:41:03.025+0000] {dag.py:3239} INFO - Sync 1 DAGs
[2026-04-14T20:41:03.035+0000] {logging_mixin.py:190} INFO - [2026-04-14T20:41:03.035+0000] {dag.py:4180} INFO - Setting next_dagrun for raw_from_api_to_s3 to 2026-04-14 00:00:00+00:00, run_after=2026-04-15 00:00:00+00:00
[2026-04-14T20:41:03.043+0000] {processor.py:208} INFO - Processing /opt/airflow/dags/raw_from_api_to_s3.py took 0.095 seconds
[2026-04-14T20:41:33.249+0000] {processor.py:186} INFO - Started process (PID=6190) to work on /opt/airflow/dags/raw_from_api_to_s3.py
[2026-04-14T20:41:33.250+0000] {processor.py:914} INFO - Processing file /opt/airflow/dags/raw_from_api_to_s3.py for tasks to queue
[2026-04-14T20:41:33.252+0000] {logging_mixin.py:190} INFO - [2026-04-14T20:41:33.251+0000] {dagbag.py:588} INFO - Filling up the DagBag from /opt/airflow/dags/raw_from_api_to_s3.py
[2026-04-14T20:41:33.302+0000] {processor.py:925} INFO - DAG(s) 'raw_from_api_to_s3' retrieved from /opt/airflow/dags/raw_from_api_to_s3.py
[2026-04-14T20:41:33.308+0000] {logging_mixin.py:190} INFO - [2026-04-14T20:41:33.308+0000] {dag.py:3239} INFO - Sync 1 DAGs
[2026-04-14T20:41:33.317+0000] {logging_mixin.py:190} INFO - [2026-04-14T20:41:33.317+0000] {dag.py:4180} INFO - Setting next_dagrun for raw_from_api_to_s3 to 2026-04-14 00:00:00+00:00, run_after=2026-04-15 00:00:00+00:00
[2026-04-14T20:41:33.323+0000] {processor.py:208} INFO - Processing /opt/airflow/dags/raw_from_api_to_s3.py took 0.080 seconds
[2026-04-14T20:42:03.669+0000] {processor.py:186} INFO - Started process (PID=6204) to work on /opt/airflow/dags/raw_from_api_to_s3.py
[2026-04-14T20:42:03.670+0000] {processor.py:914} INFO - Processing file /opt/airflow/dags/raw_from_api_to_s3.py for tasks to queue
[2026-04-14T20:42:03.673+0000] {logging_mixin.py:190} INFO - [2026-04-14T20:42:03.673+0000] {dagbag.py:588} INFO - Filling up the DagBag from /opt/airflow/dags/raw_from_api_to_s3.py
[2026-04-14T20:42:03.725+0000] {processor.py:925} INFO - DAG(s) 'raw_from_api_to_s3' retrieved from /opt/airflow/dags/raw_from_api_to_s3.py
[2026-04-14T20:42:03.732+0000] {logging_mixin.py:190} INFO - [2026-04-14T20:42:03.732+0000] {dag.py:3239} INFO - Sync 1 DAGs
[2026-04-14T20:42:03.741+0000] {logging_mixin.py:190} INFO - [2026-04-14T20:42:03.741+0000] {dag.py:4180} INFO - Setting next_dagrun for raw_from_api_to_s3 to 2026-04-14 00:00:00+00:00, run_after=2026-04-15 00:00:00+00:00
[2026-04-14T20:42:03.748+0000] {processor.py:208} INFO - Processing /opt/airflow/dags/raw_from_api_to_s3.py took 0.085 seconds
[2026-04-14T20:42:33.985+0000] {processor.py:186} INFO - Started process (PID=6218) to work on /opt/airflow/dags/raw_from_api_to_s3.py
[2026-04-14T20:42:33.987+0000] {processor.py:914} INFO - Processing file /opt/airflow/dags/raw_from_api_to_s3.py for tasks to queue
[2026-04-14T20:42:33.989+0000] {logging_mixin.py:190} INFO - [2026-04-14T20:42:33.989+0000] {dagbag.py:588} INFO - Filling up the DagBag from /opt/airflow/dags/raw_from_api_to_s3.py
[2026-04-14T20:42:34.035+0000] {processor.py:925} INFO - DAG(s) 'raw_from_api_to_s3' retrieved from /opt/airflow/dags/raw_from_api_to_s3.py
[2026-04-14T20:42:34.042+0000] {logging_mixin.py:190} INFO - [2026-04-14T20:42:34.041+0000] {dag.py:3239} INFO - Sync 1 DAGs
[2026-04-14T20:42:34.051+0000] {logging_mixin.py:190} INFO - [2026-04-14T20:42:34.051+0000] {dag.py:4180} INFO - Setting next_dagrun for raw_from_api_to_s3 to 2026-04-14 00:00:00+00:00, run_after=2026-04-15 00:00:00+00:00
[2026-04-14T20:42:34.057+0000] {processor.py:208} INFO - Processing /opt/airflow/dags/raw_from_api_to_s3.py took 0.079 seconds
[2026-04-14T20:43:04.359+0000] {processor.py:186} INFO - Started process (PID=6232) to work on /opt/airflow/dags/raw_from_api_to_s3.py
[2026-04-14T20:43:04.360+0000] {processor.py:914} INFO - Processing file /opt/airflow/dags/raw_from_api_to_s3.py for tasks to queue
[2026-04-14T20:43:04.362+0000] {logging_mixin.py:190} INFO - [2026-04-14T20:43:04.362+0000] {dagbag.py:588} INFO - Filling up the DagBag from /opt/airflow/dags/raw_from_api_to_s3.py
[2026-04-14T20:43:04.405+0000] {processor.py:925} INFO - DAG(s) 'raw_from_api_to_s3' retrieved from /opt/airflow/dags/raw_from_api_to_s3.py
[2026-04-14T20:43:04.412+0000] {logging_mixin.py:190} INFO - [2026-04-14T20:43:04.412+0000] {dag.py:3239} INFO - Sync 1 DAGs
[2026-04-14T20:43:04.421+0000] {logging_mixin.py:190} INFO - [2026-04-14T20:43:04.421+0000] {dag.py:4180} INFO - Setting next_dagrun for raw_from_api_to_s3 to 2026-04-14 00:00:00+00:00, run_after=2026-04-15 00:00:00+00:00
[2026-04-14T20:43:04.427+0000] {processor.py:208} INFO - Processing /opt/airflow/dags/raw_from_api_to_s3.py took 0.073 seconds
[2026-04-14T20:43:34.735+0000] {processor.py:186} INFO - Started process (PID=6246) to work on /opt/airflow/dags/raw_from_api_to_s3.py
[2026-04-14T20:43:34.736+0000] {processor.py:914} INFO - Processing file /opt/airflow/dags/raw_from_api_to_s3.py for tasks to queue
[2026-04-14T20:43:34.738+0000] {logging_mixin.py:190} INFO - [2026-04-14T20:43:34.738+0000] {dagbag.py:588} INFO - Filling up the DagBag from /opt/airflow/dags/raw_from_api_to_s3.py
[2026-04-14T20:43:34.786+0000] {processor.py:925} INFO - DAG(s) 'raw_from_api_to_s3' retrieved from /opt/airflow/dags/raw_from_api_to_s3.py
[2026-04-14T20:43:34.793+0000] {logging_mixin.py:190} INFO - [2026-04-14T20:43:34.793+0000] {dag.py:3239} INFO - Sync 1 DAGs
[2026-04-14T20:43:34.801+0000] {logging_mixin.py:190} INFO - [2026-04-14T20:43:34.801+0000] {dag.py:4180} INFO - Setting next_dagrun for raw_from_api_to_s3 to 2026-04-14 00:00:00+00:00, run_after=2026-04-15 00:00:00+00:00
[2026-04-14T20:43:34.807+0000] {processor.py:208} INFO - Processing /opt/airflow/dags/raw_from_api_to_s3.py took 0.079 seconds
[2026-04-14T20:44:05.102+0000] {processor.py:186} INFO - Started process (PID=6260) to work on /opt/airflow/dags/raw_from_api_to_s3.py
[2026-04-14T20:44:05.103+0000] {processor.py:914} INFO - Processing file /opt/airflow/dags/raw_from_api_to_s3.py for tasks to queue
[2026-04-14T20:44:05.107+0000] {logging_mixin.py:190} INFO - [2026-04-14T20:44:05.106+0000] {dagbag.py:588} INFO - Filling up the DagBag from /opt/airflow/dags/raw_from_api_to_s3.py
[2026-04-14T20:44:05.163+0000] {processor.py:925} INFO - DAG(s) 'raw_from_api_to_s3' retrieved from /opt/airflow/dags/raw_from_api_to_s3.py
[2026-04-14T20:44:05.173+0000] {logging_mixin.py:190} INFO - [2026-04-14T20:44:05.173+0000] {dag.py:3239} INFO - Sync 1 DAGs
[2026-04-14T20:44:05.186+0000] {logging_mixin.py:190} INFO - [2026-04-14T20:44:05.186+0000] {dag.py:4180} INFO - Setting next_dagrun for raw_from_api_to_s3 to 2026-04-14 00:00:00+00:00, run_after=2026-04-15 00:00:00+00:00
[2026-04-14T20:44:05.193+0000] {processor.py:208} INFO - Processing /opt/airflow/dags/raw_from_api_to_s3.py took 0.098 seconds
[2026-04-14T20:44:35.427+0000] {processor.py:186} INFO - Started process (PID=6280) to work on /opt/airflow/dags/raw_from_api_to_s3.py
[2026-04-14T20:44:35.428+0000] {processor.py:914} INFO - Processing file /opt/airflow/dags/raw_from_api_to_s3.py for tasks to queue
[2026-04-14T20:44:35.433+0000] {logging_mixin.py:190} INFO - [2026-04-14T20:44:35.433+0000] {dagbag.py:588} INFO - Filling up the DagBag from /opt/airflow/dags/raw_from_api_to_s3.py
[2026-04-14T20:44:35.507+0000] {processor.py:925} INFO - DAG(s) 'raw_from_api_to_s3' retrieved from /opt/airflow/dags/raw_from_api_to_s3.py
[2026-04-14T20:44:35.515+0000] {logging_mixin.py:190} INFO - [2026-04-14T20:44:35.515+0000] {dag.py:3239} INFO - Sync 1 DAGs
[2026-04-14T20:44:35.527+0000] {logging_mixin.py:190} INFO - [2026-04-14T20:44:35.527+0000] {dag.py:4180} INFO - Setting next_dagrun for raw_from_api_to_s3 to 2026-04-14 00:00:00+00:00, run_after=2026-04-15 00:00:00+00:00
[2026-04-14T20:44:35.535+0000] {processor.py:208} INFO - Processing /opt/airflow/dags/raw_from_api_to_s3.py took 0.117 seconds
[2026-04-14T20:45:05.814+0000] {processor.py:186} INFO - Started process (PID=6294) to work on /opt/airflow/dags/raw_from_api_to_s3.py
[2026-04-14T20:45:05.815+0000] {processor.py:914} INFO - Processing file /opt/airflow/dags/raw_from_api_to_s3.py for tasks to queue
[2026-04-14T20:45:05.820+0000] {logging_mixin.py:190} INFO - [2026-04-14T20:45:05.819+0000] {dagbag.py:588} INFO - Filling up the DagBag from /opt/airflow/dags/raw_from_api_to_s3.py
[2026-04-14T20:45:05.869+0000] {processor.py:925} INFO - DAG(s) 'raw_from_api_to_s3' retrieved from /opt/airflow/dags/raw_from_api_to_s3.py
[2026-04-14T20:45:05.876+0000] {logging_mixin.py:190} INFO - [2026-04-14T20:45:05.876+0000] {dag.py:3239} INFO - Sync 1 DAGs
[2026-04-14T20:45:05.886+0000] {logging_mixin.py:190} INFO - [2026-04-14T20:45:05.886+0000] {dag.py:4180} INFO - Setting next_dagrun for raw_from_api_to_s3 to 2026-04-14 00:00:00+00:00, run_after=2026-04-15 00:00:00+00:00
[2026-04-14T20:45:05.896+0000] {processor.py:208} INFO - Processing /opt/airflow/dags/raw_from_api_to_s3.py took 0.089 seconds
[2026-04-14T20:45:36.204+0000] {processor.py:186} INFO - Started process (PID=6308) to work on /opt/airflow/dags/raw_from_api_to_s3.py
[2026-04-14T20:45:36.205+0000] {processor.py:914} INFO - Processing file /opt/airflow/dags/raw_from_api_to_s3.py for tasks to queue
[2026-04-14T20:45:36.207+0000] {logging_mixin.py:190} INFO - [2026-04-14T20:45:36.207+0000] {dagbag.py:588} INFO - Filling up the DagBag from /opt/airflow/dags/raw_from_api_to_s3.py
[2026-04-14T20:45:36.254+0000] {processor.py:925} INFO - DAG(s) 'raw_from_api_to_s3' retrieved from /opt/airflow/dags/raw_from_api_to_s3.py
[2026-04-14T20:45:36.261+0000] {logging_mixin.py:190} INFO - [2026-04-14T20:45:36.261+0000] {dag.py:3239} INFO - Sync 1 DAGs
[2026-04-14T20:45:36.270+0000] {logging_mixin.py:190} INFO - [2026-04-14T20:45:36.270+0000] {dag.py:4180} INFO - Setting next_dagrun for raw_from_api_to_s3 to 2026-04-14 00:00:00+00:00, run_after=2026-04-15 00:00:00+00:00
[2026-04-14T20:45:36.277+0000] {processor.py:208} INFO - Processing /opt/airflow/dags/raw_from_api_to_s3.py took 0.079 seconds
[2026-04-14T20:46:06.572+0000] {processor.py:186} INFO - Started process (PID=6322) to work on /opt/airflow/dags/raw_from_api_to_s3.py
[2026-04-14T20:46:06.573+0000] {processor.py:914} INFO - Processing file /opt/airflow/dags/raw_from_api_to_s3.py for tasks to queue
[2026-04-14T20:46:06.576+0000] {logging_mixin.py:190} INFO - [2026-04-14T20:46:06.576+0000] {dagbag.py:588} INFO - Filling up the DagBag from /opt/airflow/dags/raw_from_api_to_s3.py
[2026-04-14T20:46:06.633+0000] {processor.py:925} INFO - DAG(s) 'raw_from_api_to_s3' retrieved from /opt/airflow/dags/raw_from_api_to_s3.py
[2026-04-14T20:46:06.641+0000] {logging_mixin.py:190} INFO - [2026-04-14T20:46:06.641+0000] {dag.py:3239} INFO - Sync 1 DAGs
[2026-04-14T20:46:06.651+0000] {logging_mixin.py:190} INFO - [2026-04-14T20:46:06.651+0000] {dag.py:4180} INFO - Setting next_dagrun for raw_from_api_to_s3 to 2026-04-14 00:00:00+00:00, run_after=2026-04-15 00:00:00+00:00
[2026-04-14T20:46:06.658+0000] {processor.py:208} INFO - Processing /opt/airflow/dags/raw_from_api_to_s3.py took 0.095 seconds
[2026-04-14T20:46:36.867+0000] {processor.py:186} INFO - Started process (PID=6336) to work on /opt/airflow/dags/raw_from_api_to_s3.py
[2026-04-14T20:46:36.867+0000] {processor.py:914} INFO - Processing file /opt/airflow/dags/raw_from_api_to_s3.py for tasks to queue
[2026-04-14T20:46:36.870+0000] {logging_mixin.py:190} INFO - [2026-04-14T20:46:36.869+0000] {dagbag.py:588} INFO - Filling up the DagBag from /opt/airflow/dags/raw_from_api_to_s3.py
[2026-04-14T20:46:36.918+0000] {processor.py:925} INFO - DAG(s) 'raw_from_api_to_s3' retrieved from /opt/airflow/dags/raw_from_api_to_s3.py
[2026-04-14T20:46:36.925+0000] {logging_mixin.py:190} INFO - [2026-04-14T20:46:36.925+0000] {dag.py:3239} INFO - Sync 1 DAGs
[2026-04-14T20:46:36.934+0000] {logging_mixin.py:190} INFO - [2026-04-14T20:46:36.933+0000] {dag.py:4180} INFO - Setting next_dagrun for raw_from_api_to_s3 to 2026-04-14 00:00:00+00:00, run_after=2026-04-15 00:00:00+00:00
[2026-04-14T20:46:36.940+0000] {processor.py:208} INFO - Processing /opt/airflow/dags/raw_from_api_to_s3.py took 0.079 seconds
[2026-04-14T20:47:07.202+0000] {processor.py:186} INFO - Started process (PID=6350) to work on /opt/airflow/dags/raw_from_api_to_s3.py
[2026-04-14T20:47:07.203+0000] {processor.py:914} INFO - Processing file /opt/airflow/dags/raw_from_api_to_s3.py for tasks to queue
[2026-04-14T20:47:07.206+0000] {logging_mixin.py:190} INFO - [2026-04-14T20:47:07.206+0000] {dagbag.py:588} INFO - Filling up the DagBag from /opt/airflow/dags/raw_from_api_to_s3.py
[2026-04-14T20:47:07.255+0000] {processor.py:925} INFO - DAG(s) 'raw_from_api_to_s3' retrieved from /opt/airflow/dags/raw_from_api_to_s3.py
[2026-04-14T20:47:07.262+0000] {logging_mixin.py:190} INFO - [2026-04-14T20:47:07.262+0000] {dag.py:3239} INFO - Sync 1 DAGs
[2026-04-14T20:47:07.271+0000] {logging_mixin.py:190} INFO - [2026-04-14T20:47:07.271+0000] {dag.py:4180} INFO - Setting next_dagrun for raw_from_api_to_s3 to 2026-04-14 00:00:00+00:00, run_after=2026-04-15 00:00:00+00:00
[2026-04-14T20:47:07.278+0000] {processor.py:208} INFO - Processing /opt/airflow/dags/raw_from_api_to_s3.py took 0.085 seconds
[2026-04-14T20:47:37.578+0000] {processor.py:186} INFO - Started process (PID=6364) to work on /opt/airflow/dags/raw_from_api_to_s3.py
[2026-04-14T20:47:37.578+0000] {processor.py:914} INFO - Processing file /opt/airflow/dags/raw_from_api_to_s3.py for tasks to queue
[2026-04-14T20:47:37.581+0000] {logging_mixin.py:190} INFO - [2026-04-14T20:47:37.580+0000] {dagbag.py:588} INFO - Filling up the DagBag from /opt/airflow/dags/raw_from_api_to_s3.py
[2026-04-14T20:47:37.629+0000] {processor.py:925} INFO - DAG(s) 'raw_from_api_to_s3' retrieved from /opt/airflow/dags/raw_from_api_to_s3.py
[2026-04-14T20:47:37.636+0000] {logging_mixin.py:190} INFO - [2026-04-14T20:47:37.636+0000] {dag.py:3239} INFO - Sync 1 DAGs
[2026-04-14T20:47:37.645+0000] {logging_mixin.py:190} INFO - [2026-04-14T20:47:37.645+0000] {dag.py:4180} INFO - Setting next_dagrun for raw_from_api_to_s3 to 2026-04-14 00:00:00+00:00, run_after=2026-04-15 00:00:00+00:00
[2026-04-14T20:47:37.651+0000] {processor.py:208} INFO - Processing /opt/airflow/dags/raw_from_api_to_s3.py took 0.079 seconds
[2026-04-14T20:48:07.944+0000] {processor.py:186} INFO - Started process (PID=6378) to work on /opt/airflow/dags/raw_from_api_to_s3.py
[2026-04-14T20:48:07.945+0000] {processor.py:914} INFO - Processing file /opt/airflow/dags/raw_from_api_to_s3.py for tasks to queue
[2026-04-14T20:48:07.946+0000] {logging_mixin.py:190} INFO - [2026-04-14T20:48:07.946+0000] {dagbag.py:588} INFO - Filling up the DagBag from /opt/airflow/dags/raw_from_api_to_s3.py
[2026-04-14T20:48:07.985+0000] {processor.py:925} INFO - DAG(s) 'raw_from_api_to_s3' retrieved from /opt/airflow/dags/raw_from_api_to_s3.py
[2026-04-14T20:48:07.992+0000] {logging_mixin.py:190} INFO - [2026-04-14T20:48:07.992+0000] {dag.py:3239} INFO - Sync 1 DAGs
[2026-04-14T20:48:08.001+0000] {logging_mixin.py:190} INFO - [2026-04-14T20:48:08.001+0000] {dag.py:4180} INFO - Setting next_dagrun for raw_from_api_to_s3 to 2026-04-14 00:00:00+00:00, run_after=2026-04-15 00:00:00+00:00
[2026-04-14T20:48:08.007+0000] {processor.py:208} INFO - Processing /opt/airflow/dags/raw_from_api_to_s3.py took 0.067 seconds
[2026-04-14T20:48:38.337+0000] {processor.py:186} INFO - Started process (PID=6392) to work on /opt/airflow/dags/raw_from_api_to_s3.py
[2026-04-14T20:48:38.338+0000] {processor.py:914} INFO - Processing file /opt/airflow/dags/raw_from_api_to_s3.py for tasks to queue
[2026-04-14T20:48:38.341+0000] {logging_mixin.py:190} INFO - [2026-04-14T20:48:38.340+0000] {dagbag.py:588} INFO - Filling up the DagBag from /opt/airflow/dags/raw_from_api_to_s3.py
[2026-04-14T20:48:38.387+0000] {processor.py:925} INFO - DAG(s) 'raw_from_api_to_s3' retrieved from /opt/airflow/dags/raw_from_api_to_s3.py
[2026-04-14T20:48:38.394+0000] {logging_mixin.py:190} INFO - [2026-04-14T20:48:38.394+0000] {dag.py:3239} INFO - Sync 1 DAGs
[2026-04-14T20:48:38.403+0000] {logging_mixin.py:190} INFO - [2026-04-14T20:48:38.403+0000] {dag.py:4180} INFO - Setting next_dagrun for raw_from_api_to_s3 to 2026-04-14 00:00:00+00:00, run_after=2026-04-15 00:00:00+00:00
[2026-04-14T20:48:38.410+0000] {processor.py:208} INFO - Processing /opt/airflow/dags/raw_from_api_to_s3.py took 0.079 seconds
[2026-04-14T20:49:08.713+0000] {processor.py:186} INFO - Started process (PID=6406) to work on /opt/airflow/dags/raw_from_api_to_s3.py
[2026-04-14T20:49:08.714+0000] {processor.py:914} INFO - Processing file /opt/airflow/dags/raw_from_api_to_s3.py for tasks to queue
[2026-04-14T20:49:08.719+0000] {logging_mixin.py:190} INFO - [2026-04-14T20:49:08.719+0000] {dagbag.py:588} INFO - Filling up the DagBag from /opt/airflow/dags/raw_from_api_to_s3.py
[2026-04-14T20:49:08.802+0000] {processor.py:925} INFO - DAG(s) 'raw_from_api_to_s3' retrieved from /opt/airflow/dags/raw_from_api_to_s3.py
[2026-04-14T20:49:08.811+0000] {logging_mixin.py:190} INFO - [2026-04-14T20:49:08.811+0000] {dag.py:3239} INFO - Sync 1 DAGs
[2026-04-14T20:49:08.822+0000] {logging_mixin.py:190} INFO - [2026-04-14T20:49:08.822+0000] {dag.py:4180} INFO - Setting next_dagrun for raw_from_api_to_s3 to 2026-04-14 00:00:00+00:00, run_after=2026-04-15 00:00:00+00:00
[2026-04-14T20:49:08.832+0000] {processor.py:208} INFO - Processing /opt/airflow/dags/raw_from_api_to_s3.py took 0.134 seconds
[2026-04-14T20:49:39.136+0000] {processor.py:186} INFO - Started process (PID=6420) to work on /opt/airflow/dags/raw_from_api_to_s3.py
[2026-04-14T20:49:39.137+0000] {processor.py:914} INFO - Processing file /opt/airflow/dags/raw_from_api_to_s3.py for tasks to queue
[2026-04-14T20:49:39.139+0000] {logging_mixin.py:190} INFO - [2026-04-14T20:49:39.139+0000] {dagbag.py:588} INFO - Filling up the DagBag from /opt/airflow/dags/raw_from_api_to_s3.py
[2026-04-14T20:49:39.187+0000] {processor.py:925} INFO - DAG(s) 'raw_from_api_to_s3' retrieved from /opt/airflow/dags/raw_from_api_to_s3.py
[2026-04-14T20:49:39.194+0000] {logging_mixin.py:190} INFO - [2026-04-14T20:49:39.193+0000] {dag.py:3239} INFO - Sync 1 DAGs
[2026-04-14T20:49:39.203+0000] {logging_mixin.py:190} INFO - [2026-04-14T20:49:39.203+0000] {dag.py:4180} INFO - Setting next_dagrun for raw_from_api_to_s3 to 2026-04-14 00:00:00+00:00, run_after=2026-04-15 00:00:00+00:00
[2026-04-14T20:49:39.210+0000] {processor.py:208} INFO - Processing /opt/airflow/dags/raw_from_api_to_s3.py took 0.081 seconds
[2026-04-14T20:50:09.500+0000] {processor.py:186} INFO - Started process (PID=6434) to work on /opt/airflow/dags/raw_from_api_to_s3.py
[2026-04-14T20:50:09.501+0000] {processor.py:914} INFO - Processing file /opt/airflow/dags/raw_from_api_to_s3.py for tasks to queue
[2026-04-14T20:50:09.505+0000] {logging_mixin.py:190} INFO - [2026-04-14T20:50:09.505+0000] {dagbag.py:588} INFO - Filling up the DagBag from /opt/airflow/dags/raw_from_api_to_s3.py
[2026-04-14T20:50:09.566+0000] {processor.py:925} INFO - DAG(s) 'raw_from_api_to_s3' retrieved from /opt/airflow/dags/raw_from_api_to_s3.py
[2026-04-14T20:50:09.574+0000] {logging_mixin.py:190} INFO - [2026-04-14T20:50:09.574+0000] {dag.py:3239} INFO - Sync 1 DAGs
[2026-04-14T20:50:09.585+0000] {logging_mixin.py:190} INFO - [2026-04-14T20:50:09.584+0000] {dag.py:4180} INFO - Setting next_dagrun for raw_from_api_to_s3 to 2026-04-14 00:00:00+00:00, run_after=2026-04-15 00:00:00+00:00
[2026-04-14T20:50:09.592+0000] {processor.py:208} INFO - Processing /opt/airflow/dags/raw_from_api_to_s3.py took 0.100 seconds
[2026-04-14T20:50:39.843+0000] {processor.py:186} INFO - Started process (PID=6448) to work on /opt/airflow/dags/raw_from_api_to_s3.py
[2026-04-14T20:50:39.844+0000] {processor.py:914} INFO - Processing file /opt/airflow/dags/raw_from_api_to_s3.py for tasks to queue
[2026-04-14T20:50:39.847+0000] {logging_mixin.py:190} INFO - [2026-04-14T20:50:39.847+0000] {dagbag.py:588} INFO - Filling up the DagBag from /opt/airflow/dags/raw_from_api_to_s3.py
[2026-04-14T20:50:39.894+0000] {processor.py:925} INFO - DAG(s) 'raw_from_api_to_s3' retrieved from /opt/airflow/dags/raw_from_api_to_s3.py
[2026-04-14T20:50:39.901+0000] {logging_mixin.py:190} INFO - [2026-04-14T20:50:39.901+0000] {dag.py:3239} INFO - Sync 1 DAGs
[2026-04-14T20:50:39.910+0000] {logging_mixin.py:190} INFO - [2026-04-14T20:50:39.910+0000] {dag.py:4180} INFO - Setting next_dagrun for raw_from_api_to_s3 to 2026-04-14 00:00:00+00:00, run_after=2026-04-15 00:00:00+00:00
[2026-04-14T20:50:39.917+0000] {processor.py:208} INFO - Processing /opt/airflow/dags/raw_from_api_to_s3.py took 0.081 seconds
[2026-04-14T20:51:10.166+0000] {processor.py:186} INFO - Started process (PID=6462) to work on /opt/airflow/dags/raw_from_api_to_s3.py
[2026-04-14T20:51:10.167+0000] {processor.py:914} INFO - Processing file /opt/airflow/dags/raw_from_api_to_s3.py for tasks to queue
[2026-04-14T20:51:10.169+0000] {logging_mixin.py:190} INFO - [2026-04-14T20:51:10.169+0000] {dagbag.py:588} INFO - Filling up the DagBag from /opt/airflow/dags/raw_from_api_to_s3.py
[2026-04-14T20:51:10.220+0000] {processor.py:925} INFO - DAG(s) 'raw_from_api_to_s3' retrieved from /opt/airflow/dags/raw_from_api_to_s3.py
[2026-04-14T20:51:10.227+0000] {logging_mixin.py:190} INFO - [2026-04-14T20:51:10.227+0000] {dag.py:3239} INFO - Sync 1 DAGs
[2026-04-14T20:51:10.235+0000] {logging_mixin.py:190} INFO - [2026-04-14T20:51:10.235+0000] {dag.py:4180} INFO - Setting next_dagrun for raw_from_api_to_s3 to 2026-04-14 00:00:00+00:00, run_after=2026-04-15 00:00:00+00:00
[2026-04-14T20:51:10.241+0000] {processor.py:208} INFO - Processing /opt/airflow/dags/raw_from_api_to_s3.py took 0.082 seconds
[2026-04-14T20:51:40.441+0000] {processor.py:186} INFO - Started process (PID=6476) to work on /opt/airflow/dags/raw_from_api_to_s3.py
[2026-04-14T20:51:40.442+0000] {processor.py:914} INFO - Processing file /opt/airflow/dags/raw_from_api_to_s3.py for tasks to queue
[2026-04-14T20:51:40.444+0000] {logging_mixin.py:190} INFO - [2026-04-14T20:51:40.444+0000] {dagbag.py:588} INFO - Filling up the DagBag from /opt/airflow/dags/raw_from_api_to_s3.py
[2026-04-14T20:51:40.487+0000] {processor.py:925} INFO - DAG(s) 'raw_from_api_to_s3' retrieved from /opt/airflow/dags/raw_from_api_to_s3.py
[2026-04-14T20:51:40.493+0000] {logging_mixin.py:190} INFO - [2026-04-14T20:51:40.493+0000] {dag.py:3239} INFO - Sync 1 DAGs
[2026-04-14T20:51:40.502+0000] {logging_mixin.py:190} INFO - [2026-04-14T20:51:40.502+0000] {dag.py:4180} INFO - Setting next_dagrun for raw_from_api_to_s3 to 2026-04-14 00:00:00+00:00, run_after=2026-04-15 00:00:00+00:00
[2026-04-14T20:51:40.508+0000] {processor.py:208} INFO - Processing /opt/airflow/dags/raw_from_api_to_s3.py took 0.072 seconds
[2026-04-14T20:52:10.826+0000] {processor.py:186} INFO - Started process (PID=6490) to work on /opt/airflow/dags/raw_from_api_to_s3.py
[2026-04-14T20:52:10.827+0000] {processor.py:914} INFO - Processing file /opt/airflow/dags/raw_from_api_to_s3.py for tasks to queue
[2026-04-14T20:52:10.830+0000] {logging_mixin.py:190} INFO - [2026-04-14T20:52:10.829+0000] {dagbag.py:588} INFO - Filling up the DagBag from /opt/airflow/dags/raw_from_api_to_s3.py
[2026-04-14T20:52:10.878+0000] {processor.py:925} INFO - DAG(s) 'raw_from_api_to_s3' retrieved from /opt/airflow/dags/raw_from_api_to_s3.py
[2026-04-14T20:52:10.884+0000] {logging_mixin.py:190} INFO - [2026-04-14T20:52:10.884+0000] {dag.py:3239} INFO - Sync 1 DAGs
[2026-04-14T20:52:10.893+0000] {logging_mixin.py:190} INFO - [2026-04-14T20:52:10.893+0000] {dag.py:4180} INFO - Setting next_dagrun for raw_from_api_to_s3 to 2026-04-14 00:00:00+00:00, run_after=2026-04-15 00:00:00+00:00
[2026-04-14T20:52:10.899+0000] {processor.py:208} INFO - Processing /opt/airflow/dags/raw_from_api_to_s3.py took 0.080 seconds
[2026-04-14T20:52:41.217+0000] {processor.py:186} INFO - Started process (PID=6504) to work on /opt/airflow/dags/raw_from_api_to_s3.py
[2026-04-14T20:52:41.218+0000] {processor.py:914} INFO - Processing file /opt/airflow/dags/raw_from_api_to_s3.py for tasks to queue
[2026-04-14T20:52:41.220+0000] {logging_mixin.py:190} INFO - [2026-04-14T20:52:41.220+0000] {dagbag.py:588} INFO - Filling up the DagBag from /opt/airflow/dags/raw_from_api_to_s3.py
[2026-04-14T20:52:41.265+0000] {processor.py:925} INFO - DAG(s) 'raw_from_api_to_s3' retrieved from /opt/airflow/dags/raw_from_api_to_s3.py
[2026-04-14T20:52:41.272+0000] {logging_mixin.py:190} INFO - [2026-04-14T20:52:41.272+0000] {dag.py:3239} INFO - Sync 1 DAGs
[2026-04-14T20:52:41.281+0000] {logging_mixin.py:190} INFO - [2026-04-14T20:52:41.281+0000] {dag.py:4180} INFO - Setting next_dagrun for raw_from_api_to_s3 to 2026-04-14 00:00:00+00:00, run_after=2026-04-15 00:00:00+00:00
[2026-04-14T20:52:41.287+0000] {processor.py:208} INFO - Processing /opt/airflow/dags/raw_from_api_to_s3.py took 0.077 seconds
[2026-04-14T20:53:11.525+0000] {processor.py:186} INFO - Started process (PID=6517) to work on /opt/airflow/dags/raw_from_api_to_s3.py
[2026-04-14T20:53:11.525+0000] {processor.py:914} INFO - Processing file /opt/airflow/dags/raw_from_api_to_s3.py for tasks to queue
[2026-04-14T20:53:11.526+0000] {logging_mixin.py:190} INFO - [2026-04-14T20:53:11.526+0000] {dagbag.py:588} INFO - Filling up the DagBag from /opt/airflow/dags/raw_from_api_to_s3.py
[2026-04-14T20:53:11.561+0000] {processor.py:925} INFO - DAG(s) 'raw_from_api_to_s3' retrieved from /opt/airflow/dags/raw_from_api_to_s3.py
[2026-04-14T20:53:11.568+0000] {logging_mixin.py:190} INFO - [2026-04-14T20:53:11.568+0000] {dag.py:3239} INFO - Sync 1 DAGs
[2026-04-14T20:53:11.578+0000] {logging_mixin.py:190} INFO - [2026-04-14T20:53:11.577+0000] {dag.py:4180} INFO - Setting next_dagrun for raw_from_api_to_s3 to 2026-04-14 00:00:00+00:00, run_after=2026-04-15 00:00:00+00:00
[2026-04-14T20:53:11.584+0000] {processor.py:208} INFO - Processing /opt/airflow/dags/raw_from_api_to_s3.py took 0.062 seconds
[2026-04-14T20:53:41.894+0000] {processor.py:186} INFO - Started process (PID=6531) to work on /opt/airflow/dags/raw_from_api_to_s3.py
[2026-04-14T20:53:41.895+0000] {processor.py:914} INFO - Processing file /opt/airflow/dags/raw_from_api_to_s3.py for tasks to queue
[2026-04-14T20:53:41.899+0000] {logging_mixin.py:190} INFO - [2026-04-14T20:53:41.898+0000] {dagbag.py:588} INFO - Filling up the DagBag from /opt/airflow/dags/raw_from_api_to_s3.py
[2026-04-14T20:53:41.958+0000] {processor.py:925} INFO - DAG(s) 'raw_from_api_to_s3' retrieved from /opt/airflow/dags/raw_from_api_to_s3.py
[2026-04-14T20:53:41.965+0000] {logging_mixin.py:190} INFO - [2026-04-14T20:53:41.965+0000] {dag.py:3239} INFO - Sync 1 DAGs
[2026-04-14T20:53:41.974+0000] {logging_mixin.py:190} INFO - [2026-04-14T20:53:41.974+0000] {dag.py:4180} INFO - Setting next_dagrun for raw_from_api_to_s3 to 2026-04-14 00:00:00+00:00, run_after=2026-04-15 00:00:00+00:00
[2026-04-14T20:53:41.980+0000] {processor.py:208} INFO - Processing /opt/airflow/dags/raw_from_api_to_s3.py took 0.094 seconds
[2026-04-14T20:54:12.242+0000] {processor.py:186} INFO - Started process (PID=6545) to work on /opt/airflow/dags/raw_from_api_to_s3.py
[2026-04-14T20:54:12.243+0000] {processor.py:914} INFO - Processing file /opt/airflow/dags/raw_from_api_to_s3.py for tasks to queue
[2026-04-14T20:54:12.246+0000] {logging_mixin.py:190} INFO - [2026-04-14T20:54:12.246+0000] {dagbag.py:588} INFO - Filling up the DagBag from /opt/airflow/dags/raw_from_api_to_s3.py
[2026-04-14T20:54:12.290+0000] {processor.py:925} INFO - DAG(s) 'raw_from_api_to_s3' retrieved from /opt/airflow/dags/raw_from_api_to_s3.py
[2026-04-14T20:54:12.299+0000] {logging_mixin.py:190} INFO - [2026-04-14T20:54:12.299+0000] {dag.py:3239} INFO - Sync 1 DAGs
[2026-04-14T20:54:12.309+0000] {logging_mixin.py:190} INFO - [2026-04-14T20:54:12.309+0000] {dag.py:4180} INFO - Setting next_dagrun for raw_from_api_to_s3 to 2026-04-14 00:00:00+00:00, run_after=2026-04-15 00:00:00+00:00
[2026-04-14T20:54:12.316+0000] {processor.py:208} INFO - Processing /opt/airflow/dags/raw_from_api_to_s3.py took 0.080 seconds
[2026-04-14T20:54:42.595+0000] {processor.py:186} INFO - Started process (PID=6559) to work on /opt/airflow/dags/raw_from_api_to_s3.py
[2026-04-14T20:54:42.596+0000] {processor.py:914} INFO - Processing file /opt/airflow/dags/raw_from_api_to_s3.py for tasks to queue
[2026-04-14T20:54:42.599+0000] {logging_mixin.py:190} INFO - [2026-04-14T20:54:42.598+0000] {dagbag.py:588} INFO - Filling up the DagBag from /opt/airflow/dags/raw_from_api_to_s3.py
[2026-04-14T20:54:42.649+0000] {processor.py:925} INFO - DAG(s) 'raw_from_api_to_s3' retrieved from /opt/airflow/dags/raw_from_api_to_s3.py
[2026-04-14T20:54:42.656+0000] {logging_mixin.py:190} INFO - [2026-04-14T20:54:42.656+0000] {dag.py:3239} INFO - Sync 1 DAGs
[2026-04-14T20:54:42.665+0000] {logging_mixin.py:190} INFO - [2026-04-14T20:54:42.665+0000] {dag.py:4180} INFO - Setting next_dagrun for raw_from_api_to_s3 to 2026-04-14 00:00:00+00:00, run_after=2026-04-15 00:00:00+00:00
[2026-04-14T20:54:42.671+0000] {processor.py:208} INFO - Processing /opt/airflow/dags/raw_from_api_to_s3.py took 0.083 seconds
[2026-04-14T20:55:12.924+0000] {processor.py:186} INFO - Started process (PID=6573) to work on /opt/airflow/dags/raw_from_api_to_s3.py
[2026-04-14T20:55:12.925+0000] {processor.py:914} INFO - Processing file /opt/airflow/dags/raw_from_api_to_s3.py for tasks to queue
[2026-04-14T20:55:12.927+0000] {logging_mixin.py:190} INFO - [2026-04-14T20:55:12.927+0000] {dagbag.py:588} INFO - Filling up the DagBag from /opt/airflow/dags/raw_from_api_to_s3.py
[2026-04-14T20:55:12.974+0000] {processor.py:925} INFO - DAG(s) 'raw_from_api_to_s3' retrieved from /opt/airflow/dags/raw_from_api_to_s3.py
[2026-04-14T20:55:12.981+0000] {logging_mixin.py:190} INFO - [2026-04-14T20:55:12.981+0000] {dag.py:3239} INFO - Sync 1 DAGs
[2026-04-14T20:55:12.990+0000] {logging_mixin.py:190} INFO - [2026-04-14T20:55:12.990+0000] {dag.py:4180} INFO - Setting next_dagrun for raw_from_api_to_s3 to 2026-04-14 00:00:00+00:00, run_after=2026-04-15 00:00:00+00:00
[2026-04-14T20:55:12.997+0000] {processor.py:208} INFO - Processing /opt/airflow/dags/raw_from_api_to_s3.py took 0.079 seconds
[2026-04-14T20:55:43.303+0000] {processor.py:186} INFO - Started process (PID=6587) to work on /opt/airflow/dags/raw_from_api_to_s3.py
[2026-04-14T20:55:43.303+0000] {processor.py:914} INFO - Processing file /opt/airflow/dags/raw_from_api_to_s3.py for tasks to queue
[2026-04-14T20:55:43.307+0000] {logging_mixin.py:190} INFO - [2026-04-14T20:55:43.307+0000] {dagbag.py:588} INFO - Filling up the DagBag from /opt/airflow/dags/raw_from_api_to_s3.py
[2026-04-14T20:55:43.368+0000] {processor.py:925} INFO - DAG(s) 'raw_from_api_to_s3' retrieved from /opt/airflow/dags/raw_from_api_to_s3.py
[2026-04-14T20:55:43.376+0000] {logging_mixin.py:190} INFO - [2026-04-14T20:55:43.376+0000] {dag.py:3239} INFO - Sync 1 DAGs
[2026-04-14T20:55:43.387+0000] {logging_mixin.py:190} INFO - [2026-04-14T20:55:43.387+0000] {dag.py:4180} INFO - Setting next_dagrun for raw_from_api_to_s3 to 2026-04-14 00:00:00+00:00, run_after=2026-04-15 00:00:00+00:00
[2026-04-14T20:55:43.394+0000] {processor.py:208} INFO - Processing /opt/airflow/dags/raw_from_api_to_s3.py took 0.099 seconds
[2026-04-14T20:56:13.645+0000] {processor.py:186} INFO - Started process (PID=6601) to work on /opt/airflow/dags/raw_from_api_to_s3.py
[2026-04-14T20:56:13.646+0000] {processor.py:914} INFO - Processing file /opt/airflow/dags/raw_from_api_to_s3.py for tasks to queue
[2026-04-14T20:56:13.647+0000] {logging_mixin.py:190} INFO - [2026-04-14T20:56:13.647+0000] {dagbag.py:588} INFO - Filling up the DagBag from /opt/airflow/dags/raw_from_api_to_s3.py
[2026-04-14T20:56:13.698+0000] {processor.py:925} INFO - DAG(s) 'raw_from_api_to_s3' retrieved from /opt/airflow/dags/raw_from_api_to_s3.py
[2026-04-14T20:56:13.711+0000] {logging_mixin.py:190} INFO - [2026-04-14T20:56:13.711+0000] {dag.py:3239} INFO - Sync 1 DAGs
[2026-04-14T20:56:13.727+0000] {logging_mixin.py:190} INFO - [2026-04-14T20:56:13.726+0000] {dag.py:4180} INFO - Setting next_dagrun for raw_from_api_to_s3 to 2026-04-14 00:00:00+00:00, run_after=2026-04-15 00:00:00+00:00
[2026-04-14T20:56:13.737+0000] {processor.py:208} INFO - Processing /opt/airflow/dags/raw_from_api_to_s3.py took 0.095 seconds
[2026-04-14T20:56:43.946+0000] {processor.py:186} INFO - Started process (PID=6615) to work on /opt/airflow/dags/raw_from_api_to_s3.py
[2026-04-14T20:56:43.947+0000] {processor.py:914} INFO - Processing file /opt/airflow/dags/raw_from_api_to_s3.py for tasks to queue
[2026-04-14T20:56:43.950+0000] {logging_mixin.py:190} INFO - [2026-04-14T20:56:43.949+0000] {dagbag.py:588} INFO - Filling up the DagBag from /opt/airflow/dags/raw_from_api_to_s3.py
[2026-04-14T20:56:44.001+0000] {processor.py:925} INFO - DAG(s) 'raw_from_api_to_s3' retrieved from /opt/airflow/dags/raw_from_api_to_s3.py
[2026-04-14T20:56:44.009+0000] {logging_mixin.py:190} INFO - [2026-04-14T20:56:44.008+0000] {dag.py:3239} INFO - Sync 1 DAGs
[2026-04-14T20:56:44.020+0000] {logging_mixin.py:190} INFO - [2026-04-14T20:56:44.020+0000] {dag.py:4180} INFO - Setting next_dagrun for raw_from_api_to_s3 to 2026-04-14 00:00:00+00:00, run_after=2026-04-15 00:00:00+00:00
[2026-04-14T20:56:44.027+0000] {processor.py:208} INFO - Processing /opt/airflow/dags/raw_from_api_to_s3.py took 0.088 seconds
[2026-04-14T20:57:14.286+0000] {processor.py:186} INFO - Started process (PID=6629) to work on /opt/airflow/dags/raw_from_api_to_s3.py
[2026-04-14T20:57:14.287+0000] {processor.py:914} INFO - Processing file /opt/airflow/dags/raw_from_api_to_s3.py for tasks to queue
[2026-04-14T20:57:14.289+0000] {logging_mixin.py:190} INFO - [2026-04-14T20:57:14.289+0000] {dagbag.py:588} INFO - Filling up the DagBag from /opt/airflow/dags/raw_from_api_to_s3.py
[2026-04-14T20:57:14.342+0000] {processor.py:925} INFO - DAG(s) 'raw_from_api_to_s3' retrieved from /opt/airflow/dags/raw_from_api_to_s3.py
[2026-04-14T20:57:14.349+0000] {logging_mixin.py:190} INFO - [2026-04-14T20:57:14.349+0000] {dag.py:3239} INFO - Sync 1 DAGs
[2026-04-14T20:57:14.358+0000] {logging_mixin.py:190} INFO - [2026-04-14T20:57:14.358+0000] {dag.py:4180} INFO - Setting next_dagrun for raw_from_api_to_s3 to 2026-04-14 00:00:00+00:00, run_after=2026-04-15 00:00:00+00:00
[2026-04-14T20:57:14.364+0000] {processor.py:208} INFO - Processing /opt/airflow/dags/raw_from_api_to_s3.py took 0.086 seconds
[2026-04-14T20:57:44.638+0000] {processor.py:186} INFO - Started process (PID=6643) to work on /opt/airflow/dags/raw_from_api_to_s3.py
[2026-04-14T20:57:44.639+0000] {processor.py:914} INFO - Processing file /opt/airflow/dags/raw_from_api_to_s3.py for tasks to queue
[2026-04-14T20:57:44.641+0000] {logging_mixin.py:190} INFO - [2026-04-14T20:57:44.641+0000] {dagbag.py:588} INFO - Filling up the DagBag from /opt/airflow/dags/raw_from_api_to_s3.py
[2026-04-14T20:57:44.690+0000] {processor.py:925} INFO - DAG(s) 'raw_from_api_to_s3' retrieved from /opt/airflow/dags/raw_from_api_to_s3.py
[2026-04-14T20:57:44.697+0000] {logging_mixin.py:190} INFO - [2026-04-14T20:57:44.697+0000] {dag.py:3239} INFO - Sync 1 DAGs
[2026-04-14T20:57:44.706+0000] {logging_mixin.py:190} INFO - [2026-04-14T20:57:44.706+0000] {dag.py:4180} INFO - Setting next_dagrun for raw_from_api_to_s3 to 2026-04-14 00:00:00+00:00, run_after=2026-04-15 00:00:00+00:00
[2026-04-14T20:57:44.712+0000] {processor.py:208} INFO - Processing /opt/airflow/dags/raw_from_api_to_s3.py took 0.080 seconds
[2026-04-14T20:58:15.021+0000] {processor.py:186} INFO - Started process (PID=6657) to work on /opt/airflow/dags/raw_from_api_to_s3.py
[2026-04-14T20:58:15.022+0000] {processor.py:914} INFO - Processing file /opt/airflow/dags/raw_from_api_to_s3.py for tasks to queue
[2026-04-14T20:58:15.026+0000] {logging_mixin.py:190} INFO - [2026-04-14T20:58:15.025+0000] {dagbag.py:588} INFO - Filling up the DagBag from /opt/airflow/dags/raw_from_api_to_s3.py
[2026-04-14T20:58:15.088+0000] {processor.py:925} INFO - DAG(s) 'raw_from_api_to_s3' retrieved from /opt/airflow/dags/raw_from_api_to_s3.py
[2026-04-14T20:58:15.096+0000] {logging_mixin.py:190} INFO - [2026-04-14T20:58:15.096+0000] {dag.py:3239} INFO - Sync 1 DAGs
[2026-04-14T20:58:15.106+0000] {logging_mixin.py:190} INFO - [2026-04-14T20:58:15.106+0000] {dag.py:4180} INFO - Setting next_dagrun for raw_from_api_to_s3 to 2026-04-14 00:00:00+00:00, run_after=2026-04-15 00:00:00+00:00
[2026-04-14T20:58:15.114+0000] {processor.py:208} INFO - Processing /opt/airflow/dags/raw_from_api_to_s3.py took 0.102 seconds
[2026-04-14T20:58:45.369+0000] {processor.py:186} INFO - Started process (PID=6671) to work on /opt/airflow/dags/raw_from_api_to_s3.py
[2026-04-14T20:58:45.370+0000] {processor.py:914} INFO - Processing file /opt/airflow/dags/raw_from_api_to_s3.py for tasks to queue
[2026-04-14T20:58:45.372+0000] {logging_mixin.py:190} INFO - [2026-04-14T20:58:45.372+0000] {dagbag.py:588} INFO - Filling up the DagBag from /opt/airflow/dags/raw_from_api_to_s3.py
[2026-04-14T20:58:45.416+0000] {processor.py:925} INFO - DAG(s) 'raw_from_api_to_s3' retrieved from /opt/airflow/dags/raw_from_api_to_s3.py
[2026-04-14T20:58:45.423+0000] {logging_mixin.py:190} INFO - [2026-04-14T20:58:45.423+0000] {dag.py:3239} INFO - Sync 1 DAGs
[2026-04-14T20:58:45.433+0000] {logging_mixin.py:190} INFO - [2026-04-14T20:58:45.432+0000] {dag.py:4180} INFO - Setting next_dagrun for raw_from_api_to_s3 to 2026-04-14 00:00:00+00:00, run_after=2026-04-15 00:00:00+00:00
[2026-04-14T20:58:45.438+0000] {processor.py:208} INFO - Processing /opt/airflow/dags/raw_from_api_to_s3.py took 0.076 seconds
[2026-04-14T20:59:15.730+0000] {processor.py:186} INFO - Started process (PID=6685) to work on /opt/airflow/dags/raw_from_api_to_s3.py
[2026-04-14T20:59:15.731+0000] {processor.py:914} INFO - Processing file /opt/airflow/dags/raw_from_api_to_s3.py for tasks to queue
[2026-04-14T20:59:15.734+0000] {logging_mixin.py:190} INFO - [2026-04-14T20:59:15.734+0000] {dagbag.py:588} INFO - Filling up the DagBag from /opt/airflow/dags/raw_from_api_to_s3.py
[2026-04-14T20:59:15.782+0000] {processor.py:925} INFO - DAG(s) 'raw_from_api_to_s3' retrieved from /opt/airflow/dags/raw_from_api_to_s3.py
[2026-04-14T20:59:15.788+0000] {logging_mixin.py:190} INFO - [2026-04-14T20:59:15.788+0000] {dag.py:3239} INFO - Sync 1 DAGs
[2026-04-14T20:59:15.797+0000] {logging_mixin.py:190} INFO - [2026-04-14T20:59:15.797+0000] {dag.py:4180} INFO - Setting next_dagrun for raw_from_api_to_s3 to 2026-04-14 00:00:00+00:00, run_after=2026-04-15 00:00:00+00:00
[2026-04-14T20:59:15.804+0000] {processor.py:208} INFO - Processing /opt/airflow/dags/raw_from_api_to_s3.py took 0.080 seconds
[2026-04-14T20:59:46.011+0000] {processor.py:186} INFO - Started process (PID=6699) to work on /opt/airflow/dags/raw_from_api_to_s3.py
[2026-04-14T20:59:46.012+0000] {processor.py:914} INFO - Processing file /opt/airflow/dags/raw_from_api_to_s3.py for tasks to queue
[2026-04-14T20:59:46.015+0000] {logging_mixin.py:190} INFO - [2026-04-14T20:59:46.014+0000] {dagbag.py:588} INFO - Filling up the DagBag from /opt/airflow/dags/raw_from_api_to_s3.py
[2026-04-14T20:59:46.066+0000] {processor.py:925} INFO - DAG(s) 'raw_from_api_to_s3' retrieved from /opt/airflow/dags/raw_from_api_to_s3.py
[2026-04-14T20:59:46.073+0000] {logging_mixin.py:190} INFO - [2026-04-14T20:59:46.073+0000] {dag.py:3239} INFO - Sync 1 DAGs
[2026-04-14T20:59:46.082+0000] {logging_mixin.py:190} INFO - [2026-04-14T20:59:46.082+0000] {dag.py:4180} INFO - Setting next_dagrun for raw_from_api_to_s3 to 2026-04-14 00:00:00+00:00, run_after=2026-04-15 00:00:00+00:00
[2026-04-14T20:59:46.088+0000] {processor.py:208} INFO - Processing /opt/airflow/dags/raw_from_api_to_s3.py took 0.085 seconds
[2026-04-14T21:00:16.489+0000] {processor.py:186} INFO - Started process (PID=6713) to work on /opt/airflow/dags/raw_from_api_to_s3.py
[2026-04-14T21:00:16.490+0000] {processor.py:914} INFO - Processing file /opt/airflow/dags/raw_from_api_to_s3.py for tasks to queue
[2026-04-14T21:00:16.492+0000] {logging_mixin.py:190} INFO - [2026-04-14T21:00:16.492+0000] {dagbag.py:588} INFO - Filling up the DagBag from /opt/airflow/dags/raw_from_api_to_s3.py
[2026-04-14T21:00:16.542+0000] {processor.py:925} INFO - DAG(s) 'raw_from_api_to_s3' retrieved from /opt/airflow/dags/raw_from_api_to_s3.py
[2026-04-14T21:00:16.549+0000] {logging_mixin.py:190} INFO - [2026-04-14T21:00:16.549+0000] {dag.py:3239} INFO - Sync 1 DAGs
[2026-04-14T21:00:16.558+0000] {logging_mixin.py:190} INFO - [2026-04-14T21:00:16.558+0000] {dag.py:4180} INFO - Setting next_dagrun for raw_from_api_to_s3 to 2026-04-14 00:00:00+00:00, run_after=2026-04-15 00:00:00+00:00
[2026-04-14T21:00:16.565+0000] {processor.py:208} INFO - Processing /opt/airflow/dags/raw_from_api_to_s3.py took 0.083 seconds
[2026-04-14T21:00:46.834+0000] {processor.py:186} INFO - Started process (PID=6727) to work on /opt/airflow/dags/raw_from_api_to_s3.py
[2026-04-14T21:00:46.835+0000] {processor.py:914} INFO - Processing file /opt/airflow/dags/raw_from_api_to_s3.py for tasks to queue
[2026-04-14T21:00:46.837+0000] {logging_mixin.py:190} INFO - [2026-04-14T21:00:46.837+0000] {dagbag.py:588} INFO - Filling up the DagBag from /opt/airflow/dags/raw_from_api_to_s3.py
[2026-04-14T21:00:46.886+0000] {processor.py:925} INFO - DAG(s) 'raw_from_api_to_s3' retrieved from /opt/airflow/dags/raw_from_api_to_s3.py
[2026-04-14T21:00:46.893+0000] {logging_mixin.py:190} INFO - [2026-04-14T21:00:46.893+0000] {dag.py:3239} INFO - Sync 1 DAGs
[2026-04-14T21:00:46.902+0000] {logging_mixin.py:190} INFO - [2026-04-14T21:00:46.902+0000] {dag.py:4180} INFO - Setting next_dagrun for raw_from_api_to_s3 to 2026-04-14 00:00:00+00:00, run_after=2026-04-15 00:00:00+00:00
[2026-04-14T21:00:46.909+0000] {processor.py:208} INFO - Processing /opt/airflow/dags/raw_from_api_to_s3.py took 0.083 seconds
[2026-04-14T21:01:17.228+0000] {processor.py:186} INFO - Started process (PID=6741) to work on /opt/airflow/dags/raw_from_api_to_s3.py
[2026-04-14T21:01:17.229+0000] {processor.py:914} INFO - Processing file /opt/airflow/dags/raw_from_api_to_s3.py for tasks to queue
[2026-04-14T21:01:17.232+0000] {logging_mixin.py:190} INFO - [2026-04-14T21:01:17.232+0000] {dagbag.py:588} INFO - Filling up the DagBag from /opt/airflow/dags/raw_from_api_to_s3.py
[2026-04-14T21:01:17.281+0000] {processor.py:925} INFO - DAG(s) 'raw_from_api_to_s3' retrieved from /opt/airflow/dags/raw_from_api_to_s3.py
[2026-04-14T21:01:17.288+0000] {logging_mixin.py:190} INFO - [2026-04-14T21:01:17.288+0000] {dag.py:3239} INFO - Sync 1 DAGs
[2026-04-14T21:01:17.298+0000] {logging_mixin.py:190} INFO - [2026-04-14T21:01:17.298+0000] {dag.py:4180} INFO - Setting next_dagrun for raw_from_api_to_s3 to 2026-04-14 00:00:00+00:00, run_after=2026-04-15 00:00:00+00:00
[2026-04-14T21:01:17.305+0000] {processor.py:208} INFO - Processing /opt/airflow/dags/raw_from_api_to_s3.py took 0.086 seconds
[2026-04-14T21:01:47.511+0000] {processor.py:186} INFO - Started process (PID=6755) to work on /opt/airflow/dags/raw_from_api_to_s3.py
[2026-04-14T21:01:47.512+0000] {processor.py:914} INFO - Processing file /opt/airflow/dags/raw_from_api_to_s3.py for tasks to queue
[2026-04-14T21:01:47.515+0000] {logging_mixin.py:190} INFO - [2026-04-14T21:01:47.515+0000] {dagbag.py:588} INFO - Filling up the DagBag from /opt/airflow/dags/raw_from_api_to_s3.py
[2026-04-14T21:01:47.575+0000] {processor.py:925} INFO - DAG(s) 'raw_from_api_to_s3' retrieved from /opt/airflow/dags/raw_from_api_to_s3.py
[2026-04-14T21:01:47.583+0000] {logging_mixin.py:190} INFO - [2026-04-14T21:01:47.583+0000] {dag.py:3239} INFO - Sync 1 DAGs
[2026-04-14T21:01:47.593+0000] {logging_mixin.py:190} INFO - [2026-04-14T21:01:47.593+0000] {dag.py:4180} INFO - Setting next_dagrun for raw_from_api_to_s3 to 2026-04-14 00:00:00+00:00, run_after=2026-04-15 00:00:00+00:00
[2026-04-14T21:01:47.601+0000] {processor.py:208} INFO - Processing /opt/airflow/dags/raw_from_api_to_s3.py took 0.096 seconds
[2026-04-14T21:02:17.803+0000] {processor.py:186} INFO - Started process (PID=6769) to work on /opt/airflow/dags/raw_from_api_to_s3.py
[2026-04-14T21:02:17.804+0000] {processor.py:914} INFO - Processing file /opt/airflow/dags/raw_from_api_to_s3.py for tasks to queue
[2026-04-14T21:02:17.807+0000] {logging_mixin.py:190} INFO - [2026-04-14T21:02:17.806+0000] {dagbag.py:588} INFO - Filling up the DagBag from /opt/airflow/dags/raw_from_api_to_s3.py
[2026-04-14T21:02:17.857+0000] {processor.py:925} INFO - DAG(s) 'raw_from_api_to_s3' retrieved from /opt/airflow/dags/raw_from_api_to_s3.py
[2026-04-14T21:02:17.864+0000] {logging_mixin.py:190} INFO - [2026-04-14T21:02:17.864+0000] {dag.py:3239} INFO - Sync 1 DAGs
[2026-04-14T21:02:17.873+0000] {logging_mixin.py:190} INFO - [2026-04-14T21:02:17.872+0000] {dag.py:4180} INFO - Setting next_dagrun for raw_from_api_to_s3 to 2026-04-14 00:00:00+00:00, run_after=2026-04-15 00:00:00+00:00
[2026-04-14T21:02:17.879+0000] {processor.py:208} INFO - Processing /opt/airflow/dags/raw_from_api_to_s3.py took 0.083 seconds
[2026-04-14T21:02:48.177+0000] {processor.py:186} INFO - Started process (PID=6783) to work on /opt/airflow/dags/raw_from_api_to_s3.py
[2026-04-14T21:02:48.178+0000] {processor.py:914} INFO - Processing file /opt/airflow/dags/raw_from_api_to_s3.py for tasks to queue
[2026-04-14T21:02:48.180+0000] {logging_mixin.py:190} INFO - [2026-04-14T21:02:48.180+0000] {dagbag.py:588} INFO - Filling up the DagBag from /opt/airflow/dags/raw_from_api_to_s3.py
[2026-04-14T21:02:48.227+0000] {processor.py:925} INFO - DAG(s) 'raw_from_api_to_s3' retrieved from /opt/airflow/dags/raw_from_api_to_s3.py
[2026-04-14T21:02:48.234+0000] {logging_mixin.py:190} INFO - [2026-04-14T21:02:48.234+0000] {dag.py:3239} INFO - Sync 1 DAGs
[2026-04-14T21:02:48.243+0000] {logging_mixin.py:190} INFO - [2026-04-14T21:02:48.243+0000] {dag.py:4180} INFO - Setting next_dagrun for raw_from_api_to_s3 to 2026-04-14 00:00:00+00:00, run_after=2026-04-15 00:00:00+00:00
[2026-04-14T21:02:48.249+0000] {processor.py:208} INFO - Processing /opt/airflow/dags/raw_from_api_to_s3.py took 0.078 seconds
[2026-04-14T21:03:18.532+0000] {processor.py:186} INFO - Started process (PID=6797) to work on /opt/airflow/dags/raw_from_api_to_s3.py
[2026-04-14T21:03:18.535+0000] {processor.py:914} INFO - Processing file /opt/airflow/dags/raw_from_api_to_s3.py for tasks to queue
[2026-04-14T21:03:18.542+0000] {logging_mixin.py:190} INFO - [2026-04-14T21:03:18.541+0000] {dagbag.py:588} INFO - Filling up the DagBag from /opt/airflow/dags/raw_from_api_to_s3.py
[2026-04-14T21:03:18.607+0000] {processor.py:925} INFO - DAG(s) 'raw_from_api_to_s3' retrieved from /opt/airflow/dags/raw_from_api_to_s3.py
[2026-04-14T21:03:18.615+0000] {logging_mixin.py:190} INFO - [2026-04-14T21:03:18.615+0000] {dag.py:3239} INFO - Sync 1 DAGs
[2026-04-14T21:03:18.626+0000] {logging_mixin.py:190} INFO - [2026-04-14T21:03:18.626+0000] {dag.py:4180} INFO - Setting next_dagrun for raw_from_api_to_s3 to 2026-04-14 00:00:00+00:00, run_after=2026-04-15 00:00:00+00:00
[2026-04-14T21:03:18.633+0000] {processor.py:208} INFO - Processing /opt/airflow/dags/raw_from_api_to_s3.py took 0.110 seconds
[2026-04-14T21:03:48.864+0000] {processor.py:186} INFO - Started process (PID=6811) to work on /opt/airflow/dags/raw_from_api_to_s3.py
[2026-04-14T21:03:48.865+0000] {processor.py:914} INFO - Processing file /opt/airflow/dags/raw_from_api_to_s3.py for tasks to queue
[2026-04-14T21:03:48.867+0000] {logging_mixin.py:190} INFO - [2026-04-14T21:03:48.867+0000] {dagbag.py:588} INFO - Filling up the DagBag from /opt/airflow/dags/raw_from_api_to_s3.py
[2026-04-14T21:03:48.916+0000] {processor.py:925} INFO - DAG(s) 'raw_from_api_to_s3' retrieved from /opt/airflow/dags/raw_from_api_to_s3.py
[2026-04-14T21:03:48.923+0000] {logging_mixin.py:190} INFO - [2026-04-14T21:03:48.923+0000] {dag.py:3239} INFO - Sync 1 DAGs
[2026-04-14T21:03:48.932+0000] {logging_mixin.py:190} INFO - [2026-04-14T21:03:48.932+0000] {dag.py:4180} INFO - Setting next_dagrun for raw_from_api_to_s3 to 2026-04-14 00:00:00+00:00, run_after=2026-04-15 00:00:00+00:00
[2026-04-14T21:03:48.940+0000] {processor.py:208} INFO - Processing /opt/airflow/dags/raw_from_api_to_s3.py took 0.084 seconds
[2026-04-14T21:04:19.260+0000] {processor.py:186} INFO - Started process (PID=6825) to work on /opt/airflow/dags/raw_from_api_to_s3.py
[2026-04-14T21:04:19.261+0000] {processor.py:914} INFO - Processing file /opt/airflow/dags/raw_from_api_to_s3.py for tasks to queue
[2026-04-14T21:04:19.264+0000] {logging_mixin.py:190} INFO - [2026-04-14T21:04:19.264+0000] {dagbag.py:588} INFO - Filling up the DagBag from /opt/airflow/dags/raw_from_api_to_s3.py
[2026-04-14T21:04:19.313+0000] {processor.py:925} INFO - DAG(s) 'raw_from_api_to_s3' retrieved from /opt/airflow/dags/raw_from_api_to_s3.py
[2026-04-14T21:04:19.319+0000] {logging_mixin.py:190} INFO - [2026-04-14T21:04:19.319+0000] {dag.py:3239} INFO - Sync 1 DAGs
[2026-04-14T21:04:19.328+0000] {logging_mixin.py:190} INFO - [2026-04-14T21:04:19.328+0000] {dag.py:4180} INFO - Setting next_dagrun for raw_from_api_to_s3 to 2026-04-14 00:00:00+00:00, run_after=2026-04-15 00:00:00+00:00
[2026-04-14T21:04:19.334+0000] {processor.py:208} INFO - Processing /opt/airflow/dags/raw_from_api_to_s3.py took 0.081 seconds
[2026-04-14T21:04:49.602+0000] {processor.py:186} INFO - Started process (PID=6839) to work on /opt/airflow/dags/raw_from_api_to_s3.py
[2026-04-14T21:04:49.602+0000] {processor.py:914} INFO - Processing file /opt/airflow/dags/raw_from_api_to_s3.py for tasks to queue
[2026-04-14T21:04:49.605+0000] {logging_mixin.py:190} INFO - [2026-04-14T21:04:49.604+0000] {dagbag.py:588} INFO - Filling up the DagBag from /opt/airflow/dags/raw_from_api_to_s3.py
[2026-04-14T21:04:49.649+0000] {processor.py:925} INFO - DAG(s) 'raw_from_api_to_s3' retrieved from /opt/airflow/dags/raw_from_api_to_s3.py
[2026-04-14T21:04:49.656+0000] {logging_mixin.py:190} INFO - [2026-04-14T21:04:49.656+0000] {dag.py:3239} INFO - Sync 1 DAGs
[2026-04-14T21:04:49.665+0000] {logging_mixin.py:190} INFO - [2026-04-14T21:04:49.665+0000] {dag.py:4180} INFO - Setting next_dagrun for raw_from_api_to_s3 to 2026-04-14 00:00:00+00:00, run_after=2026-04-15 00:00:00+00:00
[2026-04-14T21:04:49.671+0000] {processor.py:208} INFO - Processing /opt/airflow/dags/raw_from_api_to_s3.py took 0.075 seconds
[2026-04-14T21:05:20.015+0000] {processor.py:186} INFO - Started process (PID=6853) to work on /opt/airflow/dags/raw_from_api_to_s3.py
[2026-04-14T21:05:20.016+0000] {processor.py:914} INFO - Processing file /opt/airflow/dags/raw_from_api_to_s3.py for tasks to queue
[2026-04-14T21:05:20.020+0000] {logging_mixin.py:190} INFO - [2026-04-14T21:05:20.019+0000] {dagbag.py:588} INFO - Filling up the DagBag from /opt/airflow/dags/raw_from_api_to_s3.py
[2026-04-14T21:05:20.081+0000] {processor.py:925} INFO - DAG(s) 'raw_from_api_to_s3' retrieved from /opt/airflow/dags/raw_from_api_to_s3.py
[2026-04-14T21:05:20.090+0000] {logging_mixin.py:190} INFO - [2026-04-14T21:05:20.090+0000] {dag.py:3239} INFO - Sync 1 DAGs
[2026-04-14T21:05:20.100+0000] {logging_mixin.py:190} INFO - [2026-04-14T21:05:20.100+0000] {dag.py:4180} INFO - Setting next_dagrun for raw_from_api_to_s3 to 2026-04-14 00:00:00+00:00, run_after=2026-04-15 00:00:00+00:00
[2026-04-14T21:05:20.107+0000] {processor.py:208} INFO - Processing /opt/airflow/dags/raw_from_api_to_s3.py took 0.101 seconds
[2026-04-14T21:05:50.340+0000] {processor.py:186} INFO - Started process (PID=6867) to work on /opt/airflow/dags/raw_from_api_to_s3.py
[2026-04-14T21:05:50.341+0000] {processor.py:914} INFO - Processing file /opt/airflow/dags/raw_from_api_to_s3.py for tasks to queue
[2026-04-14T21:05:50.344+0000] {logging_mixin.py:190} INFO - [2026-04-14T21:05:50.343+0000] {dagbag.py:588} INFO - Filling up the DagBag from /opt/airflow/dags/raw_from_api_to_s3.py
[2026-04-14T21:05:50.394+0000] {processor.py:925} INFO - DAG(s) 'raw_from_api_to_s3' retrieved from /opt/airflow/dags/raw_from_api_to_s3.py
[2026-04-14T21:05:50.400+0000] {logging_mixin.py:190} INFO - [2026-04-14T21:05:50.400+0000] {dag.py:3239} INFO - Sync 1 DAGs
[2026-04-14T21:05:50.409+0000] {logging_mixin.py:190} INFO - [2026-04-14T21:05:50.409+0000] {dag.py:4180} INFO - Setting next_dagrun for raw_from_api_to_s3 to 2026-04-14 00:00:00+00:00, run_after=2026-04-15 00:00:00+00:00
[2026-04-14T21:05:50.415+0000] {processor.py:208} INFO - Processing /opt/airflow/dags/raw_from_api_to_s3.py took 0.083 seconds
[2026-04-14T21:06:20.772+0000] {processor.py:186} INFO - Started process (PID=6881) to work on /opt/airflow/dags/raw_from_api_to_s3.py
[2026-04-14T21:06:20.773+0000] {processor.py:914} INFO - Processing file /opt/airflow/dags/raw_from_api_to_s3.py for tasks to queue
[2026-04-14T21:06:20.776+0000] {logging_mixin.py:190} INFO - [2026-04-14T21:06:20.775+0000] {dagbag.py:588} INFO - Filling up the DagBag from /opt/airflow/dags/raw_from_api_to_s3.py
[2026-04-14T21:06:20.829+0000] {processor.py:925} INFO - DAG(s) 'raw_from_api_to_s3' retrieved from /opt/airflow/dags/raw_from_api_to_s3.py
[2026-04-14T21:06:20.836+0000] {logging_mixin.py:190} INFO - [2026-04-14T21:06:20.836+0000] {dag.py:3239} INFO - Sync 1 DAGs
[2026-04-14T21:06:20.845+0000] {logging_mixin.py:190} INFO - [2026-04-14T21:06:20.845+0000] {dag.py:4180} INFO - Setting next_dagrun for raw_from_api_to_s3 to 2026-04-14 00:00:00+00:00, run_after=2026-04-15 00:00:00+00:00
[2026-04-14T21:06:20.851+0000] {processor.py:208} INFO - Processing /opt/airflow/dags/raw_from_api_to_s3.py took 0.087 seconds
[2026-04-14T21:06:51.096+0000] {processor.py:186} INFO - Started process (PID=6895) to work on /opt/airflow/dags/raw_from_api_to_s3.py
[2026-04-14T21:06:51.097+0000] {processor.py:914} INFO - Processing file /opt/airflow/dags/raw_from_api_to_s3.py for tasks to queue
[2026-04-14T21:06:51.100+0000] {logging_mixin.py:190} INFO - [2026-04-14T21:06:51.100+0000] {dagbag.py:588} INFO - Filling up the DagBag from /opt/airflow/dags/raw_from_api_to_s3.py
[2026-04-14T21:06:51.145+0000] {processor.py:925} INFO - DAG(s) 'raw_from_api_to_s3' retrieved from /opt/airflow/dags/raw_from_api_to_s3.py
[2026-04-14T21:06:51.152+0000] {logging_mixin.py:190} INFO - [2026-04-14T21:06:51.152+0000] {dag.py:3239} INFO - Sync 1 DAGs
[2026-04-14T21:06:51.161+0000] {logging_mixin.py:190} INFO - [2026-04-14T21:06:51.161+0000] {dag.py:4180} INFO - Setting next_dagrun for raw_from_api_to_s3 to 2026-04-14 00:00:00+00:00, run_after=2026-04-15 00:00:00+00:00
[2026-04-14T21:06:51.168+0000] {processor.py:208} INFO - Processing /opt/airflow/dags/raw_from_api_to_s3.py took 0.077 seconds
[2026-04-14T21:07:21.380+0000] {processor.py:186} INFO - Started process (PID=6909) to work on /opt/airflow/dags/raw_from_api_to_s3.py
[2026-04-14T21:07:21.381+0000] {processor.py:914} INFO - Processing file /opt/airflow/dags/raw_from_api_to_s3.py for tasks to queue
[2026-04-14T21:07:21.384+0000] {logging_mixin.py:190} INFO - [2026-04-14T21:07:21.384+0000] {dagbag.py:588} INFO - Filling up the DagBag from /opt/airflow/dags/raw_from_api_to_s3.py
[2026-04-14T21:07:21.443+0000] {processor.py:925} INFO - DAG(s) 'raw_from_api_to_s3' retrieved from /opt/airflow/dags/raw_from_api_to_s3.py
[2026-04-14T21:07:21.451+0000] {logging_mixin.py:190} INFO - [2026-04-14T21:07:21.451+0000] {dag.py:3239} INFO - Sync 1 DAGs
[2026-04-14T21:07:21.461+0000] {logging_mixin.py:190} INFO - [2026-04-14T21:07:21.461+0000] {dag.py:4180} INFO - Setting next_dagrun for raw_from_api_to_s3 to 2026-04-14 00:00:00+00:00, run_after=2026-04-15 00:00:00+00:00
[2026-04-14T21:07:21.468+0000] {processor.py:208} INFO - Processing /opt/airflow/dags/raw_from_api_to_s3.py took 0.095 seconds
[2026-04-14T21:07:51.641+0000] {processor.py:186} INFO - Started process (PID=6923) to work on /opt/airflow/dags/raw_from_api_to_s3.py
[2026-04-14T21:07:51.642+0000] {processor.py:914} INFO - Processing file /opt/airflow/dags/raw_from_api_to_s3.py for tasks to queue
[2026-04-14T21:07:51.644+0000] {logging_mixin.py:190} INFO - [2026-04-14T21:07:51.644+0000] {dagbag.py:588} INFO - Filling up the DagBag from /opt/airflow/dags/raw_from_api_to_s3.py
[2026-04-14T21:07:51.691+0000] {processor.py:925} INFO - DAG(s) 'raw_from_api_to_s3' retrieved from /opt/airflow/dags/raw_from_api_to_s3.py
[2026-04-14T21:07:51.698+0000] {logging_mixin.py:190} INFO - [2026-04-14T21:07:51.698+0000] {dag.py:3239} INFO - Sync 1 DAGs
[2026-04-14T21:07:51.706+0000] {logging_mixin.py:190} INFO - [2026-04-14T21:07:51.706+0000] {dag.py:4180} INFO - Setting next_dagrun for raw_from_api_to_s3 to 2026-04-14 00:00:00+00:00, run_after=2026-04-15 00:00:00+00:00
[2026-04-14T21:07:51.713+0000] {processor.py:208} INFO - Processing /opt/airflow/dags/raw_from_api_to_s3.py took 0.078 seconds
[2026-04-14T21:08:22.009+0000] {processor.py:186} INFO - Started process (PID=6937) to work on /opt/airflow/dags/raw_from_api_to_s3.py
[2026-04-14T21:08:22.010+0000] {processor.py:914} INFO - Processing file /opt/airflow/dags/raw_from_api_to_s3.py for tasks to queue
[2026-04-14T21:08:22.012+0000] {logging_mixin.py:190} INFO - [2026-04-14T21:08:22.012+0000] {dagbag.py:588} INFO - Filling up the DagBag from /opt/airflow/dags/raw_from_api_to_s3.py
[2026-04-14T21:08:22.062+0000] {processor.py:925} INFO - DAG(s) 'raw_from_api_to_s3' retrieved from /opt/airflow/dags/raw_from_api_to_s3.py
[2026-04-14T21:08:22.069+0000] {logging_mixin.py:190} INFO - [2026-04-14T21:08:22.069+0000] {dag.py:3239} INFO - Sync 1 DAGs
[2026-04-14T21:08:22.078+0000] {logging_mixin.py:190} INFO - [2026-04-14T21:08:22.078+0000] {dag.py:4180} INFO - Setting next_dagrun for raw_from_api_to_s3 to 2026-04-14 00:00:00+00:00, run_after=2026-04-15 00:00:00+00:00
[2026-04-14T21:08:22.084+0000] {processor.py:208} INFO - Processing /opt/airflow/dags/raw_from_api_to_s3.py took 0.082 seconds
[2026-04-14T21:08:52.436+0000] {processor.py:186} INFO - Started process (PID=6951) to work on /opt/airflow/dags/raw_from_api_to_s3.py
[2026-04-14T21:08:52.437+0000] {processor.py:914} INFO - Processing file /opt/airflow/dags/raw_from_api_to_s3.py for tasks to queue
[2026-04-14T21:08:52.441+0000] {logging_mixin.py:190} INFO - [2026-04-14T21:08:52.440+0000] {dagbag.py:588} INFO - Filling up the DagBag from /opt/airflow/dags/raw_from_api_to_s3.py
[2026-04-14T21:08:52.500+0000] {processor.py:925} INFO - DAG(s) 'raw_from_api_to_s3' retrieved from /opt/airflow/dags/raw_from_api_to_s3.py
[2026-04-14T21:08:52.508+0000] {logging_mixin.py:190} INFO - [2026-04-14T21:08:52.508+0000] {dag.py:3239} INFO - Sync 1 DAGs
[2026-04-14T21:08:52.518+0000] {logging_mixin.py:190} INFO - [2026-04-14T21:08:52.518+0000] {dag.py:4180} INFO - Setting next_dagrun for raw_from_api_to_s3 to 2026-04-14 00:00:00+00:00, run_after=2026-04-15 00:00:00+00:00
[2026-04-14T21:08:52.525+0000] {processor.py:208} INFO - Processing /opt/airflow/dags/raw_from_api_to_s3.py took 0.098 seconds
[2026-04-14T21:09:22.835+0000] {processor.py:186} INFO - Started process (PID=6965) to work on /opt/airflow/dags/raw_from_api_to_s3.py
[2026-04-14T21:09:22.836+0000] {processor.py:914} INFO - Processing file /opt/airflow/dags/raw_from_api_to_s3.py for tasks to queue
[2026-04-14T21:09:22.839+0000] {logging_mixin.py:190} INFO - [2026-04-14T21:09:22.838+0000] {dagbag.py:588} INFO - Filling up the DagBag from /opt/airflow/dags/raw_from_api_to_s3.py
[2026-04-14T21:09:22.886+0000] {processor.py:925} INFO - DAG(s) 'raw_from_api_to_s3' retrieved from /opt/airflow/dags/raw_from_api_to_s3.py
[2026-04-14T21:09:22.893+0000] {logging_mixin.py:190} INFO - [2026-04-14T21:09:22.893+0000] {dag.py:3239} INFO - Sync 1 DAGs
[2026-04-14T21:09:22.902+0000] {logging_mixin.py:190} INFO - [2026-04-14T21:09:22.902+0000] {dag.py:4180} INFO - Setting next_dagrun for raw_from_api_to_s3 to 2026-04-14 00:00:00+00:00, run_after=2026-04-15 00:00:00+00:00
[2026-04-14T21:09:22.909+0000] {processor.py:208} INFO - Processing /opt/airflow/dags/raw_from_api_to_s3.py took 0.081 seconds
[2026-04-14T21:09:53.187+0000] {processor.py:186} INFO - Started process (PID=6979) to work on /opt/airflow/dags/raw_from_api_to_s3.py
[2026-04-14T21:09:53.187+0000] {processor.py:914} INFO - Processing file /opt/airflow/dags/raw_from_api_to_s3.py for tasks to queue
[2026-04-14T21:09:53.190+0000] {logging_mixin.py:190} INFO - [2026-04-14T21:09:53.190+0000] {dagbag.py:588} INFO - Filling up the DagBag from /opt/airflow/dags/raw_from_api_to_s3.py
[2026-04-14T21:09:53.236+0000] {processor.py:925} INFO - DAG(s) 'raw_from_api_to_s3' retrieved from /opt/airflow/dags/raw_from_api_to_s3.py
[2026-04-14T21:09:53.242+0000] {logging_mixin.py:190} INFO - [2026-04-14T21:09:53.242+0000] {dag.py:3239} INFO - Sync 1 DAGs
[2026-04-14T21:09:53.252+0000] {logging_mixin.py:190} INFO - [2026-04-14T21:09:53.252+0000] {dag.py:4180} INFO - Setting next_dagrun for raw_from_api_to_s3 to 2026-04-14 00:00:00+00:00, run_after=2026-04-15 00:00:00+00:00
[2026-04-14T21:09:53.258+0000] {processor.py:208} INFO - Processing /opt/airflow/dags/raw_from_api_to_s3.py took 0.077 seconds
[2026-04-14T21:10:23.496+0000] {processor.py:186} INFO - Started process (PID=6993) to work on /opt/airflow/dags/raw_from_api_to_s3.py
[2026-04-14T21:10:23.497+0000] {processor.py:914} INFO - Processing file /opt/airflow/dags/raw_from_api_to_s3.py for tasks to queue
[2026-04-14T21:10:23.501+0000] {logging_mixin.py:190} INFO - [2026-04-14T21:10:23.500+0000] {dagbag.py:588} INFO - Filling up the DagBag from /opt/airflow/dags/raw_from_api_to_s3.py
[2026-04-14T21:10:23.546+0000] {processor.py:925} INFO - DAG(s) 'raw_from_api_to_s3' retrieved from /opt/airflow/dags/raw_from_api_to_s3.py
[2026-04-14T21:10:23.553+0000] {logging_mixin.py:190} INFO - [2026-04-14T21:10:23.553+0000] {dag.py:3239} INFO - Sync 1 DAGs
[2026-04-14T21:10:23.561+0000] {logging_mixin.py:190} INFO - [2026-04-14T21:10:23.561+0000] {dag.py:4180} INFO - Setting next_dagrun for raw_from_api_to_s3 to 2026-04-14 00:00:00+00:00, run_after=2026-04-15 00:00:00+00:00
[2026-04-14T21:10:23.568+0000] {processor.py:208} INFO - Processing /opt/airflow/dags/raw_from_api_to_s3.py took 0.080 seconds
[2026-04-14T21:10:53.790+0000] {processor.py:186} INFO - Started process (PID=7007) to work on /opt/airflow/dags/raw_from_api_to_s3.py
[2026-04-14T21:10:53.791+0000] {processor.py:914} INFO - Processing file /opt/airflow/dags/raw_from_api_to_s3.py for tasks to queue
[2026-04-14T21:10:53.794+0000] {logging_mixin.py:190} INFO - [2026-04-14T21:10:53.793+0000] {dagbag.py:588} INFO - Filling up the DagBag from /opt/airflow/dags/raw_from_api_to_s3.py
[2026-04-14T21:10:53.857+0000] {processor.py:925} INFO - DAG(s) 'raw_from_api_to_s3' retrieved from /opt/airflow/dags/raw_from_api_to_s3.py
[2026-04-14T21:10:53.865+0000] {logging_mixin.py:190} INFO - [2026-04-14T21:10:53.865+0000] {dag.py:3239} INFO - Sync 1 DAGs
[2026-04-14T21:10:53.875+0000] {logging_mixin.py:190} INFO - [2026-04-14T21:10:53.875+0000] {dag.py:4180} INFO - Setting next_dagrun for raw_from_api_to_s3 to 2026-04-14 00:00:00+00:00, run_after=2026-04-15 00:00:00+00:00
[2026-04-14T21:10:53.882+0000] {processor.py:208} INFO - Processing /opt/airflow/dags/raw_from_api_to_s3.py took 0.100 seconds
[2026-04-14T21:11:24.280+0000] {processor.py:186} INFO - Started process (PID=7021) to work on /opt/airflow/dags/raw_from_api_to_s3.py
[2026-04-14T21:11:24.281+0000] {processor.py:914} INFO - Processing file /opt/airflow/dags/raw_from_api_to_s3.py for tasks to queue
[2026-04-14T21:11:24.283+0000] {logging_mixin.py:190} INFO - [2026-04-14T21:11:24.283+0000] {dagbag.py:588} INFO - Filling up the DagBag from /opt/airflow/dags/raw_from_api_to_s3.py
[2026-04-14T21:11:24.331+0000] {processor.py:925} INFO - DAG(s) 'raw_from_api_to_s3' retrieved from /opt/airflow/dags/raw_from_api_to_s3.py
[2026-04-14T21:11:24.338+0000] {logging_mixin.py:190} INFO - [2026-04-14T21:11:24.338+0000] {dag.py:3239} INFO - Sync 1 DAGs
[2026-04-14T21:11:24.347+0000] {logging_mixin.py:190} INFO - [2026-04-14T21:11:24.347+0000] {dag.py:4180} INFO - Setting next_dagrun for raw_from_api_to_s3 to 2026-04-14 00:00:00+00:00, run_after=2026-04-15 00:00:00+00:00
[2026-04-14T21:11:24.353+0000] {processor.py:208} INFO - Processing /opt/airflow/dags/raw_from_api_to_s3.py took 0.080 seconds
[2026-04-14T21:11:54.590+0000] {processor.py:186} INFO - Started process (PID=7035) to work on /opt/airflow/dags/raw_from_api_to_s3.py
[2026-04-14T21:11:54.591+0000] {processor.py:914} INFO - Processing file /opt/airflow/dags/raw_from_api_to_s3.py for tasks to queue
[2026-04-14T21:11:54.593+0000] {logging_mixin.py:190} INFO - [2026-04-14T21:11:54.593+0000] {dagbag.py:588} INFO - Filling up the DagBag from /opt/airflow/dags/raw_from_api_to_s3.py
[2026-04-14T21:11:54.636+0000] {processor.py:925} INFO - DAG(s) 'raw_from_api_to_s3' retrieved from /opt/airflow/dags/raw_from_api_to_s3.py
[2026-04-14T21:11:54.642+0000] {logging_mixin.py:190} INFO - [2026-04-14T21:11:54.642+0000] {dag.py:3239} INFO - Sync 1 DAGs
[2026-04-14T21:11:54.651+0000] {logging_mixin.py:190} INFO - [2026-04-14T21:11:54.651+0000] {dag.py:4180} INFO - Setting next_dagrun for raw_from_api_to_s3 to 2026-04-14 00:00:00+00:00, run_after=2026-04-15 00:00:00+00:00
[2026-04-14T21:11:54.658+0000] {processor.py:208} INFO - Processing /opt/airflow/dags/raw_from_api_to_s3.py took 0.072 seconds
[2026-04-14T21:12:24.893+0000] {processor.py:186} INFO - Started process (PID=7049) to work on /opt/airflow/dags/raw_from_api_to_s3.py
[2026-04-14T21:12:24.894+0000] {processor.py:914} INFO - Processing file /opt/airflow/dags/raw_from_api_to_s3.py for tasks to queue
[2026-04-14T21:12:24.895+0000] {logging_mixin.py:190} INFO - [2026-04-14T21:12:24.895+0000] {dagbag.py:588} INFO - Filling up the DagBag from /opt/airflow/dags/raw_from_api_to_s3.py
[2026-04-14T21:12:24.954+0000] {processor.py:925} INFO - DAG(s) 'raw_from_api_to_s3' retrieved from /opt/airflow/dags/raw_from_api_to_s3.py
[2026-04-14T21:12:24.965+0000] {logging_mixin.py:190} INFO - [2026-04-14T21:12:24.965+0000] {dag.py:3239} INFO - Sync 1 DAGs
[2026-04-14T21:12:24.980+0000] {logging_mixin.py:190} INFO - [2026-04-14T21:12:24.979+0000] {dag.py:4180} INFO - Setting next_dagrun for raw_from_api_to_s3 to 2026-04-14 00:00:00+00:00, run_after=2026-04-15 00:00:00+00:00
[2026-04-14T21:12:24.987+0000] {processor.py:208} INFO - Processing /opt/airflow/dags/raw_from_api_to_s3.py took 0.099 seconds
[2026-04-14T21:12:55.196+0000] {processor.py:186} INFO - Started process (PID=7063) to work on /opt/airflow/dags/raw_from_api_to_s3.py
[2026-04-14T21:12:55.196+0000] {processor.py:914} INFO - Processing file /opt/airflow/dags/raw_from_api_to_s3.py for tasks to queue
[2026-04-14T21:12:55.198+0000] {logging_mixin.py:190} INFO - [2026-04-14T21:12:55.197+0000] {dagbag.py:588} INFO - Filling up the DagBag from /opt/airflow/dags/raw_from_api_to_s3.py
[2026-04-14T21:12:55.233+0000] {processor.py:925} INFO - DAG(s) 'raw_from_api_to_s3' retrieved from /opt/airflow/dags/raw_from_api_to_s3.py
[2026-04-14T21:12:55.240+0000] {logging_mixin.py:190} INFO - [2026-04-14T21:12:55.240+0000] {dag.py:3239} INFO - Sync 1 DAGs
[2026-04-14T21:12:55.249+0000] {logging_mixin.py:190} INFO - [2026-04-14T21:12:55.249+0000] {dag.py:4180} INFO - Setting next_dagrun for raw_from_api_to_s3 to 2026-04-14 00:00:00+00:00, run_after=2026-04-15 00:00:00+00:00
[2026-04-14T21:12:55.256+0000] {processor.py:208} INFO - Processing /opt/airflow/dags/raw_from_api_to_s3.py took 0.062 seconds
[2026-04-14T21:13:25.553+0000] {processor.py:186} INFO - Started process (PID=7077) to work on /opt/airflow/dags/raw_from_api_to_s3.py
[2026-04-14T21:13:25.554+0000] {processor.py:914} INFO - Processing file /opt/airflow/dags/raw_from_api_to_s3.py for tasks to queue
[2026-04-14T21:13:25.556+0000] {logging_mixin.py:190} INFO - [2026-04-14T21:13:25.556+0000] {dagbag.py:588} INFO - Filling up the DagBag from /opt/airflow/dags/raw_from_api_to_s3.py
[2026-04-14T21:13:25.604+0000] {processor.py:925} INFO - DAG(s) 'raw_from_api_to_s3' retrieved from /opt/airflow/dags/raw_from_api_to_s3.py
[2026-04-14T21:13:25.613+0000] {logging_mixin.py:190} INFO - [2026-04-14T21:13:25.612+0000] {dag.py:3239} INFO - Sync 1 DAGs
[2026-04-14T21:13:25.622+0000] {logging_mixin.py:190} INFO - [2026-04-14T21:13:25.622+0000] {dag.py:4180} INFO - Setting next_dagrun for raw_from_api_to_s3 to 2026-04-14 00:00:00+00:00, run_after=2026-04-15 00:00:00+00:00
[2026-04-14T21:13:25.629+0000] {processor.py:208} INFO - Processing /opt/airflow/dags/raw_from_api_to_s3.py took 0.079 seconds
[2026-04-14T21:13:55.958+0000] {processor.py:186} INFO - Started process (PID=7091) to work on /opt/airflow/dags/raw_from_api_to_s3.py
[2026-04-14T21:13:55.958+0000] {processor.py:914} INFO - Processing file /opt/airflow/dags/raw_from_api_to_s3.py for tasks to queue
[2026-04-14T21:13:55.961+0000] {logging_mixin.py:190} INFO - [2026-04-14T21:13:55.961+0000] {dagbag.py:588} INFO - Filling up the DagBag from /opt/airflow/dags/raw_from_api_to_s3.py
[2026-04-14T21:13:56.008+0000] {processor.py:925} INFO - DAG(s) 'raw_from_api_to_s3' retrieved from /opt/airflow/dags/raw_from_api_to_s3.py
[2026-04-14T21:13:56.015+0000] {logging_mixin.py:190} INFO - [2026-04-14T21:13:56.015+0000] {dag.py:3239} INFO - Sync 1 DAGs
[2026-04-14T21:13:56.025+0000] {logging_mixin.py:190} INFO - [2026-04-14T21:13:56.025+0000] {dag.py:4180} INFO - Setting next_dagrun for raw_from_api_to_s3 to 2026-04-14 00:00:00+00:00, run_after=2026-04-15 00:00:00+00:00
[2026-04-14T21:13:56.032+0000] {processor.py:208} INFO - Processing /opt/airflow/dags/raw_from_api_to_s3.py took 0.080 seconds
[2026-04-14T21:14:26.320+0000] {processor.py:186} INFO - Started process (PID=7105) to work on /opt/airflow/dags/raw_from_api_to_s3.py
[2026-04-14T21:14:26.321+0000] {processor.py:914} INFO - Processing file /opt/airflow/dags/raw_from_api_to_s3.py for tasks to queue
[2026-04-14T21:14:26.324+0000] {logging_mixin.py:190} INFO - [2026-04-14T21:14:26.324+0000] {dagbag.py:588} INFO - Filling up the DagBag from /opt/airflow/dags/raw_from_api_to_s3.py
[2026-04-14T21:14:26.375+0000] {processor.py:925} INFO - DAG(s) 'raw_from_api_to_s3' retrieved from /opt/airflow/dags/raw_from_api_to_s3.py
[2026-04-14T21:14:26.382+0000] {logging_mixin.py:190} INFO - [2026-04-14T21:14:26.382+0000] {dag.py:3239} INFO - Sync 1 DAGs
[2026-04-14T21:14:26.392+0000] {logging_mixin.py:190} INFO - [2026-04-14T21:14:26.392+0000] {dag.py:4180} INFO - Setting next_dagrun for raw_from_api_to_s3 to 2026-04-14 00:00:00+00:00, run_after=2026-04-15 00:00:00+00:00
[2026-04-14T21:14:26.399+0000] {processor.py:208} INFO - Processing /opt/airflow/dags/raw_from_api_to_s3.py took 0.087 seconds
[2026-04-14T21:14:56.647+0000] {processor.py:186} INFO - Started process (PID=7119) to work on /opt/airflow/dags/raw_from_api_to_s3.py
[2026-04-14T21:14:56.648+0000] {processor.py:914} INFO - Processing file /opt/airflow/dags/raw_from_api_to_s3.py for tasks to queue
[2026-04-14T21:14:56.649+0000] {logging_mixin.py:190} INFO - [2026-04-14T21:14:56.649+0000] {dagbag.py:588} INFO - Filling up the DagBag from /opt/airflow/dags/raw_from_api_to_s3.py
[2026-04-14T21:14:56.688+0000] {processor.py:925} INFO - DAG(s) 'raw_from_api_to_s3' retrieved from /opt/airflow/dags/raw_from_api_to_s3.py
[2026-04-14T21:14:56.695+0000] {logging_mixin.py:190} INFO - [2026-04-14T21:14:56.695+0000] {dag.py:3239} INFO - Sync 1 DAGs
[2026-04-14T21:14:56.704+0000] {logging_mixin.py:190} INFO - [2026-04-14T21:14:56.704+0000] {dag.py:4180} INFO - Setting next_dagrun for raw_from_api_to_s3 to 2026-04-14 00:00:00+00:00, run_after=2026-04-15 00:00:00+00:00
[2026-04-14T21:14:56.710+0000] {processor.py:208} INFO - Processing /opt/airflow/dags/raw_from_api_to_s3.py took 0.067 seconds
[2026-04-14T21:15:27.061+0000] {processor.py:186} INFO - Started process (PID=7133) to work on /opt/airflow/dags/raw_from_api_to_s3.py
[2026-04-14T21:15:27.062+0000] {processor.py:914} INFO - Processing file /opt/airflow/dags/raw_from_api_to_s3.py for tasks to queue
[2026-04-14T21:15:27.066+0000] {logging_mixin.py:190} INFO - [2026-04-14T21:15:27.066+0000] {dagbag.py:588} INFO - Filling up the DagBag from /opt/airflow/dags/raw_from_api_to_s3.py
[2026-04-14T21:15:27.124+0000] {processor.py:925} INFO - DAG(s) 'raw_from_api_to_s3' retrieved from /opt/airflow/dags/raw_from_api_to_s3.py
[2026-04-14T21:15:27.132+0000] {logging_mixin.py:190} INFO - [2026-04-14T21:15:27.132+0000] {dag.py:3239} INFO - Sync 1 DAGs
[2026-04-14T21:15:27.142+0000] {logging_mixin.py:190} INFO - [2026-04-14T21:15:27.142+0000] {dag.py:4180} INFO - Setting next_dagrun for raw_from_api_to_s3 to 2026-04-14 00:00:00+00:00, run_after=2026-04-15 00:00:00+00:00
[2026-04-14T21:15:27.149+0000] {processor.py:208} INFO - Processing /opt/airflow/dags/raw_from_api_to_s3.py took 0.096 seconds
[2026-04-14T21:15:57.402+0000] {processor.py:186} INFO - Started process (PID=7147) to work on /opt/airflow/dags/raw_from_api_to_s3.py
[2026-04-14T21:15:57.404+0000] {processor.py:914} INFO - Processing file /opt/airflow/dags/raw_from_api_to_s3.py for tasks to queue
[2026-04-14T21:15:57.409+0000] {logging_mixin.py:190} INFO - [2026-04-14T21:15:57.409+0000] {dagbag.py:588} INFO - Filling up the DagBag from /opt/airflow/dags/raw_from_api_to_s3.py
[2026-04-14T21:15:57.458+0000] {processor.py:925} INFO - DAG(s) 'raw_from_api_to_s3' retrieved from /opt/airflow/dags/raw_from_api_to_s3.py
[2026-04-14T21:15:57.466+0000] {logging_mixin.py:190} INFO - [2026-04-14T21:15:57.466+0000] {dag.py:3239} INFO - Sync 1 DAGs
[2026-04-14T21:15:57.475+0000] {logging_mixin.py:190} INFO - [2026-04-14T21:15:57.475+0000] {dag.py:4180} INFO - Setting next_dagrun for raw_from_api_to_s3 to 2026-04-14 00:00:00+00:00, run_after=2026-04-15 00:00:00+00:00
[2026-04-14T21:15:57.482+0000] {processor.py:208} INFO - Processing /opt/airflow/dags/raw_from_api_to_s3.py took 0.087 seconds
[2026-04-14T21:16:27.793+0000] {processor.py:186} INFO - Started process (PID=7161) to work on /opt/airflow/dags/raw_from_api_to_s3.py
[2026-04-14T21:16:27.794+0000] {processor.py:914} INFO - Processing file /opt/airflow/dags/raw_from_api_to_s3.py for tasks to queue
[2026-04-14T21:16:27.798+0000] {logging_mixin.py:190} INFO - [2026-04-14T21:16:27.798+0000] {dagbag.py:588} INFO - Filling up the DagBag from /opt/airflow/dags/raw_from_api_to_s3.py
[2026-04-14T21:16:27.854+0000] {processor.py:925} INFO - DAG(s) 'raw_from_api_to_s3' retrieved from /opt/airflow/dags/raw_from_api_to_s3.py
[2026-04-14T21:16:27.861+0000] {logging_mixin.py:190} INFO - [2026-04-14T21:16:27.861+0000] {dag.py:3239} INFO - Sync 1 DAGs
[2026-04-14T21:16:27.871+0000] {logging_mixin.py:190} INFO - [2026-04-14T21:16:27.871+0000] {dag.py:4180} INFO - Setting next_dagrun for raw_from_api_to_s3 to 2026-04-14 00:00:00+00:00, run_after=2026-04-15 00:00:00+00:00
[2026-04-14T21:16:27.877+0000] {processor.py:208} INFO - Processing /opt/airflow/dags/raw_from_api_to_s3.py took 0.093 seconds
[2026-04-14T21:16:58.136+0000] {processor.py:186} INFO - Started process (PID=7175) to work on /opt/airflow/dags/raw_from_api_to_s3.py
[2026-04-14T21:16:58.137+0000] {processor.py:914} INFO - Processing file /opt/airflow/dags/raw_from_api_to_s3.py for tasks to queue
[2026-04-14T21:16:58.140+0000] {logging_mixin.py:190} INFO - [2026-04-14T21:16:58.140+0000] {dagbag.py:588} INFO - Filling up the DagBag from /opt/airflow/dags/raw_from_api_to_s3.py
[2026-04-14T21:16:58.196+0000] {processor.py:925} INFO - DAG(s) 'raw_from_api_to_s3' retrieved from /opt/airflow/dags/raw_from_api_to_s3.py
[2026-04-14T21:16:58.205+0000] {logging_mixin.py:190} INFO - [2026-04-14T21:16:58.204+0000] {dag.py:3239} INFO - Sync 1 DAGs
[2026-04-14T21:16:58.215+0000] {logging_mixin.py:190} INFO - [2026-04-14T21:16:58.215+0000] {dag.py:4180} INFO - Setting next_dagrun for raw_from_api_to_s3 to 2026-04-14 00:00:00+00:00, run_after=2026-04-15 00:00:00+00:00
[2026-04-14T21:16:58.222+0000] {processor.py:208} INFO - Processing /opt/airflow/dags/raw_from_api_to_s3.py took 0.092 seconds
[2026-04-14T21:17:28.485+0000] {processor.py:186} INFO - Started process (PID=7189) to work on /opt/airflow/dags/raw_from_api_to_s3.py
[2026-04-14T21:17:28.486+0000] {processor.py:914} INFO - Processing file /opt/airflow/dags/raw_from_api_to_s3.py for tasks to queue
[2026-04-14T21:17:28.489+0000] {logging_mixin.py:190} INFO - [2026-04-14T21:17:28.488+0000] {dagbag.py:588} INFO - Filling up the DagBag from /opt/airflow/dags/raw_from_api_to_s3.py
[2026-04-14T21:17:28.540+0000] {processor.py:925} INFO - DAG(s) 'raw_from_api_to_s3' retrieved from /opt/airflow/dags/raw_from_api_to_s3.py
[2026-04-14T21:17:28.547+0000] {logging_mixin.py:190} INFO - [2026-04-14T21:17:28.547+0000] {dag.py:3239} INFO - Sync 1 DAGs
[2026-04-14T21:17:28.556+0000] {logging_mixin.py:190} INFO - [2026-04-14T21:17:28.556+0000] {dag.py:4180} INFO - Setting next_dagrun for raw_from_api_to_s3 to 2026-04-14 00:00:00+00:00, run_after=2026-04-15 00:00:00+00:00
[2026-04-14T21:17:28.563+0000] {processor.py:208} INFO - Processing /opt/airflow/dags/raw_from_api_to_s3.py took 0.086 seconds
[2026-04-14T21:17:58.834+0000] {processor.py:186} INFO - Started process (PID=7203) to work on /opt/airflow/dags/raw_from_api_to_s3.py
[2026-04-14T21:17:58.835+0000] {processor.py:914} INFO - Processing file /opt/airflow/dags/raw_from_api_to_s3.py for tasks to queue
[2026-04-14T21:17:58.838+0000] {logging_mixin.py:190} INFO - [2026-04-14T21:17:58.838+0000] {dagbag.py:588} INFO - Filling up the DagBag from /opt/airflow/dags/raw_from_api_to_s3.py
[2026-04-14T21:17:58.895+0000] {processor.py:925} INFO - DAG(s) 'raw_from_api_to_s3' retrieved from /opt/airflow/dags/raw_from_api_to_s3.py
[2026-04-14T21:17:58.903+0000] {logging_mixin.py:190} INFO - [2026-04-14T21:17:58.902+0000] {dag.py:3239} INFO - Sync 1 DAGs
[2026-04-14T21:17:58.913+0000] {logging_mixin.py:190} INFO - [2026-04-14T21:17:58.913+0000] {dag.py:4180} INFO - Setting next_dagrun for raw_from_api_to_s3 to 2026-04-14 00:00:00+00:00, run_after=2026-04-15 00:00:00+00:00
[2026-04-14T21:17:58.919+0000] {processor.py:208} INFO - Processing /opt/airflow/dags/raw_from_api_to_s3.py took 0.091 seconds
[2026-04-14T21:18:29.196+0000] {processor.py:186} INFO - Started process (PID=7217) to work on /opt/airflow/dags/raw_from_api_to_s3.py
[2026-04-14T21:18:29.197+0000] {processor.py:914} INFO - Processing file /opt/airflow/dags/raw_from_api_to_s3.py for tasks to queue
[2026-04-14T21:18:29.201+0000] {logging_mixin.py:190} INFO - [2026-04-14T21:18:29.201+0000] {dagbag.py:588} INFO - Filling up the DagBag from /opt/airflow/dags/raw_from_api_to_s3.py
[2026-04-14T21:18:29.287+0000] {processor.py:925} INFO - DAG(s) 'raw_from_api_to_s3' retrieved from /opt/airflow/dags/raw_from_api_to_s3.py
[2026-04-14T21:18:29.297+0000] {logging_mixin.py:190} INFO - [2026-04-14T21:18:29.296+0000] {dag.py:3239} INFO - Sync 1 DAGs
[2026-04-14T21:18:29.309+0000] {logging_mixin.py:190} INFO - [2026-04-14T21:18:29.309+0000] {dag.py:4180} INFO - Setting next_dagrun for raw_from_api_to_s3 to 2026-04-14 00:00:00+00:00, run_after=2026-04-15 00:00:00+00:00
[2026-04-14T21:18:29.316+0000] {processor.py:208} INFO - Processing /opt/airflow/dags/raw_from_api_to_s3.py took 0.131 seconds
[2026-04-14T21:18:59.597+0000] {processor.py:186} INFO - Started process (PID=7231) to work on /opt/airflow/dags/raw_from_api_to_s3.py
[2026-04-14T21:18:59.598+0000] {processor.py:914} INFO - Processing file /opt/airflow/dags/raw_from_api_to_s3.py for tasks to queue
[2026-04-14T21:18:59.601+0000] {logging_mixin.py:190} INFO - [2026-04-14T21:18:59.601+0000] {dagbag.py:588} INFO - Filling up the DagBag from /opt/airflow/dags/raw_from_api_to_s3.py
[2026-04-14T21:18:59.654+0000] {processor.py:925} INFO - DAG(s) 'raw_from_api_to_s3' retrieved from /opt/airflow/dags/raw_from_api_to_s3.py
[2026-04-14T21:18:59.661+0000] {logging_mixin.py:190} INFO - [2026-04-14T21:18:59.661+0000] {dag.py:3239} INFO - Sync 1 DAGs
[2026-04-14T21:18:59.670+0000] {logging_mixin.py:190} INFO - [2026-04-14T21:18:59.670+0000] {dag.py:4180} INFO - Setting next_dagrun for raw_from_api_to_s3 to 2026-04-14 00:00:00+00:00, run_after=2026-04-15 00:00:00+00:00
[2026-04-14T21:18:59.677+0000] {processor.py:208} INFO - Processing /opt/airflow/dags/raw_from_api_to_s3.py took 0.090 seconds
[2026-04-14T21:19:29.941+0000] {processor.py:186} INFO - Started process (PID=7245) to work on /opt/airflow/dags/raw_from_api_to_s3.py
[2026-04-14T21:19:29.942+0000] {processor.py:914} INFO - Processing file /opt/airflow/dags/raw_from_api_to_s3.py for tasks to queue
[2026-04-14T21:19:29.946+0000] {logging_mixin.py:190} INFO - [2026-04-14T21:19:29.946+0000] {dagbag.py:588} INFO - Filling up the DagBag from /opt/airflow/dags/raw_from_api_to_s3.py
[2026-04-14T21:19:30.006+0000] {processor.py:925} INFO - DAG(s) 'raw_from_api_to_s3' retrieved from /opt/airflow/dags/raw_from_api_to_s3.py
[2026-04-14T21:19:30.013+0000] {logging_mixin.py:190} INFO - [2026-04-14T21:19:30.013+0000] {dag.py:3239} INFO - Sync 1 DAGs
[2026-04-14T21:19:30.023+0000] {logging_mixin.py:190} INFO - [2026-04-14T21:19:30.023+0000] {dag.py:4180} INFO - Setting next_dagrun for raw_from_api_to_s3 to 2026-04-14 00:00:00+00:00, run_after=2026-04-15 00:00:00+00:00
[2026-04-14T21:19:30.029+0000] {processor.py:208} INFO - Processing /opt/airflow/dags/raw_from_api_to_s3.py took 0.097 seconds
[2026-04-14T21:20:00.346+0000] {processor.py:186} INFO - Started process (PID=7259) to work on /opt/airflow/dags/raw_from_api_to_s3.py
[2026-04-14T21:20:00.347+0000] {processor.py:914} INFO - Processing file /opt/airflow/dags/raw_from_api_to_s3.py for tasks to queue
[2026-04-14T21:20:00.349+0000] {logging_mixin.py:190} INFO - [2026-04-14T21:20:00.349+0000] {dagbag.py:588} INFO - Filling up the DagBag from /opt/airflow/dags/raw_from_api_to_s3.py
[2026-04-14T21:20:00.395+0000] {processor.py:925} INFO - DAG(s) 'raw_from_api_to_s3' retrieved from /opt/airflow/dags/raw_from_api_to_s3.py
[2026-04-14T21:20:00.402+0000] {logging_mixin.py:190} INFO - [2026-04-14T21:20:00.402+0000] {dag.py:3239} INFO - Sync 1 DAGs
[2026-04-14T21:20:00.411+0000] {logging_mixin.py:190} INFO - [2026-04-14T21:20:00.411+0000] {dag.py:4180} INFO - Setting next_dagrun for raw_from_api_to_s3 to 2026-04-14 00:00:00+00:00, run_after=2026-04-15 00:00:00+00:00
[2026-04-14T21:20:00.418+0000] {processor.py:208} INFO - Processing /opt/airflow/dags/raw_from_api_to_s3.py took 0.079 seconds
[2026-04-14T21:20:30.739+0000] {processor.py:186} INFO - Started process (PID=7273) to work on /opt/airflow/dags/raw_from_api_to_s3.py
[2026-04-14T21:20:30.740+0000] {processor.py:914} INFO - Processing file /opt/airflow/dags/raw_from_api_to_s3.py for tasks to queue
[2026-04-14T21:20:30.743+0000] {logging_mixin.py:190} INFO - [2026-04-14T21:20:30.742+0000] {dagbag.py:588} INFO - Filling up the DagBag from /opt/airflow/dags/raw_from_api_to_s3.py
[2026-04-14T21:20:30.792+0000] {processor.py:925} INFO - DAG(s) 'raw_from_api_to_s3' retrieved from /opt/airflow/dags/raw_from_api_to_s3.py
[2026-04-14T21:20:30.799+0000] {logging_mixin.py:190} INFO - [2026-04-14T21:20:30.799+0000] {dag.py:3239} INFO - Sync 1 DAGs
[2026-04-14T21:20:30.809+0000] {logging_mixin.py:190} INFO - [2026-04-14T21:20:30.809+0000] {dag.py:4180} INFO - Setting next_dagrun for raw_from_api_to_s3 to 2026-04-14 00:00:00+00:00, run_after=2026-04-15 00:00:00+00:00
[2026-04-14T21:20:30.817+0000] {processor.py:208} INFO - Processing /opt/airflow/dags/raw_from_api_to_s3.py took 0.084 seconds
[2026-04-14T21:21:01.106+0000] {processor.py:186} INFO - Started process (PID=7287) to work on /opt/airflow/dags/raw_from_api_to_s3.py
[2026-04-14T21:21:01.107+0000] {processor.py:914} INFO - Processing file /opt/airflow/dags/raw_from_api_to_s3.py for tasks to queue
[2026-04-14T21:21:01.111+0000] {logging_mixin.py:190} INFO - [2026-04-14T21:21:01.111+0000] {dagbag.py:588} INFO - Filling up the DagBag from /opt/airflow/dags/raw_from_api_to_s3.py
[2026-04-14T21:21:01.172+0000] {processor.py:925} INFO - DAG(s) 'raw_from_api_to_s3' retrieved from /opt/airflow/dags/raw_from_api_to_s3.py
[2026-04-14T21:21:01.180+0000] {logging_mixin.py:190} INFO - [2026-04-14T21:21:01.180+0000] {dag.py:3239} INFO - Sync 1 DAGs
[2026-04-14T21:21:01.191+0000] {logging_mixin.py:190} INFO - [2026-04-14T21:21:01.191+0000] {dag.py:4180} INFO - Setting next_dagrun for raw_from_api_to_s3 to 2026-04-14 00:00:00+00:00, run_after=2026-04-15 00:00:00+00:00
[2026-04-14T21:21:01.198+0000] {processor.py:208} INFO - Processing /opt/airflow/dags/raw_from_api_to_s3.py took 0.100 seconds
[2026-04-14T21:21:31.453+0000] {processor.py:186} INFO - Started process (PID=7301) to work on /opt/airflow/dags/raw_from_api_to_s3.py
[2026-04-14T21:21:31.454+0000] {processor.py:914} INFO - Processing file /opt/airflow/dags/raw_from_api_to_s3.py for tasks to queue
[2026-04-14T21:21:31.456+0000] {logging_mixin.py:190} INFO - [2026-04-14T21:21:31.456+0000] {dagbag.py:588} INFO - Filling up the DagBag from /opt/airflow/dags/raw_from_api_to_s3.py
[2026-04-14T21:21:31.504+0000] {processor.py:925} INFO - DAG(s) 'raw_from_api_to_s3' retrieved from /opt/airflow/dags/raw_from_api_to_s3.py
[2026-04-14T21:21:31.511+0000] {logging_mixin.py:190} INFO - [2026-04-14T21:21:31.510+0000] {dag.py:3239} INFO - Sync 1 DAGs
[2026-04-14T21:21:31.519+0000] {logging_mixin.py:190} INFO - [2026-04-14T21:21:31.519+0000] {dag.py:4180} INFO - Setting next_dagrun for raw_from_api_to_s3 to 2026-04-14 00:00:00+00:00, run_after=2026-04-15 00:00:00+00:00
[2026-04-14T21:21:31.525+0000] {processor.py:208} INFO - Processing /opt/airflow/dags/raw_from_api_to_s3.py took 0.079 seconds
[2026-04-14T21:22:01.850+0000] {processor.py:186} INFO - Started process (PID=7315) to work on /opt/airflow/dags/raw_from_api_to_s3.py
[2026-04-14T21:22:01.851+0000] {processor.py:914} INFO - Processing file /opt/airflow/dags/raw_from_api_to_s3.py for tasks to queue
[2026-04-14T21:22:01.854+0000] {logging_mixin.py:190} INFO - [2026-04-14T21:22:01.854+0000] {dagbag.py:588} INFO - Filling up the DagBag from /opt/airflow/dags/raw_from_api_to_s3.py
[2026-04-14T21:22:01.906+0000] {processor.py:925} INFO - DAG(s) 'raw_from_api_to_s3' retrieved from /opt/airflow/dags/raw_from_api_to_s3.py
[2026-04-14T21:22:01.913+0000] {logging_mixin.py:190} INFO - [2026-04-14T21:22:01.913+0000] {dag.py:3239} INFO - Sync 1 DAGs
[2026-04-14T21:22:01.922+0000] {logging_mixin.py:190} INFO - [2026-04-14T21:22:01.922+0000] {dag.py:4180} INFO - Setting next_dagrun for raw_from_api_to_s3 to 2026-04-14 00:00:00+00:00, run_after=2026-04-15 00:00:00+00:00
[2026-04-14T21:22:01.929+0000] {processor.py:208} INFO - Processing /opt/airflow/dags/raw_from_api_to_s3.py took 0.088 seconds
[2026-04-14T21:22:32.187+0000] {processor.py:186} INFO - Started process (PID=7329) to work on /opt/airflow/dags/raw_from_api_to_s3.py
[2026-04-14T21:22:32.188+0000] {processor.py:914} INFO - Processing file /opt/airflow/dags/raw_from_api_to_s3.py for tasks to queue
[2026-04-14T21:22:32.191+0000] {logging_mixin.py:190} INFO - [2026-04-14T21:22:32.191+0000] {dagbag.py:588} INFO - Filling up the DagBag from /opt/airflow/dags/raw_from_api_to_s3.py
[2026-04-14T21:22:32.237+0000] {processor.py:925} INFO - DAG(s) 'raw_from_api_to_s3' retrieved from /opt/airflow/dags/raw_from_api_to_s3.py
[2026-04-14T21:22:32.243+0000] {logging_mixin.py:190} INFO - [2026-04-14T21:22:32.243+0000] {dag.py:3239} INFO - Sync 1 DAGs
[2026-04-14T21:22:32.251+0000] {logging_mixin.py:190} INFO - [2026-04-14T21:22:32.251+0000] {dag.py:4180} INFO - Setting next_dagrun for raw_from_api_to_s3 to 2026-04-14 00:00:00+00:00, run_after=2026-04-15 00:00:00+00:00
[2026-04-14T21:22:32.258+0000] {processor.py:208} INFO - Processing /opt/airflow/dags/raw_from_api_to_s3.py took 0.078 seconds
[2026-04-14T21:23:02.474+0000] {processor.py:186} INFO - Started process (PID=7343) to work on /opt/airflow/dags/raw_from_api_to_s3.py
[2026-04-14T21:23:02.475+0000] {processor.py:914} INFO - Processing file /opt/airflow/dags/raw_from_api_to_s3.py for tasks to queue
[2026-04-14T21:23:02.478+0000] {logging_mixin.py:190} INFO - [2026-04-14T21:23:02.478+0000] {dagbag.py:588} INFO - Filling up the DagBag from /opt/airflow/dags/raw_from_api_to_s3.py
[2026-04-14T21:23:02.537+0000] {processor.py:925} INFO - DAG(s) 'raw_from_api_to_s3' retrieved from /opt/airflow/dags/raw_from_api_to_s3.py
[2026-04-14T21:23:02.545+0000] {logging_mixin.py:190} INFO - [2026-04-14T21:23:02.545+0000] {dag.py:3239} INFO - Sync 1 DAGs
[2026-04-14T21:23:02.555+0000] {logging_mixin.py:190} INFO - [2026-04-14T21:23:02.555+0000] {dag.py:4180} INFO - Setting next_dagrun for raw_from_api_to_s3 to 2026-04-14 00:00:00+00:00, run_after=2026-04-15 00:00:00+00:00
[2026-04-14T21:23:02.562+0000] {processor.py:208} INFO - Processing /opt/airflow/dags/raw_from_api_to_s3.py took 0.096 seconds
[2026-04-14T21:23:32.835+0000] {processor.py:186} INFO - Started process (PID=7357) to work on /opt/airflow/dags/raw_from_api_to_s3.py
[2026-04-14T21:23:32.836+0000] {processor.py:914} INFO - Processing file /opt/airflow/dags/raw_from_api_to_s3.py for tasks to queue
[2026-04-14T21:23:32.838+0000] {logging_mixin.py:190} INFO - [2026-04-14T21:23:32.838+0000] {dagbag.py:588} INFO - Filling up the DagBag from /opt/airflow/dags/raw_from_api_to_s3.py
[2026-04-14T21:23:32.887+0000] {processor.py:925} INFO - DAG(s) 'raw_from_api_to_s3' retrieved from /opt/airflow/dags/raw_from_api_to_s3.py
[2026-04-14T21:23:32.894+0000] {logging_mixin.py:190} INFO - [2026-04-14T21:23:32.894+0000] {dag.py:3239} INFO - Sync 1 DAGs
[2026-04-14T21:23:32.903+0000] {logging_mixin.py:190} INFO - [2026-04-14T21:23:32.903+0000] {dag.py:4180} INFO - Setting next_dagrun for raw_from_api_to_s3 to 2026-04-14 00:00:00+00:00, run_after=2026-04-15 00:00:00+00:00
[2026-04-14T21:23:32.910+0000] {processor.py:208} INFO - Processing /opt/airflow/dags/raw_from_api_to_s3.py took 0.081 seconds
[2026-04-14T21:24:03.238+0000] {processor.py:186} INFO - Started process (PID=7371) to work on /opt/airflow/dags/raw_from_api_to_s3.py
[2026-04-14T21:24:03.239+0000] {processor.py:914} INFO - Processing file /opt/airflow/dags/raw_from_api_to_s3.py for tasks to queue
[2026-04-14T21:24:03.243+0000] {logging_mixin.py:190} INFO - [2026-04-14T21:24:03.243+0000] {dagbag.py:588} INFO - Filling up the DagBag from /opt/airflow/dags/raw_from_api_to_s3.py
[2026-04-14T21:24:03.307+0000] {processor.py:925} INFO - DAG(s) 'raw_from_api_to_s3' retrieved from /opt/airflow/dags/raw_from_api_to_s3.py
[2026-04-14T21:24:03.314+0000] {logging_mixin.py:190} INFO - [2026-04-14T21:24:03.313+0000] {dag.py:3239} INFO - Sync 1 DAGs
[2026-04-14T21:24:03.323+0000] {logging_mixin.py:190} INFO - [2026-04-14T21:24:03.323+0000] {dag.py:4180} INFO - Setting next_dagrun for raw_from_api_to_s3 to 2026-04-14 00:00:00+00:00, run_after=2026-04-15 00:00:00+00:00
[2026-04-14T21:24:03.329+0000] {processor.py:208} INFO - Processing /opt/airflow/dags/raw_from_api_to_s3.py took 0.100 seconds
[2026-04-14T21:24:33.603+0000] {processor.py:186} INFO - Started process (PID=7385) to work on /opt/airflow/dags/raw_from_api_to_s3.py
[2026-04-14T21:24:33.604+0000] {processor.py:914} INFO - Processing file /opt/airflow/dags/raw_from_api_to_s3.py for tasks to queue
[2026-04-14T21:24:33.607+0000] {logging_mixin.py:190} INFO - [2026-04-14T21:24:33.606+0000] {dagbag.py:588} INFO - Filling up the DagBag from /opt/airflow/dags/raw_from_api_to_s3.py
[2026-04-14T21:24:33.666+0000] {processor.py:925} INFO - DAG(s) 'raw_from_api_to_s3' retrieved from /opt/airflow/dags/raw_from_api_to_s3.py
[2026-04-14T21:24:33.676+0000] {logging_mixin.py:190} INFO - [2026-04-14T21:24:33.676+0000] {dag.py:3239} INFO - Sync 1 DAGs
[2026-04-14T21:24:33.686+0000] {logging_mixin.py:190} INFO - [2026-04-14T21:24:33.686+0000] {dag.py:4180} INFO - Setting next_dagrun for raw_from_api_to_s3 to 2026-04-14 00:00:00+00:00, run_after=2026-04-15 00:00:00+00:00
[2026-04-14T21:24:33.693+0000] {processor.py:208} INFO - Processing /opt/airflow/dags/raw_from_api_to_s3.py took 0.097 seconds
[2026-04-14T21:25:04.039+0000] {processor.py:186} INFO - Started process (PID=7399) to work on /opt/airflow/dags/raw_from_api_to_s3.py
[2026-04-14T21:25:04.040+0000] {processor.py:914} INFO - Processing file /opt/airflow/dags/raw_from_api_to_s3.py for tasks to queue
[2026-04-14T21:25:04.043+0000] {logging_mixin.py:190} INFO - [2026-04-14T21:25:04.042+0000] {dagbag.py:588} INFO - Filling up the DagBag from /opt/airflow/dags/raw_from_api_to_s3.py
[2026-04-14T21:25:04.098+0000] {processor.py:925} INFO - DAG(s) 'raw_from_api_to_s3' retrieved from /opt/airflow/dags/raw_from_api_to_s3.py
[2026-04-14T21:25:04.105+0000] {logging_mixin.py:190} INFO - [2026-04-14T21:25:04.105+0000] {dag.py:3239} INFO - Sync 1 DAGs
[2026-04-14T21:25:04.115+0000] {logging_mixin.py:190} INFO - [2026-04-14T21:25:04.115+0000] {dag.py:4180} INFO - Setting next_dagrun for raw_from_api_to_s3 to 2026-04-14 00:00:00+00:00, run_after=2026-04-15 00:00:00+00:00
[2026-04-14T21:25:04.121+0000] {processor.py:208} INFO - Processing /opt/airflow/dags/raw_from_api_to_s3.py took 0.090 seconds
[2026-04-14T21:25:34.387+0000] {processor.py:186} INFO - Started process (PID=7413) to work on /opt/airflow/dags/raw_from_api_to_s3.py
[2026-04-14T21:25:34.388+0000] {processor.py:914} INFO - Processing file /opt/airflow/dags/raw_from_api_to_s3.py for tasks to queue
[2026-04-14T21:25:34.391+0000] {logging_mixin.py:190} INFO - [2026-04-14T21:25:34.391+0000] {dagbag.py:588} INFO - Filling up the DagBag from /opt/airflow/dags/raw_from_api_to_s3.py
[2026-04-14T21:25:34.447+0000] {processor.py:925} INFO - DAG(s) 'raw_from_api_to_s3' retrieved from /opt/airflow/dags/raw_from_api_to_s3.py
[2026-04-14T21:25:34.454+0000] {logging_mixin.py:190} INFO - [2026-04-14T21:25:34.453+0000] {dag.py:3239} INFO - Sync 1 DAGs
[2026-04-14T21:25:34.462+0000] {logging_mixin.py:190} INFO - [2026-04-14T21:25:34.462+0000] {dag.py:4180} INFO - Setting next_dagrun for raw_from_api_to_s3 to 2026-04-14 00:00:00+00:00, run_after=2026-04-15 00:00:00+00:00
[2026-04-14T21:25:34.469+0000] {processor.py:208} INFO - Processing /opt/airflow/dags/raw_from_api_to_s3.py took 0.090 seconds
[2026-04-14T21:26:04.830+0000] {processor.py:186} INFO - Started process (PID=7427) to work on /opt/airflow/dags/raw_from_api_to_s3.py
[2026-04-14T21:26:04.831+0000] {processor.py:914} INFO - Processing file /opt/airflow/dags/raw_from_api_to_s3.py for tasks to queue
[2026-04-14T21:26:04.833+0000] {logging_mixin.py:190} INFO - [2026-04-14T21:26:04.833+0000] {dagbag.py:588} INFO - Filling up the DagBag from /opt/airflow/dags/raw_from_api_to_s3.py
[2026-04-14T21:26:04.892+0000] {processor.py:925} INFO - DAG(s) 'raw_from_api_to_s3' retrieved from /opt/airflow/dags/raw_from_api_to_s3.py
[2026-04-14T21:26:04.901+0000] {logging_mixin.py:190} INFO - [2026-04-14T21:26:04.901+0000] {dag.py:3239} INFO - Sync 1 DAGs
[2026-04-14T21:26:04.913+0000] {logging_mixin.py:190} INFO - [2026-04-14T21:26:04.913+0000] {dag.py:4180} INFO - Setting next_dagrun for raw_from_api_to_s3 to 2026-04-14 00:00:00+00:00, run_after=2026-04-15 00:00:00+00:00
[2026-04-14T21:26:04.924+0000] {processor.py:208} INFO - Processing /opt/airflow/dags/raw_from_api_to_s3.py took 0.102 seconds
[2026-04-14T21:26:35.213+0000] {processor.py:186} INFO - Started process (PID=7441) to work on /opt/airflow/dags/raw_from_api_to_s3.py
[2026-04-14T21:26:35.214+0000] {processor.py:914} INFO - Processing file /opt/airflow/dags/raw_from_api_to_s3.py for tasks to queue
[2026-04-14T21:26:35.218+0000] {logging_mixin.py:190} INFO - [2026-04-14T21:26:35.217+0000] {dagbag.py:588} INFO - Filling up the DagBag from /opt/airflow/dags/raw_from_api_to_s3.py
[2026-04-14T21:26:35.274+0000] {processor.py:925} INFO - DAG(s) 'raw_from_api_to_s3' retrieved from /opt/airflow/dags/raw_from_api_to_s3.py
[2026-04-14T21:26:35.281+0000] {logging_mixin.py:190} INFO - [2026-04-14T21:26:35.281+0000] {dag.py:3239} INFO - Sync 1 DAGs
[2026-04-14T21:26:35.291+0000] {logging_mixin.py:190} INFO - [2026-04-14T21:26:35.291+0000] {dag.py:4180} INFO - Setting next_dagrun for raw_from_api_to_s3 to 2026-04-14 00:00:00+00:00, run_after=2026-04-15 00:00:00+00:00
[2026-04-14T21:26:35.297+0000] {processor.py:208} INFO - Processing /opt/airflow/dags/raw_from_api_to_s3.py took 0.093 seconds
[2026-04-14T21:27:05.560+0000] {processor.py:186} INFO - Started process (PID=7455) to work on /opt/airflow/dags/raw_from_api_to_s3.py
[2026-04-14T21:27:05.561+0000] {processor.py:914} INFO - Processing file /opt/airflow/dags/raw_from_api_to_s3.py for tasks to queue
[2026-04-14T21:27:05.563+0000] {logging_mixin.py:190} INFO - [2026-04-14T21:27:05.563+0000] {dagbag.py:588} INFO - Filling up the DagBag from /opt/airflow/dags/raw_from_api_to_s3.py
[2026-04-14T21:27:05.613+0000] {processor.py:925} INFO - DAG(s) 'raw_from_api_to_s3' retrieved from /opt/airflow/dags/raw_from_api_to_s3.py
[2026-04-14T21:27:05.620+0000] {logging_mixin.py:190} INFO - [2026-04-14T21:27:05.620+0000] {dag.py:3239} INFO - Sync 1 DAGs
[2026-04-14T21:27:05.630+0000] {logging_mixin.py:190} INFO - [2026-04-14T21:27:05.630+0000] {dag.py:4180} INFO - Setting next_dagrun for raw_from_api_to_s3 to 2026-04-14 00:00:00+00:00, run_after=2026-04-15 00:00:00+00:00
[2026-04-14T21:27:05.636+0000] {processor.py:208} INFO - Processing /opt/airflow/dags/raw_from_api_to_s3.py took 0.083 seconds
[2026-04-14T21:27:35.835+0000] {processor.py:186} INFO - Started process (PID=7469) to work on /opt/airflow/dags/raw_from_api_to_s3.py
[2026-04-14T21:27:35.836+0000] {processor.py:914} INFO - Processing file /opt/airflow/dags/raw_from_api_to_s3.py for tasks to queue
[2026-04-14T21:27:35.839+0000] {logging_mixin.py:190} INFO - [2026-04-14T21:27:35.838+0000] {dagbag.py:588} INFO - Filling up the DagBag from /opt/airflow/dags/raw_from_api_to_s3.py
[2026-04-14T21:27:35.886+0000] {processor.py:925} INFO - DAG(s) 'raw_from_api_to_s3' retrieved from /opt/airflow/dags/raw_from_api_to_s3.py
[2026-04-14T21:27:35.894+0000] {logging_mixin.py:190} INFO - [2026-04-14T21:27:35.894+0000] {dag.py:3239} INFO - Sync 1 DAGs
[2026-04-14T21:27:35.904+0000] {logging_mixin.py:190} INFO - [2026-04-14T21:27:35.904+0000] {dag.py:4180} INFO - Setting next_dagrun for raw_from_api_to_s3 to 2026-04-14 00:00:00+00:00, run_after=2026-04-15 00:00:00+00:00
[2026-04-14T21:27:35.911+0000] {processor.py:208} INFO - Processing /opt/airflow/dags/raw_from_api_to_s3.py took 0.082 seconds
[2026-04-14T21:28:06.150+0000] {processor.py:186} INFO - Started process (PID=7483) to work on /opt/airflow/dags/raw_from_api_to_s3.py
[2026-04-14T21:28:06.150+0000] {processor.py:914} INFO - Processing file /opt/airflow/dags/raw_from_api_to_s3.py for tasks to queue
[2026-04-14T21:28:06.151+0000] {logging_mixin.py:190} INFO - [2026-04-14T21:28:06.151+0000] {dagbag.py:588} INFO - Filling up the DagBag from /opt/airflow/dags/raw_from_api_to_s3.py
[2026-04-14T21:28:06.184+0000] {processor.py:925} INFO - DAG(s) 'raw_from_api_to_s3' retrieved from /opt/airflow/dags/raw_from_api_to_s3.py
[2026-04-14T21:28:06.190+0000] {logging_mixin.py:190} INFO - [2026-04-14T21:28:06.190+0000] {dag.py:3239} INFO - Sync 1 DAGs
[2026-04-14T21:28:06.198+0000] {logging_mixin.py:190} INFO - [2026-04-14T21:28:06.198+0000] {dag.py:4180} INFO - Setting next_dagrun for raw_from_api_to_s3 to 2026-04-14 00:00:00+00:00, run_after=2026-04-15 00:00:00+00:00
[2026-04-14T21:28:06.204+0000] {processor.py:208} INFO - Processing /opt/airflow/dags/raw_from_api_to_s3.py took 0.057 seconds
[2026-04-14T21:28:36.513+0000] {processor.py:186} INFO - Started process (PID=7497) to work on /opt/airflow/dags/raw_from_api_to_s3.py
[2026-04-14T21:28:36.514+0000] {processor.py:914} INFO - Processing file /opt/airflow/dags/raw_from_api_to_s3.py for tasks to queue
[2026-04-14T21:28:36.516+0000] {logging_mixin.py:190} INFO - [2026-04-14T21:28:36.516+0000] {dagbag.py:588} INFO - Filling up the DagBag from /opt/airflow/dags/raw_from_api_to_s3.py
[2026-04-14T21:28:36.564+0000] {processor.py:925} INFO - DAG(s) 'raw_from_api_to_s3' retrieved from /opt/airflow/dags/raw_from_api_to_s3.py
[2026-04-14T21:28:36.571+0000] {logging_mixin.py:190} INFO - [2026-04-14T21:28:36.571+0000] {dag.py:3239} INFO - Sync 1 DAGs
[2026-04-14T21:28:36.580+0000] {logging_mixin.py:190} INFO - [2026-04-14T21:28:36.580+0000] {dag.py:4180} INFO - Setting next_dagrun for raw_from_api_to_s3 to 2026-04-14 00:00:00+00:00, run_after=2026-04-15 00:00:00+00:00
[2026-04-14T21:28:36.586+0000] {processor.py:208} INFO - Processing /opt/airflow/dags/raw_from_api_to_s3.py took 0.080 seconds
[2026-04-14T21:29:06.895+0000] {processor.py:186} INFO - Started process (PID=7511) to work on /opt/airflow/dags/raw_from_api_to_s3.py
[2026-04-14T21:29:06.895+0000] {processor.py:914} INFO - Processing file /opt/airflow/dags/raw_from_api_to_s3.py for tasks to queue
[2026-04-14T21:29:06.898+0000] {logging_mixin.py:190} INFO - [2026-04-14T21:29:06.898+0000] {dagbag.py:588} INFO - Filling up the DagBag from /opt/airflow/dags/raw_from_api_to_s3.py
[2026-04-14T21:29:06.945+0000] {processor.py:925} INFO - DAG(s) 'raw_from_api_to_s3' retrieved from /opt/airflow/dags/raw_from_api_to_s3.py
[2026-04-14T21:29:06.952+0000] {logging_mixin.py:190} INFO - [2026-04-14T21:29:06.952+0000] {dag.py:3239} INFO - Sync 1 DAGs
[2026-04-14T21:29:06.961+0000] {logging_mixin.py:190} INFO - [2026-04-14T21:29:06.961+0000] {dag.py:4180} INFO - Setting next_dagrun for raw_from_api_to_s3 to 2026-04-14 00:00:00+00:00, run_after=2026-04-15 00:00:00+00:00
[2026-04-14T21:29:06.967+0000] {processor.py:208} INFO - Processing /opt/airflow/dags/raw_from_api_to_s3.py took 0.079 seconds
[2026-04-14T21:29:37.230+0000] {processor.py:186} INFO - Started process (PID=7525) to work on /opt/airflow/dags/raw_from_api_to_s3.py
[2026-04-14T21:29:37.230+0000] {processor.py:914} INFO - Processing file /opt/airflow/dags/raw_from_api_to_s3.py for tasks to queue
[2026-04-14T21:29:37.232+0000] {logging_mixin.py:190} INFO - [2026-04-14T21:29:37.232+0000] {dagbag.py:588} INFO - Filling up the DagBag from /opt/airflow/dags/raw_from_api_to_s3.py
[2026-04-14T21:29:37.266+0000] {processor.py:925} INFO - DAG(s) 'raw_from_api_to_s3' retrieved from /opt/airflow/dags/raw_from_api_to_s3.py
[2026-04-14T21:29:37.272+0000] {logging_mixin.py:190} INFO - [2026-04-14T21:29:37.272+0000] {dag.py:3239} INFO - Sync 1 DAGs
[2026-04-14T21:29:37.281+0000] {logging_mixin.py:190} INFO - [2026-04-14T21:29:37.281+0000] {dag.py:4180} INFO - Setting next_dagrun for raw_from_api_to_s3 to 2026-04-14 00:00:00+00:00, run_after=2026-04-15 00:00:00+00:00
[2026-04-14T21:29:37.287+0000] {processor.py:208} INFO - Processing /opt/airflow/dags/raw_from_api_to_s3.py took 0.060 seconds
[2026-04-14T21:30:07.586+0000] {processor.py:186} INFO - Started process (PID=7539) to work on /opt/airflow/dags/raw_from_api_to_s3.py
[2026-04-14T21:30:07.586+0000] {processor.py:914} INFO - Processing file /opt/airflow/dags/raw_from_api_to_s3.py for tasks to queue
[2026-04-14T21:30:07.588+0000] {logging_mixin.py:190} INFO - [2026-04-14T21:30:07.587+0000] {dagbag.py:588} INFO - Filling up the DagBag from /opt/airflow/dags/raw_from_api_to_s3.py
[2026-04-14T21:30:07.625+0000] {processor.py:925} INFO - DAG(s) 'raw_from_api_to_s3' retrieved from /opt/airflow/dags/raw_from_api_to_s3.py
[2026-04-14T21:30:07.631+0000] {logging_mixin.py:190} INFO - [2026-04-14T21:30:07.631+0000] {dag.py:3239} INFO - Sync 1 DAGs
[2026-04-14T21:30:07.640+0000] {logging_mixin.py:190} INFO - [2026-04-14T21:30:07.640+0000] {dag.py:4180} INFO - Setting next_dagrun for raw_from_api_to_s3 to 2026-04-14 00:00:00+00:00, run_after=2026-04-15 00:00:00+00:00
[2026-04-14T21:30:07.646+0000] {processor.py:208} INFO - Processing /opt/airflow/dags/raw_from_api_to_s3.py took 0.064 seconds
[2026-04-14T21:30:37.901+0000] {processor.py:186} INFO - Started process (PID=7554) to work on /opt/airflow/dags/raw_from_api_to_s3.py
[2026-04-14T21:30:37.902+0000] {processor.py:914} INFO - Processing file /opt/airflow/dags/raw_from_api_to_s3.py for tasks to queue
[2026-04-14T21:30:37.903+0000] {logging_mixin.py:190} INFO - [2026-04-14T21:30:37.903+0000] {dagbag.py:588} INFO - Filling up the DagBag from /opt/airflow/dags/raw_from_api_to_s3.py
[2026-04-14T21:30:37.935+0000] {processor.py:925} INFO - DAG(s) 'raw_from_api_to_s3' retrieved from /opt/airflow/dags/raw_from_api_to_s3.py
[2026-04-14T21:30:37.941+0000] {logging_mixin.py:190} INFO - [2026-04-14T21:30:37.941+0000] {dag.py:3239} INFO - Sync 1 DAGs
[2026-04-14T21:30:37.949+0000] {logging_mixin.py:190} INFO - [2026-04-14T21:30:37.949+0000] {dag.py:4180} INFO - Setting next_dagrun for raw_from_api_to_s3 to 2026-04-14 00:00:00+00:00, run_after=2026-04-15 00:00:00+00:00
[2026-04-14T21:30:37.956+0000] {processor.py:208} INFO - Processing /opt/airflow/dags/raw_from_api_to_s3.py took 0.057 seconds
[2026-04-14T21:31:08.288+0000] {processor.py:186} INFO - Started process (PID=7568) to work on /opt/airflow/dags/raw_from_api_to_s3.py
[2026-04-14T21:31:08.289+0000] {processor.py:914} INFO - Processing file /opt/airflow/dags/raw_from_api_to_s3.py for tasks to queue
[2026-04-14T21:31:08.293+0000] {logging_mixin.py:190} INFO - [2026-04-14T21:31:08.292+0000] {dagbag.py:588} INFO - Filling up the DagBag from /opt/airflow/dags/raw_from_api_to_s3.py
[2026-04-14T21:31:08.350+0000] {processor.py:925} INFO - DAG(s) 'raw_from_api_to_s3' retrieved from /opt/airflow/dags/raw_from_api_to_s3.py
[2026-04-14T21:31:08.357+0000] {logging_mixin.py:190} INFO - [2026-04-14T21:31:08.357+0000] {dag.py:3239} INFO - Sync 1 DAGs
[2026-04-14T21:31:08.366+0000] {logging_mixin.py:190} INFO - [2026-04-14T21:31:08.366+0000] {dag.py:4180} INFO - Setting next_dagrun for raw_from_api_to_s3 to 2026-04-14 00:00:00+00:00, run_after=2026-04-15 00:00:00+00:00
[2026-04-14T21:31:08.373+0000] {processor.py:208} INFO - Processing /opt/airflow/dags/raw_from_api_to_s3.py took 0.092 seconds
[2026-04-14T21:31:38.689+0000] {processor.py:186} INFO - Started process (PID=7582) to work on /opt/airflow/dags/raw_from_api_to_s3.py
[2026-04-14T21:31:38.690+0000] {processor.py:914} INFO - Processing file /opt/airflow/dags/raw_from_api_to_s3.py for tasks to queue
[2026-04-14T21:31:38.693+0000] {logging_mixin.py:190} INFO - [2026-04-14T21:31:38.693+0000] {dagbag.py:588} INFO - Filling up the DagBag from /opt/airflow/dags/raw_from_api_to_s3.py
[2026-04-14T21:31:38.748+0000] {processor.py:925} INFO - DAG(s) 'raw_from_api_to_s3' retrieved from /opt/airflow/dags/raw_from_api_to_s3.py
[2026-04-14T21:31:38.756+0000] {logging_mixin.py:190} INFO - [2026-04-14T21:31:38.756+0000] {dag.py:3239} INFO - Sync 1 DAGs
[2026-04-14T21:31:38.767+0000] {logging_mixin.py:190} INFO - [2026-04-14T21:31:38.767+0000] {dag.py:4180} INFO - Setting next_dagrun for raw_from_api_to_s3 to 2026-04-14 00:00:00+00:00, run_after=2026-04-15 00:00:00+00:00
[2026-04-14T21:31:38.774+0000] {processor.py:208} INFO - Processing /opt/airflow/dags/raw_from_api_to_s3.py took 0.091 seconds
[2026-04-14T21:32:09.044+0000] {processor.py:186} INFO - Started process (PID=7596) to work on /opt/airflow/dags/raw_from_api_to_s3.py
[2026-04-14T21:32:09.044+0000] {processor.py:914} INFO - Processing file /opt/airflow/dags/raw_from_api_to_s3.py for tasks to queue
[2026-04-14T21:32:09.047+0000] {logging_mixin.py:190} INFO - [2026-04-14T21:32:09.047+0000] {dagbag.py:588} INFO - Filling up the DagBag from /opt/airflow/dags/raw_from_api_to_s3.py
[2026-04-14T21:32:09.093+0000] {processor.py:925} INFO - DAG(s) 'raw_from_api_to_s3' retrieved from /opt/airflow/dags/raw_from_api_to_s3.py
[2026-04-14T21:32:09.100+0000] {logging_mixin.py:190} INFO - [2026-04-14T21:32:09.100+0000] {dag.py:3239} INFO - Sync 1 DAGs
[2026-04-14T21:32:09.109+0000] {logging_mixin.py:190} INFO - [2026-04-14T21:32:09.109+0000] {dag.py:4180} INFO - Setting next_dagrun for raw_from_api_to_s3 to 2026-04-14 00:00:00+00:00, run_after=2026-04-15 00:00:00+00:00
[2026-04-14T21:32:09.115+0000] {processor.py:208} INFO - Processing /opt/airflow/dags/raw_from_api_to_s3.py took 0.078 seconds
[2026-04-14T21:32:39.377+0000] {processor.py:186} INFO - Started process (PID=7610) to work on /opt/airflow/dags/raw_from_api_to_s3.py
[2026-04-14T21:32:39.378+0000] {processor.py:914} INFO - Processing file /opt/airflow/dags/raw_from_api_to_s3.py for tasks to queue
[2026-04-14T21:32:39.382+0000] {logging_mixin.py:190} INFO - [2026-04-14T21:32:39.381+0000] {dagbag.py:588} INFO - Filling up the DagBag from /opt/airflow/dags/raw_from_api_to_s3.py
[2026-04-14T21:32:39.439+0000] {processor.py:925} INFO - DAG(s) 'raw_from_api_to_s3' retrieved from /opt/airflow/dags/raw_from_api_to_s3.py
[2026-04-14T21:32:39.449+0000] {logging_mixin.py:190} INFO - [2026-04-14T21:32:39.449+0000] {dag.py:3239} INFO - Sync 1 DAGs
[2026-04-14T21:32:39.459+0000] {logging_mixin.py:190} INFO - [2026-04-14T21:32:39.459+0000] {dag.py:4180} INFO - Setting next_dagrun for raw_from_api_to_s3 to 2026-04-14 00:00:00+00:00, run_after=2026-04-15 00:00:00+00:00
[2026-04-14T21:32:39.466+0000] {processor.py:208} INFO - Processing /opt/airflow/dags/raw_from_api_to_s3.py took 0.096 seconds
[2026-04-14T21:33:09.656+0000] {processor.py:186} INFO - Started process (PID=7624) to work on /opt/airflow/dags/raw_from_api_to_s3.py
[2026-04-14T21:33:09.657+0000] {processor.py:914} INFO - Processing file /opt/airflow/dags/raw_from_api_to_s3.py for tasks to queue
[2026-04-14T21:33:09.660+0000] {logging_mixin.py:190} INFO - [2026-04-14T21:33:09.660+0000] {dagbag.py:588} INFO - Filling up the DagBag from /opt/airflow/dags/raw_from_api_to_s3.py
[2026-04-14T21:33:09.713+0000] {processor.py:925} INFO - DAG(s) 'raw_from_api_to_s3' retrieved from /opt/airflow/dags/raw_from_api_to_s3.py
[2026-04-14T21:33:09.720+0000] {logging_mixin.py:190} INFO - [2026-04-14T21:33:09.720+0000] {dag.py:3239} INFO - Sync 1 DAGs
[2026-04-14T21:33:09.729+0000] {logging_mixin.py:190} INFO - [2026-04-14T21:33:09.729+0000] {dag.py:4180} INFO - Setting next_dagrun for raw_from_api_to_s3 to 2026-04-14 00:00:00+00:00, run_after=2026-04-15 00:00:00+00:00
[2026-04-14T21:33:09.735+0000] {processor.py:208} INFO - Processing /opt/airflow/dags/raw_from_api_to_s3.py took 0.087 seconds
[2026-04-14T21:33:39.959+0000] {processor.py:186} INFO - Started process (PID=7638) to work on /opt/airflow/dags/raw_from_api_to_s3.py
[2026-04-14T21:33:39.960+0000] {processor.py:914} INFO - Processing file /opt/airflow/dags/raw_from_api_to_s3.py for tasks to queue
[2026-04-14T21:33:39.962+0000] {logging_mixin.py:190} INFO - [2026-04-14T21:33:39.962+0000] {dagbag.py:588} INFO - Filling up the DagBag from /opt/airflow/dags/raw_from_api_to_s3.py
[2026-04-14T21:33:40.021+0000] {processor.py:925} INFO - DAG(s) 'raw_from_api_to_s3' retrieved from /opt/airflow/dags/raw_from_api_to_s3.py
[2026-04-14T21:33:40.027+0000] {logging_mixin.py:190} INFO - [2026-04-14T21:33:40.027+0000] {dag.py:3239} INFO - Sync 1 DAGs
[2026-04-14T21:33:40.036+0000] {logging_mixin.py:190} INFO - [2026-04-14T21:33:40.036+0000] {dag.py:4180} INFO - Setting next_dagrun for raw_from_api_to_s3 to 2026-04-14 00:00:00+00:00, run_after=2026-04-15 00:00:00+00:00
[2026-04-14T21:33:40.042+0000] {processor.py:208} INFO - Processing /opt/airflow/dags/raw_from_api_to_s3.py took 0.091 seconds
[2026-04-14T21:34:10.364+0000] {processor.py:186} INFO - Started process (PID=7652) to work on /opt/airflow/dags/raw_from_api_to_s3.py
[2026-04-14T21:34:10.365+0000] {processor.py:914} INFO - Processing file /opt/airflow/dags/raw_from_api_to_s3.py for tasks to queue
[2026-04-14T21:34:10.368+0000] {logging_mixin.py:190} INFO - [2026-04-14T21:34:10.367+0000] {dagbag.py:588} INFO - Filling up the DagBag from /opt/airflow/dags/raw_from_api_to_s3.py
[2026-04-14T21:34:10.421+0000] {processor.py:925} INFO - DAG(s) 'raw_from_api_to_s3' retrieved from /opt/airflow/dags/raw_from_api_to_s3.py
[2026-04-14T21:34:10.429+0000] {logging_mixin.py:190} INFO - [2026-04-14T21:34:10.429+0000] {dag.py:3239} INFO - Sync 1 DAGs
[2026-04-14T21:34:10.439+0000] {logging_mixin.py:190} INFO - [2026-04-14T21:34:10.439+0000] {dag.py:4180} INFO - Setting next_dagrun for raw_from_api_to_s3 to 2026-04-14 00:00:00+00:00, run_after=2026-04-15 00:00:00+00:00
[2026-04-14T21:34:10.446+0000] {processor.py:208} INFO - Processing /opt/airflow/dags/raw_from_api_to_s3.py took 0.089 seconds
[2026-04-14T21:34:40.716+0000] {processor.py:186} INFO - Started process (PID=7666) to work on /opt/airflow/dags/raw_from_api_to_s3.py
[2026-04-14T21:34:40.717+0000] {processor.py:914} INFO - Processing file /opt/airflow/dags/raw_from_api_to_s3.py for tasks to queue
[2026-04-14T21:34:40.720+0000] {logging_mixin.py:190} INFO - [2026-04-14T21:34:40.720+0000] {dagbag.py:588} INFO - Filling up the DagBag from /opt/airflow/dags/raw_from_api_to_s3.py
[2026-04-14T21:34:40.769+0000] {processor.py:925} INFO - DAG(s) 'raw_from_api_to_s3' retrieved from /opt/airflow/dags/raw_from_api_to_s3.py
[2026-04-14T21:34:40.776+0000] {logging_mixin.py:190} INFO - [2026-04-14T21:34:40.775+0000] {dag.py:3239} INFO - Sync 1 DAGs
[2026-04-14T21:34:40.785+0000] {logging_mixin.py:190} INFO - [2026-04-14T21:34:40.785+0000] {dag.py:4180} INFO - Setting next_dagrun for raw_from_api_to_s3 to 2026-04-14 00:00:00+00:00, run_after=2026-04-15 00:00:00+00:00
[2026-04-14T21:34:40.791+0000] {processor.py:208} INFO - Processing /opt/airflow/dags/raw_from_api_to_s3.py took 0.082 seconds
[2026-04-14T21:35:11.099+0000] {processor.py:186} INFO - Started process (PID=7680) to work on /opt/airflow/dags/raw_from_api_to_s3.py
[2026-04-14T21:35:11.100+0000] {processor.py:914} INFO - Processing file /opt/airflow/dags/raw_from_api_to_s3.py for tasks to queue
[2026-04-14T21:35:11.103+0000] {logging_mixin.py:190} INFO - [2026-04-14T21:35:11.103+0000] {dagbag.py:588} INFO - Filling up the DagBag from /opt/airflow/dags/raw_from_api_to_s3.py
[2026-04-14T21:35:11.151+0000] {processor.py:925} INFO - DAG(s) 'raw_from_api_to_s3' retrieved from /opt/airflow/dags/raw_from_api_to_s3.py
[2026-04-14T21:35:11.158+0000] {logging_mixin.py:190} INFO - [2026-04-14T21:35:11.158+0000] {dag.py:3239} INFO - Sync 1 DAGs
[2026-04-14T21:35:11.167+0000] {logging_mixin.py:190} INFO - [2026-04-14T21:35:11.167+0000] {dag.py:4180} INFO - Setting next_dagrun for raw_from_api_to_s3 to 2026-04-14 00:00:00+00:00, run_after=2026-04-15 00:00:00+00:00
[2026-04-14T21:35:11.173+0000] {processor.py:208} INFO - Processing /opt/airflow/dags/raw_from_api_to_s3.py took 0.081 seconds
[2026-04-14T21:35:41.477+0000] {processor.py:186} INFO - Started process (PID=7694) to work on /opt/airflow/dags/raw_from_api_to_s3.py
[2026-04-14T21:35:41.478+0000] {processor.py:914} INFO - Processing file /opt/airflow/dags/raw_from_api_to_s3.py for tasks to queue
[2026-04-14T21:35:41.480+0000] {logging_mixin.py:190} INFO - [2026-04-14T21:35:41.480+0000] {dagbag.py:588} INFO - Filling up the DagBag from /opt/airflow/dags/raw_from_api_to_s3.py
[2026-04-14T21:35:41.532+0000] {processor.py:925} INFO - DAG(s) 'raw_from_api_to_s3' retrieved from /opt/airflow/dags/raw_from_api_to_s3.py
[2026-04-14T21:35:41.539+0000] {logging_mixin.py:190} INFO - [2026-04-14T21:35:41.539+0000] {dag.py:3239} INFO - Sync 1 DAGs
[2026-04-14T21:35:41.549+0000] {logging_mixin.py:190} INFO - [2026-04-14T21:35:41.549+0000] {dag.py:4180} INFO - Setting next_dagrun for raw_from_api_to_s3 to 2026-04-14 00:00:00+00:00, run_after=2026-04-15 00:00:00+00:00
[2026-04-14T21:35:41.555+0000] {processor.py:208} INFO - Processing /opt/airflow/dags/raw_from_api_to_s3.py took 0.085 seconds
[2026-04-14T21:36:11.803+0000] {processor.py:186} INFO - Started process (PID=7708) to work on /opt/airflow/dags/raw_from_api_to_s3.py
[2026-04-14T21:36:11.804+0000] {processor.py:914} INFO - Processing file /opt/airflow/dags/raw_from_api_to_s3.py for tasks to queue
[2026-04-14T21:36:11.807+0000] {logging_mixin.py:190} INFO - [2026-04-14T21:36:11.806+0000] {dagbag.py:588} INFO - Filling up the DagBag from /opt/airflow/dags/raw_from_api_to_s3.py
[2026-04-14T21:36:11.857+0000] {processor.py:925} INFO - DAG(s) 'raw_from_api_to_s3' retrieved from /opt/airflow/dags/raw_from_api_to_s3.py
[2026-04-14T21:36:11.864+0000] {logging_mixin.py:190} INFO - [2026-04-14T21:36:11.863+0000] {dag.py:3239} INFO - Sync 1 DAGs
[2026-04-14T21:36:11.872+0000] {logging_mixin.py:190} INFO - [2026-04-14T21:36:11.872+0000] {dag.py:4180} INFO - Setting next_dagrun for raw_from_api_to_s3 to 2026-04-14 00:00:00+00:00, run_after=2026-04-15 00:00:00+00:00
[2026-04-14T21:36:11.879+0000] {processor.py:208} INFO - Processing /opt/airflow/dags/raw_from_api_to_s3.py took 0.083 seconds
[2026-04-14T21:36:42.190+0000] {processor.py:186} INFO - Started process (PID=7728) to work on /opt/airflow/dags/raw_from_api_to_s3.py
[2026-04-14T21:36:42.191+0000] {processor.py:914} INFO - Processing file /opt/airflow/dags/raw_from_api_to_s3.py for tasks to queue
[2026-04-14T21:36:42.195+0000] {logging_mixin.py:190} INFO - [2026-04-14T21:36:42.194+0000] {dagbag.py:588} INFO - Filling up the DagBag from /opt/airflow/dags/raw_from_api_to_s3.py
[2026-04-14T21:36:42.252+0000] {processor.py:925} INFO - DAG(s) 'raw_from_api_to_s3' retrieved from /opt/airflow/dags/raw_from_api_to_s3.py
[2026-04-14T21:36:42.259+0000] {logging_mixin.py:190} INFO - [2026-04-14T21:36:42.259+0000] {dag.py:3239} INFO - Sync 1 DAGs
[2026-04-14T21:36:42.268+0000] {logging_mixin.py:190} INFO - [2026-04-14T21:36:42.268+0000] {dag.py:4180} INFO - Setting next_dagrun for raw_from_api_to_s3 to 2026-04-14 00:00:00+00:00, run_after=2026-04-15 00:00:00+00:00
[2026-04-14T21:36:42.274+0000] {processor.py:208} INFO - Processing /opt/airflow/dags/raw_from_api_to_s3.py took 0.092 seconds
[2026-04-14T21:37:12.526+0000] {processor.py:186} INFO - Started process (PID=7742) to work on /opt/airflow/dags/raw_from_api_to_s3.py
[2026-04-14T21:37:12.527+0000] {processor.py:914} INFO - Processing file /opt/airflow/dags/raw_from_api_to_s3.py for tasks to queue
[2026-04-14T21:37:12.529+0000] {logging_mixin.py:190} INFO - [2026-04-14T21:37:12.529+0000] {dagbag.py:588} INFO - Filling up the DagBag from /opt/airflow/dags/raw_from_api_to_s3.py
[2026-04-14T21:37:12.577+0000] {processor.py:925} INFO - DAG(s) 'raw_from_api_to_s3' retrieved from /opt/airflow/dags/raw_from_api_to_s3.py
[2026-04-14T21:37:12.584+0000] {logging_mixin.py:190} INFO - [2026-04-14T21:37:12.584+0000] {dag.py:3239} INFO - Sync 1 DAGs
[2026-04-14T21:37:12.593+0000] {logging_mixin.py:190} INFO - [2026-04-14T21:37:12.593+0000] {dag.py:4180} INFO - Setting next_dagrun for raw_from_api_to_s3 to 2026-04-14 00:00:00+00:00, run_after=2026-04-15 00:00:00+00:00
[2026-04-14T21:37:12.599+0000] {processor.py:208} INFO - Processing /opt/airflow/dags/raw_from_api_to_s3.py took 0.080 seconds
[2026-04-14T21:37:42.918+0000] {processor.py:186} INFO - Started process (PID=7756) to work on /opt/airflow/dags/raw_from_api_to_s3.py
[2026-04-14T21:37:42.919+0000] {processor.py:914} INFO - Processing file /opt/airflow/dags/raw_from_api_to_s3.py for tasks to queue
[2026-04-14T21:37:42.920+0000] {logging_mixin.py:190} INFO - [2026-04-14T21:37:42.920+0000] {dagbag.py:588} INFO - Filling up the DagBag from /opt/airflow/dags/raw_from_api_to_s3.py
[2026-04-14T21:37:42.971+0000] {processor.py:925} INFO - DAG(s) 'raw_from_api_to_s3' retrieved from /opt/airflow/dags/raw_from_api_to_s3.py
[2026-04-14T21:37:42.980+0000] {logging_mixin.py:190} INFO - [2026-04-14T21:37:42.980+0000] {dag.py:3239} INFO - Sync 1 DAGs
[2026-04-14T21:37:42.992+0000] {logging_mixin.py:190} INFO - [2026-04-14T21:37:42.992+0000] {dag.py:4180} INFO - Setting next_dagrun for raw_from_api_to_s3 to 2026-04-14 00:00:00+00:00, run_after=2026-04-15 00:00:00+00:00
[2026-04-14T21:37:42.999+0000] {processor.py:208} INFO - Processing /opt/airflow/dags/raw_from_api_to_s3.py took 0.087 seconds
[2026-04-14T21:38:13.252+0000] {processor.py:186} INFO - Started process (PID=7770) to work on /opt/airflow/dags/raw_from_api_to_s3.py
[2026-04-14T21:38:13.254+0000] {processor.py:914} INFO - Processing file /opt/airflow/dags/raw_from_api_to_s3.py for tasks to queue
[2026-04-14T21:38:13.257+0000] {logging_mixin.py:190} INFO - [2026-04-14T21:38:13.256+0000] {dagbag.py:588} INFO - Filling up the DagBag from /opt/airflow/dags/raw_from_api_to_s3.py
[2026-04-14T21:38:13.309+0000] {processor.py:925} INFO - DAG(s) 'raw_from_api_to_s3' retrieved from /opt/airflow/dags/raw_from_api_to_s3.py
[2026-04-14T21:38:13.316+0000] {logging_mixin.py:190} INFO - [2026-04-14T21:38:13.316+0000] {dag.py:3239} INFO - Sync 1 DAGs
[2026-04-14T21:38:13.326+0000] {logging_mixin.py:190} INFO - [2026-04-14T21:38:13.326+0000] {dag.py:4180} INFO - Setting next_dagrun for raw_from_api_to_s3 to 2026-04-14 00:00:00+00:00, run_after=2026-04-15 00:00:00+00:00
[2026-04-14T21:38:13.332+0000] {processor.py:208} INFO - Processing /opt/airflow/dags/raw_from_api_to_s3.py took 0.088 seconds
[2026-04-14T21:38:43.521+0000] {processor.py:186} INFO - Started process (PID=7784) to work on /opt/airflow/dags/raw_from_api_to_s3.py
[2026-04-14T21:38:43.522+0000] {processor.py:914} INFO - Processing file /opt/airflow/dags/raw_from_api_to_s3.py for tasks to queue
[2026-04-14T21:38:43.525+0000] {logging_mixin.py:190} INFO - [2026-04-14T21:38:43.524+0000] {dagbag.py:588} INFO - Filling up the DagBag from /opt/airflow/dags/raw_from_api_to_s3.py
[2026-04-14T21:38:43.570+0000] {processor.py:925} INFO - DAG(s) 'raw_from_api_to_s3' retrieved from /opt/airflow/dags/raw_from_api_to_s3.py
[2026-04-14T21:38:43.576+0000] {logging_mixin.py:190} INFO - [2026-04-14T21:38:43.576+0000] {dag.py:3239} INFO - Sync 1 DAGs
[2026-04-14T21:38:43.584+0000] {logging_mixin.py:190} INFO - [2026-04-14T21:38:43.584+0000] {dag.py:4180} INFO - Setting next_dagrun for raw_from_api_to_s3 to 2026-04-14 00:00:00+00:00, run_after=2026-04-15 00:00:00+00:00
[2026-04-14T21:38:43.591+0000] {processor.py:208} INFO - Processing /opt/airflow/dags/raw_from_api_to_s3.py took 0.077 seconds
[2026-04-14T21:39:13.834+0000] {processor.py:186} INFO - Started process (PID=7798) to work on /opt/airflow/dags/raw_from_api_to_s3.py
[2026-04-14T21:39:13.835+0000] {processor.py:914} INFO - Processing file /opt/airflow/dags/raw_from_api_to_s3.py for tasks to queue
[2026-04-14T21:39:13.838+0000] {logging_mixin.py:190} INFO - [2026-04-14T21:39:13.838+0000] {dagbag.py:588} INFO - Filling up the DagBag from /opt/airflow/dags/raw_from_api_to_s3.py
[2026-04-14T21:39:13.902+0000] {processor.py:925} INFO - DAG(s) 'raw_from_api_to_s3' retrieved from /opt/airflow/dags/raw_from_api_to_s3.py
[2026-04-14T21:39:13.910+0000] {logging_mixin.py:190} INFO - [2026-04-14T21:39:13.910+0000] {dag.py:3239} INFO - Sync 1 DAGs
[2026-04-14T21:39:13.920+0000] {logging_mixin.py:190} INFO - [2026-04-14T21:39:13.920+0000] {dag.py:4180} INFO - Setting next_dagrun for raw_from_api_to_s3 to 2026-04-14 00:00:00+00:00, run_after=2026-04-15 00:00:00+00:00
[2026-04-14T21:39:13.927+0000] {processor.py:208} INFO - Processing /opt/airflow/dags/raw_from_api_to_s3.py took 0.099 seconds
[2026-04-14T21:39:44.142+0000] {processor.py:186} INFO - Started process (PID=7812) to work on /opt/airflow/dags/raw_from_api_to_s3.py
[2026-04-14T21:39:44.143+0000] {processor.py:914} INFO - Processing file /opt/airflow/dags/raw_from_api_to_s3.py for tasks to queue
[2026-04-14T21:39:44.145+0000] {logging_mixin.py:190} INFO - [2026-04-14T21:39:44.145+0000] {dagbag.py:588} INFO - Filling up the DagBag from /opt/airflow/dags/raw_from_api_to_s3.py
[2026-04-14T21:39:44.202+0000] {processor.py:925} INFO - DAG(s) 'raw_from_api_to_s3' retrieved from /opt/airflow/dags/raw_from_api_to_s3.py
[2026-04-14T21:39:44.209+0000] {logging_mixin.py:190} INFO - [2026-04-14T21:39:44.209+0000] {dag.py:3239} INFO - Sync 1 DAGs
[2026-04-14T21:39:44.219+0000] {logging_mixin.py:190} INFO - [2026-04-14T21:39:44.219+0000] {dag.py:4180} INFO - Setting next_dagrun for raw_from_api_to_s3 to 2026-04-14 00:00:00+00:00, run_after=2026-04-15 00:00:00+00:00
[2026-04-14T21:39:44.225+0000] {processor.py:208} INFO - Processing /opt/airflow/dags/raw_from_api_to_s3.py took 0.092 seconds
[2026-04-14T21:40:14.557+0000] {processor.py:186} INFO - Started process (PID=7826) to work on /opt/airflow/dags/raw_from_api_to_s3.py
[2026-04-14T21:40:14.558+0000] {processor.py:914} INFO - Processing file /opt/airflow/dags/raw_from_api_to_s3.py for tasks to queue
[2026-04-14T21:40:14.561+0000] {logging_mixin.py:190} INFO - [2026-04-14T21:40:14.561+0000] {dagbag.py:588} INFO - Filling up the DagBag from /opt/airflow/dags/raw_from_api_to_s3.py
[2026-04-14T21:40:14.611+0000] {processor.py:925} INFO - DAG(s) 'raw_from_api_to_s3' retrieved from /opt/airflow/dags/raw_from_api_to_s3.py
[2026-04-14T21:40:14.618+0000] {logging_mixin.py:190} INFO - [2026-04-14T21:40:14.618+0000] {dag.py:3239} INFO - Sync 1 DAGs
[2026-04-14T21:40:14.627+0000] {logging_mixin.py:190} INFO - [2026-04-14T21:40:14.627+0000] {dag.py:4180} INFO - Setting next_dagrun for raw_from_api_to_s3 to 2026-04-14 00:00:00+00:00, run_after=2026-04-15 00:00:00+00:00
[2026-04-14T21:40:14.634+0000] {processor.py:208} INFO - Processing /opt/airflow/dags/raw_from_api_to_s3.py took 0.083 seconds
[2026-04-14T21:40:44.963+0000] {processor.py:186} INFO - Started process (PID=7840) to work on /opt/airflow/dags/raw_from_api_to_s3.py
[2026-04-14T21:40:44.964+0000] {processor.py:914} INFO - Processing file /opt/airflow/dags/raw_from_api_to_s3.py for tasks to queue
[2026-04-14T21:40:44.967+0000] {logging_mixin.py:190} INFO - [2026-04-14T21:40:44.966+0000] {dagbag.py:588} INFO - Filling up the DagBag from /opt/airflow/dags/raw_from_api_to_s3.py
[2026-04-14T21:40:45.014+0000] {processor.py:925} INFO - DAG(s) 'raw_from_api_to_s3' retrieved from /opt/airflow/dags/raw_from_api_to_s3.py
[2026-04-14T21:40:45.022+0000] {logging_mixin.py:190} INFO - [2026-04-14T21:40:45.021+0000] {dag.py:3239} INFO - Sync 1 DAGs
[2026-04-14T21:40:45.031+0000] {logging_mixin.py:190} INFO - [2026-04-14T21:40:45.031+0000] {dag.py:4180} INFO - Setting next_dagrun for raw_from_api_to_s3 to 2026-04-14 00:00:00+00:00, run_after=2026-04-15 00:00:00+00:00
[2026-04-14T21:40:45.037+0000] {processor.py:208} INFO - Processing /opt/airflow/dags/raw_from_api_to_s3.py took 0.081 seconds
[2026-04-14T21:41:15.254+0000] {processor.py:186} INFO - Started process (PID=7854) to work on /opt/airflow/dags/raw_from_api_to_s3.py
[2026-04-14T21:41:15.254+0000] {processor.py:914} INFO - Processing file /opt/airflow/dags/raw_from_api_to_s3.py for tasks to queue
[2026-04-14T21:41:15.256+0000] {logging_mixin.py:190} INFO - [2026-04-14T21:41:15.256+0000] {dagbag.py:588} INFO - Filling up the DagBag from /opt/airflow/dags/raw_from_api_to_s3.py
[2026-04-14T21:41:15.296+0000] {processor.py:925} INFO - DAG(s) 'raw_from_api_to_s3' retrieved from /opt/airflow/dags/raw_from_api_to_s3.py
[2026-04-14T21:41:15.303+0000] {logging_mixin.py:190} INFO - [2026-04-14T21:41:15.302+0000] {dag.py:3239} INFO - Sync 1 DAGs
[2026-04-14T21:41:15.311+0000] {logging_mixin.py:190} INFO - [2026-04-14T21:41:15.311+0000] {dag.py:4180} INFO - Setting next_dagrun for raw_from_api_to_s3 to 2026-04-14 00:00:00+00:00, run_after=2026-04-15 00:00:00+00:00
[2026-04-14T21:41:15.318+0000] {processor.py:208} INFO - Processing /opt/airflow/dags/raw_from_api_to_s3.py took 0.069 seconds
[2026-04-14T21:41:45.627+0000] {processor.py:186} INFO - Started process (PID=7868) to work on /opt/airflow/dags/raw_from_api_to_s3.py
[2026-04-14T21:41:45.628+0000] {processor.py:914} INFO - Processing file /opt/airflow/dags/raw_from_api_to_s3.py for tasks to queue
[2026-04-14T21:41:45.631+0000] {logging_mixin.py:190} INFO - [2026-04-14T21:41:45.630+0000] {dagbag.py:588} INFO - Filling up the DagBag from /opt/airflow/dags/raw_from_api_to_s3.py
[2026-04-14T21:41:45.679+0000] {processor.py:925} INFO - DAG(s) 'raw_from_api_to_s3' retrieved from /opt/airflow/dags/raw_from_api_to_s3.py
[2026-04-14T21:41:45.686+0000] {logging_mixin.py:190} INFO - [2026-04-14T21:41:45.686+0000] {dag.py:3239} INFO - Sync 1 DAGs
[2026-04-14T21:41:45.694+0000] {logging_mixin.py:190} INFO - [2026-04-14T21:41:45.694+0000] {dag.py:4180} INFO - Setting next_dagrun for raw_from_api_to_s3 to 2026-04-14 00:00:00+00:00, run_after=2026-04-15 00:00:00+00:00
[2026-04-14T21:41:45.700+0000] {processor.py:208} INFO - Processing /opt/airflow/dags/raw_from_api_to_s3.py took 0.080 seconds
[2026-04-14T21:42:16.013+0000] {processor.py:186} INFO - Started process (PID=7882) to work on /opt/airflow/dags/raw_from_api_to_s3.py
[2026-04-14T21:42:16.014+0000] {processor.py:914} INFO - Processing file /opt/airflow/dags/raw_from_api_to_s3.py for tasks to queue
[2026-04-14T21:42:16.017+0000] {logging_mixin.py:190} INFO - [2026-04-14T21:42:16.017+0000] {dagbag.py:588} INFO - Filling up the DagBag from /opt/airflow/dags/raw_from_api_to_s3.py
[2026-04-14T21:42:16.077+0000] {processor.py:925} INFO - DAG(s) 'raw_from_api_to_s3' retrieved from /opt/airflow/dags/raw_from_api_to_s3.py
[2026-04-14T21:42:16.085+0000] {logging_mixin.py:190} INFO - [2026-04-14T21:42:16.085+0000] {dag.py:3239} INFO - Sync 1 DAGs
[2026-04-14T21:42:16.095+0000] {logging_mixin.py:190} INFO - [2026-04-14T21:42:16.095+0000] {dag.py:4180} INFO - Setting next_dagrun for raw_from_api_to_s3 to 2026-04-14 00:00:00+00:00, run_after=2026-04-15 00:00:00+00:00
[2026-04-14T21:42:16.102+0000] {processor.py:208} INFO - Processing /opt/airflow/dags/raw_from_api_to_s3.py took 0.096 seconds
[2026-04-14T21:42:46.387+0000] {processor.py:186} INFO - Started process (PID=7896) to work on /opt/airflow/dags/raw_from_api_to_s3.py
[2026-04-14T21:42:46.388+0000] {processor.py:914} INFO - Processing file /opt/airflow/dags/raw_from_api_to_s3.py for tasks to queue
[2026-04-14T21:42:46.390+0000] {logging_mixin.py:190} INFO - [2026-04-14T21:42:46.390+0000] {dagbag.py:588} INFO - Filling up the DagBag from /opt/airflow/dags/raw_from_api_to_s3.py
[2026-04-14T21:42:46.440+0000] {processor.py:925} INFO - DAG(s) 'raw_from_api_to_s3' retrieved from /opt/airflow/dags/raw_from_api_to_s3.py
[2026-04-14T21:42:46.447+0000] {logging_mixin.py:190} INFO - [2026-04-14T21:42:46.447+0000] {dag.py:3239} INFO - Sync 1 DAGs
[2026-04-14T21:42:46.457+0000] {logging_mixin.py:190} INFO - [2026-04-14T21:42:46.457+0000] {dag.py:4180} INFO - Setting next_dagrun for raw_from_api_to_s3 to 2026-04-14 00:00:00+00:00, run_after=2026-04-15 00:00:00+00:00
[2026-04-14T21:42:46.464+0000] {processor.py:208} INFO - Processing /opt/airflow/dags/raw_from_api_to_s3.py took 0.083 seconds
[2026-04-14T21:43:16.793+0000] {processor.py:186} INFO - Started process (PID=7910) to work on /opt/airflow/dags/raw_from_api_to_s3.py
[2026-04-14T21:43:16.794+0000] {processor.py:914} INFO - Processing file /opt/airflow/dags/raw_from_api_to_s3.py for tasks to queue
[2026-04-14T21:43:16.797+0000] {logging_mixin.py:190} INFO - [2026-04-14T21:43:16.796+0000] {dagbag.py:588} INFO - Filling up the DagBag from /opt/airflow/dags/raw_from_api_to_s3.py
[2026-04-14T21:43:16.846+0000] {processor.py:925} INFO - DAG(s) 'raw_from_api_to_s3' retrieved from /opt/airflow/dags/raw_from_api_to_s3.py
[2026-04-14T21:43:16.853+0000] {logging_mixin.py:190} INFO - [2026-04-14T21:43:16.853+0000] {dag.py:3239} INFO - Sync 1 DAGs
[2026-04-14T21:43:16.862+0000] {logging_mixin.py:190} INFO - [2026-04-14T21:43:16.862+0000] {dag.py:4180} INFO - Setting next_dagrun for raw_from_api_to_s3 to 2026-04-14 00:00:00+00:00, run_after=2026-04-15 00:00:00+00:00
[2026-04-14T21:43:16.869+0000] {processor.py:208} INFO - Processing /opt/airflow/dags/raw_from_api_to_s3.py took 0.083 seconds
[2026-04-14T21:43:47.136+0000] {processor.py:186} INFO - Started process (PID=7924) to work on /opt/airflow/dags/raw_from_api_to_s3.py
[2026-04-14T21:43:47.137+0000] {processor.py:914} INFO - Processing file /opt/airflow/dags/raw_from_api_to_s3.py for tasks to queue
[2026-04-14T21:43:47.140+0000] {logging_mixin.py:190} INFO - [2026-04-14T21:43:47.139+0000] {dagbag.py:588} INFO - Filling up the DagBag from /opt/airflow/dags/raw_from_api_to_s3.py
[2026-04-14T21:43:47.190+0000] {processor.py:925} INFO - DAG(s) 'raw_from_api_to_s3' retrieved from /opt/airflow/dags/raw_from_api_to_s3.py
[2026-04-14T21:43:47.197+0000] {logging_mixin.py:190} INFO - [2026-04-14T21:43:47.197+0000] {dag.py:3239} INFO - Sync 1 DAGs
[2026-04-14T21:43:47.206+0000] {logging_mixin.py:190} INFO - [2026-04-14T21:43:47.206+0000] {dag.py:4180} INFO - Setting next_dagrun for raw_from_api_to_s3 to 2026-04-14 00:00:00+00:00, run_after=2026-04-15 00:00:00+00:00
[2026-04-14T21:43:47.213+0000] {processor.py:208} INFO - Processing /opt/airflow/dags/raw_from_api_to_s3.py took 0.084 seconds
[2026-04-14T21:44:17.438+0000] {processor.py:186} INFO - Started process (PID=7938) to work on /opt/airflow/dags/raw_from_api_to_s3.py
[2026-04-14T21:44:17.439+0000] {processor.py:914} INFO - Processing file /opt/airflow/dags/raw_from_api_to_s3.py for tasks to queue
[2026-04-14T21:44:17.443+0000] {logging_mixin.py:190} INFO - [2026-04-14T21:44:17.442+0000] {dagbag.py:588} INFO - Filling up the DagBag from /opt/airflow/dags/raw_from_api_to_s3.py
[2026-04-14T21:44:17.488+0000] {processor.py:925} INFO - DAG(s) 'raw_from_api_to_s3' retrieved from /opt/airflow/dags/raw_from_api_to_s3.py
[2026-04-14T21:44:17.495+0000] {logging_mixin.py:190} INFO - [2026-04-14T21:44:17.494+0000] {dag.py:3239} INFO - Sync 1 DAGs
[2026-04-14T21:44:17.503+0000] {logging_mixin.py:190} INFO - [2026-04-14T21:44:17.503+0000] {dag.py:4180} INFO - Setting next_dagrun for raw_from_api_to_s3 to 2026-04-14 00:00:00+00:00, run_after=2026-04-15 00:00:00+00:00
[2026-04-14T21:44:17.510+0000] {processor.py:208} INFO - Processing /opt/airflow/dags/raw_from_api_to_s3.py took 0.080 seconds
[2026-04-14T21:44:47.751+0000] {processor.py:186} INFO - Started process (PID=7952) to work on /opt/airflow/dags/raw_from_api_to_s3.py
[2026-04-14T21:44:47.752+0000] {processor.py:914} INFO - Processing file /opt/airflow/dags/raw_from_api_to_s3.py for tasks to queue
[2026-04-14T21:44:47.754+0000] {logging_mixin.py:190} INFO - [2026-04-14T21:44:47.754+0000] {dagbag.py:588} INFO - Filling up the DagBag from /opt/airflow/dags/raw_from_api_to_s3.py
[2026-04-14T21:44:47.805+0000] {processor.py:925} INFO - DAG(s) 'raw_from_api_to_s3' retrieved from /opt/airflow/dags/raw_from_api_to_s3.py
[2026-04-14T21:44:47.812+0000] {logging_mixin.py:190} INFO - [2026-04-14T21:44:47.812+0000] {dag.py:3239} INFO - Sync 1 DAGs
[2026-04-14T21:44:47.821+0000] {logging_mixin.py:190} INFO - [2026-04-14T21:44:47.821+0000] {dag.py:4180} INFO - Setting next_dagrun for raw_from_api_to_s3 to 2026-04-14 00:00:00+00:00, run_after=2026-04-15 00:00:00+00:00
[2026-04-14T21:44:47.828+0000] {processor.py:208} INFO - Processing /opt/airflow/dags/raw_from_api_to_s3.py took 0.083 seconds
[2026-04-14T21:45:18.119+0000] {processor.py:186} INFO - Started process (PID=7966) to work on /opt/airflow/dags/raw_from_api_to_s3.py
[2026-04-14T21:45:18.120+0000] {processor.py:914} INFO - Processing file /opt/airflow/dags/raw_from_api_to_s3.py for tasks to queue
[2026-04-14T21:45:18.124+0000] {logging_mixin.py:190} INFO - [2026-04-14T21:45:18.123+0000] {dagbag.py:588} INFO - Filling up the DagBag from /opt/airflow/dags/raw_from_api_to_s3.py
[2026-04-14T21:45:18.172+0000] {processor.py:925} INFO - DAG(s) 'raw_from_api_to_s3' retrieved from /opt/airflow/dags/raw_from_api_to_s3.py
[2026-04-14T21:45:18.179+0000] {logging_mixin.py:190} INFO - [2026-04-14T21:45:18.179+0000] {dag.py:3239} INFO - Sync 1 DAGs
[2026-04-14T21:45:18.188+0000] {logging_mixin.py:190} INFO - [2026-04-14T21:45:18.188+0000] {dag.py:4180} INFO - Setting next_dagrun for raw_from_api_to_s3 to 2026-04-14 00:00:00+00:00, run_after=2026-04-15 00:00:00+00:00
[2026-04-14T21:45:18.194+0000] {processor.py:208} INFO - Processing /opt/airflow/dags/raw_from_api_to_s3.py took 0.083 seconds
[2026-04-14T21:45:48.531+0000] {processor.py:186} INFO - Started process (PID=7980) to work on /opt/airflow/dags/raw_from_api_to_s3.py
[2026-04-14T21:45:48.532+0000] {processor.py:914} INFO - Processing file /opt/airflow/dags/raw_from_api_to_s3.py for tasks to queue
[2026-04-14T21:45:48.535+0000] {logging_mixin.py:190} INFO - [2026-04-14T21:45:48.535+0000] {dagbag.py:588} INFO - Filling up the DagBag from /opt/airflow/dags/raw_from_api_to_s3.py
[2026-04-14T21:45:48.597+0000] {processor.py:925} INFO - DAG(s) 'raw_from_api_to_s3' retrieved from /opt/airflow/dags/raw_from_api_to_s3.py
[2026-04-14T21:45:48.606+0000] {logging_mixin.py:190} INFO - [2026-04-14T21:45:48.606+0000] {dag.py:3239} INFO - Sync 1 DAGs
[2026-04-14T21:45:48.619+0000] {logging_mixin.py:190} INFO - [2026-04-14T21:45:48.619+0000] {dag.py:4180} INFO - Setting next_dagrun for raw_from_api_to_s3 to 2026-04-14 00:00:00+00:00, run_after=2026-04-15 00:00:00+00:00
[2026-04-14T21:45:48.626+0000] {processor.py:208} INFO - Processing /opt/airflow/dags/raw_from_api_to_s3.py took 0.101 seconds
[2026-04-14T21:46:18.847+0000] {processor.py:186} INFO - Started process (PID=7994) to work on /opt/airflow/dags/raw_from_api_to_s3.py
[2026-04-14T21:46:18.848+0000] {processor.py:914} INFO - Processing file /opt/airflow/dags/raw_from_api_to_s3.py for tasks to queue
[2026-04-14T21:46:18.850+0000] {logging_mixin.py:190} INFO - [2026-04-14T21:46:18.849+0000] {dagbag.py:588} INFO - Filling up the DagBag from /opt/airflow/dags/raw_from_api_to_s3.py
[2026-04-14T21:46:18.889+0000] {processor.py:925} INFO - DAG(s) 'raw_from_api_to_s3' retrieved from /opt/airflow/dags/raw_from_api_to_s3.py
[2026-04-14T21:46:18.896+0000] {logging_mixin.py:190} INFO - [2026-04-14T21:46:18.896+0000] {dag.py:3239} INFO - Sync 1 DAGs
[2026-04-14T21:46:18.905+0000] {logging_mixin.py:190} INFO - [2026-04-14T21:46:18.904+0000] {dag.py:4180} INFO - Setting next_dagrun for raw_from_api_to_s3 to 2026-04-14 00:00:00+00:00, run_after=2026-04-15 00:00:00+00:00
[2026-04-14T21:46:18.911+0000] {processor.py:208} INFO - Processing /opt/airflow/dags/raw_from_api_to_s3.py took 0.068 seconds
[2026-04-14T21:46:49.186+0000] {processor.py:186} INFO - Started process (PID=8008) to work on /opt/airflow/dags/raw_from_api_to_s3.py
[2026-04-14T21:46:49.186+0000] {processor.py:914} INFO - Processing file /opt/airflow/dags/raw_from_api_to_s3.py for tasks to queue
[2026-04-14T21:46:49.187+0000] {logging_mixin.py:190} INFO - [2026-04-14T21:46:49.187+0000] {dagbag.py:588} INFO - Filling up the DagBag from /opt/airflow/dags/raw_from_api_to_s3.py
[2026-04-14T21:46:49.219+0000] {processor.py:925} INFO - DAG(s) 'raw_from_api_to_s3' retrieved from /opt/airflow/dags/raw_from_api_to_s3.py
[2026-04-14T21:46:49.226+0000] {logging_mixin.py:190} INFO - [2026-04-14T21:46:49.225+0000] {dag.py:3239} INFO - Sync 1 DAGs
[2026-04-14T21:46:49.234+0000] {logging_mixin.py:190} INFO - [2026-04-14T21:46:49.234+0000] {dag.py:4180} INFO - Setting next_dagrun for raw_from_api_to_s3 to 2026-04-14 00:00:00+00:00, run_after=2026-04-15 00:00:00+00:00
[2026-04-14T21:46:49.241+0000] {processor.py:208} INFO - Processing /opt/airflow/dags/raw_from_api_to_s3.py took 0.057 seconds
[2026-04-14T21:47:19.584+0000] {processor.py:186} INFO - Started process (PID=8022) to work on /opt/airflow/dags/raw_from_api_to_s3.py
[2026-04-14T21:47:19.585+0000] {processor.py:914} INFO - Processing file /opt/airflow/dags/raw_from_api_to_s3.py for tasks to queue
[2026-04-14T21:47:19.587+0000] {logging_mixin.py:190} INFO - [2026-04-14T21:47:19.587+0000] {dagbag.py:588} INFO - Filling up the DagBag from /opt/airflow/dags/raw_from_api_to_s3.py
[2026-04-14T21:47:19.636+0000] {processor.py:925} INFO - DAG(s) 'raw_from_api_to_s3' retrieved from /opt/airflow/dags/raw_from_api_to_s3.py
[2026-04-14T21:47:19.643+0000] {logging_mixin.py:190} INFO - [2026-04-14T21:47:19.642+0000] {dag.py:3239} INFO - Sync 1 DAGs
[2026-04-14T21:47:19.651+0000] {logging_mixin.py:190} INFO - [2026-04-14T21:47:19.651+0000] {dag.py:4180} INFO - Setting next_dagrun for raw_from_api_to_s3 to 2026-04-14 00:00:00+00:00, run_after=2026-04-15 00:00:00+00:00
[2026-04-14T21:47:19.657+0000] {processor.py:208} INFO - Processing /opt/airflow/dags/raw_from_api_to_s3.py took 0.080 seconds
[2026-04-14T21:47:49.969+0000] {processor.py:186} INFO - Started process (PID=8036) to work on /opt/airflow/dags/raw_from_api_to_s3.py
[2026-04-14T21:47:49.970+0000] {processor.py:914} INFO - Processing file /opt/airflow/dags/raw_from_api_to_s3.py for tasks to queue
[2026-04-14T21:47:49.972+0000] {logging_mixin.py:190} INFO - [2026-04-14T21:47:49.972+0000] {dagbag.py:588} INFO - Filling up the DagBag from /opt/airflow/dags/raw_from_api_to_s3.py
[2026-04-14T21:47:50.019+0000] {processor.py:925} INFO - DAG(s) 'raw_from_api_to_s3' retrieved from /opt/airflow/dags/raw_from_api_to_s3.py
[2026-04-14T21:47:50.026+0000] {logging_mixin.py:190} INFO - [2026-04-14T21:47:50.026+0000] {dag.py:3239} INFO - Sync 1 DAGs
[2026-04-14T21:47:50.034+0000] {logging_mixin.py:190} INFO - [2026-04-14T21:47:50.034+0000] {dag.py:4180} INFO - Setting next_dagrun for raw_from_api_to_s3 to 2026-04-14 00:00:00+00:00, run_after=2026-04-15 00:00:00+00:00
[2026-04-14T21:47:50.041+0000] {processor.py:208} INFO - Processing /opt/airflow/dags/raw_from_api_to_s3.py took 0.078 seconds
[2026-04-14T21:48:20.342+0000] {processor.py:186} INFO - Started process (PID=8050) to work on /opt/airflow/dags/raw_from_api_to_s3.py
[2026-04-14T21:48:20.343+0000] {processor.py:914} INFO - Processing file /opt/airflow/dags/raw_from_api_to_s3.py for tasks to queue
[2026-04-14T21:48:20.347+0000] {logging_mixin.py:190} INFO - [2026-04-14T21:48:20.346+0000] {dagbag.py:588} INFO - Filling up the DagBag from /opt/airflow/dags/raw_from_api_to_s3.py
[2026-04-14T21:48:20.397+0000] {processor.py:925} INFO - DAG(s) 'raw_from_api_to_s3' retrieved from /opt/airflow/dags/raw_from_api_to_s3.py
[2026-04-14T21:48:20.404+0000] {logging_mixin.py:190} INFO - [2026-04-14T21:48:20.404+0000] {dag.py:3239} INFO - Sync 1 DAGs
[2026-04-14T21:48:20.414+0000] {logging_mixin.py:190} INFO - [2026-04-14T21:48:20.414+0000] {dag.py:4180} INFO - Setting next_dagrun for raw_from_api_to_s3 to 2026-04-14 00:00:00+00:00, run_after=2026-04-15 00:00:00+00:00
[2026-04-14T21:48:20.420+0000] {processor.py:208} INFO - Processing /opt/airflow/dags/raw_from_api_to_s3.py took 0.086 seconds
[2026-04-14T21:48:50.682+0000] {processor.py:186} INFO - Started process (PID=8064) to work on /opt/airflow/dags/raw_from_api_to_s3.py
[2026-04-14T21:48:50.683+0000] {processor.py:914} INFO - Processing file /opt/airflow/dags/raw_from_api_to_s3.py for tasks to queue
[2026-04-14T21:48:50.685+0000] {logging_mixin.py:190} INFO - [2026-04-14T21:48:50.685+0000] {dagbag.py:588} INFO - Filling up the DagBag from /opt/airflow/dags/raw_from_api_to_s3.py
[2026-04-14T21:48:50.747+0000] {processor.py:925} INFO - DAG(s) 'raw_from_api_to_s3' retrieved from /opt/airflow/dags/raw_from_api_to_s3.py
[2026-04-14T21:48:50.756+0000] {logging_mixin.py:190} INFO - [2026-04-14T21:48:50.755+0000] {dag.py:3239} INFO - Sync 1 DAGs
[2026-04-14T21:48:50.766+0000] {logging_mixin.py:190} INFO - [2026-04-14T21:48:50.766+0000] {dag.py:4180} INFO - Setting next_dagrun for raw_from_api_to_s3 to 2026-04-14 00:00:00+00:00, run_after=2026-04-15 00:00:00+00:00
[2026-04-14T21:48:50.773+0000] {processor.py:208} INFO - Processing /opt/airflow/dags/raw_from_api_to_s3.py took 0.097 seconds
[2026-04-14T21:49:20.985+0000] {processor.py:186} INFO - Started process (PID=8078) to work on /opt/airflow/dags/raw_from_api_to_s3.py
[2026-04-14T21:49:20.987+0000] {processor.py:914} INFO - Processing file /opt/airflow/dags/raw_from_api_to_s3.py for tasks to queue
[2026-04-14T21:49:20.990+0000] {logging_mixin.py:190} INFO - [2026-04-14T21:49:20.990+0000] {dagbag.py:588} INFO - Filling up the DagBag from /opt/airflow/dags/raw_from_api_to_s3.py
[2026-04-14T21:49:21.068+0000] {processor.py:925} INFO - DAG(s) 'raw_from_api_to_s3' retrieved from /opt/airflow/dags/raw_from_api_to_s3.py
[2026-04-14T21:49:21.082+0000] {logging_mixin.py:190} INFO - [2026-04-14T21:49:21.082+0000] {dag.py:3239} INFO - Sync 1 DAGs
[2026-04-14T21:49:21.098+0000] {logging_mixin.py:190} INFO - [2026-04-14T21:49:21.098+0000] {dag.py:4180} INFO - Setting next_dagrun for raw_from_api_to_s3 to 2026-04-14 00:00:00+00:00, run_after=2026-04-15 00:00:00+00:00
[2026-04-14T21:49:21.107+0000] {processor.py:208} INFO - Processing /opt/airflow/dags/raw_from_api_to_s3.py took 0.128 seconds
[2026-04-14T21:49:51.394+0000] {processor.py:186} INFO - Started process (PID=8092) to work on /opt/airflow/dags/raw_from_api_to_s3.py
[2026-04-14T21:49:51.394+0000] {processor.py:914} INFO - Processing file /opt/airflow/dags/raw_from_api_to_s3.py for tasks to queue
[2026-04-14T21:49:51.396+0000] {logging_mixin.py:190} INFO - [2026-04-14T21:49:51.396+0000] {dagbag.py:588} INFO - Filling up the DagBag from /opt/airflow/dags/raw_from_api_to_s3.py
[2026-04-14T21:49:51.435+0000] {processor.py:925} INFO - DAG(s) 'raw_from_api_to_s3' retrieved from /opt/airflow/dags/raw_from_api_to_s3.py
[2026-04-14T21:49:51.442+0000] {logging_mixin.py:190} INFO - [2026-04-14T21:49:51.442+0000] {dag.py:3239} INFO - Sync 1 DAGs
[2026-04-14T21:49:51.451+0000] {logging_mixin.py:190} INFO - [2026-04-14T21:49:51.451+0000] {dag.py:4180} INFO - Setting next_dagrun for raw_from_api_to_s3 to 2026-04-14 00:00:00+00:00, run_after=2026-04-15 00:00:00+00:00
[2026-04-14T21:49:51.458+0000] {processor.py:208} INFO - Processing /opt/airflow/dags/raw_from_api_to_s3.py took 0.068 seconds
[2026-04-14T21:50:21.708+0000] {processor.py:186} INFO - Started process (PID=8106) to work on /opt/airflow/dags/raw_from_api_to_s3.py
[2026-04-14T21:50:21.709+0000] {processor.py:914} INFO - Processing file /opt/airflow/dags/raw_from_api_to_s3.py for tasks to queue
[2026-04-14T21:50:21.712+0000] {logging_mixin.py:190} INFO - [2026-04-14T21:50:21.711+0000] {dagbag.py:588} INFO - Filling up the DagBag from /opt/airflow/dags/raw_from_api_to_s3.py
[2026-04-14T21:50:21.776+0000] {processor.py:925} INFO - DAG(s) 'raw_from_api_to_s3' retrieved from /opt/airflow/dags/raw_from_api_to_s3.py
[2026-04-14T21:50:21.786+0000] {logging_mixin.py:190} INFO - [2026-04-14T21:50:21.786+0000] {dag.py:3239} INFO - Sync 1 DAGs
[2026-04-14T21:50:21.796+0000] {logging_mixin.py:190} INFO - [2026-04-14T21:50:21.796+0000] {dag.py:4180} INFO - Setting next_dagrun for raw_from_api_to_s3 to 2026-04-14 00:00:00+00:00, run_after=2026-04-15 00:00:00+00:00
[2026-04-14T21:50:21.804+0000] {processor.py:208} INFO - Processing /opt/airflow/dags/raw_from_api_to_s3.py took 0.104 seconds
[2026-04-14T21:50:52.010+0000] {processor.py:186} INFO - Started process (PID=8120) to work on /opt/airflow/dags/raw_from_api_to_s3.py
[2026-04-14T21:50:52.011+0000] {processor.py:914} INFO - Processing file /opt/airflow/dags/raw_from_api_to_s3.py for tasks to queue
[2026-04-14T21:50:52.014+0000] {logging_mixin.py:190} INFO - [2026-04-14T21:50:52.013+0000] {dagbag.py:588} INFO - Filling up the DagBag from /opt/airflow/dags/raw_from_api_to_s3.py
[2026-04-14T21:50:52.067+0000] {processor.py:925} INFO - DAG(s) 'raw_from_api_to_s3' retrieved from /opt/airflow/dags/raw_from_api_to_s3.py
[2026-04-14T21:50:52.074+0000] {logging_mixin.py:190} INFO - [2026-04-14T21:50:52.073+0000] {dag.py:3239} INFO - Sync 1 DAGs
[2026-04-14T21:50:52.084+0000] {logging_mixin.py:190} INFO - [2026-04-14T21:50:52.083+0000] {dag.py:4180} INFO - Setting next_dagrun for raw_from_api_to_s3 to 2026-04-14 00:00:00+00:00, run_after=2026-04-15 00:00:00+00:00
[2026-04-14T21:50:52.090+0000] {processor.py:208} INFO - Processing /opt/airflow/dags/raw_from_api_to_s3.py took 0.087 seconds
[2026-04-14T21:51:22.438+0000] {processor.py:186} INFO - Started process (PID=8134) to work on /opt/airflow/dags/raw_from_api_to_s3.py
[2026-04-14T21:51:22.439+0000] {processor.py:914} INFO - Processing file /opt/airflow/dags/raw_from_api_to_s3.py for tasks to queue
[2026-04-14T21:51:22.442+0000] {logging_mixin.py:190} INFO - [2026-04-14T21:51:22.442+0000] {dagbag.py:588} INFO - Filling up the DagBag from /opt/airflow/dags/raw_from_api_to_s3.py
[2026-04-14T21:51:22.494+0000] {processor.py:925} INFO - DAG(s) 'raw_from_api_to_s3' retrieved from /opt/airflow/dags/raw_from_api_to_s3.py
[2026-04-14T21:51:22.501+0000] {logging_mixin.py:190} INFO - [2026-04-14T21:51:22.501+0000] {dag.py:3239} INFO - Sync 1 DAGs
[2026-04-14T21:51:22.510+0000] {logging_mixin.py:190} INFO - [2026-04-14T21:51:22.510+0000] {dag.py:4180} INFO - Setting next_dagrun for raw_from_api_to_s3 to 2026-04-14 00:00:00+00:00, run_after=2026-04-15 00:00:00+00:00
[2026-04-14T21:51:22.517+0000] {processor.py:208} INFO - Processing /opt/airflow/dags/raw_from_api_to_s3.py took 0.086 seconds
[2026-04-14T21:51:52.759+0000] {processor.py:186} INFO - Started process (PID=8148) to work on /opt/airflow/dags/raw_from_api_to_s3.py
[2026-04-14T21:51:52.760+0000] {processor.py:914} INFO - Processing file /opt/airflow/dags/raw_from_api_to_s3.py for tasks to queue
[2026-04-14T21:51:52.763+0000] {logging_mixin.py:190} INFO - [2026-04-14T21:51:52.763+0000] {dagbag.py:588} INFO - Filling up the DagBag from /opt/airflow/dags/raw_from_api_to_s3.py
[2026-04-14T21:51:52.810+0000] {processor.py:925} INFO - DAG(s) 'raw_from_api_to_s3' retrieved from /opt/airflow/dags/raw_from_api_to_s3.py
[2026-04-14T21:51:52.817+0000] {logging_mixin.py:190} INFO - [2026-04-14T21:51:52.817+0000] {dag.py:3239} INFO - Sync 1 DAGs
[2026-04-14T21:51:52.826+0000] {logging_mixin.py:190} INFO - [2026-04-14T21:51:52.825+0000] {dag.py:4180} INFO - Setting next_dagrun for raw_from_api_to_s3 to 2026-04-14 00:00:00+00:00, run_after=2026-04-15 00:00:00+00:00
[2026-04-14T21:51:52.832+0000] {processor.py:208} INFO - Processing /opt/airflow/dags/raw_from_api_to_s3.py took 0.080 seconds
[2026-04-14T21:52:23.086+0000] {processor.py:186} INFO - Started process (PID=8161) to work on /opt/airflow/dags/raw_from_api_to_s3.py
[2026-04-14T21:52:23.087+0000] {processor.py:914} INFO - Processing file /opt/airflow/dags/raw_from_api_to_s3.py for tasks to queue
[2026-04-14T21:52:23.092+0000] {logging_mixin.py:190} INFO - [2026-04-14T21:52:23.091+0000] {dagbag.py:588} INFO - Filling up the DagBag from /opt/airflow/dags/raw_from_api_to_s3.py
[2026-04-14T21:52:23.150+0000] {processor.py:925} INFO - DAG(s) 'raw_from_api_to_s3' retrieved from /opt/airflow/dags/raw_from_api_to_s3.py
[2026-04-14T21:52:23.158+0000] {logging_mixin.py:190} INFO - [2026-04-14T21:52:23.158+0000] {dag.py:3239} INFO - Sync 1 DAGs
[2026-04-14T21:52:23.168+0000] {logging_mixin.py:190} INFO - [2026-04-14T21:52:23.168+0000] {dag.py:4180} INFO - Setting next_dagrun for raw_from_api_to_s3 to 2026-04-14 00:00:00+00:00, run_after=2026-04-15 00:00:00+00:00
[2026-04-14T21:52:23.174+0000] {processor.py:208} INFO - Processing /opt/airflow/dags/raw_from_api_to_s3.py took 0.095 seconds
[2026-04-14T21:52:53.473+0000] {processor.py:186} INFO - Started process (PID=8175) to work on /opt/airflow/dags/raw_from_api_to_s3.py
[2026-04-14T21:52:53.475+0000] {processor.py:914} INFO - Processing file /opt/airflow/dags/raw_from_api_to_s3.py for tasks to queue
[2026-04-14T21:52:53.479+0000] {logging_mixin.py:190} INFO - [2026-04-14T21:52:53.479+0000] {dagbag.py:588} INFO - Filling up the DagBag from /opt/airflow/dags/raw_from_api_to_s3.py
[2026-04-14T21:52:53.533+0000] {processor.py:925} INFO - DAG(s) 'raw_from_api_to_s3' retrieved from /opt/airflow/dags/raw_from_api_to_s3.py
[2026-04-14T21:52:53.540+0000] {logging_mixin.py:190} INFO - [2026-04-14T21:52:53.540+0000] {dag.py:3239} INFO - Sync 1 DAGs
[2026-04-14T21:52:53.550+0000] {logging_mixin.py:190} INFO - [2026-04-14T21:52:53.550+0000] {dag.py:4180} INFO - Setting next_dagrun for raw_from_api_to_s3 to 2026-04-14 00:00:00+00:00, run_after=2026-04-15 00:00:00+00:00
[2026-04-14T21:52:53.556+0000] {processor.py:208} INFO - Processing /opt/airflow/dags/raw_from_api_to_s3.py took 0.093 seconds
[2026-04-14T21:53:23.806+0000] {processor.py:186} INFO - Started process (PID=8189) to work on /opt/airflow/dags/raw_from_api_to_s3.py
[2026-04-14T21:53:23.807+0000] {processor.py:914} INFO - Processing file /opt/airflow/dags/raw_from_api_to_s3.py for tasks to queue
[2026-04-14T21:53:23.810+0000] {logging_mixin.py:190} INFO - [2026-04-14T21:53:23.809+0000] {dagbag.py:588} INFO - Filling up the DagBag from /opt/airflow/dags/raw_from_api_to_s3.py
[2026-04-14T21:53:23.856+0000] {processor.py:925} INFO - DAG(s) 'raw_from_api_to_s3' retrieved from /opt/airflow/dags/raw_from_api_to_s3.py
[2026-04-14T21:53:23.863+0000] {logging_mixin.py:190} INFO - [2026-04-14T21:53:23.863+0000] {dag.py:3239} INFO - Sync 1 DAGs
[2026-04-14T21:53:23.872+0000] {logging_mixin.py:190} INFO - [2026-04-14T21:53:23.872+0000] {dag.py:4180} INFO - Setting next_dagrun for raw_from_api_to_s3 to 2026-04-14 00:00:00+00:00, run_after=2026-04-15 00:00:00+00:00
[2026-04-14T21:53:23.879+0000] {processor.py:208} INFO - Processing /opt/airflow/dags/raw_from_api_to_s3.py took 0.079 seconds
[2026-04-14T21:53:54.241+0000] {processor.py:186} INFO - Started process (PID=8203) to work on /opt/airflow/dags/raw_from_api_to_s3.py
[2026-04-14T21:53:54.242+0000] {processor.py:914} INFO - Processing file /opt/airflow/dags/raw_from_api_to_s3.py for tasks to queue
[2026-04-14T21:53:54.245+0000] {logging_mixin.py:190} INFO - [2026-04-14T21:53:54.244+0000] {dagbag.py:588} INFO - Filling up the DagBag from /opt/airflow/dags/raw_from_api_to_s3.py
[2026-04-14T21:53:54.294+0000] {processor.py:925} INFO - DAG(s) 'raw_from_api_to_s3' retrieved from /opt/airflow/dags/raw_from_api_to_s3.py
[2026-04-14T21:53:54.301+0000] {logging_mixin.py:190} INFO - [2026-04-14T21:53:54.301+0000] {dag.py:3239} INFO - Sync 1 DAGs
[2026-04-14T21:53:54.311+0000] {logging_mixin.py:190} INFO - [2026-04-14T21:53:54.311+0000] {dag.py:4180} INFO - Setting next_dagrun for raw_from_api_to_s3 to 2026-04-14 00:00:00+00:00, run_after=2026-04-15 00:00:00+00:00
[2026-04-14T21:53:54.317+0000] {processor.py:208} INFO - Processing /opt/airflow/dags/raw_from_api_to_s3.py took 0.084 seconds
[2026-04-14T21:54:24.601+0000] {processor.py:186} INFO - Started process (PID=8217) to work on /opt/airflow/dags/raw_from_api_to_s3.py
[2026-04-14T21:54:24.602+0000] {processor.py:914} INFO - Processing file /opt/airflow/dags/raw_from_api_to_s3.py for tasks to queue
[2026-04-14T21:54:24.606+0000] {logging_mixin.py:190} INFO - [2026-04-14T21:54:24.606+0000] {dagbag.py:588} INFO - Filling up the DagBag from /opt/airflow/dags/raw_from_api_to_s3.py
[2026-04-14T21:54:24.669+0000] {processor.py:925} INFO - DAG(s) 'raw_from_api_to_s3' retrieved from /opt/airflow/dags/raw_from_api_to_s3.py
[2026-04-14T21:54:24.677+0000] {logging_mixin.py:190} INFO - [2026-04-14T21:54:24.677+0000] {dag.py:3239} INFO - Sync 1 DAGs
[2026-04-14T21:54:24.688+0000] {logging_mixin.py:190} INFO - [2026-04-14T21:54:24.688+0000] {dag.py:4180} INFO - Setting next_dagrun for raw_from_api_to_s3 to 2026-04-14 00:00:00+00:00, run_after=2026-04-15 00:00:00+00:00
[2026-04-14T21:54:24.695+0000] {processor.py:208} INFO - Processing /opt/airflow/dags/raw_from_api_to_s3.py took 0.102 seconds
[2026-04-14T21:54:54.997+0000] {processor.py:186} INFO - Started process (PID=8231) to work on /opt/airflow/dags/raw_from_api_to_s3.py
[2026-04-14T21:54:54.997+0000] {processor.py:914} INFO - Processing file /opt/airflow/dags/raw_from_api_to_s3.py for tasks to queue
[2026-04-14T21:54:54.999+0000] {logging_mixin.py:190} INFO - [2026-04-14T21:54:54.999+0000] {dagbag.py:588} INFO - Filling up the DagBag from /opt/airflow/dags/raw_from_api_to_s3.py
[2026-04-14T21:54:55.045+0000] {processor.py:925} INFO - DAG(s) 'raw_from_api_to_s3' retrieved from /opt/airflow/dags/raw_from_api_to_s3.py
[2026-04-14T21:54:55.051+0000] {logging_mixin.py:190} INFO - [2026-04-14T21:54:55.051+0000] {dag.py:3239} INFO - Sync 1 DAGs
[2026-04-14T21:54:55.060+0000] {logging_mixin.py:190} INFO - [2026-04-14T21:54:55.060+0000] {dag.py:4180} INFO - Setting next_dagrun for raw_from_api_to_s3 to 2026-04-14 00:00:00+00:00, run_after=2026-04-15 00:00:00+00:00
[2026-04-14T21:54:55.066+0000] {processor.py:208} INFO - Processing /opt/airflow/dags/raw_from_api_to_s3.py took 0.075 seconds
[2026-04-14T21:55:25.353+0000] {processor.py:186} INFO - Started process (PID=8245) to work on /opt/airflow/dags/raw_from_api_to_s3.py
[2026-04-14T21:55:25.354+0000] {processor.py:914} INFO - Processing file /opt/airflow/dags/raw_from_api_to_s3.py for tasks to queue
[2026-04-14T21:55:25.356+0000] {logging_mixin.py:190} INFO - [2026-04-14T21:55:25.356+0000] {dagbag.py:588} INFO - Filling up the DagBag from /opt/airflow/dags/raw_from_api_to_s3.py
[2026-04-14T21:55:25.406+0000] {processor.py:925} INFO - DAG(s) 'raw_from_api_to_s3' retrieved from /opt/airflow/dags/raw_from_api_to_s3.py
[2026-04-14T21:55:25.413+0000] {logging_mixin.py:190} INFO - [2026-04-14T21:55:25.412+0000] {dag.py:3239} INFO - Sync 1 DAGs
[2026-04-14T21:55:25.421+0000] {logging_mixin.py:190} INFO - [2026-04-14T21:55:25.421+0000] {dag.py:4180} INFO - Setting next_dagrun for raw_from_api_to_s3 to 2026-04-14 00:00:00+00:00, run_after=2026-04-15 00:00:00+00:00
[2026-04-14T21:55:25.427+0000] {processor.py:208} INFO - Processing /opt/airflow/dags/raw_from_api_to_s3.py took 0.082 seconds
[2026-04-14T21:55:55.702+0000] {processor.py:186} INFO - Started process (PID=8259) to work on /opt/airflow/dags/raw_from_api_to_s3.py
[2026-04-14T21:55:55.703+0000] {processor.py:914} INFO - Processing file /opt/airflow/dags/raw_from_api_to_s3.py for tasks to queue
[2026-04-14T21:55:55.705+0000] {logging_mixin.py:190} INFO - [2026-04-14T21:55:55.705+0000] {dagbag.py:588} INFO - Filling up the DagBag from /opt/airflow/dags/raw_from_api_to_s3.py
[2026-04-14T21:55:55.759+0000] {processor.py:925} INFO - DAG(s) 'raw_from_api_to_s3' retrieved from /opt/airflow/dags/raw_from_api_to_s3.py
[2026-04-14T21:55:55.766+0000] {logging_mixin.py:190} INFO - [2026-04-14T21:55:55.766+0000] {dag.py:3239} INFO - Sync 1 DAGs
[2026-04-14T21:55:55.775+0000] {logging_mixin.py:190} INFO - [2026-04-14T21:55:55.775+0000] {dag.py:4180} INFO - Setting next_dagrun for raw_from_api_to_s3 to 2026-04-14 00:00:00+00:00, run_after=2026-04-15 00:00:00+00:00
[2026-04-14T21:55:55.783+0000] {processor.py:208} INFO - Processing /opt/airflow/dags/raw_from_api_to_s3.py took 0.088 seconds
[2026-04-14T21:56:26.072+0000] {processor.py:186} INFO - Started process (PID=8273) to work on /opt/airflow/dags/raw_from_api_to_s3.py
[2026-04-14T21:56:26.073+0000] {processor.py:914} INFO - Processing file /opt/airflow/dags/raw_from_api_to_s3.py for tasks to queue
[2026-04-14T21:56:26.075+0000] {logging_mixin.py:190} INFO - [2026-04-14T21:56:26.075+0000] {dagbag.py:588} INFO - Filling up the DagBag from /opt/airflow/dags/raw_from_api_to_s3.py
[2026-04-14T21:56:26.123+0000] {processor.py:925} INFO - DAG(s) 'raw_from_api_to_s3' retrieved from /opt/airflow/dags/raw_from_api_to_s3.py
[2026-04-14T21:56:26.130+0000] {logging_mixin.py:190} INFO - [2026-04-14T21:56:26.130+0000] {dag.py:3239} INFO - Sync 1 DAGs
[2026-04-14T21:56:26.140+0000] {logging_mixin.py:190} INFO - [2026-04-14T21:56:26.140+0000] {dag.py:4180} INFO - Setting next_dagrun for raw_from_api_to_s3 to 2026-04-14 00:00:00+00:00, run_after=2026-04-15 00:00:00+00:00
[2026-04-14T21:56:26.146+0000] {processor.py:208} INFO - Processing /opt/airflow/dags/raw_from_api_to_s3.py took 0.080 seconds
[2026-04-14T21:56:56.403+0000] {processor.py:186} INFO - Started process (PID=8287) to work on /opt/airflow/dags/raw_from_api_to_s3.py
[2026-04-14T21:56:56.404+0000] {processor.py:914} INFO - Processing file /opt/airflow/dags/raw_from_api_to_s3.py for tasks to queue
[2026-04-14T21:56:56.406+0000] {logging_mixin.py:190} INFO - [2026-04-14T21:56:56.406+0000] {dagbag.py:588} INFO - Filling up the DagBag from /opt/airflow/dags/raw_from_api_to_s3.py
[2026-04-14T21:56:56.453+0000] {processor.py:925} INFO - DAG(s) 'raw_from_api_to_s3' retrieved from /opt/airflow/dags/raw_from_api_to_s3.py
[2026-04-14T21:56:56.460+0000] {logging_mixin.py:190} INFO - [2026-04-14T21:56:56.460+0000] {dag.py:3239} INFO - Sync 1 DAGs
[2026-04-14T21:56:56.469+0000] {logging_mixin.py:190} INFO - [2026-04-14T21:56:56.469+0000] {dag.py:4180} INFO - Setting next_dagrun for raw_from_api_to_s3 to 2026-04-14 00:00:00+00:00, run_after=2026-04-15 00:00:00+00:00
[2026-04-14T21:56:56.476+0000] {processor.py:208} INFO - Processing /opt/airflow/dags/raw_from_api_to_s3.py took 0.079 seconds
[2026-04-14T21:57:26.763+0000] {processor.py:186} INFO - Started process (PID=8301) to work on /opt/airflow/dags/raw_from_api_to_s3.py
[2026-04-14T21:57:26.764+0000] {processor.py:914} INFO - Processing file /opt/airflow/dags/raw_from_api_to_s3.py for tasks to queue
[2026-04-14T21:57:26.767+0000] {logging_mixin.py:190} INFO - [2026-04-14T21:57:26.767+0000] {dagbag.py:588} INFO - Filling up the DagBag from /opt/airflow/dags/raw_from_api_to_s3.py
[2026-04-14T21:57:26.816+0000] {processor.py:925} INFO - DAG(s) 'raw_from_api_to_s3' retrieved from /opt/airflow/dags/raw_from_api_to_s3.py
[2026-04-14T21:57:26.823+0000] {logging_mixin.py:190} INFO - [2026-04-14T21:57:26.823+0000] {dag.py:3239} INFO - Sync 1 DAGs
[2026-04-14T21:57:26.832+0000] {logging_mixin.py:190} INFO - [2026-04-14T21:57:26.832+0000] {dag.py:4180} INFO - Setting next_dagrun for raw_from_api_to_s3 to 2026-04-14 00:00:00+00:00, run_after=2026-04-15 00:00:00+00:00
[2026-04-14T21:57:26.838+0000] {processor.py:208} INFO - Processing /opt/airflow/dags/raw_from_api_to_s3.py took 0.083 seconds
[2026-04-14T21:57:57.125+0000] {processor.py:186} INFO - Started process (PID=8314) to work on /opt/airflow/dags/raw_from_api_to_s3.py
[2026-04-14T21:57:57.126+0000] {processor.py:914} INFO - Processing file /opt/airflow/dags/raw_from_api_to_s3.py for tasks to queue
[2026-04-14T21:57:57.128+0000] {logging_mixin.py:190} INFO - [2026-04-14T21:57:57.128+0000] {dagbag.py:588} INFO - Filling up the DagBag from /opt/airflow/dags/raw_from_api_to_s3.py
[2026-04-14T21:57:57.182+0000] {processor.py:925} INFO - DAG(s) 'raw_from_api_to_s3' retrieved from /opt/airflow/dags/raw_from_api_to_s3.py
[2026-04-14T21:57:57.190+0000] {logging_mixin.py:190} INFO - [2026-04-14T21:57:57.190+0000] {dag.py:3239} INFO - Sync 1 DAGs
[2026-04-14T21:57:57.200+0000] {logging_mixin.py:190} INFO - [2026-04-14T21:57:57.200+0000] {dag.py:4180} INFO - Setting next_dagrun for raw_from_api_to_s3 to 2026-04-14 00:00:00+00:00, run_after=2026-04-15 00:00:00+00:00
[2026-04-14T21:57:57.207+0000] {processor.py:208} INFO - Processing /opt/airflow/dags/raw_from_api_to_s3.py took 0.087 seconds
[2026-04-14T21:58:27.529+0000] {processor.py:186} INFO - Started process (PID=8328) to work on /opt/airflow/dags/raw_from_api_to_s3.py
[2026-04-14T21:58:27.531+0000] {processor.py:914} INFO - Processing file /opt/airflow/dags/raw_from_api_to_s3.py for tasks to queue
[2026-04-14T21:58:27.533+0000] {logging_mixin.py:190} INFO - [2026-04-14T21:58:27.533+0000] {dagbag.py:588} INFO - Filling up the DagBag from /opt/airflow/dags/raw_from_api_to_s3.py
[2026-04-14T21:58:27.582+0000] {processor.py:925} INFO - DAG(s) 'raw_from_api_to_s3' retrieved from /opt/airflow/dags/raw_from_api_to_s3.py
[2026-04-14T21:58:27.589+0000] {logging_mixin.py:190} INFO - [2026-04-14T21:58:27.588+0000] {dag.py:3239} INFO - Sync 1 DAGs
[2026-04-14T21:58:27.597+0000] {logging_mixin.py:190} INFO - [2026-04-14T21:58:27.597+0000] {dag.py:4180} INFO - Setting next_dagrun for raw_from_api_to_s3 to 2026-04-14 00:00:00+00:00, run_after=2026-04-15 00:00:00+00:00
[2026-04-14T21:58:27.604+0000] {processor.py:208} INFO - Processing /opt/airflow/dags/raw_from_api_to_s3.py took 0.080 seconds
[2026-04-14T21:58:57.878+0000] {processor.py:186} INFO - Started process (PID=8342) to work on /opt/airflow/dags/raw_from_api_to_s3.py
[2026-04-14T21:58:57.879+0000] {processor.py:914} INFO - Processing file /opt/airflow/dags/raw_from_api_to_s3.py for tasks to queue
[2026-04-14T21:58:57.881+0000] {logging_mixin.py:190} INFO - [2026-04-14T21:58:57.880+0000] {dagbag.py:588} INFO - Filling up the DagBag from /opt/airflow/dags/raw_from_api_to_s3.py
[2026-04-14T21:58:57.920+0000] {processor.py:925} INFO - DAG(s) 'raw_from_api_to_s3' retrieved from /opt/airflow/dags/raw_from_api_to_s3.py
[2026-04-14T21:58:57.927+0000] {logging_mixin.py:190} INFO - [2026-04-14T21:58:57.927+0000] {dag.py:3239} INFO - Sync 1 DAGs
[2026-04-14T21:58:57.936+0000] {logging_mixin.py:190} INFO - [2026-04-14T21:58:57.936+0000] {dag.py:4180} INFO - Setting next_dagrun for raw_from_api_to_s3 to 2026-04-14 00:00:00+00:00, run_after=2026-04-15 00:00:00+00:00
[2026-04-14T21:58:57.942+0000] {processor.py:208} INFO - Processing /opt/airflow/dags/raw_from_api_to_s3.py took 0.069 seconds
[2026-04-14T21:59:28.253+0000] {processor.py:186} INFO - Started process (PID=8356) to work on /opt/airflow/dags/raw_from_api_to_s3.py
[2026-04-14T21:59:28.254+0000] {processor.py:914} INFO - Processing file /opt/airflow/dags/raw_from_api_to_s3.py for tasks to queue
[2026-04-14T21:59:28.257+0000] {logging_mixin.py:190} INFO - [2026-04-14T21:59:28.257+0000] {dagbag.py:588} INFO - Filling up the DagBag from /opt/airflow/dags/raw_from_api_to_s3.py
[2026-04-14T21:59:28.305+0000] {processor.py:925} INFO - DAG(s) 'raw_from_api_to_s3' retrieved from /opt/airflow/dags/raw_from_api_to_s3.py
[2026-04-14T21:59:28.312+0000] {logging_mixin.py:190} INFO - [2026-04-14T21:59:28.312+0000] {dag.py:3239} INFO - Sync 1 DAGs
[2026-04-14T21:59:28.321+0000] {logging_mixin.py:190} INFO - [2026-04-14T21:59:28.321+0000] {dag.py:4180} INFO - Setting next_dagrun for raw_from_api_to_s3 to 2026-04-14 00:00:00+00:00, run_after=2026-04-15 00:00:00+00:00
[2026-04-14T21:59:28.328+0000] {processor.py:208} INFO - Processing /opt/airflow/dags/raw_from_api_to_s3.py took 0.080 seconds
[2026-04-14T21:59:58.569+0000] {processor.py:186} INFO - Started process (PID=8370) to work on /opt/airflow/dags/raw_from_api_to_s3.py
[2026-04-14T21:59:58.571+0000] {processor.py:914} INFO - Processing file /opt/airflow/dags/raw_from_api_to_s3.py for tasks to queue
[2026-04-14T21:59:58.574+0000] {logging_mixin.py:190} INFO - [2026-04-14T21:59:58.573+0000] {dagbag.py:588} INFO - Filling up the DagBag from /opt/airflow/dags/raw_from_api_to_s3.py
[2026-04-14T21:59:58.625+0000] {processor.py:925} INFO - DAG(s) 'raw_from_api_to_s3' retrieved from /opt/airflow/dags/raw_from_api_to_s3.py
[2026-04-14T21:59:58.633+0000] {logging_mixin.py:190} INFO - [2026-04-14T21:59:58.633+0000] {dag.py:3239} INFO - Sync 1 DAGs
[2026-04-14T21:59:58.642+0000] {logging_mixin.py:190} INFO - [2026-04-14T21:59:58.642+0000] {dag.py:4180} INFO - Setting next_dagrun for raw_from_api_to_s3 to 2026-04-14 00:00:00+00:00, run_after=2026-04-15 00:00:00+00:00
[2026-04-14T21:59:58.648+0000] {processor.py:208} INFO - Processing /opt/airflow/dags/raw_from_api_to_s3.py took 0.086 seconds
[2026-04-14T22:00:28.921+0000] {processor.py:186} INFO - Started process (PID=8384) to work on /opt/airflow/dags/raw_from_api_to_s3.py
[2026-04-14T22:00:28.922+0000] {processor.py:914} INFO - Processing file /opt/airflow/dags/raw_from_api_to_s3.py for tasks to queue
[2026-04-14T22:00:28.924+0000] {logging_mixin.py:190} INFO - [2026-04-14T22:00:28.923+0000] {dagbag.py:588} INFO - Filling up the DagBag from /opt/airflow/dags/raw_from_api_to_s3.py
[2026-04-14T22:00:28.970+0000] {processor.py:925} INFO - DAG(s) 'raw_from_api_to_s3' retrieved from /opt/airflow/dags/raw_from_api_to_s3.py
[2026-04-14T22:00:28.977+0000] {logging_mixin.py:190} INFO - [2026-04-14T22:00:28.977+0000] {dag.py:3239} INFO - Sync 1 DAGs
[2026-04-14T22:00:28.986+0000] {logging_mixin.py:190} INFO - [2026-04-14T22:00:28.986+0000] {dag.py:4180} INFO - Setting next_dagrun for raw_from_api_to_s3 to 2026-04-14 00:00:00+00:00, run_after=2026-04-15 00:00:00+00:00
[2026-04-14T22:00:28.992+0000] {processor.py:208} INFO - Processing /opt/airflow/dags/raw_from_api_to_s3.py took 0.077 seconds
[2026-04-14T22:00:59.239+0000] {processor.py:186} INFO - Started process (PID=8398) to work on /opt/airflow/dags/raw_from_api_to_s3.py
[2026-04-14T22:00:59.240+0000] {processor.py:914} INFO - Processing file /opt/airflow/dags/raw_from_api_to_s3.py for tasks to queue
[2026-04-14T22:00:59.243+0000] {logging_mixin.py:190} INFO - [2026-04-14T22:00:59.242+0000] {dagbag.py:588} INFO - Filling up the DagBag from /opt/airflow/dags/raw_from_api_to_s3.py
[2026-04-14T22:00:59.288+0000] {processor.py:925} INFO - DAG(s) 'raw_from_api_to_s3' retrieved from /opt/airflow/dags/raw_from_api_to_s3.py
[2026-04-14T22:00:59.295+0000] {logging_mixin.py:190} INFO - [2026-04-14T22:00:59.295+0000] {dag.py:3239} INFO - Sync 1 DAGs
[2026-04-14T22:00:59.303+0000] {logging_mixin.py:190} INFO - [2026-04-14T22:00:59.303+0000] {dag.py:4180} INFO - Setting next_dagrun for raw_from_api_to_s3 to 2026-04-14 00:00:00+00:00, run_after=2026-04-15 00:00:00+00:00
[2026-04-14T22:00:59.309+0000] {processor.py:208} INFO - Processing /opt/airflow/dags/raw_from_api_to_s3.py took 0.077 seconds
[2026-04-14T22:01:29.507+0000] {processor.py:186} INFO - Started process (PID=8412) to work on /opt/airflow/dags/raw_from_api_to_s3.py
[2026-04-14T22:01:29.508+0000] {processor.py:914} INFO - Processing file /opt/airflow/dags/raw_from_api_to_s3.py for tasks to queue
[2026-04-14T22:01:29.511+0000] {logging_mixin.py:190} INFO - [2026-04-14T22:01:29.511+0000] {dagbag.py:588} INFO - Filling up the DagBag from /opt/airflow/dags/raw_from_api_to_s3.py
[2026-04-14T22:01:29.596+0000] {processor.py:925} INFO - DAG(s) 'raw_from_api_to_s3' retrieved from /opt/airflow/dags/raw_from_api_to_s3.py
[2026-04-14T22:01:29.612+0000] {logging_mixin.py:190} INFO - [2026-04-14T22:01:29.612+0000] {dag.py:3239} INFO - Sync 1 DAGs
[2026-04-14T22:01:29.626+0000] {logging_mixin.py:190} INFO - [2026-04-14T22:01:29.626+0000] {dag.py:4180} INFO - Setting next_dagrun for raw_from_api_to_s3 to 2026-04-14 00:00:00+00:00, run_after=2026-04-15 00:00:00+00:00
[2026-04-14T22:01:29.633+0000] {processor.py:208} INFO - Processing /opt/airflow/dags/raw_from_api_to_s3.py took 0.132 seconds
[2026-04-14T22:01:59.856+0000] {processor.py:186} INFO - Started process (PID=8426) to work on /opt/airflow/dags/raw_from_api_to_s3.py
[2026-04-14T22:01:59.857+0000] {processor.py:914} INFO - Processing file /opt/airflow/dags/raw_from_api_to_s3.py for tasks to queue
[2026-04-14T22:01:59.861+0000] {logging_mixin.py:190} INFO - [2026-04-14T22:01:59.861+0000] {dagbag.py:588} INFO - Filling up the DagBag from /opt/airflow/dags/raw_from_api_to_s3.py
[2026-04-14T22:01:59.913+0000] {processor.py:925} INFO - DAG(s) 'raw_from_api_to_s3' retrieved from /opt/airflow/dags/raw_from_api_to_s3.py
[2026-04-14T22:01:59.921+0000] {logging_mixin.py:190} INFO - [2026-04-14T22:01:59.920+0000] {dag.py:3239} INFO - Sync 1 DAGs
[2026-04-14T22:01:59.930+0000] {logging_mixin.py:190} INFO - [2026-04-14T22:01:59.930+0000] {dag.py:4180} INFO - Setting next_dagrun for raw_from_api_to_s3 to 2026-04-14 00:00:00+00:00, run_after=2026-04-15 00:00:00+00:00
[2026-04-14T22:01:59.937+0000] {processor.py:208} INFO - Processing /opt/airflow/dags/raw_from_api_to_s3.py took 0.094 seconds
[2026-04-14T22:02:30.247+0000] {processor.py:186} INFO - Started process (PID=8440) to work on /opt/airflow/dags/raw_from_api_to_s3.py
[2026-04-14T22:02:30.248+0000] {processor.py:914} INFO - Processing file /opt/airflow/dags/raw_from_api_to_s3.py for tasks to queue
[2026-04-14T22:02:30.251+0000] {logging_mixin.py:190} INFO - [2026-04-14T22:02:30.250+0000] {dagbag.py:588} INFO - Filling up the DagBag from /opt/airflow/dags/raw_from_api_to_s3.py
[2026-04-14T22:02:30.299+0000] {processor.py:925} INFO - DAG(s) 'raw_from_api_to_s3' retrieved from /opt/airflow/dags/raw_from_api_to_s3.py
[2026-04-14T22:02:30.306+0000] {logging_mixin.py:190} INFO - [2026-04-14T22:02:30.306+0000] {dag.py:3239} INFO - Sync 1 DAGs
[2026-04-14T22:02:30.316+0000] {logging_mixin.py:190} INFO - [2026-04-14T22:02:30.316+0000] {dag.py:4180} INFO - Setting next_dagrun for raw_from_api_to_s3 to 2026-04-14 00:00:00+00:00, run_after=2026-04-15 00:00:00+00:00
[2026-04-14T22:02:30.323+0000] {processor.py:208} INFO - Processing /opt/airflow/dags/raw_from_api_to_s3.py took 0.081 seconds
[2026-04-14T22:03:00.592+0000] {processor.py:186} INFO - Started process (PID=8454) to work on /opt/airflow/dags/raw_from_api_to_s3.py
[2026-04-14T22:03:00.593+0000] {processor.py:914} INFO - Processing file /opt/airflow/dags/raw_from_api_to_s3.py for tasks to queue
[2026-04-14T22:03:00.595+0000] {logging_mixin.py:190} INFO - [2026-04-14T22:03:00.595+0000] {dagbag.py:588} INFO - Filling up the DagBag from /opt/airflow/dags/raw_from_api_to_s3.py
[2026-04-14T22:03:00.654+0000] {processor.py:925} INFO - DAG(s) 'raw_from_api_to_s3' retrieved from /opt/airflow/dags/raw_from_api_to_s3.py
[2026-04-14T22:03:00.662+0000] {logging_mixin.py:190} INFO - [2026-04-14T22:03:00.662+0000] {dag.py:3239} INFO - Sync 1 DAGs
[2026-04-14T22:03:00.672+0000] {logging_mixin.py:190} INFO - [2026-04-14T22:03:00.671+0000] {dag.py:4180} INFO - Setting next_dagrun for raw_from_api_to_s3 to 2026-04-14 00:00:00+00:00, run_after=2026-04-15 00:00:00+00:00
[2026-04-14T22:03:00.678+0000] {processor.py:208} INFO - Processing /opt/airflow/dags/raw_from_api_to_s3.py took 0.093 seconds
[2026-04-14T22:03:30.994+0000] {processor.py:186} INFO - Started process (PID=8468) to work on /opt/airflow/dags/raw_from_api_to_s3.py
[2026-04-14T22:03:30.994+0000] {processor.py:914} INFO - Processing file /opt/airflow/dags/raw_from_api_to_s3.py for tasks to queue
[2026-04-14T22:03:30.997+0000] {logging_mixin.py:190} INFO - [2026-04-14T22:03:30.996+0000] {dagbag.py:588} INFO - Filling up the DagBag from /opt/airflow/dags/raw_from_api_to_s3.py
[2026-04-14T22:03:31.044+0000] {processor.py:925} INFO - DAG(s) 'raw_from_api_to_s3' retrieved from /opt/airflow/dags/raw_from_api_to_s3.py
[2026-04-14T22:03:31.050+0000] {logging_mixin.py:190} INFO - [2026-04-14T22:03:31.050+0000] {dag.py:3239} INFO - Sync 1 DAGs
[2026-04-14T22:03:31.059+0000] {logging_mixin.py:190} INFO - [2026-04-14T22:03:31.059+0000] {dag.py:4180} INFO - Setting next_dagrun for raw_from_api_to_s3 to 2026-04-14 00:00:00+00:00, run_after=2026-04-15 00:00:00+00:00
[2026-04-14T22:03:31.065+0000] {processor.py:208} INFO - Processing /opt/airflow/dags/raw_from_api_to_s3.py took 0.077 seconds
[2026-04-14T22:04:01.402+0000] {processor.py:186} INFO - Started process (PID=8482) to work on /opt/airflow/dags/raw_from_api_to_s3.py
[2026-04-14T22:04:01.403+0000] {processor.py:914} INFO - Processing file /opt/airflow/dags/raw_from_api_to_s3.py for tasks to queue
[2026-04-14T22:04:01.404+0000] {logging_mixin.py:190} INFO - [2026-04-14T22:04:01.403+0000] {dagbag.py:588} INFO - Filling up the DagBag from /opt/airflow/dags/raw_from_api_to_s3.py
[2026-04-14T22:04:01.437+0000] {processor.py:925} INFO - DAG(s) 'raw_from_api_to_s3' retrieved from /opt/airflow/dags/raw_from_api_to_s3.py
[2026-04-14T22:04:01.443+0000] {logging_mixin.py:190} INFO - [2026-04-14T22:04:01.443+0000] {dag.py:3239} INFO - Sync 1 DAGs
[2026-04-14T22:04:01.452+0000] {logging_mixin.py:190} INFO - [2026-04-14T22:04:01.452+0000] {dag.py:4180} INFO - Setting next_dagrun for raw_from_api_to_s3 to 2026-04-14 00:00:00+00:00, run_after=2026-04-15 00:00:00+00:00
[2026-04-14T22:04:01.458+0000] {processor.py:208} INFO - Processing /opt/airflow/dags/raw_from_api_to_s3.py took 0.058 seconds
[2026-04-14T22:04:31.777+0000] {processor.py:186} INFO - Started process (PID=8496) to work on /opt/airflow/dags/raw_from_api_to_s3.py
[2026-04-14T22:04:31.778+0000] {processor.py:914} INFO - Processing file /opt/airflow/dags/raw_from_api_to_s3.py for tasks to queue
[2026-04-14T22:04:31.781+0000] {logging_mixin.py:190} INFO - [2026-04-14T22:04:31.780+0000] {dagbag.py:588} INFO - Filling up the DagBag from /opt/airflow/dags/raw_from_api_to_s3.py
[2026-04-14T22:04:31.825+0000] {processor.py:925} INFO - DAG(s) 'raw_from_api_to_s3' retrieved from /opt/airflow/dags/raw_from_api_to_s3.py
[2026-04-14T22:04:31.832+0000] {logging_mixin.py:190} INFO - [2026-04-14T22:04:31.832+0000] {dag.py:3239} INFO - Sync 1 DAGs
[2026-04-14T22:04:31.840+0000] {logging_mixin.py:190} INFO - [2026-04-14T22:04:31.840+0000] {dag.py:4180} INFO - Setting next_dagrun for raw_from_api_to_s3 to 2026-04-14 00:00:00+00:00, run_after=2026-04-15 00:00:00+00:00
[2026-04-14T22:04:31.847+0000] {processor.py:208} INFO - Processing /opt/airflow/dags/raw_from_api_to_s3.py took 0.077 seconds
[2026-04-14T22:05:02.120+0000] {processor.py:186} INFO - Started process (PID=8510) to work on /opt/airflow/dags/raw_from_api_to_s3.py
[2026-04-14T22:05:02.121+0000] {processor.py:914} INFO - Processing file /opt/airflow/dags/raw_from_api_to_s3.py for tasks to queue
[2026-04-14T22:05:02.123+0000] {logging_mixin.py:190} INFO - [2026-04-14T22:05:02.123+0000] {dagbag.py:588} INFO - Filling up the DagBag from /opt/airflow/dags/raw_from_api_to_s3.py
[2026-04-14T22:05:02.167+0000] {processor.py:925} INFO - DAG(s) 'raw_from_api_to_s3' retrieved from /opt/airflow/dags/raw_from_api_to_s3.py
[2026-04-14T22:05:02.174+0000] {logging_mixin.py:190} INFO - [2026-04-14T22:05:02.173+0000] {dag.py:3239} INFO - Sync 1 DAGs
[2026-04-14T22:05:02.183+0000] {logging_mixin.py:190} INFO - [2026-04-14T22:05:02.183+0000] {dag.py:4180} INFO - Setting next_dagrun for raw_from_api_to_s3 to 2026-04-14 00:00:00+00:00, run_after=2026-04-15 00:00:00+00:00
[2026-04-14T22:05:02.189+0000] {processor.py:208} INFO - Processing /opt/airflow/dags/raw_from_api_to_s3.py took 0.076 seconds
[2026-04-14T22:05:32.480+0000] {processor.py:186} INFO - Started process (PID=8524) to work on /opt/airflow/dags/raw_from_api_to_s3.py
[2026-04-14T22:05:32.481+0000] {processor.py:914} INFO - Processing file /opt/airflow/dags/raw_from_api_to_s3.py for tasks to queue
[2026-04-14T22:05:32.483+0000] {logging_mixin.py:190} INFO - [2026-04-14T22:05:32.483+0000] {dagbag.py:588} INFO - Filling up the DagBag from /opt/airflow/dags/raw_from_api_to_s3.py
[2026-04-14T22:05:32.531+0000] {processor.py:925} INFO - DAG(s) 'raw_from_api_to_s3' retrieved from /opt/airflow/dags/raw_from_api_to_s3.py
[2026-04-14T22:05:32.538+0000] {logging_mixin.py:190} INFO - [2026-04-14T22:05:32.538+0000] {dag.py:3239} INFO - Sync 1 DAGs
[2026-04-14T22:05:32.546+0000] {logging_mixin.py:190} INFO - [2026-04-14T22:05:32.546+0000] {dag.py:4180} INFO - Setting next_dagrun for raw_from_api_to_s3 to 2026-04-14 00:00:00+00:00, run_after=2026-04-15 00:00:00+00:00
[2026-04-14T22:05:32.552+0000] {processor.py:208} INFO - Processing /opt/airflow/dags/raw_from_api_to_s3.py took 0.079 seconds
[2026-04-14T22:06:02.812+0000] {processor.py:186} INFO - Started process (PID=8538) to work on /opt/airflow/dags/raw_from_api_to_s3.py
[2026-04-14T22:06:02.813+0000] {processor.py:914} INFO - Processing file /opt/airflow/dags/raw_from_api_to_s3.py for tasks to queue
[2026-04-14T22:06:02.817+0000] {logging_mixin.py:190} INFO - [2026-04-14T22:06:02.816+0000] {dagbag.py:588} INFO - Filling up the DagBag from /opt/airflow/dags/raw_from_api_to_s3.py
[2026-04-14T22:06:02.869+0000] {processor.py:925} INFO - DAG(s) 'raw_from_api_to_s3' retrieved from /opt/airflow/dags/raw_from_api_to_s3.py
[2026-04-14T22:06:02.875+0000] {logging_mixin.py:190} INFO - [2026-04-14T22:06:02.875+0000] {dag.py:3239} INFO - Sync 1 DAGs
[2026-04-14T22:06:02.884+0000] {logging_mixin.py:190} INFO - [2026-04-14T22:06:02.884+0000] {dag.py:4180} INFO - Setting next_dagrun for raw_from_api_to_s3 to 2026-04-14 00:00:00+00:00, run_after=2026-04-15 00:00:00+00:00
[2026-04-14T22:06:02.891+0000] {processor.py:208} INFO - Processing /opt/airflow/dags/raw_from_api_to_s3.py took 0.086 seconds
[2026-04-14T22:06:33.180+0000] {processor.py:186} INFO - Started process (PID=8552) to work on /opt/airflow/dags/raw_from_api_to_s3.py
[2026-04-14T22:06:33.181+0000] {processor.py:914} INFO - Processing file /opt/airflow/dags/raw_from_api_to_s3.py for tasks to queue
[2026-04-14T22:06:33.184+0000] {logging_mixin.py:190} INFO - [2026-04-14T22:06:33.183+0000] {dagbag.py:588} INFO - Filling up the DagBag from /opt/airflow/dags/raw_from_api_to_s3.py
[2026-04-14T22:06:33.244+0000] {processor.py:925} INFO - DAG(s) 'raw_from_api_to_s3' retrieved from /opt/airflow/dags/raw_from_api_to_s3.py
[2026-04-14T22:06:33.252+0000] {logging_mixin.py:190} INFO - [2026-04-14T22:06:33.252+0000] {dag.py:3239} INFO - Sync 1 DAGs
[2026-04-14T22:06:33.262+0000] {logging_mixin.py:190} INFO - [2026-04-14T22:06:33.262+0000] {dag.py:4180} INFO - Setting next_dagrun for raw_from_api_to_s3 to 2026-04-14 00:00:00+00:00, run_after=2026-04-15 00:00:00+00:00
[2026-04-14T22:06:33.269+0000] {processor.py:208} INFO - Processing /opt/airflow/dags/raw_from_api_to_s3.py took 0.095 seconds
[2026-04-14T22:07:03.568+0000] {processor.py:186} INFO - Started process (PID=8566) to work on /opt/airflow/dags/raw_from_api_to_s3.py
[2026-04-14T22:07:03.569+0000] {processor.py:914} INFO - Processing file /opt/airflow/dags/raw_from_api_to_s3.py for tasks to queue
[2026-04-14T22:07:03.572+0000] {logging_mixin.py:190} INFO - [2026-04-14T22:07:03.572+0000] {dagbag.py:588} INFO - Filling up the DagBag from /opt/airflow/dags/raw_from_api_to_s3.py
[2026-04-14T22:07:03.622+0000] {processor.py:925} INFO - DAG(s) 'raw_from_api_to_s3' retrieved from /opt/airflow/dags/raw_from_api_to_s3.py
[2026-04-14T22:07:03.628+0000] {logging_mixin.py:190} INFO - [2026-04-14T22:07:03.628+0000] {dag.py:3239} INFO - Sync 1 DAGs
[2026-04-14T22:07:03.637+0000] {logging_mixin.py:190} INFO - [2026-04-14T22:07:03.637+0000] {dag.py:4180} INFO - Setting next_dagrun for raw_from_api_to_s3 to 2026-04-14 00:00:00+00:00, run_after=2026-04-15 00:00:00+00:00
[2026-04-14T22:07:03.644+0000] {processor.py:208} INFO - Processing /opt/airflow/dags/raw_from_api_to_s3.py took 0.082 seconds
[2026-04-14T22:07:33.909+0000] {processor.py:186} INFO - Started process (PID=8580) to work on /opt/airflow/dags/raw_from_api_to_s3.py
[2026-04-14T22:07:33.909+0000] {processor.py:914} INFO - Processing file /opt/airflow/dags/raw_from_api_to_s3.py for tasks to queue
[2026-04-14T22:07:33.911+0000] {logging_mixin.py:190} INFO - [2026-04-14T22:07:33.910+0000] {dagbag.py:588} INFO - Filling up the DagBag from /opt/airflow/dags/raw_from_api_to_s3.py
[2026-04-14T22:07:33.945+0000] {processor.py:925} INFO - DAG(s) 'raw_from_api_to_s3' retrieved from /opt/airflow/dags/raw_from_api_to_s3.py
[2026-04-14T22:07:33.951+0000] {logging_mixin.py:190} INFO - [2026-04-14T22:07:33.951+0000] {dag.py:3239} INFO - Sync 1 DAGs
[2026-04-14T22:07:33.960+0000] {logging_mixin.py:190} INFO - [2026-04-14T22:07:33.960+0000] {dag.py:4180} INFO - Setting next_dagrun for raw_from_api_to_s3 to 2026-04-14 00:00:00+00:00, run_after=2026-04-15 00:00:00+00:00
[2026-04-14T22:07:33.965+0000] {processor.py:208} INFO - Processing /opt/airflow/dags/raw_from_api_to_s3.py took 0.060 seconds
[2026-04-14T22:08:04.229+0000] {processor.py:186} INFO - Started process (PID=8594) to work on /opt/airflow/dags/raw_from_api_to_s3.py
[2026-04-14T22:08:04.230+0000] {processor.py:914} INFO - Processing file /opt/airflow/dags/raw_from_api_to_s3.py for tasks to queue
[2026-04-14T22:08:04.232+0000] {logging_mixin.py:190} INFO - [2026-04-14T22:08:04.232+0000] {dagbag.py:588} INFO - Filling up the DagBag from /opt/airflow/dags/raw_from_api_to_s3.py
[2026-04-14T22:08:04.280+0000] {processor.py:925} INFO - DAG(s) 'raw_from_api_to_s3' retrieved from /opt/airflow/dags/raw_from_api_to_s3.py
[2026-04-14T22:08:04.287+0000] {logging_mixin.py:190} INFO - [2026-04-14T22:08:04.287+0000] {dag.py:3239} INFO - Sync 1 DAGs
[2026-04-14T22:08:04.296+0000] {logging_mixin.py:190} INFO - [2026-04-14T22:08:04.296+0000] {dag.py:4180} INFO - Setting next_dagrun for raw_from_api_to_s3 to 2026-04-14 00:00:00+00:00, run_after=2026-04-15 00:00:00+00:00
[2026-04-14T22:08:04.302+0000] {processor.py:208} INFO - Processing /opt/airflow/dags/raw_from_api_to_s3.py took 0.077 seconds
[2026-04-14T22:08:34.586+0000] {processor.py:186} INFO - Started process (PID=8608) to work on /opt/airflow/dags/raw_from_api_to_s3.py
[2026-04-14T22:08:34.587+0000] {processor.py:914} INFO - Processing file /opt/airflow/dags/raw_from_api_to_s3.py for tasks to queue
[2026-04-14T22:08:34.588+0000] {logging_mixin.py:190} INFO - [2026-04-14T22:08:34.588+0000] {dagbag.py:588} INFO - Filling up the DagBag from /opt/airflow/dags/raw_from_api_to_s3.py
[2026-04-14T22:08:34.627+0000] {processor.py:925} INFO - DAG(s) 'raw_from_api_to_s3' retrieved from /opt/airflow/dags/raw_from_api_to_s3.py
[2026-04-14T22:08:34.633+0000] {logging_mixin.py:190} INFO - [2026-04-14T22:08:34.633+0000] {dag.py:3239} INFO - Sync 1 DAGs
[2026-04-14T22:08:34.642+0000] {logging_mixin.py:190} INFO - [2026-04-14T22:08:34.642+0000] {dag.py:4180} INFO - Setting next_dagrun for raw_from_api_to_s3 to 2026-04-14 00:00:00+00:00, run_after=2026-04-15 00:00:00+00:00
[2026-04-14T22:08:34.648+0000] {processor.py:208} INFO - Processing /opt/airflow/dags/raw_from_api_to_s3.py took 0.066 seconds
[2026-04-14T22:09:04.943+0000] {processor.py:186} INFO - Started process (PID=8622) to work on /opt/airflow/dags/raw_from_api_to_s3.py
[2026-04-14T22:09:04.943+0000] {processor.py:914} INFO - Processing file /opt/airflow/dags/raw_from_api_to_s3.py for tasks to queue
[2026-04-14T22:09:04.944+0000] {logging_mixin.py:190} INFO - [2026-04-14T22:09:04.944+0000] {dagbag.py:588} INFO - Filling up the DagBag from /opt/airflow/dags/raw_from_api_to_s3.py
[2026-04-14T22:09:04.977+0000] {processor.py:925} INFO - DAG(s) 'raw_from_api_to_s3' retrieved from /opt/airflow/dags/raw_from_api_to_s3.py
[2026-04-14T22:09:04.983+0000] {logging_mixin.py:190} INFO - [2026-04-14T22:09:04.983+0000] {dag.py:3239} INFO - Sync 1 DAGs
[2026-04-14T22:09:04.992+0000] {logging_mixin.py:190} INFO - [2026-04-14T22:09:04.992+0000] {dag.py:4180} INFO - Setting next_dagrun for raw_from_api_to_s3 to 2026-04-14 00:00:00+00:00, run_after=2026-04-15 00:00:00+00:00
[2026-04-14T22:09:04.999+0000] {processor.py:208} INFO - Processing /opt/airflow/dags/raw_from_api_to_s3.py took 0.058 seconds
[2026-04-14T22:09:35.371+0000] {processor.py:186} INFO - Started process (PID=8636) to work on /opt/airflow/dags/raw_from_api_to_s3.py
[2026-04-14T22:09:35.372+0000] {processor.py:914} INFO - Processing file /opt/airflow/dags/raw_from_api_to_s3.py for tasks to queue
[2026-04-14T22:09:35.375+0000] {logging_mixin.py:190} INFO - [2026-04-14T22:09:35.375+0000] {dagbag.py:588} INFO - Filling up the DagBag from /opt/airflow/dags/raw_from_api_to_s3.py
[2026-04-14T22:09:35.425+0000] {processor.py:925} INFO - DAG(s) 'raw_from_api_to_s3' retrieved from /opt/airflow/dags/raw_from_api_to_s3.py
[2026-04-14T22:09:35.432+0000] {logging_mixin.py:190} INFO - [2026-04-14T22:09:35.432+0000] {dag.py:3239} INFO - Sync 1 DAGs
[2026-04-14T22:09:35.441+0000] {logging_mixin.py:190} INFO - [2026-04-14T22:09:35.441+0000] {dag.py:4180} INFO - Setting next_dagrun for raw_from_api_to_s3 to 2026-04-14 00:00:00+00:00, run_after=2026-04-15 00:00:00+00:00
[2026-04-14T22:09:35.448+0000] {processor.py:208} INFO - Processing /opt/airflow/dags/raw_from_api_to_s3.py took 0.083 seconds
[2026-04-14T22:10:05.646+0000] {processor.py:186} INFO - Started process (PID=8650) to work on /opt/airflow/dags/raw_from_api_to_s3.py
[2026-04-14T22:10:05.646+0000] {processor.py:914} INFO - Processing file /opt/airflow/dags/raw_from_api_to_s3.py for tasks to queue
[2026-04-14T22:10:05.650+0000] {logging_mixin.py:190} INFO - [2026-04-14T22:10:05.649+0000] {dagbag.py:588} INFO - Filling up the DagBag from /opt/airflow/dags/raw_from_api_to_s3.py
[2026-04-14T22:10:05.698+0000] {processor.py:925} INFO - DAG(s) 'raw_from_api_to_s3' retrieved from /opt/airflow/dags/raw_from_api_to_s3.py
[2026-04-14T22:10:05.704+0000] {logging_mixin.py:190} INFO - [2026-04-14T22:10:05.704+0000] {dag.py:3239} INFO - Sync 1 DAGs
[2026-04-14T22:10:05.714+0000] {logging_mixin.py:190} INFO - [2026-04-14T22:10:05.714+0000] {dag.py:4180} INFO - Setting next_dagrun for raw_from_api_to_s3 to 2026-04-14 00:00:00+00:00, run_after=2026-04-15 00:00:00+00:00
[2026-04-14T22:10:05.721+0000] {processor.py:208} INFO - Processing /opt/airflow/dags/raw_from_api_to_s3.py took 0.083 seconds
[2026-04-14T22:10:36.034+0000] {processor.py:186} INFO - Started process (PID=8664) to work on /opt/airflow/dags/raw_from_api_to_s3.py
[2026-04-14T22:10:36.036+0000] {processor.py:914} INFO - Processing file /opt/airflow/dags/raw_from_api_to_s3.py for tasks to queue
[2026-04-14T22:10:36.038+0000] {logging_mixin.py:190} INFO - [2026-04-14T22:10:36.038+0000] {dagbag.py:588} INFO - Filling up the DagBag from /opt/airflow/dags/raw_from_api_to_s3.py
[2026-04-14T22:10:36.104+0000] {processor.py:925} INFO - DAG(s) 'raw_from_api_to_s3' retrieved from /opt/airflow/dags/raw_from_api_to_s3.py
[2026-04-14T22:10:36.113+0000] {logging_mixin.py:190} INFO - [2026-04-14T22:10:36.112+0000] {dag.py:3239} INFO - Sync 1 DAGs
[2026-04-14T22:10:36.124+0000] {logging_mixin.py:190} INFO - [2026-04-14T22:10:36.123+0000] {dag.py:4180} INFO - Setting next_dagrun for raw_from_api_to_s3 to 2026-04-14 00:00:00+00:00, run_after=2026-04-15 00:00:00+00:00
[2026-04-14T22:10:36.130+0000] {processor.py:208} INFO - Processing /opt/airflow/dags/raw_from_api_to_s3.py took 0.104 seconds
[2026-04-14T22:11:06.455+0000] {processor.py:186} INFO - Started process (PID=8678) to work on /opt/airflow/dags/raw_from_api_to_s3.py
[2026-04-14T22:11:06.456+0000] {processor.py:914} INFO - Processing file /opt/airflow/dags/raw_from_api_to_s3.py for tasks to queue
[2026-04-14T22:11:06.459+0000] {logging_mixin.py:190} INFO - [2026-04-14T22:11:06.459+0000] {dagbag.py:588} INFO - Filling up the DagBag from /opt/airflow/dags/raw_from_api_to_s3.py
[2026-04-14T22:11:06.512+0000] {processor.py:925} INFO - DAG(s) 'raw_from_api_to_s3' retrieved from /opt/airflow/dags/raw_from_api_to_s3.py
[2026-04-14T22:11:06.519+0000] {logging_mixin.py:190} INFO - [2026-04-14T22:11:06.519+0000] {dag.py:3239} INFO - Sync 1 DAGs
[2026-04-14T22:11:06.528+0000] {logging_mixin.py:190} INFO - [2026-04-14T22:11:06.528+0000] {dag.py:4180} INFO - Setting next_dagrun for raw_from_api_to_s3 to 2026-04-14 00:00:00+00:00, run_after=2026-04-15 00:00:00+00:00
[2026-04-14T22:11:06.535+0000] {processor.py:208} INFO - Processing /opt/airflow/dags/raw_from_api_to_s3.py took 0.088 seconds
[2026-04-14T22:11:36.845+0000] {processor.py:186} INFO - Started process (PID=8692) to work on /opt/airflow/dags/raw_from_api_to_s3.py
[2026-04-14T22:11:36.846+0000] {processor.py:914} INFO - Processing file /opt/airflow/dags/raw_from_api_to_s3.py for tasks to queue
[2026-04-14T22:11:36.848+0000] {logging_mixin.py:190} INFO - [2026-04-14T22:11:36.848+0000] {dagbag.py:588} INFO - Filling up the DagBag from /opt/airflow/dags/raw_from_api_to_s3.py
[2026-04-14T22:11:36.894+0000] {processor.py:925} INFO - DAG(s) 'raw_from_api_to_s3' retrieved from /opt/airflow/dags/raw_from_api_to_s3.py
[2026-04-14T22:11:36.901+0000] {logging_mixin.py:190} INFO - [2026-04-14T22:11:36.900+0000] {dag.py:3239} INFO - Sync 1 DAGs
[2026-04-14T22:11:36.909+0000] {logging_mixin.py:190} INFO - [2026-04-14T22:11:36.909+0000] {dag.py:4180} INFO - Setting next_dagrun for raw_from_api_to_s3 to 2026-04-14 00:00:00+00:00, run_after=2026-04-15 00:00:00+00:00
[2026-04-14T22:11:36.915+0000] {processor.py:208} INFO - Processing /opt/airflow/dags/raw_from_api_to_s3.py took 0.075 seconds
[2026-04-14T22:12:07.245+0000] {processor.py:186} INFO - Started process (PID=8706) to work on /opt/airflow/dags/raw_from_api_to_s3.py
[2026-04-14T22:12:07.246+0000] {processor.py:914} INFO - Processing file /opt/airflow/dags/raw_from_api_to_s3.py for tasks to queue
[2026-04-14T22:12:07.248+0000] {logging_mixin.py:190} INFO - [2026-04-14T22:12:07.248+0000] {dagbag.py:588} INFO - Filling up the DagBag from /opt/airflow/dags/raw_from_api_to_s3.py
[2026-04-14T22:12:07.297+0000] {processor.py:925} INFO - DAG(s) 'raw_from_api_to_s3' retrieved from /opt/airflow/dags/raw_from_api_to_s3.py
[2026-04-14T22:12:07.303+0000] {logging_mixin.py:190} INFO - [2026-04-14T22:12:07.303+0000] {dag.py:3239} INFO - Sync 1 DAGs
[2026-04-14T22:12:07.312+0000] {logging_mixin.py:190} INFO - [2026-04-14T22:12:07.312+0000] {dag.py:4180} INFO - Setting next_dagrun for raw_from_api_to_s3 to 2026-04-14 00:00:00+00:00, run_after=2026-04-15 00:00:00+00:00
[2026-04-14T22:12:07.318+0000] {processor.py:208} INFO - Processing /opt/airflow/dags/raw_from_api_to_s3.py took 0.080 seconds
[2026-04-14T22:12:37.597+0000] {processor.py:186} INFO - Started process (PID=8720) to work on /opt/airflow/dags/raw_from_api_to_s3.py
[2026-04-14T22:12:37.597+0000] {processor.py:914} INFO - Processing file /opt/airflow/dags/raw_from_api_to_s3.py for tasks to queue
[2026-04-14T22:12:37.600+0000] {logging_mixin.py:190} INFO - [2026-04-14T22:12:37.599+0000] {dagbag.py:588} INFO - Filling up the DagBag from /opt/airflow/dags/raw_from_api_to_s3.py
[2026-04-14T22:12:37.645+0000] {processor.py:925} INFO - DAG(s) 'raw_from_api_to_s3' retrieved from /opt/airflow/dags/raw_from_api_to_s3.py
[2026-04-14T22:12:37.652+0000] {logging_mixin.py:190} INFO - [2026-04-14T22:12:37.651+0000] {dag.py:3239} INFO - Sync 1 DAGs
[2026-04-14T22:12:37.660+0000] {logging_mixin.py:190} INFO - [2026-04-14T22:12:37.660+0000] {dag.py:4180} INFO - Setting next_dagrun for raw_from_api_to_s3 to 2026-04-14 00:00:00+00:00, run_after=2026-04-15 00:00:00+00:00
[2026-04-14T22:12:37.667+0000] {processor.py:208} INFO - Processing /opt/airflow/dags/raw_from_api_to_s3.py took 0.077 seconds
[2026-04-14T22:13:07.950+0000] {processor.py:186} INFO - Started process (PID=8734) to work on /opt/airflow/dags/raw_from_api_to_s3.py
[2026-04-14T22:13:07.951+0000] {processor.py:914} INFO - Processing file /opt/airflow/dags/raw_from_api_to_s3.py for tasks to queue
[2026-04-14T22:13:07.955+0000] {logging_mixin.py:190} INFO - [2026-04-14T22:13:07.955+0000] {dagbag.py:588} INFO - Filling up the DagBag from /opt/airflow/dags/raw_from_api_to_s3.py
[2026-04-14T22:13:08.007+0000] {processor.py:925} INFO - DAG(s) 'raw_from_api_to_s3' retrieved from /opt/airflow/dags/raw_from_api_to_s3.py
[2026-04-14T22:13:08.014+0000] {logging_mixin.py:190} INFO - [2026-04-14T22:13:08.014+0000] {dag.py:3239} INFO - Sync 1 DAGs
[2026-04-14T22:13:08.024+0000] {logging_mixin.py:190} INFO - [2026-04-14T22:13:08.024+0000] {dag.py:4180} INFO - Setting next_dagrun for raw_from_api_to_s3 to 2026-04-14 00:00:00+00:00, run_after=2026-04-15 00:00:00+00:00
[2026-04-14T22:13:08.031+0000] {processor.py:208} INFO - Processing /opt/airflow/dags/raw_from_api_to_s3.py took 0.089 seconds
[2026-04-14T22:13:38.305+0000] {processor.py:186} INFO - Started process (PID=8748) to work on /opt/airflow/dags/raw_from_api_to_s3.py
[2026-04-14T22:13:38.306+0000] {processor.py:914} INFO - Processing file /opt/airflow/dags/raw_from_api_to_s3.py for tasks to queue
[2026-04-14T22:13:38.308+0000] {logging_mixin.py:190} INFO - [2026-04-14T22:13:38.308+0000] {dagbag.py:588} INFO - Filling up the DagBag from /opt/airflow/dags/raw_from_api_to_s3.py
[2026-04-14T22:13:38.359+0000] {processor.py:925} INFO - DAG(s) 'raw_from_api_to_s3' retrieved from /opt/airflow/dags/raw_from_api_to_s3.py
[2026-04-14T22:13:38.366+0000] {logging_mixin.py:190} INFO - [2026-04-14T22:13:38.366+0000] {dag.py:3239} INFO - Sync 1 DAGs
[2026-04-14T22:13:38.375+0000] {logging_mixin.py:190} INFO - [2026-04-14T22:13:38.375+0000] {dag.py:4180} INFO - Setting next_dagrun for raw_from_api_to_s3 to 2026-04-14 00:00:00+00:00, run_after=2026-04-15 00:00:00+00:00
[2026-04-14T22:13:38.381+0000] {processor.py:208} INFO - Processing /opt/airflow/dags/raw_from_api_to_s3.py took 0.082 seconds
[2026-04-14T22:14:08.692+0000] {processor.py:186} INFO - Started process (PID=8762) to work on /opt/airflow/dags/raw_from_api_to_s3.py
[2026-04-14T22:14:08.693+0000] {processor.py:914} INFO - Processing file /opt/airflow/dags/raw_from_api_to_s3.py for tasks to queue
[2026-04-14T22:14:08.695+0000] {logging_mixin.py:190} INFO - [2026-04-14T22:14:08.695+0000] {dagbag.py:588} INFO - Filling up the DagBag from /opt/airflow/dags/raw_from_api_to_s3.py
[2026-04-14T22:14:08.743+0000] {processor.py:925} INFO - DAG(s) 'raw_from_api_to_s3' retrieved from /opt/airflow/dags/raw_from_api_to_s3.py
[2026-04-14T22:14:08.750+0000] {logging_mixin.py:190} INFO - [2026-04-14T22:14:08.750+0000] {dag.py:3239} INFO - Sync 1 DAGs
[2026-04-14T22:14:08.760+0000] {logging_mixin.py:190} INFO - [2026-04-14T22:14:08.759+0000] {dag.py:4180} INFO - Setting next_dagrun for raw_from_api_to_s3 to 2026-04-14 00:00:00+00:00, run_after=2026-04-15 00:00:00+00:00
[2026-04-14T22:14:08.766+0000] {processor.py:208} INFO - Processing /opt/airflow/dags/raw_from_api_to_s3.py took 0.080 seconds
[2026-04-14T22:14:39.084+0000] {processor.py:186} INFO - Started process (PID=8776) to work on /opt/airflow/dags/raw_from_api_to_s3.py
[2026-04-14T22:14:39.085+0000] {processor.py:914} INFO - Processing file /opt/airflow/dags/raw_from_api_to_s3.py for tasks to queue
[2026-04-14T22:14:39.087+0000] {logging_mixin.py:190} INFO - [2026-04-14T22:14:39.087+0000] {dagbag.py:588} INFO - Filling up the DagBag from /opt/airflow/dags/raw_from_api_to_s3.py
[2026-04-14T22:14:39.138+0000] {processor.py:925} INFO - DAG(s) 'raw_from_api_to_s3' retrieved from /opt/airflow/dags/raw_from_api_to_s3.py
[2026-04-14T22:14:39.146+0000] {logging_mixin.py:190} INFO - [2026-04-14T22:14:39.146+0000] {dag.py:3239} INFO - Sync 1 DAGs
[2026-04-14T22:14:39.156+0000] {logging_mixin.py:190} INFO - [2026-04-14T22:14:39.155+0000] {dag.py:4180} INFO - Setting next_dagrun for raw_from_api_to_s3 to 2026-04-14 00:00:00+00:00, run_after=2026-04-15 00:00:00+00:00
[2026-04-14T22:14:39.162+0000] {processor.py:208} INFO - Processing /opt/airflow/dags/raw_from_api_to_s3.py took 0.084 seconds
[2026-04-14T22:15:09.456+0000] {processor.py:186} INFO - Started process (PID=8790) to work on /opt/airflow/dags/raw_from_api_to_s3.py
[2026-04-14T22:15:09.457+0000] {processor.py:914} INFO - Processing file /opt/airflow/dags/raw_from_api_to_s3.py for tasks to queue
[2026-04-14T22:15:09.460+0000] {logging_mixin.py:190} INFO - [2026-04-14T22:15:09.459+0000] {dagbag.py:588} INFO - Filling up the DagBag from /opt/airflow/dags/raw_from_api_to_s3.py
[2026-04-14T22:15:09.512+0000] {processor.py:925} INFO - DAG(s) 'raw_from_api_to_s3' retrieved from /opt/airflow/dags/raw_from_api_to_s3.py
[2026-04-14T22:15:09.519+0000] {logging_mixin.py:190} INFO - [2026-04-14T22:15:09.519+0000] {dag.py:3239} INFO - Sync 1 DAGs
[2026-04-14T22:15:09.529+0000] {logging_mixin.py:190} INFO - [2026-04-14T22:15:09.528+0000] {dag.py:4180} INFO - Setting next_dagrun for raw_from_api_to_s3 to 2026-04-14 00:00:00+00:00, run_after=2026-04-15 00:00:00+00:00
[2026-04-14T22:15:09.535+0000] {processor.py:208} INFO - Processing /opt/airflow/dags/raw_from_api_to_s3.py took 0.087 seconds
[2026-04-14T22:15:39.735+0000] {processor.py:186} INFO - Started process (PID=8804) to work on /opt/airflow/dags/raw_from_api_to_s3.py
[2026-04-14T22:15:39.736+0000] {processor.py:914} INFO - Processing file /opt/airflow/dags/raw_from_api_to_s3.py for tasks to queue
[2026-04-14T22:15:39.738+0000] {logging_mixin.py:190} INFO - [2026-04-14T22:15:39.738+0000] {dagbag.py:588} INFO - Filling up the DagBag from /opt/airflow/dags/raw_from_api_to_s3.py
[2026-04-14T22:15:39.783+0000] {processor.py:925} INFO - DAG(s) 'raw_from_api_to_s3' retrieved from /opt/airflow/dags/raw_from_api_to_s3.py
[2026-04-14T22:15:39.789+0000] {logging_mixin.py:190} INFO - [2026-04-14T22:15:39.789+0000] {dag.py:3239} INFO - Sync 1 DAGs
[2026-04-14T22:15:39.798+0000] {logging_mixin.py:190} INFO - [2026-04-14T22:15:39.798+0000] {dag.py:4180} INFO - Setting next_dagrun for raw_from_api_to_s3 to 2026-04-14 00:00:00+00:00, run_after=2026-04-15 00:00:00+00:00
[2026-04-14T22:15:39.804+0000] {processor.py:208} INFO - Processing /opt/airflow/dags/raw_from_api_to_s3.py took 0.075 seconds
[2026-04-14T22:16:10.134+0000] {processor.py:186} INFO - Started process (PID=8818) to work on /opt/airflow/dags/raw_from_api_to_s3.py
[2026-04-14T22:16:10.135+0000] {processor.py:914} INFO - Processing file /opt/airflow/dags/raw_from_api_to_s3.py for tasks to queue
[2026-04-14T22:16:10.138+0000] {logging_mixin.py:190} INFO - [2026-04-14T22:16:10.137+0000] {dagbag.py:588} INFO - Filling up the DagBag from /opt/airflow/dags/raw_from_api_to_s3.py
[2026-04-14T22:16:10.188+0000] {processor.py:925} INFO - DAG(s) 'raw_from_api_to_s3' retrieved from /opt/airflow/dags/raw_from_api_to_s3.py
[2026-04-14T22:16:10.195+0000] {logging_mixin.py:190} INFO - [2026-04-14T22:16:10.195+0000] {dag.py:3239} INFO - Sync 1 DAGs
[2026-04-14T22:16:10.205+0000] {logging_mixin.py:190} INFO - [2026-04-14T22:16:10.204+0000] {dag.py:4180} INFO - Setting next_dagrun for raw_from_api_to_s3 to 2026-04-14 00:00:00+00:00, run_after=2026-04-15 00:00:00+00:00
[2026-04-14T22:16:10.211+0000] {processor.py:208} INFO - Processing /opt/airflow/dags/raw_from_api_to_s3.py took 0.084 seconds
[2026-04-14T22:16:40.462+0000] {processor.py:186} INFO - Started process (PID=8832) to work on /opt/airflow/dags/raw_from_api_to_s3.py
[2026-04-14T22:16:40.463+0000] {processor.py:914} INFO - Processing file /opt/airflow/dags/raw_from_api_to_s3.py for tasks to queue
[2026-04-14T22:16:40.465+0000] {logging_mixin.py:190} INFO - [2026-04-14T22:16:40.465+0000] {dagbag.py:588} INFO - Filling up the DagBag from /opt/airflow/dags/raw_from_api_to_s3.py
[2026-04-14T22:16:40.513+0000] {processor.py:925} INFO - DAG(s) 'raw_from_api_to_s3' retrieved from /opt/airflow/dags/raw_from_api_to_s3.py
[2026-04-14T22:16:40.520+0000] {logging_mixin.py:190} INFO - [2026-04-14T22:16:40.520+0000] {dag.py:3239} INFO - Sync 1 DAGs
[2026-04-14T22:16:40.529+0000] {logging_mixin.py:190} INFO - [2026-04-14T22:16:40.529+0000] {dag.py:4180} INFO - Setting next_dagrun for raw_from_api_to_s3 to 2026-04-14 00:00:00+00:00, run_after=2026-04-15 00:00:00+00:00
[2026-04-14T22:16:40.535+0000] {processor.py:208} INFO - Processing /opt/airflow/dags/raw_from_api_to_s3.py took 0.080 seconds
[2026-04-14T22:17:10.834+0000] {processor.py:186} INFO - Started process (PID=8846) to work on /opt/airflow/dags/raw_from_api_to_s3.py
[2026-04-14T22:17:10.835+0000] {processor.py:914} INFO - Processing file /opt/airflow/dags/raw_from_api_to_s3.py for tasks to queue
[2026-04-14T22:17:10.837+0000] {logging_mixin.py:190} INFO - [2026-04-14T22:17:10.837+0000] {dagbag.py:588} INFO - Filling up the DagBag from /opt/airflow/dags/raw_from_api_to_s3.py
[2026-04-14T22:17:10.886+0000] {processor.py:925} INFO - DAG(s) 'raw_from_api_to_s3' retrieved from /opt/airflow/dags/raw_from_api_to_s3.py
[2026-04-14T22:17:10.893+0000] {logging_mixin.py:190} INFO - [2026-04-14T22:17:10.893+0000] {dag.py:3239} INFO - Sync 1 DAGs
[2026-04-14T22:17:10.901+0000] {logging_mixin.py:190} INFO - [2026-04-14T22:17:10.901+0000] {dag.py:4180} INFO - Setting next_dagrun for raw_from_api_to_s3 to 2026-04-14 00:00:00+00:00, run_after=2026-04-15 00:00:00+00:00
[2026-04-14T22:17:10.908+0000] {processor.py:208} INFO - Processing /opt/airflow/dags/raw_from_api_to_s3.py took 0.080 seconds
[2026-04-14T22:17:41.198+0000] {processor.py:186} INFO - Started process (PID=8860) to work on /opt/airflow/dags/raw_from_api_to_s3.py
[2026-04-14T22:17:41.199+0000] {processor.py:914} INFO - Processing file /opt/airflow/dags/raw_from_api_to_s3.py for tasks to queue
[2026-04-14T22:17:41.201+0000] {logging_mixin.py:190} INFO - [2026-04-14T22:17:41.200+0000] {dagbag.py:588} INFO - Filling up the DagBag from /opt/airflow/dags/raw_from_api_to_s3.py
[2026-04-14T22:17:41.244+0000] {processor.py:925} INFO - DAG(s) 'raw_from_api_to_s3' retrieved from /opt/airflow/dags/raw_from_api_to_s3.py
[2026-04-14T22:17:41.250+0000] {logging_mixin.py:190} INFO - [2026-04-14T22:17:41.250+0000] {dag.py:3239} INFO - Sync 1 DAGs
[2026-04-14T22:17:41.259+0000] {logging_mixin.py:190} INFO - [2026-04-14T22:17:41.259+0000] {dag.py:4180} INFO - Setting next_dagrun for raw_from_api_to_s3 to 2026-04-14 00:00:00+00:00, run_after=2026-04-15 00:00:00+00:00
[2026-04-14T22:17:41.265+0000] {processor.py:208} INFO - Processing /opt/airflow/dags/raw_from_api_to_s3.py took 0.073 seconds
[2026-04-14T22:18:11.601+0000] {processor.py:186} INFO - Started process (PID=8874) to work on /opt/airflow/dags/raw_from_api_to_s3.py
[2026-04-14T22:18:11.602+0000] {processor.py:914} INFO - Processing file /opt/airflow/dags/raw_from_api_to_s3.py for tasks to queue
[2026-04-14T22:18:11.606+0000] {logging_mixin.py:190} INFO - [2026-04-14T22:18:11.605+0000] {dagbag.py:588} INFO - Filling up the DagBag from /opt/airflow/dags/raw_from_api_to_s3.py
[2026-04-14T22:18:11.663+0000] {processor.py:925} INFO - DAG(s) 'raw_from_api_to_s3' retrieved from /opt/airflow/dags/raw_from_api_to_s3.py
[2026-04-14T22:18:11.671+0000] {logging_mixin.py:190} INFO - [2026-04-14T22:18:11.671+0000] {dag.py:3239} INFO - Sync 1 DAGs
[2026-04-14T22:18:11.681+0000] {logging_mixin.py:190} INFO - [2026-04-14T22:18:11.680+0000] {dag.py:4180} INFO - Setting next_dagrun for raw_from_api_to_s3 to 2026-04-14 00:00:00+00:00, run_after=2026-04-15 00:00:00+00:00
[2026-04-14T22:18:11.688+0000] {processor.py:208} INFO - Processing /opt/airflow/dags/raw_from_api_to_s3.py took 0.095 seconds
[2026-04-14T22:18:41.960+0000] {processor.py:186} INFO - Started process (PID=8888) to work on /opt/airflow/dags/raw_from_api_to_s3.py
[2026-04-14T22:18:41.961+0000] {processor.py:914} INFO - Processing file /opt/airflow/dags/raw_from_api_to_s3.py for tasks to queue
[2026-04-14T22:18:41.964+0000] {logging_mixin.py:190} INFO - [2026-04-14T22:18:41.963+0000] {dagbag.py:588} INFO - Filling up the DagBag from /opt/airflow/dags/raw_from_api_to_s3.py
[2026-04-14T22:18:42.012+0000] {processor.py:925} INFO - DAG(s) 'raw_from_api_to_s3' retrieved from /opt/airflow/dags/raw_from_api_to_s3.py
[2026-04-14T22:18:42.019+0000] {logging_mixin.py:190} INFO - [2026-04-14T22:18:42.019+0000] {dag.py:3239} INFO - Sync 1 DAGs
[2026-04-14T22:18:42.028+0000] {logging_mixin.py:190} INFO - [2026-04-14T22:18:42.028+0000] {dag.py:4180} INFO - Setting next_dagrun for raw_from_api_to_s3 to 2026-04-14 00:00:00+00:00, run_after=2026-04-15 00:00:00+00:00
[2026-04-14T22:18:42.034+0000] {processor.py:208} INFO - Processing /opt/airflow/dags/raw_from_api_to_s3.py took 0.080 seconds
[2026-04-14T22:19:12.302+0000] {processor.py:186} INFO - Started process (PID=8902) to work on /opt/airflow/dags/raw_from_api_to_s3.py
[2026-04-14T22:19:12.303+0000] {processor.py:914} INFO - Processing file /opt/airflow/dags/raw_from_api_to_s3.py for tasks to queue
[2026-04-14T22:19:12.306+0000] {logging_mixin.py:190} INFO - [2026-04-14T22:19:12.305+0000] {dagbag.py:588} INFO - Filling up the DagBag from /opt/airflow/dags/raw_from_api_to_s3.py
[2026-04-14T22:19:12.355+0000] {processor.py:925} INFO - DAG(s) 'raw_from_api_to_s3' retrieved from /opt/airflow/dags/raw_from_api_to_s3.py
[2026-04-14T22:19:12.361+0000] {logging_mixin.py:190} INFO - [2026-04-14T22:19:12.361+0000] {dag.py:3239} INFO - Sync 1 DAGs
[2026-04-14T22:19:12.370+0000] {logging_mixin.py:190} INFO - [2026-04-14T22:19:12.370+0000] {dag.py:4180} INFO - Setting next_dagrun for raw_from_api_to_s3 to 2026-04-14 00:00:00+00:00, run_after=2026-04-15 00:00:00+00:00
[2026-04-14T22:19:12.377+0000] {processor.py:208} INFO - Processing /opt/airflow/dags/raw_from_api_to_s3.py took 0.081 seconds
[2026-04-14T22:19:42.632+0000] {processor.py:186} INFO - Started process (PID=8916) to work on /opt/airflow/dags/raw_from_api_to_s3.py
[2026-04-14T22:19:42.632+0000] {processor.py:914} INFO - Processing file /opt/airflow/dags/raw_from_api_to_s3.py for tasks to queue
[2026-04-14T22:19:42.635+0000] {logging_mixin.py:190} INFO - [2026-04-14T22:19:42.635+0000] {dagbag.py:588} INFO - Filling up the DagBag from /opt/airflow/dags/raw_from_api_to_s3.py
[2026-04-14T22:19:42.683+0000] {processor.py:925} INFO - DAG(s) 'raw_from_api_to_s3' retrieved from /opt/airflow/dags/raw_from_api_to_s3.py
[2026-04-14T22:19:42.690+0000] {logging_mixin.py:190} INFO - [2026-04-14T22:19:42.690+0000] {dag.py:3239} INFO - Sync 1 DAGs
[2026-04-14T22:19:42.698+0000] {logging_mixin.py:190} INFO - [2026-04-14T22:19:42.698+0000] {dag.py:4180} INFO - Setting next_dagrun for raw_from_api_to_s3 to 2026-04-14 00:00:00+00:00, run_after=2026-04-15 00:00:00+00:00
[2026-04-14T22:19:42.705+0000] {processor.py:208} INFO - Processing /opt/airflow/dags/raw_from_api_to_s3.py took 0.079 seconds
[2026-04-14T22:20:12.942+0000] {processor.py:186} INFO - Started process (PID=8930) to work on /opt/airflow/dags/raw_from_api_to_s3.py
[2026-04-14T22:20:12.943+0000] {processor.py:914} INFO - Processing file /opt/airflow/dags/raw_from_api_to_s3.py for tasks to queue
[2026-04-14T22:20:12.945+0000] {logging_mixin.py:190} INFO - [2026-04-14T22:20:12.945+0000] {dagbag.py:588} INFO - Filling up the DagBag from /opt/airflow/dags/raw_from_api_to_s3.py
[2026-04-14T22:20:12.994+0000] {processor.py:925} INFO - DAG(s) 'raw_from_api_to_s3' retrieved from /opt/airflow/dags/raw_from_api_to_s3.py
[2026-04-14T22:20:13.000+0000] {logging_mixin.py:190} INFO - [2026-04-14T22:20:13.000+0000] {dag.py:3239} INFO - Sync 1 DAGs
[2026-04-14T22:20:13.009+0000] {logging_mixin.py:190} INFO - [2026-04-14T22:20:13.009+0000] {dag.py:4180} INFO - Setting next_dagrun for raw_from_api_to_s3 to 2026-04-14 00:00:00+00:00, run_after=2026-04-15 00:00:00+00:00
[2026-04-14T22:20:13.015+0000] {processor.py:208} INFO - Processing /opt/airflow/dags/raw_from_api_to_s3.py took 0.080 seconds
[2026-04-14T22:20:43.313+0000] {processor.py:186} INFO - Started process (PID=8944) to work on /opt/airflow/dags/raw_from_api_to_s3.py
[2026-04-14T22:20:43.314+0000] {processor.py:914} INFO - Processing file /opt/airflow/dags/raw_from_api_to_s3.py for tasks to queue
[2026-04-14T22:20:43.317+0000] {logging_mixin.py:190} INFO - [2026-04-14T22:20:43.317+0000] {dagbag.py:588} INFO - Filling up the DagBag from /opt/airflow/dags/raw_from_api_to_s3.py
[2026-04-14T22:20:43.370+0000] {processor.py:925} INFO - DAG(s) 'raw_from_api_to_s3' retrieved from /opt/airflow/dags/raw_from_api_to_s3.py
[2026-04-14T22:20:43.377+0000] {logging_mixin.py:190} INFO - [2026-04-14T22:20:43.377+0000] {dag.py:3239} INFO - Sync 1 DAGs
[2026-04-14T22:20:43.387+0000] {logging_mixin.py:190} INFO - [2026-04-14T22:20:43.387+0000] {dag.py:4180} INFO - Setting next_dagrun for raw_from_api_to_s3 to 2026-04-14 00:00:00+00:00, run_after=2026-04-15 00:00:00+00:00
[2026-04-14T22:20:43.394+0000] {processor.py:208} INFO - Processing /opt/airflow/dags/raw_from_api_to_s3.py took 0.088 seconds
[2026-04-14T22:21:13.656+0000] {processor.py:186} INFO - Started process (PID=8958) to work on /opt/airflow/dags/raw_from_api_to_s3.py
[2026-04-14T22:21:13.657+0000] {processor.py:914} INFO - Processing file /opt/airflow/dags/raw_from_api_to_s3.py for tasks to queue
[2026-04-14T22:21:13.658+0000] {logging_mixin.py:190} INFO - [2026-04-14T22:21:13.658+0000] {dagbag.py:588} INFO - Filling up the DagBag from /opt/airflow/dags/raw_from_api_to_s3.py
[2026-04-14T22:21:13.693+0000] {processor.py:925} INFO - DAG(s) 'raw_from_api_to_s3' retrieved from /opt/airflow/dags/raw_from_api_to_s3.py
[2026-04-14T22:21:13.700+0000] {logging_mixin.py:190} INFO - [2026-04-14T22:21:13.700+0000] {dag.py:3239} INFO - Sync 1 DAGs
[2026-04-14T22:21:13.709+0000] {logging_mixin.py:190} INFO - [2026-04-14T22:21:13.709+0000] {dag.py:4180} INFO - Setting next_dagrun for raw_from_api_to_s3 to 2026-04-14 00:00:00+00:00, run_after=2026-04-15 00:00:00+00:00
[2026-04-14T22:21:13.715+0000] {processor.py:208} INFO - Processing /opt/airflow/dags/raw_from_api_to_s3.py took 0.063 seconds
[2026-04-14T22:21:43.996+0000] {processor.py:186} INFO - Started process (PID=8972) to work on /opt/airflow/dags/raw_from_api_to_s3.py
[2026-04-14T22:21:43.997+0000] {processor.py:914} INFO - Processing file /opt/airflow/dags/raw_from_api_to_s3.py for tasks to queue
[2026-04-14T22:21:43.999+0000] {logging_mixin.py:190} INFO - [2026-04-14T22:21:43.999+0000] {dagbag.py:588} INFO - Filling up the DagBag from /opt/airflow/dags/raw_from_api_to_s3.py
[2026-04-14T22:21:44.048+0000] {processor.py:925} INFO - DAG(s) 'raw_from_api_to_s3' retrieved from /opt/airflow/dags/raw_from_api_to_s3.py
[2026-04-14T22:21:44.055+0000] {logging_mixin.py:190} INFO - [2026-04-14T22:21:44.055+0000] {dag.py:3239} INFO - Sync 1 DAGs
[2026-04-14T22:21:44.065+0000] {logging_mixin.py:190} INFO - [2026-04-14T22:21:44.065+0000] {dag.py:4180} INFO - Setting next_dagrun for raw_from_api_to_s3 to 2026-04-14 00:00:00+00:00, run_after=2026-04-15 00:00:00+00:00
[2026-04-14T22:21:44.072+0000] {processor.py:208} INFO - Processing /opt/airflow/dags/raw_from_api_to_s3.py took 0.079 seconds
[2026-04-14T22:22:14.369+0000] {processor.py:186} INFO - Started process (PID=8986) to work on /opt/airflow/dags/raw_from_api_to_s3.py
[2026-04-14T22:22:14.370+0000] {processor.py:914} INFO - Processing file /opt/airflow/dags/raw_from_api_to_s3.py for tasks to queue
[2026-04-14T22:22:14.372+0000] {logging_mixin.py:190} INFO - [2026-04-14T22:22:14.371+0000] {dagbag.py:588} INFO - Filling up the DagBag from /opt/airflow/dags/raw_from_api_to_s3.py
[2026-04-14T22:22:14.422+0000] {processor.py:925} INFO - DAG(s) 'raw_from_api_to_s3' retrieved from /opt/airflow/dags/raw_from_api_to_s3.py
[2026-04-14T22:22:14.430+0000] {logging_mixin.py:190} INFO - [2026-04-14T22:22:14.430+0000] {dag.py:3239} INFO - Sync 1 DAGs
[2026-04-14T22:22:14.440+0000] {logging_mixin.py:190} INFO - [2026-04-14T22:22:14.440+0000] {dag.py:4180} INFO - Setting next_dagrun for raw_from_api_to_s3 to 2026-04-14 00:00:00+00:00, run_after=2026-04-15 00:00:00+00:00
[2026-04-14T22:22:14.447+0000] {processor.py:208} INFO - Processing /opt/airflow/dags/raw_from_api_to_s3.py took 0.085 seconds
[2026-04-14T22:22:44.722+0000] {processor.py:186} INFO - Started process (PID=9000) to work on /opt/airflow/dags/raw_from_api_to_s3.py
[2026-04-14T22:22:44.723+0000] {processor.py:914} INFO - Processing file /opt/airflow/dags/raw_from_api_to_s3.py for tasks to queue
[2026-04-14T22:22:44.725+0000] {logging_mixin.py:190} INFO - [2026-04-14T22:22:44.725+0000] {dagbag.py:588} INFO - Filling up the DagBag from /opt/airflow/dags/raw_from_api_to_s3.py
[2026-04-14T22:22:44.774+0000] {processor.py:925} INFO - DAG(s) 'raw_from_api_to_s3' retrieved from /opt/airflow/dags/raw_from_api_to_s3.py
[2026-04-14T22:22:44.781+0000] {logging_mixin.py:190} INFO - [2026-04-14T22:22:44.781+0000] {dag.py:3239} INFO - Sync 1 DAGs
[2026-04-14T22:22:44.790+0000] {logging_mixin.py:190} INFO - [2026-04-14T22:22:44.790+0000] {dag.py:4180} INFO - Setting next_dagrun for raw_from_api_to_s3 to 2026-04-14 00:00:00+00:00, run_after=2026-04-15 00:00:00+00:00
[2026-04-14T22:22:44.797+0000] {processor.py:208} INFO - Processing /opt/airflow/dags/raw_from_api_to_s3.py took 0.081 seconds
[2026-04-14T22:23:15.099+0000] {processor.py:186} INFO - Started process (PID=9014) to work on /opt/airflow/dags/raw_from_api_to_s3.py
[2026-04-14T22:23:15.100+0000] {processor.py:914} INFO - Processing file /opt/airflow/dags/raw_from_api_to_s3.py for tasks to queue
[2026-04-14T22:23:15.102+0000] {logging_mixin.py:190} INFO - [2026-04-14T22:23:15.102+0000] {dagbag.py:588} INFO - Filling up the DagBag from /opt/airflow/dags/raw_from_api_to_s3.py
[2026-04-14T22:23:15.150+0000] {processor.py:925} INFO - DAG(s) 'raw_from_api_to_s3' retrieved from /opt/airflow/dags/raw_from_api_to_s3.py
[2026-04-14T22:23:15.156+0000] {logging_mixin.py:190} INFO - [2026-04-14T22:23:15.156+0000] {dag.py:3239} INFO - Sync 1 DAGs
[2026-04-14T22:23:15.165+0000] {logging_mixin.py:190} INFO - [2026-04-14T22:23:15.165+0000] {dag.py:4180} INFO - Setting next_dagrun for raw_from_api_to_s3 to 2026-04-14 00:00:00+00:00, run_after=2026-04-15 00:00:00+00:00
[2026-04-14T22:23:15.171+0000] {processor.py:208} INFO - Processing /opt/airflow/dags/raw_from_api_to_s3.py took 0.078 seconds
[2026-04-14T22:23:45.427+0000] {processor.py:186} INFO - Started process (PID=9028) to work on /opt/airflow/dags/raw_from_api_to_s3.py
[2026-04-14T22:23:45.428+0000] {processor.py:914} INFO - Processing file /opt/airflow/dags/raw_from_api_to_s3.py for tasks to queue
[2026-04-14T22:23:45.430+0000] {logging_mixin.py:190} INFO - [2026-04-14T22:23:45.430+0000] {dagbag.py:588} INFO - Filling up the DagBag from /opt/airflow/dags/raw_from_api_to_s3.py
[2026-04-14T22:23:45.477+0000] {processor.py:925} INFO - DAG(s) 'raw_from_api_to_s3' retrieved from /opt/airflow/dags/raw_from_api_to_s3.py
[2026-04-14T22:23:45.484+0000] {logging_mixin.py:190} INFO - [2026-04-14T22:23:45.484+0000] {dag.py:3239} INFO - Sync 1 DAGs
[2026-04-14T22:23:45.492+0000] {logging_mixin.py:190} INFO - [2026-04-14T22:23:45.492+0000] {dag.py:4180} INFO - Setting next_dagrun for raw_from_api_to_s3 to 2026-04-14 00:00:00+00:00, run_after=2026-04-15 00:00:00+00:00
[2026-04-14T22:23:45.499+0000] {processor.py:208} INFO - Processing /opt/airflow/dags/raw_from_api_to_s3.py took 0.080 seconds
[2026-04-14T22:24:15.830+0000] {processor.py:186} INFO - Started process (PID=9042) to work on /opt/airflow/dags/raw_from_api_to_s3.py
[2026-04-14T22:24:15.831+0000] {processor.py:914} INFO - Processing file /opt/airflow/dags/raw_from_api_to_s3.py for tasks to queue
[2026-04-14T22:24:15.834+0000] {logging_mixin.py:190} INFO - [2026-04-14T22:24:15.834+0000] {dagbag.py:588} INFO - Filling up the DagBag from /opt/airflow/dags/raw_from_api_to_s3.py
[2026-04-14T22:24:15.882+0000] {processor.py:925} INFO - DAG(s) 'raw_from_api_to_s3' retrieved from /opt/airflow/dags/raw_from_api_to_s3.py
[2026-04-14T22:24:15.888+0000] {logging_mixin.py:190} INFO - [2026-04-14T22:24:15.888+0000] {dag.py:3239} INFO - Sync 1 DAGs
[2026-04-14T22:24:15.898+0000] {logging_mixin.py:190} INFO - [2026-04-14T22:24:15.897+0000] {dag.py:4180} INFO - Setting next_dagrun for raw_from_api_to_s3 to 2026-04-14 00:00:00+00:00, run_after=2026-04-15 00:00:00+00:00
[2026-04-14T22:24:15.904+0000] {processor.py:208} INFO - Processing /opt/airflow/dags/raw_from_api_to_s3.py took 0.080 seconds
[2026-04-14T22:24:46.196+0000] {processor.py:186} INFO - Started process (PID=9056) to work on /opt/airflow/dags/raw_from_api_to_s3.py
[2026-04-14T22:24:46.197+0000] {processor.py:914} INFO - Processing file /opt/airflow/dags/raw_from_api_to_s3.py for tasks to queue
[2026-04-14T22:24:46.200+0000] {logging_mixin.py:190} INFO - [2026-04-14T22:24:46.200+0000] {dagbag.py:588} INFO - Filling up the DagBag from /opt/airflow/dags/raw_from_api_to_s3.py
[2026-04-14T22:24:46.250+0000] {processor.py:925} INFO - DAG(s) 'raw_from_api_to_s3' retrieved from /opt/airflow/dags/raw_from_api_to_s3.py
[2026-04-14T22:24:46.257+0000] {logging_mixin.py:190} INFO - [2026-04-14T22:24:46.257+0000] {dag.py:3239} INFO - Sync 1 DAGs
[2026-04-14T22:24:46.266+0000] {logging_mixin.py:190} INFO - [2026-04-14T22:24:46.266+0000] {dag.py:4180} INFO - Setting next_dagrun for raw_from_api_to_s3 to 2026-04-14 00:00:00+00:00, run_after=2026-04-15 00:00:00+00:00
[2026-04-14T22:24:46.272+0000] {processor.py:208} INFO - Processing /opt/airflow/dags/raw_from_api_to_s3.py took 0.083 seconds
[2026-04-14T22:25:16.548+0000] {processor.py:186} INFO - Started process (PID=9070) to work on /opt/airflow/dags/raw_from_api_to_s3.py
[2026-04-14T22:25:16.549+0000] {processor.py:914} INFO - Processing file /opt/airflow/dags/raw_from_api_to_s3.py for tasks to queue
[2026-04-14T22:25:16.551+0000] {logging_mixin.py:190} INFO - [2026-04-14T22:25:16.551+0000] {dagbag.py:588} INFO - Filling up the DagBag from /opt/airflow/dags/raw_from_api_to_s3.py
[2026-04-14T22:25:16.597+0000] {processor.py:925} INFO - DAG(s) 'raw_from_api_to_s3' retrieved from /opt/airflow/dags/raw_from_api_to_s3.py
[2026-04-14T22:25:16.604+0000] {logging_mixin.py:190} INFO - [2026-04-14T22:25:16.603+0000] {dag.py:3239} INFO - Sync 1 DAGs
[2026-04-14T22:25:16.612+0000] {logging_mixin.py:190} INFO - [2026-04-14T22:25:16.612+0000] {dag.py:4180} INFO - Setting next_dagrun for raw_from_api_to_s3 to 2026-04-14 00:00:00+00:00, run_after=2026-04-15 00:00:00+00:00
[2026-04-14T22:25:16.619+0000] {processor.py:208} INFO - Processing /opt/airflow/dags/raw_from_api_to_s3.py took 0.077 seconds
[2026-04-14T22:25:46.832+0000] {processor.py:186} INFO - Started process (PID=9084) to work on /opt/airflow/dags/raw_from_api_to_s3.py
[2026-04-14T22:25:46.833+0000] {processor.py:914} INFO - Processing file /opt/airflow/dags/raw_from_api_to_s3.py for tasks to queue
[2026-04-14T22:25:46.836+0000] {logging_mixin.py:190} INFO - [2026-04-14T22:25:46.835+0000] {dagbag.py:588} INFO - Filling up the DagBag from /opt/airflow/dags/raw_from_api_to_s3.py
[2026-04-14T22:25:46.884+0000] {processor.py:925} INFO - DAG(s) 'raw_from_api_to_s3' retrieved from /opt/airflow/dags/raw_from_api_to_s3.py
[2026-04-14T22:25:46.890+0000] {logging_mixin.py:190} INFO - [2026-04-14T22:25:46.890+0000] {dag.py:3239} INFO - Sync 1 DAGs
[2026-04-14T22:25:46.899+0000] {logging_mixin.py:190} INFO - [2026-04-14T22:25:46.899+0000] {dag.py:4180} INFO - Setting next_dagrun for raw_from_api_to_s3 to 2026-04-14 00:00:00+00:00, run_after=2026-04-15 00:00:00+00:00
[2026-04-14T22:25:46.905+0000] {processor.py:208} INFO - Processing /opt/airflow/dags/raw_from_api_to_s3.py took 0.082 seconds
[2026-04-14T22:26:17.164+0000] {processor.py:186} INFO - Started process (PID=9098) to work on /opt/airflow/dags/raw_from_api_to_s3.py
[2026-04-14T22:26:17.165+0000] {processor.py:914} INFO - Processing file /opt/airflow/dags/raw_from_api_to_s3.py for tasks to queue
[2026-04-14T22:26:17.168+0000] {logging_mixin.py:190} INFO - [2026-04-14T22:26:17.167+0000] {dagbag.py:588} INFO - Filling up the DagBag from /opt/airflow/dags/raw_from_api_to_s3.py
[2026-04-14T22:26:17.223+0000] {processor.py:925} INFO - DAG(s) 'raw_from_api_to_s3' retrieved from /opt/airflow/dags/raw_from_api_to_s3.py
[2026-04-14T22:26:17.231+0000] {logging_mixin.py:190} INFO - [2026-04-14T22:26:17.231+0000] {dag.py:3239} INFO - Sync 1 DAGs
[2026-04-14T22:26:17.241+0000] {logging_mixin.py:190} INFO - [2026-04-14T22:26:17.241+0000] {dag.py:4180} INFO - Setting next_dagrun for raw_from_api_to_s3 to 2026-04-14 00:00:00+00:00, run_after=2026-04-15 00:00:00+00:00
[2026-04-14T22:26:17.249+0000] {processor.py:208} INFO - Processing /opt/airflow/dags/raw_from_api_to_s3.py took 0.092 seconds
[2026-04-14T22:26:47.486+0000] {processor.py:186} INFO - Started process (PID=9112) to work on /opt/airflow/dags/raw_from_api_to_s3.py
[2026-04-14T22:26:47.487+0000] {processor.py:914} INFO - Processing file /opt/airflow/dags/raw_from_api_to_s3.py for tasks to queue
[2026-04-14T22:26:47.489+0000] {logging_mixin.py:190} INFO - [2026-04-14T22:26:47.489+0000] {dagbag.py:588} INFO - Filling up the DagBag from /opt/airflow/dags/raw_from_api_to_s3.py
[2026-04-14T22:26:47.539+0000] {processor.py:925} INFO - DAG(s) 'raw_from_api_to_s3' retrieved from /opt/airflow/dags/raw_from_api_to_s3.py
[2026-04-14T22:26:47.546+0000] {logging_mixin.py:190} INFO - [2026-04-14T22:26:47.546+0000] {dag.py:3239} INFO - Sync 1 DAGs
[2026-04-14T22:26:47.556+0000] {logging_mixin.py:190} INFO - [2026-04-14T22:26:47.556+0000] {dag.py:4180} INFO - Setting next_dagrun for raw_from_api_to_s3 to 2026-04-14 00:00:00+00:00, run_after=2026-04-15 00:00:00+00:00
[2026-04-14T22:26:47.562+0000] {processor.py:208} INFO - Processing /opt/airflow/dags/raw_from_api_to_s3.py took 0.085 seconds
[2026-04-14T22:27:17.938+0000] {processor.py:186} INFO - Started process (PID=9126) to work on /opt/airflow/dags/raw_from_api_to_s3.py
[2026-04-14T22:27:17.938+0000] {processor.py:914} INFO - Processing file /opt/airflow/dags/raw_from_api_to_s3.py for tasks to queue
[2026-04-14T22:27:17.941+0000] {logging_mixin.py:190} INFO - [2026-04-14T22:27:17.941+0000] {dagbag.py:588} INFO - Filling up the DagBag from /opt/airflow/dags/raw_from_api_to_s3.py
[2026-04-14T22:27:17.995+0000] {processor.py:925} INFO - DAG(s) 'raw_from_api_to_s3' retrieved from /opt/airflow/dags/raw_from_api_to_s3.py
[2026-04-14T22:27:18.002+0000] {logging_mixin.py:190} INFO - [2026-04-14T22:27:18.002+0000] {dag.py:3239} INFO - Sync 1 DAGs
[2026-04-14T22:27:18.011+0000] {logging_mixin.py:190} INFO - [2026-04-14T22:27:18.011+0000] {dag.py:4180} INFO - Setting next_dagrun for raw_from_api_to_s3 to 2026-04-14 00:00:00+00:00, run_after=2026-04-15 00:00:00+00:00
[2026-04-14T22:27:18.018+0000] {processor.py:208} INFO - Processing /opt/airflow/dags/raw_from_api_to_s3.py took 0.088 seconds
[2026-04-14T22:27:48.300+0000] {processor.py:186} INFO - Started process (PID=9140) to work on /opt/airflow/dags/raw_from_api_to_s3.py
[2026-04-14T22:27:48.301+0000] {processor.py:914} INFO - Processing file /opt/airflow/dags/raw_from_api_to_s3.py for tasks to queue
[2026-04-14T22:27:48.304+0000] {logging_mixin.py:190} INFO - [2026-04-14T22:27:48.304+0000] {dagbag.py:588} INFO - Filling up the DagBag from /opt/airflow/dags/raw_from_api_to_s3.py
[2026-04-14T22:27:48.357+0000] {processor.py:925} INFO - DAG(s) 'raw_from_api_to_s3' retrieved from /opt/airflow/dags/raw_from_api_to_s3.py
[2026-04-14T22:27:48.364+0000] {logging_mixin.py:190} INFO - [2026-04-14T22:27:48.364+0000] {dag.py:3239} INFO - Sync 1 DAGs
[2026-04-14T22:27:48.374+0000] {logging_mixin.py:190} INFO - [2026-04-14T22:27:48.374+0000] {dag.py:4180} INFO - Setting next_dagrun for raw_from_api_to_s3 to 2026-04-14 00:00:00+00:00, run_after=2026-04-15 00:00:00+00:00
[2026-04-14T22:27:48.380+0000] {processor.py:208} INFO - Processing /opt/airflow/dags/raw_from_api_to_s3.py took 0.089 seconds
[2026-04-14T22:28:18.732+0000] {processor.py:186} INFO - Started process (PID=9154) to work on /opt/airflow/dags/raw_from_api_to_s3.py
[2026-04-14T22:28:18.732+0000] {processor.py:914} INFO - Processing file /opt/airflow/dags/raw_from_api_to_s3.py for tasks to queue
[2026-04-14T22:28:18.734+0000] {logging_mixin.py:190} INFO - [2026-04-14T22:28:18.733+0000] {dagbag.py:588} INFO - Filling up the DagBag from /opt/airflow/dags/raw_from_api_to_s3.py
[2026-04-14T22:28:18.788+0000] {processor.py:925} INFO - DAG(s) 'raw_from_api_to_s3' retrieved from /opt/airflow/dags/raw_from_api_to_s3.py
[2026-04-14T22:28:18.799+0000] {logging_mixin.py:190} INFO - [2026-04-14T22:28:18.799+0000] {dag.py:3239} INFO - Sync 1 DAGs
[2026-04-14T22:28:18.817+0000] {logging_mixin.py:190} INFO - [2026-04-14T22:28:18.816+0000] {dag.py:4180} INFO - Setting next_dagrun for raw_from_api_to_s3 to 2026-04-14 00:00:00+00:00, run_after=2026-04-15 00:00:00+00:00
[2026-04-14T22:28:18.825+0000] {processor.py:208} INFO - Processing /opt/airflow/dags/raw_from_api_to_s3.py took 0.096 seconds
[2026-04-14T22:28:49.115+0000] {processor.py:186} INFO - Started process (PID=9174) to work on /opt/airflow/dags/raw_from_api_to_s3.py
[2026-04-14T22:28:49.116+0000] {processor.py:914} INFO - Processing file /opt/airflow/dags/raw_from_api_to_s3.py for tasks to queue
[2026-04-14T22:28:49.120+0000] {logging_mixin.py:190} INFO - [2026-04-14T22:28:49.119+0000] {dagbag.py:588} INFO - Filling up the DagBag from /opt/airflow/dags/raw_from_api_to_s3.py
[2026-04-14T22:28:49.164+0000] {processor.py:925} INFO - DAG(s) 'raw_from_api_to_s3' retrieved from /opt/airflow/dags/raw_from_api_to_s3.py
[2026-04-14T22:28:49.170+0000] {logging_mixin.py:190} INFO - [2026-04-14T22:28:49.170+0000] {dag.py:3239} INFO - Sync 1 DAGs
[2026-04-14T22:28:49.180+0000] {logging_mixin.py:190} INFO - [2026-04-14T22:28:49.180+0000] {dag.py:4180} INFO - Setting next_dagrun for raw_from_api_to_s3 to 2026-04-14 00:00:00+00:00, run_after=2026-04-15 00:00:00+00:00
[2026-04-14T22:28:49.186+0000] {processor.py:208} INFO - Processing /opt/airflow/dags/raw_from_api_to_s3.py took 0.077 seconds
[2026-04-14T22:29:19.497+0000] {processor.py:186} INFO - Started process (PID=9188) to work on /opt/airflow/dags/raw_from_api_to_s3.py
[2026-04-14T22:29:19.498+0000] {processor.py:914} INFO - Processing file /opt/airflow/dags/raw_from_api_to_s3.py for tasks to queue
[2026-04-14T22:29:19.500+0000] {logging_mixin.py:190} INFO - [2026-04-14T22:29:19.500+0000] {dagbag.py:588} INFO - Filling up the DagBag from /opt/airflow/dags/raw_from_api_to_s3.py
[2026-04-14T22:29:19.549+0000] {processor.py:925} INFO - DAG(s) 'raw_from_api_to_s3' retrieved from /opt/airflow/dags/raw_from_api_to_s3.py
[2026-04-14T22:29:19.555+0000] {logging_mixin.py:190} INFO - [2026-04-14T22:29:19.555+0000] {dag.py:3239} INFO - Sync 1 DAGs
[2026-04-14T22:29:19.564+0000] {logging_mixin.py:190} INFO - [2026-04-14T22:29:19.564+0000] {dag.py:4180} INFO - Setting next_dagrun for raw_from_api_to_s3 to 2026-04-14 00:00:00+00:00, run_after=2026-04-15 00:00:00+00:00
[2026-04-14T22:29:19.571+0000] {processor.py:208} INFO - Processing /opt/airflow/dags/raw_from_api_to_s3.py took 0.080 seconds
[2026-04-14T22:29:49.836+0000] {processor.py:186} INFO - Started process (PID=9202) to work on /opt/airflow/dags/raw_from_api_to_s3.py
[2026-04-14T22:29:49.837+0000] {processor.py:914} INFO - Processing file /opt/airflow/dags/raw_from_api_to_s3.py for tasks to queue
[2026-04-14T22:29:49.840+0000] {logging_mixin.py:190} INFO - [2026-04-14T22:29:49.839+0000] {dagbag.py:588} INFO - Filling up the DagBag from /opt/airflow/dags/raw_from_api_to_s3.py
[2026-04-14T22:29:49.887+0000] {processor.py:925} INFO - DAG(s) 'raw_from_api_to_s3' retrieved from /opt/airflow/dags/raw_from_api_to_s3.py
[2026-04-14T22:29:49.894+0000] {logging_mixin.py:190} INFO - [2026-04-14T22:29:49.894+0000] {dag.py:3239} INFO - Sync 1 DAGs
[2026-04-14T22:29:49.903+0000] {logging_mixin.py:190} INFO - [2026-04-14T22:29:49.903+0000] {dag.py:4180} INFO - Setting next_dagrun for raw_from_api_to_s3 to 2026-04-14 00:00:00+00:00, run_after=2026-04-15 00:00:00+00:00
[2026-04-14T22:29:49.909+0000] {processor.py:208} INFO - Processing /opt/airflow/dags/raw_from_api_to_s3.py took 0.079 seconds
[2026-04-14T22:30:20.180+0000] {processor.py:186} INFO - Started process (PID=9216) to work on /opt/airflow/dags/raw_from_api_to_s3.py
[2026-04-14T22:30:20.181+0000] {processor.py:914} INFO - Processing file /opt/airflow/dags/raw_from_api_to_s3.py for tasks to queue
[2026-04-14T22:30:20.183+0000] {logging_mixin.py:190} INFO - [2026-04-14T22:30:20.183+0000] {dagbag.py:588} INFO - Filling up the DagBag from /opt/airflow/dags/raw_from_api_to_s3.py
[2026-04-14T22:30:20.231+0000] {processor.py:925} INFO - DAG(s) 'raw_from_api_to_s3' retrieved from /opt/airflow/dags/raw_from_api_to_s3.py
[2026-04-14T22:30:20.238+0000] {logging_mixin.py:190} INFO - [2026-04-14T22:30:20.238+0000] {dag.py:3239} INFO - Sync 1 DAGs
[2026-04-14T22:30:20.246+0000] {logging_mixin.py:190} INFO - [2026-04-14T22:30:20.246+0000] {dag.py:4180} INFO - Setting next_dagrun for raw_from_api_to_s3 to 2026-04-14 00:00:00+00:00, run_after=2026-04-15 00:00:00+00:00
[2026-04-14T22:30:20.253+0000] {processor.py:208} INFO - Processing /opt/airflow/dags/raw_from_api_to_s3.py took 0.078 seconds
[2026-04-14T22:30:50.510+0000] {processor.py:186} INFO - Started process (PID=9230) to work on /opt/airflow/dags/raw_from_api_to_s3.py
[2026-04-14T22:30:50.511+0000] {processor.py:914} INFO - Processing file /opt/airflow/dags/raw_from_api_to_s3.py for tasks to queue
[2026-04-14T22:30:50.514+0000] {logging_mixin.py:190} INFO - [2026-04-14T22:30:50.513+0000] {dagbag.py:588} INFO - Filling up the DagBag from /opt/airflow/dags/raw_from_api_to_s3.py
[2026-04-14T22:30:50.561+0000] {processor.py:925} INFO - DAG(s) 'raw_from_api_to_s3' retrieved from /opt/airflow/dags/raw_from_api_to_s3.py
[2026-04-14T22:30:50.568+0000] {logging_mixin.py:190} INFO - [2026-04-14T22:30:50.568+0000] {dag.py:3239} INFO - Sync 1 DAGs
[2026-04-14T22:30:50.577+0000] {logging_mixin.py:190} INFO - [2026-04-14T22:30:50.577+0000] {dag.py:4180} INFO - Setting next_dagrun for raw_from_api_to_s3 to 2026-04-14 00:00:00+00:00, run_after=2026-04-15 00:00:00+00:00
[2026-04-14T22:30:50.583+0000] {processor.py:208} INFO - Processing /opt/airflow/dags/raw_from_api_to_s3.py took 0.080 seconds
[2026-04-14T22:31:20.902+0000] {processor.py:186} INFO - Started process (PID=9244) to work on /opt/airflow/dags/raw_from_api_to_s3.py
[2026-04-14T22:31:20.903+0000] {processor.py:914} INFO - Processing file /opt/airflow/dags/raw_from_api_to_s3.py for tasks to queue
[2026-04-14T22:31:20.907+0000] {logging_mixin.py:190} INFO - [2026-04-14T22:31:20.906+0000] {dagbag.py:588} INFO - Filling up the DagBag from /opt/airflow/dags/raw_from_api_to_s3.py
[2026-04-14T22:31:20.965+0000] {processor.py:925} INFO - DAG(s) 'raw_from_api_to_s3' retrieved from /opt/airflow/dags/raw_from_api_to_s3.py
[2026-04-14T22:31:20.973+0000] {logging_mixin.py:190} INFO - [2026-04-14T22:31:20.973+0000] {dag.py:3239} INFO - Sync 1 DAGs
[2026-04-14T22:31:20.982+0000] {logging_mixin.py:190} INFO - [2026-04-14T22:31:20.982+0000] {dag.py:4180} INFO - Setting next_dagrun for raw_from_api_to_s3 to 2026-04-14 00:00:00+00:00, run_after=2026-04-15 00:00:00+00:00
[2026-04-14T22:31:20.989+0000] {processor.py:208} INFO - Processing /opt/airflow/dags/raw_from_api_to_s3.py took 0.096 seconds
[2026-04-14T22:31:51.260+0000] {processor.py:186} INFO - Started process (PID=9258) to work on /opt/airflow/dags/raw_from_api_to_s3.py
[2026-04-14T22:31:51.262+0000] {processor.py:914} INFO - Processing file /opt/airflow/dags/raw_from_api_to_s3.py for tasks to queue
[2026-04-14T22:31:51.265+0000] {logging_mixin.py:190} INFO - [2026-04-14T22:31:51.265+0000] {dagbag.py:588} INFO - Filling up the DagBag from /opt/airflow/dags/raw_from_api_to_s3.py
[2026-04-14T22:31:51.321+0000] {processor.py:925} INFO - DAG(s) 'raw_from_api_to_s3' retrieved from /opt/airflow/dags/raw_from_api_to_s3.py
[2026-04-14T22:31:51.328+0000] {logging_mixin.py:190} INFO - [2026-04-14T22:31:51.328+0000] {dag.py:3239} INFO - Sync 1 DAGs
[2026-04-14T22:31:51.338+0000] {logging_mixin.py:190} INFO - [2026-04-14T22:31:51.338+0000] {dag.py:4180} INFO - Setting next_dagrun for raw_from_api_to_s3 to 2026-04-14 00:00:00+00:00, run_after=2026-04-15 00:00:00+00:00
[2026-04-14T22:31:51.346+0000] {processor.py:208} INFO - Processing /opt/airflow/dags/raw_from_api_to_s3.py took 0.094 seconds
[2026-04-14T22:32:21.645+0000] {processor.py:186} INFO - Started process (PID=9272) to work on /opt/airflow/dags/raw_from_api_to_s3.py
[2026-04-14T22:32:21.646+0000] {processor.py:914} INFO - Processing file /opt/airflow/dags/raw_from_api_to_s3.py for tasks to queue
[2026-04-14T22:32:21.648+0000] {logging_mixin.py:190} INFO - [2026-04-14T22:32:21.648+0000] {dagbag.py:588} INFO - Filling up the DagBag from /opt/airflow/dags/raw_from_api_to_s3.py
[2026-04-14T22:32:21.695+0000] {processor.py:925} INFO - DAG(s) 'raw_from_api_to_s3' retrieved from /opt/airflow/dags/raw_from_api_to_s3.py
[2026-04-14T22:32:21.702+0000] {logging_mixin.py:190} INFO - [2026-04-14T22:32:21.702+0000] {dag.py:3239} INFO - Sync 1 DAGs
[2026-04-14T22:32:21.711+0000] {logging_mixin.py:190} INFO - [2026-04-14T22:32:21.711+0000] {dag.py:4180} INFO - Setting next_dagrun for raw_from_api_to_s3 to 2026-04-14 00:00:00+00:00, run_after=2026-04-15 00:00:00+00:00
[2026-04-14T22:32:21.717+0000] {processor.py:208} INFO - Processing /opt/airflow/dags/raw_from_api_to_s3.py took 0.079 seconds
[2026-04-14T22:32:52.021+0000] {processor.py:186} INFO - Started process (PID=9286) to work on /opt/airflow/dags/raw_from_api_to_s3.py
[2026-04-14T22:32:52.021+0000] {processor.py:914} INFO - Processing file /opt/airflow/dags/raw_from_api_to_s3.py for tasks to queue
[2026-04-14T22:32:52.024+0000] {logging_mixin.py:190} INFO - [2026-04-14T22:32:52.024+0000] {dagbag.py:588} INFO - Filling up the DagBag from /opt/airflow/dags/raw_from_api_to_s3.py
[2026-04-14T22:32:52.074+0000] {processor.py:925} INFO - DAG(s) 'raw_from_api_to_s3' retrieved from /opt/airflow/dags/raw_from_api_to_s3.py
[2026-04-14T22:32:52.081+0000] {logging_mixin.py:190} INFO - [2026-04-14T22:32:52.081+0000] {dag.py:3239} INFO - Sync 1 DAGs
[2026-04-14T22:32:52.092+0000] {logging_mixin.py:190} INFO - [2026-04-14T22:32:52.091+0000] {dag.py:4180} INFO - Setting next_dagrun for raw_from_api_to_s3 to 2026-04-14 00:00:00+00:00, run_after=2026-04-15 00:00:00+00:00
[2026-04-14T22:32:52.098+0000] {processor.py:208} INFO - Processing /opt/airflow/dags/raw_from_api_to_s3.py took 0.084 seconds
[2026-04-14T22:33:22.355+0000] {processor.py:186} INFO - Started process (PID=9300) to work on /opt/airflow/dags/raw_from_api_to_s3.py
[2026-04-14T22:33:22.356+0000] {processor.py:914} INFO - Processing file /opt/airflow/dags/raw_from_api_to_s3.py for tasks to queue
[2026-04-14T22:33:22.358+0000] {logging_mixin.py:190} INFO - [2026-04-14T22:33:22.358+0000] {dagbag.py:588} INFO - Filling up the DagBag from /opt/airflow/dags/raw_from_api_to_s3.py
[2026-04-14T22:33:22.400+0000] {processor.py:925} INFO - DAG(s) 'raw_from_api_to_s3' retrieved from /opt/airflow/dags/raw_from_api_to_s3.py
[2026-04-14T22:33:22.407+0000] {logging_mixin.py:190} INFO - [2026-04-14T22:33:22.407+0000] {dag.py:3239} INFO - Sync 1 DAGs
[2026-04-14T22:33:22.416+0000] {logging_mixin.py:190} INFO - [2026-04-14T22:33:22.416+0000] {dag.py:4180} INFO - Setting next_dagrun for raw_from_api_to_s3 to 2026-04-14 00:00:00+00:00, run_after=2026-04-15 00:00:00+00:00
[2026-04-14T22:33:22.422+0000] {processor.py:208} INFO - Processing /opt/airflow/dags/raw_from_api_to_s3.py took 0.072 seconds
[2026-04-14T22:33:52.718+0000] {processor.py:186} INFO - Started process (PID=9313) to work on /opt/airflow/dags/raw_from_api_to_s3.py
[2026-04-14T22:33:52.718+0000] {processor.py:914} INFO - Processing file /opt/airflow/dags/raw_from_api_to_s3.py for tasks to queue
[2026-04-14T22:33:52.721+0000] {logging_mixin.py:190} INFO - [2026-04-14T22:33:52.720+0000] {dagbag.py:588} INFO - Filling up the DagBag from /opt/airflow/dags/raw_from_api_to_s3.py
[2026-04-14T22:33:52.767+0000] {processor.py:925} INFO - DAG(s) 'raw_from_api_to_s3' retrieved from /opt/airflow/dags/raw_from_api_to_s3.py
[2026-04-14T22:33:52.774+0000] {logging_mixin.py:190} INFO - [2026-04-14T22:33:52.774+0000] {dag.py:3239} INFO - Sync 1 DAGs
[2026-04-14T22:33:52.782+0000] {logging_mixin.py:190} INFO - [2026-04-14T22:33:52.782+0000] {dag.py:4180} INFO - Setting next_dagrun for raw_from_api_to_s3 to 2026-04-14 00:00:00+00:00, run_after=2026-04-15 00:00:00+00:00
[2026-04-14T22:33:52.789+0000] {processor.py:208} INFO - Processing /opt/airflow/dags/raw_from_api_to_s3.py took 0.077 seconds
[2026-04-14T22:34:23.082+0000] {processor.py:186} INFO - Started process (PID=9327) to work on /opt/airflow/dags/raw_from_api_to_s3.py
[2026-04-14T22:34:23.083+0000] {processor.py:914} INFO - Processing file /opt/airflow/dags/raw_from_api_to_s3.py for tasks to queue
[2026-04-14T22:34:23.087+0000] {logging_mixin.py:190} INFO - [2026-04-14T22:34:23.086+0000] {dagbag.py:588} INFO - Filling up the DagBag from /opt/airflow/dags/raw_from_api_to_s3.py
[2026-04-14T22:34:23.135+0000] {processor.py:925} INFO - DAG(s) 'raw_from_api_to_s3' retrieved from /opt/airflow/dags/raw_from_api_to_s3.py
[2026-04-14T22:34:23.141+0000] {logging_mixin.py:190} INFO - [2026-04-14T22:34:23.141+0000] {dag.py:3239} INFO - Sync 1 DAGs
[2026-04-14T22:34:23.150+0000] {logging_mixin.py:190} INFO - [2026-04-14T22:34:23.150+0000] {dag.py:4180} INFO - Setting next_dagrun for raw_from_api_to_s3 to 2026-04-14 00:00:00+00:00, run_after=2026-04-15 00:00:00+00:00
[2026-04-14T22:34:23.157+0000] {processor.py:208} INFO - Processing /opt/airflow/dags/raw_from_api_to_s3.py took 0.082 seconds
[2026-04-14T22:34:53.390+0000] {processor.py:186} INFO - Started process (PID=9341) to work on /opt/airflow/dags/raw_from_api_to_s3.py
[2026-04-14T22:34:53.391+0000] {processor.py:914} INFO - Processing file /opt/airflow/dags/raw_from_api_to_s3.py for tasks to queue
[2026-04-14T22:34:53.392+0000] {logging_mixin.py:190} INFO - [2026-04-14T22:34:53.392+0000] {dagbag.py:588} INFO - Filling up the DagBag from /opt/airflow/dags/raw_from_api_to_s3.py
[2026-04-14T22:34:53.436+0000] {processor.py:925} INFO - DAG(s) 'raw_from_api_to_s3' retrieved from /opt/airflow/dags/raw_from_api_to_s3.py
[2026-04-14T22:34:53.443+0000] {logging_mixin.py:190} INFO - [2026-04-14T22:34:53.442+0000] {dag.py:3239} INFO - Sync 1 DAGs
[2026-04-14T22:34:53.452+0000] {logging_mixin.py:190} INFO - [2026-04-14T22:34:53.452+0000] {dag.py:4180} INFO - Setting next_dagrun for raw_from_api_to_s3 to 2026-04-14 00:00:00+00:00, run_after=2026-04-15 00:00:00+00:00
[2026-04-14T22:34:53.459+0000] {processor.py:208} INFO - Processing /opt/airflow/dags/raw_from_api_to_s3.py took 0.074 seconds
[2026-04-14T22:35:23.775+0000] {processor.py:186} INFO - Started process (PID=9355) to work on /opt/airflow/dags/raw_from_api_to_s3.py
[2026-04-14T22:35:23.776+0000] {processor.py:914} INFO - Processing file /opt/airflow/dags/raw_from_api_to_s3.py for tasks to queue
[2026-04-14T22:35:23.779+0000] {logging_mixin.py:190} INFO - [2026-04-14T22:35:23.778+0000] {dagbag.py:588} INFO - Filling up the DagBag from /opt/airflow/dags/raw_from_api_to_s3.py
[2026-04-14T22:35:23.824+0000] {processor.py:925} INFO - DAG(s) 'raw_from_api_to_s3' retrieved from /opt/airflow/dags/raw_from_api_to_s3.py
[2026-04-14T22:35:23.830+0000] {logging_mixin.py:190} INFO - [2026-04-14T22:35:23.830+0000] {dag.py:3239} INFO - Sync 1 DAGs
[2026-04-14T22:35:23.839+0000] {logging_mixin.py:190} INFO - [2026-04-14T22:35:23.839+0000] {dag.py:4180} INFO - Setting next_dagrun for raw_from_api_to_s3 to 2026-04-14 00:00:00+00:00, run_after=2026-04-15 00:00:00+00:00
[2026-04-14T22:35:23.845+0000] {processor.py:208} INFO - Processing /opt/airflow/dags/raw_from_api_to_s3.py took 0.078 seconds
[2026-04-14T22:35:54.090+0000] {processor.py:186} INFO - Started process (PID=9368) to work on /opt/airflow/dags/raw_from_api_to_s3.py
[2026-04-14T22:35:54.091+0000] {processor.py:914} INFO - Processing file /opt/airflow/dags/raw_from_api_to_s3.py for tasks to queue
[2026-04-14T22:35:54.094+0000] {logging_mixin.py:190} INFO - [2026-04-14T22:35:54.093+0000] {dagbag.py:588} INFO - Filling up the DagBag from /opt/airflow/dags/raw_from_api_to_s3.py
[2026-04-14T22:35:54.142+0000] {processor.py:925} INFO - DAG(s) 'raw_from_api_to_s3' retrieved from /opt/airflow/dags/raw_from_api_to_s3.py
[2026-04-14T22:35:54.149+0000] {logging_mixin.py:190} INFO - [2026-04-14T22:35:54.149+0000] {dag.py:3239} INFO - Sync 1 DAGs
[2026-04-14T22:35:54.158+0000] {logging_mixin.py:190} INFO - [2026-04-14T22:35:54.158+0000] {dag.py:4180} INFO - Setting next_dagrun for raw_from_api_to_s3 to 2026-04-14 00:00:00+00:00, run_after=2026-04-15 00:00:00+00:00
[2026-04-14T22:35:54.164+0000] {processor.py:208} INFO - Processing /opt/airflow/dags/raw_from_api_to_s3.py took 0.083 seconds
[2026-04-14T22:36:24.483+0000] {processor.py:186} INFO - Started process (PID=9382) to work on /opt/airflow/dags/raw_from_api_to_s3.py
[2026-04-14T22:36:24.484+0000] {processor.py:914} INFO - Processing file /opt/airflow/dags/raw_from_api_to_s3.py for tasks to queue
[2026-04-14T22:36:24.487+0000] {logging_mixin.py:190} INFO - [2026-04-14T22:36:24.486+0000] {dagbag.py:588} INFO - Filling up the DagBag from /opt/airflow/dags/raw_from_api_to_s3.py
[2026-04-14T22:36:24.543+0000] {processor.py:925} INFO - DAG(s) 'raw_from_api_to_s3' retrieved from /opt/airflow/dags/raw_from_api_to_s3.py
[2026-04-14T22:36:24.552+0000] {logging_mixin.py:190} INFO - [2026-04-14T22:36:24.552+0000] {dag.py:3239} INFO - Sync 1 DAGs
[2026-04-14T22:36:24.562+0000] {logging_mixin.py:190} INFO - [2026-04-14T22:36:24.562+0000] {dag.py:4180} INFO - Setting next_dagrun for raw_from_api_to_s3 to 2026-04-14 00:00:00+00:00, run_after=2026-04-15 00:00:00+00:00
[2026-04-14T22:36:24.569+0000] {processor.py:208} INFO - Processing /opt/airflow/dags/raw_from_api_to_s3.py took 0.094 seconds
[2026-04-14T22:36:54.845+0000] {processor.py:186} INFO - Started process (PID=9396) to work on /opt/airflow/dags/raw_from_api_to_s3.py
[2026-04-14T22:36:54.846+0000] {processor.py:914} INFO - Processing file /opt/airflow/dags/raw_from_api_to_s3.py for tasks to queue
[2026-04-14T22:36:54.849+0000] {logging_mixin.py:190} INFO - [2026-04-14T22:36:54.848+0000] {dagbag.py:588} INFO - Filling up the DagBag from /opt/airflow/dags/raw_from_api_to_s3.py
[2026-04-14T22:36:54.898+0000] {processor.py:925} INFO - DAG(s) 'raw_from_api_to_s3' retrieved from /opt/airflow/dags/raw_from_api_to_s3.py
[2026-04-14T22:36:54.904+0000] {logging_mixin.py:190} INFO - [2026-04-14T22:36:54.904+0000] {dag.py:3239} INFO - Sync 1 DAGs
[2026-04-14T22:36:54.913+0000] {logging_mixin.py:190} INFO - [2026-04-14T22:36:54.913+0000] {dag.py:4180} INFO - Setting next_dagrun for raw_from_api_to_s3 to 2026-04-14 00:00:00+00:00, run_after=2026-04-15 00:00:00+00:00
[2026-04-14T22:36:54.919+0000] {processor.py:208} INFO - Processing /opt/airflow/dags/raw_from_api_to_s3.py took 0.081 seconds
[2026-04-14T22:37:25.280+0000] {processor.py:186} INFO - Started process (PID=9410) to work on /opt/airflow/dags/raw_from_api_to_s3.py
[2026-04-14T22:37:25.280+0000] {processor.py:914} INFO - Processing file /opt/airflow/dags/raw_from_api_to_s3.py for tasks to queue
[2026-04-14T22:37:25.283+0000] {logging_mixin.py:190} INFO - [2026-04-14T22:37:25.283+0000] {dagbag.py:588} INFO - Filling up the DagBag from /opt/airflow/dags/raw_from_api_to_s3.py
[2026-04-14T22:37:25.334+0000] {processor.py:925} INFO - DAG(s) 'raw_from_api_to_s3' retrieved from /opt/airflow/dags/raw_from_api_to_s3.py
[2026-04-14T22:37:25.341+0000] {logging_mixin.py:190} INFO - [2026-04-14T22:37:25.341+0000] {dag.py:3239} INFO - Sync 1 DAGs
[2026-04-14T22:37:25.350+0000] {logging_mixin.py:190} INFO - [2026-04-14T22:37:25.350+0000] {dag.py:4180} INFO - Setting next_dagrun for raw_from_api_to_s3 to 2026-04-14 00:00:00+00:00, run_after=2026-04-15 00:00:00+00:00
[2026-04-14T22:37:25.357+0000] {processor.py:208} INFO - Processing /opt/airflow/dags/raw_from_api_to_s3.py took 0.085 seconds
[2026-04-14T22:37:55.655+0000] {processor.py:186} INFO - Started process (PID=9424) to work on /opt/airflow/dags/raw_from_api_to_s3.py
[2026-04-14T22:37:55.656+0000] {processor.py:914} INFO - Processing file /opt/airflow/dags/raw_from_api_to_s3.py for tasks to queue
[2026-04-14T22:37:55.658+0000] {logging_mixin.py:190} INFO - [2026-04-14T22:37:55.658+0000] {dagbag.py:588} INFO - Filling up the DagBag from /opt/airflow/dags/raw_from_api_to_s3.py
[2026-04-14T22:37:55.707+0000] {processor.py:925} INFO - DAG(s) 'raw_from_api_to_s3' retrieved from /opt/airflow/dags/raw_from_api_to_s3.py
[2026-04-14T22:37:55.714+0000] {logging_mixin.py:190} INFO - [2026-04-14T22:37:55.713+0000] {dag.py:3239} INFO - Sync 1 DAGs
[2026-04-14T22:37:55.723+0000] {logging_mixin.py:190} INFO - [2026-04-14T22:37:55.723+0000] {dag.py:4180} INFO - Setting next_dagrun for raw_from_api_to_s3 to 2026-04-14 00:00:00+00:00, run_after=2026-04-15 00:00:00+00:00
[2026-04-14T22:37:55.729+0000] {processor.py:208} INFO - Processing /opt/airflow/dags/raw_from_api_to_s3.py took 0.080 seconds
[2026-04-14T22:38:26.037+0000] {processor.py:186} INFO - Started process (PID=9438) to work on /opt/airflow/dags/raw_from_api_to_s3.py
[2026-04-14T22:38:26.038+0000] {processor.py:914} INFO - Processing file /opt/airflow/dags/raw_from_api_to_s3.py for tasks to queue
[2026-04-14T22:38:26.040+0000] {logging_mixin.py:190} INFO - [2026-04-14T22:38:26.040+0000] {dagbag.py:588} INFO - Filling up the DagBag from /opt/airflow/dags/raw_from_api_to_s3.py
[2026-04-14T22:38:26.090+0000] {processor.py:925} INFO - DAG(s) 'raw_from_api_to_s3' retrieved from /opt/airflow/dags/raw_from_api_to_s3.py
[2026-04-14T22:38:26.096+0000] {logging_mixin.py:190} INFO - [2026-04-14T22:38:26.096+0000] {dag.py:3239} INFO - Sync 1 DAGs
[2026-04-14T22:38:26.105+0000] {logging_mixin.py:190} INFO - [2026-04-14T22:38:26.105+0000] {dag.py:4180} INFO - Setting next_dagrun for raw_from_api_to_s3 to 2026-04-14 00:00:00+00:00, run_after=2026-04-15 00:00:00+00:00
[2026-04-14T22:38:26.112+0000] {processor.py:208} INFO - Processing /opt/airflow/dags/raw_from_api_to_s3.py took 0.081 seconds
[2026-04-14T22:38:56.366+0000] {processor.py:186} INFO - Started process (PID=9452) to work on /opt/airflow/dags/raw_from_api_to_s3.py
[2026-04-14T22:38:56.366+0000] {processor.py:914} INFO - Processing file /opt/airflow/dags/raw_from_api_to_s3.py for tasks to queue
[2026-04-14T22:38:56.367+0000] {logging_mixin.py:190} INFO - [2026-04-14T22:38:56.367+0000] {dagbag.py:588} INFO - Filling up the DagBag from /opt/airflow/dags/raw_from_api_to_s3.py
[2026-04-14T22:38:56.404+0000] {processor.py:925} INFO - DAG(s) 'raw_from_api_to_s3' retrieved from /opt/airflow/dags/raw_from_api_to_s3.py
[2026-04-14T22:38:56.411+0000] {logging_mixin.py:190} INFO - [2026-04-14T22:38:56.411+0000] {dag.py:3239} INFO - Sync 1 DAGs
[2026-04-14T22:38:56.425+0000] {logging_mixin.py:190} INFO - [2026-04-14T22:38:56.425+0000] {dag.py:4180} INFO - Setting next_dagrun for raw_from_api_to_s3 to 2026-04-14 00:00:00+00:00, run_after=2026-04-15 00:00:00+00:00
[2026-04-14T22:38:56.433+0000] {processor.py:208} INFO - Processing /opt/airflow/dags/raw_from_api_to_s3.py took 0.070 seconds
[2026-04-14T22:39:26.765+0000] {processor.py:186} INFO - Started process (PID=9466) to work on /opt/airflow/dags/raw_from_api_to_s3.py
[2026-04-14T22:39:26.766+0000] {processor.py:914} INFO - Processing file /opt/airflow/dags/raw_from_api_to_s3.py for tasks to queue
[2026-04-14T22:39:26.767+0000] {logging_mixin.py:190} INFO - [2026-04-14T22:39:26.767+0000] {dagbag.py:588} INFO - Filling up the DagBag from /opt/airflow/dags/raw_from_api_to_s3.py
[2026-04-14T22:39:26.806+0000] {processor.py:925} INFO - DAG(s) 'raw_from_api_to_s3' retrieved from /opt/airflow/dags/raw_from_api_to_s3.py
[2026-04-14T22:39:26.813+0000] {logging_mixin.py:190} INFO - [2026-04-14T22:39:26.813+0000] {dag.py:3239} INFO - Sync 1 DAGs
[2026-04-14T22:39:26.822+0000] {logging_mixin.py:190} INFO - [2026-04-14T22:39:26.821+0000] {dag.py:4180} INFO - Setting next_dagrun for raw_from_api_to_s3 to 2026-04-14 00:00:00+00:00, run_after=2026-04-15 00:00:00+00:00
[2026-04-14T22:39:26.828+0000] {processor.py:208} INFO - Processing /opt/airflow/dags/raw_from_api_to_s3.py took 0.067 seconds
[2026-04-14T22:39:57.126+0000] {processor.py:186} INFO - Started process (PID=9480) to work on /opt/airflow/dags/raw_from_api_to_s3.py
[2026-04-14T22:39:57.126+0000] {processor.py:914} INFO - Processing file /opt/airflow/dags/raw_from_api_to_s3.py for tasks to queue
[2026-04-14T22:39:57.128+0000] {logging_mixin.py:190} INFO - [2026-04-14T22:39:57.128+0000] {dagbag.py:588} INFO - Filling up the DagBag from /opt/airflow/dags/raw_from_api_to_s3.py
[2026-04-14T22:39:57.172+0000] {processor.py:925} INFO - DAG(s) 'raw_from_api_to_s3' retrieved from /opt/airflow/dags/raw_from_api_to_s3.py
[2026-04-14T22:39:57.180+0000] {logging_mixin.py:190} INFO - [2026-04-14T22:39:57.180+0000] {dag.py:3239} INFO - Sync 1 DAGs
[2026-04-14T22:39:57.190+0000] {logging_mixin.py:190} INFO - [2026-04-14T22:39:57.190+0000] {dag.py:4180} INFO - Setting next_dagrun for raw_from_api_to_s3 to 2026-04-14 00:00:00+00:00, run_after=2026-04-15 00:00:00+00:00
[2026-04-14T22:39:57.198+0000] {processor.py:208} INFO - Processing /opt/airflow/dags/raw_from_api_to_s3.py took 0.076 seconds
[2026-04-14T22:40:27.445+0000] {processor.py:186} INFO - Started process (PID=9494) to work on /opt/airflow/dags/raw_from_api_to_s3.py
[2026-04-14T22:40:27.446+0000] {processor.py:914} INFO - Processing file /opt/airflow/dags/raw_from_api_to_s3.py for tasks to queue
[2026-04-14T22:40:27.448+0000] {logging_mixin.py:190} INFO - [2026-04-14T22:40:27.448+0000] {dagbag.py:588} INFO - Filling up the DagBag from /opt/airflow/dags/raw_from_api_to_s3.py
[2026-04-14T22:40:27.496+0000] {processor.py:925} INFO - DAG(s) 'raw_from_api_to_s3' retrieved from /opt/airflow/dags/raw_from_api_to_s3.py
[2026-04-14T22:40:27.503+0000] {logging_mixin.py:190} INFO - [2026-04-14T22:40:27.503+0000] {dag.py:3239} INFO - Sync 1 DAGs
[2026-04-14T22:40:27.512+0000] {logging_mixin.py:190} INFO - [2026-04-14T22:40:27.512+0000] {dag.py:4180} INFO - Setting next_dagrun for raw_from_api_to_s3 to 2026-04-14 00:00:00+00:00, run_after=2026-04-15 00:00:00+00:00
[2026-04-14T22:40:27.518+0000] {processor.py:208} INFO - Processing /opt/airflow/dags/raw_from_api_to_s3.py took 0.079 seconds
[2026-04-14T22:40:57.721+0000] {processor.py:186} INFO - Started process (PID=9508) to work on /opt/airflow/dags/raw_from_api_to_s3.py
[2026-04-14T22:40:57.722+0000] {processor.py:914} INFO - Processing file /opt/airflow/dags/raw_from_api_to_s3.py for tasks to queue
[2026-04-14T22:40:57.725+0000] {logging_mixin.py:190} INFO - [2026-04-14T22:40:57.725+0000] {dagbag.py:588} INFO - Filling up the DagBag from /opt/airflow/dags/raw_from_api_to_s3.py
[2026-04-14T22:40:57.774+0000] {processor.py:925} INFO - DAG(s) 'raw_from_api_to_s3' retrieved from /opt/airflow/dags/raw_from_api_to_s3.py
[2026-04-14T22:40:57.781+0000] {logging_mixin.py:190} INFO - [2026-04-14T22:40:57.781+0000] {dag.py:3239} INFO - Sync 1 DAGs
[2026-04-14T22:40:57.790+0000] {logging_mixin.py:190} INFO - [2026-04-14T22:40:57.790+0000] {dag.py:4180} INFO - Setting next_dagrun for raw_from_api_to_s3 to 2026-04-14 00:00:00+00:00, run_after=2026-04-15 00:00:00+00:00
[2026-04-14T22:40:57.796+0000] {processor.py:208} INFO - Processing /opt/airflow/dags/raw_from_api_to_s3.py took 0.082 seconds
[2026-04-14T22:41:28.180+0000] {processor.py:186} INFO - Started process (PID=9522) to work on /opt/airflow/dags/raw_from_api_to_s3.py
[2026-04-14T22:41:28.181+0000] {processor.py:914} INFO - Processing file /opt/airflow/dags/raw_from_api_to_s3.py for tasks to queue
[2026-04-14T22:41:28.183+0000] {logging_mixin.py:190} INFO - [2026-04-14T22:41:28.183+0000] {dagbag.py:588} INFO - Filling up the DagBag from /opt/airflow/dags/raw_from_api_to_s3.py
[2026-04-14T22:41:28.237+0000] {processor.py:925} INFO - DAG(s) 'raw_from_api_to_s3' retrieved from /opt/airflow/dags/raw_from_api_to_s3.py
[2026-04-14T22:41:28.244+0000] {logging_mixin.py:190} INFO - [2026-04-14T22:41:28.244+0000] {dag.py:3239} INFO - Sync 1 DAGs
[2026-04-14T22:41:28.253+0000] {logging_mixin.py:190} INFO - [2026-04-14T22:41:28.253+0000] {dag.py:4180} INFO - Setting next_dagrun for raw_from_api_to_s3 to 2026-04-14 00:00:00+00:00, run_after=2026-04-15 00:00:00+00:00
[2026-04-14T22:41:28.260+0000] {processor.py:208} INFO - Processing /opt/airflow/dags/raw_from_api_to_s3.py took 0.088 seconds
[2026-04-14T22:41:58.512+0000] {processor.py:186} INFO - Started process (PID=9536) to work on /opt/airflow/dags/raw_from_api_to_s3.py
[2026-04-14T22:41:58.513+0000] {processor.py:914} INFO - Processing file /opt/airflow/dags/raw_from_api_to_s3.py for tasks to queue
[2026-04-14T22:41:58.517+0000] {logging_mixin.py:190} INFO - [2026-04-14T22:41:58.517+0000] {dagbag.py:588} INFO - Filling up the DagBag from /opt/airflow/dags/raw_from_api_to_s3.py
[2026-04-14T22:41:58.586+0000] {processor.py:925} INFO - DAG(s) 'raw_from_api_to_s3' retrieved from /opt/airflow/dags/raw_from_api_to_s3.py
[2026-04-14T22:41:58.600+0000] {logging_mixin.py:190} INFO - [2026-04-14T22:41:58.600+0000] {dag.py:3239} INFO - Sync 1 DAGs
[2026-04-14T22:41:58.611+0000] {logging_mixin.py:190} INFO - [2026-04-14T22:41:58.611+0000] {dag.py:4180} INFO - Setting next_dagrun for raw_from_api_to_s3 to 2026-04-14 00:00:00+00:00, run_after=2026-04-15 00:00:00+00:00
[2026-04-14T22:41:58.619+0000] {processor.py:208} INFO - Processing /opt/airflow/dags/raw_from_api_to_s3.py took 0.115 seconds
[2026-04-14T22:42:28.908+0000] {processor.py:186} INFO - Started process (PID=9550) to work on /opt/airflow/dags/raw_from_api_to_s3.py
[2026-04-14T22:42:28.909+0000] {processor.py:914} INFO - Processing file /opt/airflow/dags/raw_from_api_to_s3.py for tasks to queue
[2026-04-14T22:42:28.912+0000] {logging_mixin.py:190} INFO - [2026-04-14T22:42:28.911+0000] {dagbag.py:588} INFO - Filling up the DagBag from /opt/airflow/dags/raw_from_api_to_s3.py
[2026-04-14T22:42:28.962+0000] {processor.py:925} INFO - DAG(s) 'raw_from_api_to_s3' retrieved from /opt/airflow/dags/raw_from_api_to_s3.py
[2026-04-14T22:42:28.968+0000] {logging_mixin.py:190} INFO - [2026-04-14T22:42:28.968+0000] {dag.py:3239} INFO - Sync 1 DAGs
[2026-04-14T22:42:28.977+0000] {logging_mixin.py:190} INFO - [2026-04-14T22:42:28.977+0000] {dag.py:4180} INFO - Setting next_dagrun for raw_from_api_to_s3 to 2026-04-14 00:00:00+00:00, run_after=2026-04-15 00:00:00+00:00
[2026-04-14T22:42:28.983+0000] {processor.py:208} INFO - Processing /opt/airflow/dags/raw_from_api_to_s3.py took 0.082 seconds
[2026-04-14T22:42:59.264+0000] {processor.py:186} INFO - Started process (PID=9564) to work on /opt/airflow/dags/raw_from_api_to_s3.py
[2026-04-14T22:42:59.265+0000] {processor.py:914} INFO - Processing file /opt/airflow/dags/raw_from_api_to_s3.py for tasks to queue
[2026-04-14T22:42:59.268+0000] {logging_mixin.py:190} INFO - [2026-04-14T22:42:59.268+0000] {dagbag.py:588} INFO - Filling up the DagBag from /opt/airflow/dags/raw_from_api_to_s3.py
[2026-04-14T22:42:59.323+0000] {processor.py:925} INFO - DAG(s) 'raw_from_api_to_s3' retrieved from /opt/airflow/dags/raw_from_api_to_s3.py
[2026-04-14T22:42:59.330+0000] {logging_mixin.py:190} INFO - [2026-04-14T22:42:59.330+0000] {dag.py:3239} INFO - Sync 1 DAGs
[2026-04-14T22:42:59.339+0000] {logging_mixin.py:190} INFO - [2026-04-14T22:42:59.339+0000] {dag.py:4180} INFO - Setting next_dagrun for raw_from_api_to_s3 to 2026-04-14 00:00:00+00:00, run_after=2026-04-15 00:00:00+00:00
[2026-04-14T22:42:59.347+0000] {processor.py:208} INFO - Processing /opt/airflow/dags/raw_from_api_to_s3.py took 0.089 seconds
[2026-04-14T22:43:29.650+0000] {processor.py:186} INFO - Started process (PID=9578) to work on /opt/airflow/dags/raw_from_api_to_s3.py
[2026-04-14T22:43:29.651+0000] {processor.py:914} INFO - Processing file /opt/airflow/dags/raw_from_api_to_s3.py for tasks to queue
[2026-04-14T22:43:29.653+0000] {logging_mixin.py:190} INFO - [2026-04-14T22:43:29.653+0000] {dagbag.py:588} INFO - Filling up the DagBag from /opt/airflow/dags/raw_from_api_to_s3.py
[2026-04-14T22:43:29.697+0000] {processor.py:925} INFO - DAG(s) 'raw_from_api_to_s3' retrieved from /opt/airflow/dags/raw_from_api_to_s3.py
[2026-04-14T22:43:29.704+0000] {logging_mixin.py:190} INFO - [2026-04-14T22:43:29.704+0000] {dag.py:3239} INFO - Sync 1 DAGs
[2026-04-14T22:43:29.713+0000] {logging_mixin.py:190} INFO - [2026-04-14T22:43:29.713+0000] {dag.py:4180} INFO - Setting next_dagrun for raw_from_api_to_s3 to 2026-04-14 00:00:00+00:00, run_after=2026-04-15 00:00:00+00:00
[2026-04-14T22:43:29.720+0000] {processor.py:208} INFO - Processing /opt/airflow/dags/raw_from_api_to_s3.py took 0.075 seconds
[2026-04-14T22:43:59.961+0000] {processor.py:186} INFO - Started process (PID=9592) to work on /opt/airflow/dags/raw_from_api_to_s3.py
[2026-04-14T22:43:59.961+0000] {processor.py:914} INFO - Processing file /opt/airflow/dags/raw_from_api_to_s3.py for tasks to queue
[2026-04-14T22:43:59.964+0000] {logging_mixin.py:190} INFO - [2026-04-14T22:43:59.963+0000] {dagbag.py:588} INFO - Filling up the DagBag from /opt/airflow/dags/raw_from_api_to_s3.py
[2026-04-14T22:44:00.012+0000] {processor.py:925} INFO - DAG(s) 'raw_from_api_to_s3' retrieved from /opt/airflow/dags/raw_from_api_to_s3.py
[2026-04-14T22:44:00.019+0000] {logging_mixin.py:190} INFO - [2026-04-14T22:44:00.019+0000] {dag.py:3239} INFO - Sync 1 DAGs
[2026-04-14T22:44:00.028+0000] {logging_mixin.py:190} INFO - [2026-04-14T22:44:00.028+0000] {dag.py:4180} INFO - Setting next_dagrun for raw_from_api_to_s3 to 2026-04-14 00:00:00+00:00, run_after=2026-04-15 00:00:00+00:00
[2026-04-14T22:44:00.034+0000] {processor.py:208} INFO - Processing /opt/airflow/dags/raw_from_api_to_s3.py took 0.080 seconds
[2026-04-14T22:44:30.320+0000] {processor.py:186} INFO - Started process (PID=9606) to work on /opt/airflow/dags/raw_from_api_to_s3.py
[2026-04-14T22:44:30.321+0000] {processor.py:914} INFO - Processing file /opt/airflow/dags/raw_from_api_to_s3.py for tasks to queue
[2026-04-14T22:44:30.324+0000] {logging_mixin.py:190} INFO - [2026-04-14T22:44:30.324+0000] {dagbag.py:588} INFO - Filling up the DagBag from /opt/airflow/dags/raw_from_api_to_s3.py
[2026-04-14T22:44:30.372+0000] {processor.py:925} INFO - DAG(s) 'raw_from_api_to_s3' retrieved from /opt/airflow/dags/raw_from_api_to_s3.py
[2026-04-14T22:44:30.379+0000] {logging_mixin.py:190} INFO - [2026-04-14T22:44:30.379+0000] {dag.py:3239} INFO - Sync 1 DAGs
[2026-04-14T22:44:30.388+0000] {logging_mixin.py:190} INFO - [2026-04-14T22:44:30.388+0000] {dag.py:4180} INFO - Setting next_dagrun for raw_from_api_to_s3 to 2026-04-14 00:00:00+00:00, run_after=2026-04-15 00:00:00+00:00
[2026-04-14T22:44:30.394+0000] {processor.py:208} INFO - Processing /opt/airflow/dags/raw_from_api_to_s3.py took 0.080 seconds
[2026-04-14T22:45:00.637+0000] {processor.py:186} INFO - Started process (PID=9620) to work on /opt/airflow/dags/raw_from_api_to_s3.py
[2026-04-14T22:45:00.638+0000] {processor.py:914} INFO - Processing file /opt/airflow/dags/raw_from_api_to_s3.py for tasks to queue
[2026-04-14T22:45:00.641+0000] {logging_mixin.py:190} INFO - [2026-04-14T22:45:00.640+0000] {dagbag.py:588} INFO - Filling up the DagBag from /opt/airflow/dags/raw_from_api_to_s3.py
[2026-04-14T22:45:00.692+0000] {processor.py:925} INFO - DAG(s) 'raw_from_api_to_s3' retrieved from /opt/airflow/dags/raw_from_api_to_s3.py
[2026-04-14T22:45:00.699+0000] {logging_mixin.py:190} INFO - [2026-04-14T22:45:00.699+0000] {dag.py:3239} INFO - Sync 1 DAGs
[2026-04-14T22:45:00.708+0000] {logging_mixin.py:190} INFO - [2026-04-14T22:45:00.708+0000] {dag.py:4180} INFO - Setting next_dagrun for raw_from_api_to_s3 to 2026-04-14 00:00:00+00:00, run_after=2026-04-15 00:00:00+00:00
[2026-04-14T22:45:00.714+0000] {processor.py:208} INFO - Processing /opt/airflow/dags/raw_from_api_to_s3.py took 0.085 seconds
[2026-04-14T22:45:30.992+0000] {processor.py:186} INFO - Started process (PID=9634) to work on /opt/airflow/dags/raw_from_api_to_s3.py
[2026-04-14T22:45:30.993+0000] {processor.py:914} INFO - Processing file /opt/airflow/dags/raw_from_api_to_s3.py for tasks to queue
[2026-04-14T22:45:30.996+0000] {logging_mixin.py:190} INFO - [2026-04-14T22:45:30.996+0000] {dagbag.py:588} INFO - Filling up the DagBag from /opt/airflow/dags/raw_from_api_to_s3.py
[2026-04-14T22:45:31.055+0000] {processor.py:925} INFO - DAG(s) 'raw_from_api_to_s3' retrieved from /opt/airflow/dags/raw_from_api_to_s3.py
[2026-04-14T22:45:31.063+0000] {logging_mixin.py:190} INFO - [2026-04-14T22:45:31.063+0000] {dag.py:3239} INFO - Sync 1 DAGs
[2026-04-14T22:45:31.073+0000] {logging_mixin.py:190} INFO - [2026-04-14T22:45:31.073+0000] {dag.py:4180} INFO - Setting next_dagrun for raw_from_api_to_s3 to 2026-04-14 00:00:00+00:00, run_after=2026-04-15 00:00:00+00:00
[2026-04-14T22:45:31.080+0000] {processor.py:208} INFO - Processing /opt/airflow/dags/raw_from_api_to_s3.py took 0.096 seconds
[2026-04-14T22:46:01.327+0000] {processor.py:186} INFO - Started process (PID=9647) to work on /opt/airflow/dags/raw_from_api_to_s3.py
[2026-04-14T22:46:01.328+0000] {processor.py:914} INFO - Processing file /opt/airflow/dags/raw_from_api_to_s3.py for tasks to queue
[2026-04-14T22:46:01.330+0000] {logging_mixin.py:190} INFO - [2026-04-14T22:46:01.330+0000] {dagbag.py:588} INFO - Filling up the DagBag from /opt/airflow/dags/raw_from_api_to_s3.py
[2026-04-14T22:46:01.377+0000] {processor.py:925} INFO - DAG(s) 'raw_from_api_to_s3' retrieved from /opt/airflow/dags/raw_from_api_to_s3.py
[2026-04-14T22:46:01.384+0000] {logging_mixin.py:190} INFO - [2026-04-14T22:46:01.384+0000] {dag.py:3239} INFO - Sync 1 DAGs
[2026-04-14T22:46:01.394+0000] {logging_mixin.py:190} INFO - [2026-04-14T22:46:01.394+0000] {dag.py:4180} INFO - Setting next_dagrun for raw_from_api_to_s3 to 2026-04-14 00:00:00+00:00, run_after=2026-04-15 00:00:00+00:00
[2026-04-14T22:46:01.400+0000] {processor.py:208} INFO - Processing /opt/airflow/dags/raw_from_api_to_s3.py took 0.081 seconds
[2026-04-14T22:46:31.646+0000] {processor.py:186} INFO - Started process (PID=9661) to work on /opt/airflow/dags/raw_from_api_to_s3.py
[2026-04-14T22:46:31.647+0000] {processor.py:914} INFO - Processing file /opt/airflow/dags/raw_from_api_to_s3.py for tasks to queue
[2026-04-14T22:46:31.649+0000] {logging_mixin.py:190} INFO - [2026-04-14T22:46:31.649+0000] {dagbag.py:588} INFO - Filling up the DagBag from /opt/airflow/dags/raw_from_api_to_s3.py
[2026-04-14T22:46:31.692+0000] {processor.py:925} INFO - DAG(s) 'raw_from_api_to_s3' retrieved from /opt/airflow/dags/raw_from_api_to_s3.py
[2026-04-14T22:46:31.699+0000] {logging_mixin.py:190} INFO - [2026-04-14T22:46:31.699+0000] {dag.py:3239} INFO - Sync 1 DAGs
[2026-04-14T22:46:31.708+0000] {logging_mixin.py:190} INFO - [2026-04-14T22:46:31.708+0000] {dag.py:4180} INFO - Setting next_dagrun for raw_from_api_to_s3 to 2026-04-14 00:00:00+00:00, run_after=2026-04-15 00:00:00+00:00
[2026-04-14T22:46:31.714+0000] {processor.py:208} INFO - Processing /opt/airflow/dags/raw_from_api_to_s3.py took 0.073 seconds
[2026-04-14T22:47:02.000+0000] {processor.py:186} INFO - Started process (PID=9675) to work on /opt/airflow/dags/raw_from_api_to_s3.py
[2026-04-14T22:47:02.001+0000] {processor.py:914} INFO - Processing file /opt/airflow/dags/raw_from_api_to_s3.py for tasks to queue
[2026-04-14T22:47:02.004+0000] {logging_mixin.py:190} INFO - [2026-04-14T22:47:02.004+0000] {dagbag.py:588} INFO - Filling up the DagBag from /opt/airflow/dags/raw_from_api_to_s3.py
[2026-04-14T22:47:02.058+0000] {processor.py:925} INFO - DAG(s) 'raw_from_api_to_s3' retrieved from /opt/airflow/dags/raw_from_api_to_s3.py
[2026-04-14T22:47:02.065+0000] {logging_mixin.py:190} INFO - [2026-04-14T22:47:02.065+0000] {dag.py:3239} INFO - Sync 1 DAGs
[2026-04-14T22:47:02.074+0000] {logging_mixin.py:190} INFO - [2026-04-14T22:47:02.074+0000] {dag.py:4180} INFO - Setting next_dagrun for raw_from_api_to_s3 to 2026-04-14 00:00:00+00:00, run_after=2026-04-15 00:00:00+00:00
[2026-04-14T22:47:02.081+0000] {processor.py:208} INFO - Processing /opt/airflow/dags/raw_from_api_to_s3.py took 0.088 seconds
[2026-04-14T22:47:32.395+0000] {processor.py:186} INFO - Started process (PID=9689) to work on /opt/airflow/dags/raw_from_api_to_s3.py
[2026-04-14T22:47:32.396+0000] {processor.py:914} INFO - Processing file /opt/airflow/dags/raw_from_api_to_s3.py for tasks to queue
[2026-04-14T22:47:32.398+0000] {logging_mixin.py:190} INFO - [2026-04-14T22:47:32.398+0000] {dagbag.py:588} INFO - Filling up the DagBag from /opt/airflow/dags/raw_from_api_to_s3.py
[2026-04-14T22:47:32.445+0000] {processor.py:925} INFO - DAG(s) 'raw_from_api_to_s3' retrieved from /opt/airflow/dags/raw_from_api_to_s3.py
[2026-04-14T22:47:32.451+0000] {logging_mixin.py:190} INFO - [2026-04-14T22:47:32.451+0000] {dag.py:3239} INFO - Sync 1 DAGs
[2026-04-14T22:47:32.460+0000] {logging_mixin.py:190} INFO - [2026-04-14T22:47:32.460+0000] {dag.py:4180} INFO - Setting next_dagrun for raw_from_api_to_s3 to 2026-04-14 00:00:00+00:00, run_after=2026-04-15 00:00:00+00:00
[2026-04-14T22:47:32.466+0000] {processor.py:208} INFO - Processing /opt/airflow/dags/raw_from_api_to_s3.py took 0.077 seconds
[2026-04-14T22:48:02.762+0000] {processor.py:186} INFO - Started process (PID=9703) to work on /opt/airflow/dags/raw_from_api_to_s3.py
[2026-04-14T22:48:02.762+0000] {processor.py:914} INFO - Processing file /opt/airflow/dags/raw_from_api_to_s3.py for tasks to queue
[2026-04-14T22:48:02.763+0000] {logging_mixin.py:190} INFO - [2026-04-14T22:48:02.763+0000] {dagbag.py:588} INFO - Filling up the DagBag from /opt/airflow/dags/raw_from_api_to_s3.py
[2026-04-14T22:48:02.799+0000] {processor.py:925} INFO - DAG(s) 'raw_from_api_to_s3' retrieved from /opt/airflow/dags/raw_from_api_to_s3.py
[2026-04-14T22:48:02.807+0000] {logging_mixin.py:190} INFO - [2026-04-14T22:48:02.806+0000] {dag.py:3239} INFO - Sync 1 DAGs
[2026-04-14T22:48:02.815+0000] {logging_mixin.py:190} INFO - [2026-04-14T22:48:02.815+0000] {dag.py:4180} INFO - Setting next_dagrun for raw_from_api_to_s3 to 2026-04-14 00:00:00+00:00, run_after=2026-04-15 00:00:00+00:00
[2026-04-14T22:48:02.822+0000] {processor.py:208} INFO - Processing /opt/airflow/dags/raw_from_api_to_s3.py took 0.063 seconds
[2026-04-14T22:48:33.125+0000] {processor.py:186} INFO - Started process (PID=9717) to work on /opt/airflow/dags/raw_from_api_to_s3.py
[2026-04-14T22:48:33.126+0000] {processor.py:914} INFO - Processing file /opt/airflow/dags/raw_from_api_to_s3.py for tasks to queue
[2026-04-14T22:48:33.128+0000] {logging_mixin.py:190} INFO - [2026-04-14T22:48:33.128+0000] {dagbag.py:588} INFO - Filling up the DagBag from /opt/airflow/dags/raw_from_api_to_s3.py
[2026-04-14T22:48:33.179+0000] {processor.py:925} INFO - DAG(s) 'raw_from_api_to_s3' retrieved from /opt/airflow/dags/raw_from_api_to_s3.py
[2026-04-14T22:48:33.187+0000] {logging_mixin.py:190} INFO - [2026-04-14T22:48:33.186+0000] {dag.py:3239} INFO - Sync 1 DAGs
[2026-04-14T22:48:33.196+0000] {logging_mixin.py:190} INFO - [2026-04-14T22:48:33.196+0000] {dag.py:4180} INFO - Setting next_dagrun for raw_from_api_to_s3 to 2026-04-14 00:00:00+00:00, run_after=2026-04-15 00:00:00+00:00
[2026-04-14T22:48:33.203+0000] {processor.py:208} INFO - Processing /opt/airflow/dags/raw_from_api_to_s3.py took 0.085 seconds
[2026-04-14T22:49:03.478+0000] {processor.py:186} INFO - Started process (PID=9731) to work on /opt/airflow/dags/raw_from_api_to_s3.py
[2026-04-14T22:49:03.479+0000] {processor.py:914} INFO - Processing file /opt/airflow/dags/raw_from_api_to_s3.py for tasks to queue
[2026-04-14T22:49:03.482+0000] {logging_mixin.py:190} INFO - [2026-04-14T22:49:03.481+0000] {dagbag.py:588} INFO - Filling up the DagBag from /opt/airflow/dags/raw_from_api_to_s3.py
[2026-04-14T22:49:03.530+0000] {processor.py:925} INFO - DAG(s) 'raw_from_api_to_s3' retrieved from /opt/airflow/dags/raw_from_api_to_s3.py
[2026-04-14T22:49:03.537+0000] {logging_mixin.py:190} INFO - [2026-04-14T22:49:03.537+0000] {dag.py:3239} INFO - Sync 1 DAGs
[2026-04-14T22:49:03.546+0000] {logging_mixin.py:190} INFO - [2026-04-14T22:49:03.546+0000] {dag.py:4180} INFO - Setting next_dagrun for raw_from_api_to_s3 to 2026-04-14 00:00:00+00:00, run_after=2026-04-15 00:00:00+00:00
[2026-04-14T22:49:03.553+0000] {processor.py:208} INFO - Processing /opt/airflow/dags/raw_from_api_to_s3.py took 0.083 seconds
[2026-04-14T22:49:33.861+0000] {processor.py:186} INFO - Started process (PID=9745) to work on /opt/airflow/dags/raw_from_api_to_s3.py
[2026-04-14T22:49:33.862+0000] {processor.py:914} INFO - Processing file /opt/airflow/dags/raw_from_api_to_s3.py for tasks to queue
[2026-04-14T22:49:33.871+0000] {logging_mixin.py:190} INFO - [2026-04-14T22:49:33.870+0000] {dagbag.py:588} INFO - Filling up the DagBag from /opt/airflow/dags/raw_from_api_to_s3.py
[2026-04-14T22:49:33.942+0000] {processor.py:925} INFO - DAG(s) 'raw_from_api_to_s3' retrieved from /opt/airflow/dags/raw_from_api_to_s3.py
[2026-04-14T22:49:33.951+0000] {logging_mixin.py:190} INFO - [2026-04-14T22:49:33.951+0000] {dag.py:3239} INFO - Sync 1 DAGs
[2026-04-14T22:49:33.964+0000] {logging_mixin.py:190} INFO - [2026-04-14T22:49:33.964+0000] {dag.py:4180} INFO - Setting next_dagrun for raw_from_api_to_s3 to 2026-04-14 00:00:00+00:00, run_after=2026-04-15 00:00:00+00:00
[2026-04-14T22:49:33.972+0000] {processor.py:208} INFO - Processing /opt/airflow/dags/raw_from_api_to_s3.py took 0.119 seconds
[2026-04-14T22:50:04.218+0000] {processor.py:186} INFO - Started process (PID=9759) to work on /opt/airflow/dags/raw_from_api_to_s3.py
[2026-04-14T22:50:04.219+0000] {processor.py:914} INFO - Processing file /opt/airflow/dags/raw_from_api_to_s3.py for tasks to queue
[2026-04-14T22:50:04.221+0000] {logging_mixin.py:190} INFO - [2026-04-14T22:50:04.221+0000] {dagbag.py:588} INFO - Filling up the DagBag from /opt/airflow/dags/raw_from_api_to_s3.py
[2026-04-14T22:50:04.276+0000] {processor.py:925} INFO - DAG(s) 'raw_from_api_to_s3' retrieved from /opt/airflow/dags/raw_from_api_to_s3.py
[2026-04-14T22:50:04.283+0000] {logging_mixin.py:190} INFO - [2026-04-14T22:50:04.283+0000] {dag.py:3239} INFO - Sync 1 DAGs
[2026-04-14T22:50:04.292+0000] {logging_mixin.py:190} INFO - [2026-04-14T22:50:04.292+0000] {dag.py:4180} INFO - Setting next_dagrun for raw_from_api_to_s3 to 2026-04-14 00:00:00+00:00, run_after=2026-04-15 00:00:00+00:00
[2026-04-14T22:50:04.299+0000] {processor.py:208} INFO - Processing /opt/airflow/dags/raw_from_api_to_s3.py took 0.090 seconds
[2026-04-14T22:50:34.598+0000] {processor.py:186} INFO - Started process (PID=9773) to work on /opt/airflow/dags/raw_from_api_to_s3.py
[2026-04-14T22:50:34.599+0000] {processor.py:914} INFO - Processing file /opt/airflow/dags/raw_from_api_to_s3.py for tasks to queue
[2026-04-14T22:50:34.602+0000] {logging_mixin.py:190} INFO - [2026-04-14T22:50:34.601+0000] {dagbag.py:588} INFO - Filling up the DagBag from /opt/airflow/dags/raw_from_api_to_s3.py
[2026-04-14T22:50:34.651+0000] {processor.py:925} INFO - DAG(s) 'raw_from_api_to_s3' retrieved from /opt/airflow/dags/raw_from_api_to_s3.py
[2026-04-14T22:50:34.658+0000] {logging_mixin.py:190} INFO - [2026-04-14T22:50:34.658+0000] {dag.py:3239} INFO - Sync 1 DAGs
[2026-04-14T22:50:34.667+0000] {logging_mixin.py:190} INFO - [2026-04-14T22:50:34.667+0000] {dag.py:4180} INFO - Setting next_dagrun for raw_from_api_to_s3 to 2026-04-14 00:00:00+00:00, run_after=2026-04-15 00:00:00+00:00
[2026-04-14T22:50:34.674+0000] {processor.py:208} INFO - Processing /opt/airflow/dags/raw_from_api_to_s3.py took 0.082 seconds
[2026-04-14T22:51:04.904+0000] {processor.py:186} INFO - Started process (PID=9787) to work on /opt/airflow/dags/raw_from_api_to_s3.py
[2026-04-14T22:51:04.905+0000] {processor.py:914} INFO - Processing file /opt/airflow/dags/raw_from_api_to_s3.py for tasks to queue
[2026-04-14T22:51:04.909+0000] {logging_mixin.py:190} INFO - [2026-04-14T22:51:04.909+0000] {dagbag.py:588} INFO - Filling up the DagBag from /opt/airflow/dags/raw_from_api_to_s3.py
[2026-04-14T22:51:04.966+0000] {processor.py:925} INFO - DAG(s) 'raw_from_api_to_s3' retrieved from /opt/airflow/dags/raw_from_api_to_s3.py
[2026-04-14T22:51:04.974+0000] {logging_mixin.py:190} INFO - [2026-04-14T22:51:04.974+0000] {dag.py:3239} INFO - Sync 1 DAGs
[2026-04-14T22:51:04.985+0000] {logging_mixin.py:190} INFO - [2026-04-14T22:51:04.984+0000] {dag.py:4180} INFO - Setting next_dagrun for raw_from_api_to_s3 to 2026-04-14 00:00:00+00:00, run_after=2026-04-15 00:00:00+00:00
[2026-04-14T22:51:04.992+0000] {processor.py:208} INFO - Processing /opt/airflow/dags/raw_from_api_to_s3.py took 0.096 seconds
[2026-04-14T22:51:35.281+0000] {processor.py:186} INFO - Started process (PID=9801) to work on /opt/airflow/dags/raw_from_api_to_s3.py
[2026-04-14T22:51:35.282+0000] {processor.py:914} INFO - Processing file /opt/airflow/dags/raw_from_api_to_s3.py for tasks to queue
[2026-04-14T22:51:35.284+0000] {logging_mixin.py:190} INFO - [2026-04-14T22:51:35.284+0000] {dagbag.py:588} INFO - Filling up the DagBag from /opt/airflow/dags/raw_from_api_to_s3.py
[2026-04-14T22:51:35.334+0000] {processor.py:925} INFO - DAG(s) 'raw_from_api_to_s3' retrieved from /opt/airflow/dags/raw_from_api_to_s3.py
[2026-04-14T22:51:35.340+0000] {logging_mixin.py:190} INFO - [2026-04-14T22:51:35.340+0000] {dag.py:3239} INFO - Sync 1 DAGs
[2026-04-14T22:51:35.350+0000] {logging_mixin.py:190} INFO - [2026-04-14T22:51:35.350+0000] {dag.py:4180} INFO - Setting next_dagrun for raw_from_api_to_s3 to 2026-04-14 00:00:00+00:00, run_after=2026-04-15 00:00:00+00:00
[2026-04-14T22:51:35.356+0000] {processor.py:208} INFO - Processing /opt/airflow/dags/raw_from_api_to_s3.py took 0.081 seconds
[2026-04-14T22:52:05.600+0000] {processor.py:186} INFO - Started process (PID=9815) to work on /opt/airflow/dags/raw_from_api_to_s3.py
[2026-04-14T22:52:05.601+0000] {processor.py:914} INFO - Processing file /opt/airflow/dags/raw_from_api_to_s3.py for tasks to queue
[2026-04-14T22:52:05.604+0000] {logging_mixin.py:190} INFO - [2026-04-14T22:52:05.604+0000] {dagbag.py:588} INFO - Filling up the DagBag from /opt/airflow/dags/raw_from_api_to_s3.py
[2026-04-14T22:52:05.654+0000] {processor.py:925} INFO - DAG(s) 'raw_from_api_to_s3' retrieved from /opt/airflow/dags/raw_from_api_to_s3.py
[2026-04-14T22:52:05.661+0000] {logging_mixin.py:190} INFO - [2026-04-14T22:52:05.661+0000] {dag.py:3239} INFO - Sync 1 DAGs
[2026-04-14T22:52:05.670+0000] {logging_mixin.py:190} INFO - [2026-04-14T22:52:05.670+0000] {dag.py:4180} INFO - Setting next_dagrun for raw_from_api_to_s3 to 2026-04-14 00:00:00+00:00, run_after=2026-04-15 00:00:00+00:00
[2026-04-14T22:52:05.677+0000] {processor.py:208} INFO - Processing /opt/airflow/dags/raw_from_api_to_s3.py took 0.084 seconds
[2026-04-14T22:52:36.049+0000] {processor.py:186} INFO - Started process (PID=9829) to work on /opt/airflow/dags/raw_from_api_to_s3.py
[2026-04-14T22:52:36.050+0000] {processor.py:914} INFO - Processing file /opt/airflow/dags/raw_from_api_to_s3.py for tasks to queue
[2026-04-14T22:52:36.053+0000] {logging_mixin.py:190} INFO - [2026-04-14T22:52:36.053+0000] {dagbag.py:588} INFO - Filling up the DagBag from /opt/airflow/dags/raw_from_api_to_s3.py
[2026-04-14T22:52:36.103+0000] {processor.py:925} INFO - DAG(s) 'raw_from_api_to_s3' retrieved from /opt/airflow/dags/raw_from_api_to_s3.py
[2026-04-14T22:52:36.110+0000] {logging_mixin.py:190} INFO - [2026-04-14T22:52:36.110+0000] {dag.py:3239} INFO - Sync 1 DAGs
[2026-04-14T22:52:36.119+0000] {logging_mixin.py:190} INFO - [2026-04-14T22:52:36.119+0000] {dag.py:4180} INFO - Setting next_dagrun for raw_from_api_to_s3 to 2026-04-14 00:00:00+00:00, run_after=2026-04-15 00:00:00+00:00
[2026-04-14T22:52:36.126+0000] {processor.py:208} INFO - Processing /opt/airflow/dags/raw_from_api_to_s3.py took 0.083 seconds
[2026-04-14T22:53:06.387+0000] {processor.py:186} INFO - Started process (PID=9843) to work on /opt/airflow/dags/raw_from_api_to_s3.py
[2026-04-14T22:53:06.388+0000] {processor.py:914} INFO - Processing file /opt/airflow/dags/raw_from_api_to_s3.py for tasks to queue
[2026-04-14T22:53:06.390+0000] {logging_mixin.py:190} INFO - [2026-04-14T22:53:06.390+0000] {dagbag.py:588} INFO - Filling up the DagBag from /opt/airflow/dags/raw_from_api_to_s3.py
[2026-04-14T22:53:06.441+0000] {processor.py:925} INFO - DAG(s) 'raw_from_api_to_s3' retrieved from /opt/airflow/dags/raw_from_api_to_s3.py
[2026-04-14T22:53:06.447+0000] {logging_mixin.py:190} INFO - [2026-04-14T22:53:06.447+0000] {dag.py:3239} INFO - Sync 1 DAGs
[2026-04-14T22:53:06.456+0000] {logging_mixin.py:190} INFO - [2026-04-14T22:53:06.456+0000] {dag.py:4180} INFO - Setting next_dagrun for raw_from_api_to_s3 to 2026-04-14 00:00:00+00:00, run_after=2026-04-15 00:00:00+00:00
[2026-04-14T22:53:06.463+0000] {processor.py:208} INFO - Processing /opt/airflow/dags/raw_from_api_to_s3.py took 0.083 seconds
[2026-04-14T22:53:36.851+0000] {processor.py:186} INFO - Started process (PID=9857) to work on /opt/airflow/dags/raw_from_api_to_s3.py
[2026-04-14T22:53:36.852+0000] {processor.py:914} INFO - Processing file /opt/airflow/dags/raw_from_api_to_s3.py for tasks to queue
[2026-04-14T22:53:36.855+0000] {logging_mixin.py:190} INFO - [2026-04-14T22:53:36.855+0000] {dagbag.py:588} INFO - Filling up the DagBag from /opt/airflow/dags/raw_from_api_to_s3.py
[2026-04-14T22:53:36.906+0000] {processor.py:925} INFO - DAG(s) 'raw_from_api_to_s3' retrieved from /opt/airflow/dags/raw_from_api_to_s3.py
[2026-04-14T22:53:36.912+0000] {logging_mixin.py:190} INFO - [2026-04-14T22:53:36.912+0000] {dag.py:3239} INFO - Sync 1 DAGs
[2026-04-14T22:53:36.921+0000] {logging_mixin.py:190} INFO - [2026-04-14T22:53:36.921+0000] {dag.py:4180} INFO - Setting next_dagrun for raw_from_api_to_s3 to 2026-04-14 00:00:00+00:00, run_after=2026-04-15 00:00:00+00:00
[2026-04-14T22:53:36.927+0000] {processor.py:208} INFO - Processing /opt/airflow/dags/raw_from_api_to_s3.py took 0.083 seconds
[2026-04-14T22:54:07.218+0000] {processor.py:186} INFO - Started process (PID=9871) to work on /opt/airflow/dags/raw_from_api_to_s3.py
[2026-04-14T22:54:07.219+0000] {processor.py:914} INFO - Processing file /opt/airflow/dags/raw_from_api_to_s3.py for tasks to queue
[2026-04-14T22:54:07.222+0000] {logging_mixin.py:190} INFO - [2026-04-14T22:54:07.222+0000] {dagbag.py:588} INFO - Filling up the DagBag from /opt/airflow/dags/raw_from_api_to_s3.py
[2026-04-14T22:54:07.273+0000] {processor.py:925} INFO - DAG(s) 'raw_from_api_to_s3' retrieved from /opt/airflow/dags/raw_from_api_to_s3.py
[2026-04-14T22:54:07.280+0000] {logging_mixin.py:190} INFO - [2026-04-14T22:54:07.280+0000] {dag.py:3239} INFO - Sync 1 DAGs
[2026-04-14T22:54:07.289+0000] {logging_mixin.py:190} INFO - [2026-04-14T22:54:07.289+0000] {dag.py:4180} INFO - Setting next_dagrun for raw_from_api_to_s3 to 2026-04-14 00:00:00+00:00, run_after=2026-04-15 00:00:00+00:00
[2026-04-14T22:54:07.295+0000] {processor.py:208} INFO - Processing /opt/airflow/dags/raw_from_api_to_s3.py took 0.086 seconds
[2026-04-14T22:54:37.527+0000] {processor.py:186} INFO - Started process (PID=9885) to work on /opt/airflow/dags/raw_from_api_to_s3.py
[2026-04-14T22:54:37.528+0000] {processor.py:914} INFO - Processing file /opt/airflow/dags/raw_from_api_to_s3.py for tasks to queue
[2026-04-14T22:54:37.531+0000] {logging_mixin.py:190} INFO - [2026-04-14T22:54:37.531+0000] {dagbag.py:588} INFO - Filling up the DagBag from /opt/airflow/dags/raw_from_api_to_s3.py
[2026-04-14T22:54:37.582+0000] {processor.py:925} INFO - DAG(s) 'raw_from_api_to_s3' retrieved from /opt/airflow/dags/raw_from_api_to_s3.py
[2026-04-14T22:54:37.591+0000] {logging_mixin.py:190} INFO - [2026-04-14T22:54:37.590+0000] {dag.py:3239} INFO - Sync 1 DAGs
[2026-04-14T22:54:37.601+0000] {logging_mixin.py:190} INFO - [2026-04-14T22:54:37.601+0000] {dag.py:4180} INFO - Setting next_dagrun for raw_from_api_to_s3 to 2026-04-14 00:00:00+00:00, run_after=2026-04-15 00:00:00+00:00
[2026-04-14T22:54:37.608+0000] {processor.py:208} INFO - Processing /opt/airflow/dags/raw_from_api_to_s3.py took 0.088 seconds
[2026-04-14T22:55:07.834+0000] {processor.py:186} INFO - Started process (PID=9899) to work on /opt/airflow/dags/raw_from_api_to_s3.py
[2026-04-14T22:55:07.835+0000] {processor.py:914} INFO - Processing file /opt/airflow/dags/raw_from_api_to_s3.py for tasks to queue
[2026-04-14T22:55:07.837+0000] {logging_mixin.py:190} INFO - [2026-04-14T22:55:07.837+0000] {dagbag.py:588} INFO - Filling up the DagBag from /opt/airflow/dags/raw_from_api_to_s3.py
[2026-04-14T22:55:07.882+0000] {processor.py:925} INFO - DAG(s) 'raw_from_api_to_s3' retrieved from /opt/airflow/dags/raw_from_api_to_s3.py
[2026-04-14T22:55:07.889+0000] {logging_mixin.py:190} INFO - [2026-04-14T22:55:07.889+0000] {dag.py:3239} INFO - Sync 1 DAGs
[2026-04-14T22:55:07.897+0000] {logging_mixin.py:190} INFO - [2026-04-14T22:55:07.897+0000] {dag.py:4180} INFO - Setting next_dagrun for raw_from_api_to_s3 to 2026-04-14 00:00:00+00:00, run_after=2026-04-15 00:00:00+00:00
[2026-04-14T22:55:07.903+0000] {processor.py:208} INFO - Processing /opt/airflow/dags/raw_from_api_to_s3.py took 0.075 seconds
[2026-04-14T22:55:38.171+0000] {processor.py:186} INFO - Started process (PID=9913) to work on /opt/airflow/dags/raw_from_api_to_s3.py
[2026-04-14T22:55:38.172+0000] {processor.py:914} INFO - Processing file /opt/airflow/dags/raw_from_api_to_s3.py for tasks to queue
[2026-04-14T22:55:38.175+0000] {logging_mixin.py:190} INFO - [2026-04-14T22:55:38.175+0000] {dagbag.py:588} INFO - Filling up the DagBag from /opt/airflow/dags/raw_from_api_to_s3.py
[2026-04-14T22:55:38.228+0000] {processor.py:925} INFO - DAG(s) 'raw_from_api_to_s3' retrieved from /opt/airflow/dags/raw_from_api_to_s3.py
[2026-04-14T22:55:38.235+0000] {logging_mixin.py:190} INFO - [2026-04-14T22:55:38.235+0000] {dag.py:3239} INFO - Sync 1 DAGs
[2026-04-14T22:55:38.244+0000] {logging_mixin.py:190} INFO - [2026-04-14T22:55:38.244+0000] {dag.py:4180} INFO - Setting next_dagrun for raw_from_api_to_s3 to 2026-04-14 00:00:00+00:00, run_after=2026-04-15 00:00:00+00:00
[2026-04-14T22:55:38.251+0000] {processor.py:208} INFO - Processing /opt/airflow/dags/raw_from_api_to_s3.py took 0.087 seconds
[2026-04-14T22:56:08.552+0000] {processor.py:186} INFO - Started process (PID=9927) to work on /opt/airflow/dags/raw_from_api_to_s3.py
[2026-04-14T22:56:08.554+0000] {processor.py:914} INFO - Processing file /opt/airflow/dags/raw_from_api_to_s3.py for tasks to queue
[2026-04-14T22:56:08.558+0000] {logging_mixin.py:190} INFO - [2026-04-14T22:56:08.558+0000] {dagbag.py:588} INFO - Filling up the DagBag from /opt/airflow/dags/raw_from_api_to_s3.py
[2026-04-14T22:56:08.595+0000] {processor.py:925} INFO - DAG(s) 'raw_from_api_to_s3' retrieved from /opt/airflow/dags/raw_from_api_to_s3.py
[2026-04-14T22:56:08.602+0000] {logging_mixin.py:190} INFO - [2026-04-14T22:56:08.602+0000] {dag.py:3239} INFO - Sync 1 DAGs
[2026-04-14T22:56:08.610+0000] {logging_mixin.py:190} INFO - [2026-04-14T22:56:08.610+0000] {dag.py:4180} INFO - Setting next_dagrun for raw_from_api_to_s3 to 2026-04-14 00:00:00+00:00, run_after=2026-04-15 00:00:00+00:00
[2026-04-14T22:56:08.617+0000] {processor.py:208} INFO - Processing /opt/airflow/dags/raw_from_api_to_s3.py took 0.076 seconds
[2026-04-14T22:56:38.923+0000] {processor.py:186} INFO - Started process (PID=9941) to work on /opt/airflow/dags/raw_from_api_to_s3.py
[2026-04-14T22:56:38.923+0000] {processor.py:914} INFO - Processing file /opt/airflow/dags/raw_from_api_to_s3.py for tasks to queue
[2026-04-14T22:56:38.924+0000] {logging_mixin.py:190} INFO - [2026-04-14T22:56:38.924+0000] {dagbag.py:588} INFO - Filling up the DagBag from /opt/airflow/dags/raw_from_api_to_s3.py
[2026-04-14T22:56:38.956+0000] {processor.py:925} INFO - DAG(s) 'raw_from_api_to_s3' retrieved from /opt/airflow/dags/raw_from_api_to_s3.py
[2026-04-14T22:56:38.962+0000] {logging_mixin.py:190} INFO - [2026-04-14T22:56:38.962+0000] {dag.py:3239} INFO - Sync 1 DAGs
[2026-04-14T22:56:38.971+0000] {logging_mixin.py:190} INFO - [2026-04-14T22:56:38.971+0000] {dag.py:4180} INFO - Setting next_dagrun for raw_from_api_to_s3 to 2026-04-14 00:00:00+00:00, run_after=2026-04-15 00:00:00+00:00
[2026-04-14T22:56:38.977+0000] {processor.py:208} INFO - Processing /opt/airflow/dags/raw_from_api_to_s3.py took 0.057 seconds
[2026-04-14T22:57:09.337+0000] {processor.py:186} INFO - Started process (PID=9955) to work on /opt/airflow/dags/raw_from_api_to_s3.py
[2026-04-14T22:57:09.338+0000] {processor.py:914} INFO - Processing file /opt/airflow/dags/raw_from_api_to_s3.py for tasks to queue
[2026-04-14T22:57:09.341+0000] {logging_mixin.py:190} INFO - [2026-04-14T22:57:09.341+0000] {dagbag.py:588} INFO - Filling up the DagBag from /opt/airflow/dags/raw_from_api_to_s3.py
[2026-04-14T22:57:09.390+0000] {processor.py:925} INFO - DAG(s) 'raw_from_api_to_s3' retrieved from /opt/airflow/dags/raw_from_api_to_s3.py
[2026-04-14T22:57:09.397+0000] {logging_mixin.py:190} INFO - [2026-04-14T22:57:09.397+0000] {dag.py:3239} INFO - Sync 1 DAGs
[2026-04-14T22:57:09.406+0000] {logging_mixin.py:190} INFO - [2026-04-14T22:57:09.406+0000] {dag.py:4180} INFO - Setting next_dagrun for raw_from_api_to_s3 to 2026-04-14 00:00:00+00:00, run_after=2026-04-15 00:00:00+00:00
[2026-04-14T22:57:09.412+0000] {processor.py:208} INFO - Processing /opt/airflow/dags/raw_from_api_to_s3.py took 0.082 seconds
[2026-04-14T22:57:39.747+0000] {processor.py:186} INFO - Started process (PID=9969) to work on /opt/airflow/dags/raw_from_api_to_s3.py
[2026-04-14T22:57:39.747+0000] {processor.py:914} INFO - Processing file /opt/airflow/dags/raw_from_api_to_s3.py for tasks to queue
[2026-04-14T22:57:39.750+0000] {logging_mixin.py:190} INFO - [2026-04-14T22:57:39.749+0000] {dagbag.py:588} INFO - Filling up the DagBag from /opt/airflow/dags/raw_from_api_to_s3.py
[2026-04-14T22:57:39.793+0000] {processor.py:925} INFO - DAG(s) 'raw_from_api_to_s3' retrieved from /opt/airflow/dags/raw_from_api_to_s3.py
[2026-04-14T22:57:39.800+0000] {logging_mixin.py:190} INFO - [2026-04-14T22:57:39.800+0000] {dag.py:3239} INFO - Sync 1 DAGs
[2026-04-14T22:57:39.810+0000] {logging_mixin.py:190} INFO - [2026-04-14T22:57:39.809+0000] {dag.py:4180} INFO - Setting next_dagrun for raw_from_api_to_s3 to 2026-04-14 00:00:00+00:00, run_after=2026-04-15 00:00:00+00:00
[2026-04-14T22:57:39.816+0000] {processor.py:208} INFO - Processing /opt/airflow/dags/raw_from_api_to_s3.py took 0.075 seconds
[2026-04-14T22:58:10.142+0000] {processor.py:186} INFO - Started process (PID=9983) to work on /opt/airflow/dags/raw_from_api_to_s3.py
[2026-04-14T22:58:10.143+0000] {processor.py:914} INFO - Processing file /opt/airflow/dags/raw_from_api_to_s3.py for tasks to queue
[2026-04-14T22:58:10.145+0000] {logging_mixin.py:190} INFO - [2026-04-14T22:58:10.145+0000] {dagbag.py:588} INFO - Filling up the DagBag from /opt/airflow/dags/raw_from_api_to_s3.py
[2026-04-14T22:58:10.198+0000] {processor.py:925} INFO - DAG(s) 'raw_from_api_to_s3' retrieved from /opt/airflow/dags/raw_from_api_to_s3.py
[2026-04-14T22:58:10.205+0000] {logging_mixin.py:190} INFO - [2026-04-14T22:58:10.205+0000] {dag.py:3239} INFO - Sync 1 DAGs
[2026-04-14T22:58:10.214+0000] {logging_mixin.py:190} INFO - [2026-04-14T22:58:10.214+0000] {dag.py:4180} INFO - Setting next_dagrun for raw_from_api_to_s3 to 2026-04-14 00:00:00+00:00, run_after=2026-04-15 00:00:00+00:00
[2026-04-14T22:58:10.220+0000] {processor.py:208} INFO - Processing /opt/airflow/dags/raw_from_api_to_s3.py took 0.085 seconds
[2026-04-14T22:58:40.539+0000] {processor.py:186} INFO - Started process (PID=9997) to work on /opt/airflow/dags/raw_from_api_to_s3.py
[2026-04-14T22:58:40.540+0000] {processor.py:914} INFO - Processing file /opt/airflow/dags/raw_from_api_to_s3.py for tasks to queue
[2026-04-14T22:58:40.543+0000] {logging_mixin.py:190} INFO - [2026-04-14T22:58:40.543+0000] {dagbag.py:588} INFO - Filling up the DagBag from /opt/airflow/dags/raw_from_api_to_s3.py
[2026-04-14T22:58:40.599+0000] {processor.py:925} INFO - DAG(s) 'raw_from_api_to_s3' retrieved from /opt/airflow/dags/raw_from_api_to_s3.py
[2026-04-14T22:58:40.607+0000] {logging_mixin.py:190} INFO - [2026-04-14T22:58:40.607+0000] {dag.py:3239} INFO - Sync 1 DAGs
[2026-04-14T22:58:40.617+0000] {logging_mixin.py:190} INFO - [2026-04-14T22:58:40.617+0000] {dag.py:4180} INFO - Setting next_dagrun for raw_from_api_to_s3 to 2026-04-14 00:00:00+00:00, run_after=2026-04-15 00:00:00+00:00
[2026-04-14T22:58:40.624+0000] {processor.py:208} INFO - Processing /opt/airflow/dags/raw_from_api_to_s3.py took 0.092 seconds
[2026-04-14T22:59:10.849+0000] {processor.py:186} INFO - Started process (PID=10011) to work on /opt/airflow/dags/raw_from_api_to_s3.py
[2026-04-14T22:59:10.849+0000] {processor.py:914} INFO - Processing file /opt/airflow/dags/raw_from_api_to_s3.py for tasks to queue
[2026-04-14T22:59:10.851+0000] {logging_mixin.py:190} INFO - [2026-04-14T22:59:10.851+0000] {dagbag.py:588} INFO - Filling up the DagBag from /opt/airflow/dags/raw_from_api_to_s3.py
[2026-04-14T22:59:10.893+0000] {processor.py:925} INFO - DAG(s) 'raw_from_api_to_s3' retrieved from /opt/airflow/dags/raw_from_api_to_s3.py
[2026-04-14T22:59:10.900+0000] {logging_mixin.py:190} INFO - [2026-04-14T22:59:10.900+0000] {dag.py:3239} INFO - Sync 1 DAGs
[2026-04-14T22:59:10.908+0000] {logging_mixin.py:190} INFO - [2026-04-14T22:59:10.908+0000] {dag.py:4180} INFO - Setting next_dagrun for raw_from_api_to_s3 to 2026-04-14 00:00:00+00:00, run_after=2026-04-15 00:00:00+00:00
[2026-04-14T22:59:10.915+0000] {processor.py:208} INFO - Processing /opt/airflow/dags/raw_from_api_to_s3.py took 0.071 seconds
[2026-04-14T22:59:41.184+0000] {processor.py:186} INFO - Started process (PID=10025) to work on /opt/airflow/dags/raw_from_api_to_s3.py
[2026-04-14T22:59:41.185+0000] {processor.py:914} INFO - Processing file /opt/airflow/dags/raw_from_api_to_s3.py for tasks to queue
[2026-04-14T22:59:41.189+0000] {logging_mixin.py:190} INFO - [2026-04-14T22:59:41.188+0000] {dagbag.py:588} INFO - Filling up the DagBag from /opt/airflow/dags/raw_from_api_to_s3.py
[2026-04-14T22:59:41.239+0000] {processor.py:925} INFO - DAG(s) 'raw_from_api_to_s3' retrieved from /opt/airflow/dags/raw_from_api_to_s3.py
[2026-04-14T22:59:41.246+0000] {logging_mixin.py:190} INFO - [2026-04-14T22:59:41.246+0000] {dag.py:3239} INFO - Sync 1 DAGs
[2026-04-14T22:59:41.255+0000] {logging_mixin.py:190} INFO - [2026-04-14T22:59:41.255+0000] {dag.py:4180} INFO - Setting next_dagrun for raw_from_api_to_s3 to 2026-04-14 00:00:00+00:00, run_after=2026-04-15 00:00:00+00:00
[2026-04-14T22:59:41.262+0000] {processor.py:208} INFO - Processing /opt/airflow/dags/raw_from_api_to_s3.py took 0.085 seconds
[2026-04-14T23:00:11.494+0000] {processor.py:186} INFO - Started process (PID=10039) to work on /opt/airflow/dags/raw_from_api_to_s3.py
[2026-04-14T23:00:11.495+0000] {processor.py:914} INFO - Processing file /opt/airflow/dags/raw_from_api_to_s3.py for tasks to queue
[2026-04-14T23:00:11.497+0000] {logging_mixin.py:190} INFO - [2026-04-14T23:00:11.497+0000] {dagbag.py:588} INFO - Filling up the DagBag from /opt/airflow/dags/raw_from_api_to_s3.py
[2026-04-14T23:00:11.540+0000] {processor.py:925} INFO - DAG(s) 'raw_from_api_to_s3' retrieved from /opt/airflow/dags/raw_from_api_to_s3.py
[2026-04-14T23:00:11.546+0000] {logging_mixin.py:190} INFO - [2026-04-14T23:00:11.546+0000] {dag.py:3239} INFO - Sync 1 DAGs
[2026-04-14T23:00:11.555+0000] {logging_mixin.py:190} INFO - [2026-04-14T23:00:11.555+0000] {dag.py:4180} INFO - Setting next_dagrun for raw_from_api_to_s3 to 2026-04-14 00:00:00+00:00, run_after=2026-04-15 00:00:00+00:00
[2026-04-14T23:00:11.561+0000] {processor.py:208} INFO - Processing /opt/airflow/dags/raw_from_api_to_s3.py took 0.073 seconds
[2026-04-14T23:00:41.762+0000] {processor.py:186} INFO - Started process (PID=10053) to work on /opt/airflow/dags/raw_from_api_to_s3.py
[2026-04-14T23:00:41.763+0000] {processor.py:914} INFO - Processing file /opt/airflow/dags/raw_from_api_to_s3.py for tasks to queue
[2026-04-14T23:00:41.766+0000] {logging_mixin.py:190} INFO - [2026-04-14T23:00:41.766+0000] {dagbag.py:588} INFO - Filling up the DagBag from /opt/airflow/dags/raw_from_api_to_s3.py
[2026-04-14T23:00:41.808+0000] {processor.py:925} INFO - DAG(s) 'raw_from_api_to_s3' retrieved from /opt/airflow/dags/raw_from_api_to_s3.py
[2026-04-14T23:00:41.815+0000] {logging_mixin.py:190} INFO - [2026-04-14T23:00:41.815+0000] {dag.py:3239} INFO - Sync 1 DAGs
[2026-04-14T23:00:41.824+0000] {logging_mixin.py:190} INFO - [2026-04-14T23:00:41.823+0000] {dag.py:4180} INFO - Setting next_dagrun for raw_from_api_to_s3 to 2026-04-14 00:00:00+00:00, run_after=2026-04-15 00:00:00+00:00
[2026-04-14T23:00:41.830+0000] {processor.py:208} INFO - Processing /opt/airflow/dags/raw_from_api_to_s3.py took 0.073 seconds
[2026-04-14T23:01:12.119+0000] {processor.py:186} INFO - Started process (PID=10067) to work on /opt/airflow/dags/raw_from_api_to_s3.py
[2026-04-14T23:01:12.120+0000] {processor.py:914} INFO - Processing file /opt/airflow/dags/raw_from_api_to_s3.py for tasks to queue
[2026-04-14T23:01:12.123+0000] {logging_mixin.py:190} INFO - [2026-04-14T23:01:12.122+0000] {dagbag.py:588} INFO - Filling up the DagBag from /opt/airflow/dags/raw_from_api_to_s3.py
[2026-04-14T23:01:12.172+0000] {processor.py:925} INFO - DAG(s) 'raw_from_api_to_s3' retrieved from /opt/airflow/dags/raw_from_api_to_s3.py
[2026-04-14T23:01:12.179+0000] {logging_mixin.py:190} INFO - [2026-04-14T23:01:12.179+0000] {dag.py:3239} INFO - Sync 1 DAGs
[2026-04-14T23:01:12.188+0000] {logging_mixin.py:190} INFO - [2026-04-14T23:01:12.188+0000] {dag.py:4180} INFO - Setting next_dagrun for raw_from_api_to_s3 to 2026-04-14 00:00:00+00:00, run_after=2026-04-15 00:00:00+00:00
[2026-04-14T23:01:12.194+0000] {processor.py:208} INFO - Processing /opt/airflow/dags/raw_from_api_to_s3.py took 0.081 seconds
[2026-04-14T23:01:42.451+0000] {processor.py:186} INFO - Started process (PID=10081) to work on /opt/airflow/dags/raw_from_api_to_s3.py
[2026-04-14T23:01:42.452+0000] {processor.py:914} INFO - Processing file /opt/airflow/dags/raw_from_api_to_s3.py for tasks to queue
[2026-04-14T23:01:42.454+0000] {logging_mixin.py:190} INFO - [2026-04-14T23:01:42.454+0000] {dagbag.py:588} INFO - Filling up the DagBag from /opt/airflow/dags/raw_from_api_to_s3.py
[2026-04-14T23:01:42.503+0000] {processor.py:925} INFO - DAG(s) 'raw_from_api_to_s3' retrieved from /opt/airflow/dags/raw_from_api_to_s3.py
[2026-04-14T23:01:42.510+0000] {logging_mixin.py:190} INFO - [2026-04-14T23:01:42.510+0000] {dag.py:3239} INFO - Sync 1 DAGs
[2026-04-14T23:01:42.519+0000] {logging_mixin.py:190} INFO - [2026-04-14T23:01:42.519+0000] {dag.py:4180} INFO - Setting next_dagrun for raw_from_api_to_s3 to 2026-04-14 00:00:00+00:00, run_after=2026-04-15 00:00:00+00:00
[2026-04-14T23:01:42.526+0000] {processor.py:208} INFO - Processing /opt/airflow/dags/raw_from_api_to_s3.py took 0.082 seconds
[2026-04-14T23:02:12.757+0000] {processor.py:186} INFO - Started process (PID=10095) to work on /opt/airflow/dags/raw_from_api_to_s3.py
[2026-04-14T23:02:12.758+0000] {processor.py:914} INFO - Processing file /opt/airflow/dags/raw_from_api_to_s3.py for tasks to queue
[2026-04-14T23:02:12.760+0000] {logging_mixin.py:190} INFO - [2026-04-14T23:02:12.760+0000] {dagbag.py:588} INFO - Filling up the DagBag from /opt/airflow/dags/raw_from_api_to_s3.py
[2026-04-14T23:02:12.805+0000] {processor.py:925} INFO - DAG(s) 'raw_from_api_to_s3' retrieved from /opt/airflow/dags/raw_from_api_to_s3.py
[2026-04-14T23:02:12.811+0000] {logging_mixin.py:190} INFO - [2026-04-14T23:02:12.811+0000] {dag.py:3239} INFO - Sync 1 DAGs
[2026-04-14T23:02:12.820+0000] {logging_mixin.py:190} INFO - [2026-04-14T23:02:12.820+0000] {dag.py:4180} INFO - Setting next_dagrun for raw_from_api_to_s3 to 2026-04-14 00:00:00+00:00, run_after=2026-04-15 00:00:00+00:00
[2026-04-14T23:02:12.827+0000] {processor.py:208} INFO - Processing /opt/airflow/dags/raw_from_api_to_s3.py took 0.076 seconds
[2026-04-14T23:02:43.048+0000] {processor.py:186} INFO - Started process (PID=10109) to work on /opt/airflow/dags/raw_from_api_to_s3.py
[2026-04-14T23:02:43.049+0000] {processor.py:914} INFO - Processing file /opt/airflow/dags/raw_from_api_to_s3.py for tasks to queue
[2026-04-14T23:02:43.052+0000] {logging_mixin.py:190} INFO - [2026-04-14T23:02:43.052+0000] {dagbag.py:588} INFO - Filling up the DagBag from /opt/airflow/dags/raw_from_api_to_s3.py
[2026-04-14T23:02:43.101+0000] {processor.py:925} INFO - DAG(s) 'raw_from_api_to_s3' retrieved from /opt/airflow/dags/raw_from_api_to_s3.py
[2026-04-14T23:02:43.107+0000] {logging_mixin.py:190} INFO - [2026-04-14T23:02:43.107+0000] {dag.py:3239} INFO - Sync 1 DAGs
[2026-04-14T23:02:43.117+0000] {logging_mixin.py:190} INFO - [2026-04-14T23:02:43.117+0000] {dag.py:4180} INFO - Setting next_dagrun for raw_from_api_to_s3 to 2026-04-14 00:00:00+00:00, run_after=2026-04-15 00:00:00+00:00
[2026-04-14T23:02:43.123+0000] {processor.py:208} INFO - Processing /opt/airflow/dags/raw_from_api_to_s3.py took 0.081 seconds
[2026-04-14T23:03:13.435+0000] {processor.py:186} INFO - Started process (PID=10123) to work on /opt/airflow/dags/raw_from_api_to_s3.py
[2026-04-14T23:03:13.436+0000] {processor.py:914} INFO - Processing file /opt/airflow/dags/raw_from_api_to_s3.py for tasks to queue
[2026-04-14T23:03:13.440+0000] {logging_mixin.py:190} INFO - [2026-04-14T23:03:13.439+0000] {dagbag.py:588} INFO - Filling up the DagBag from /opt/airflow/dags/raw_from_api_to_s3.py
[2026-04-14T23:03:13.498+0000] {processor.py:925} INFO - DAG(s) 'raw_from_api_to_s3' retrieved from /opt/airflow/dags/raw_from_api_to_s3.py
[2026-04-14T23:03:13.506+0000] {logging_mixin.py:190} INFO - [2026-04-14T23:03:13.506+0000] {dag.py:3239} INFO - Sync 1 DAGs
[2026-04-14T23:03:13.517+0000] {logging_mixin.py:190} INFO - [2026-04-14T23:03:13.517+0000] {dag.py:4180} INFO - Setting next_dagrun for raw_from_api_to_s3 to 2026-04-14 00:00:00+00:00, run_after=2026-04-15 00:00:00+00:00
[2026-04-14T23:03:13.524+0000] {processor.py:208} INFO - Processing /opt/airflow/dags/raw_from_api_to_s3.py took 0.094 seconds
[2026-04-14T23:03:43.797+0000] {processor.py:186} INFO - Started process (PID=10137) to work on /opt/airflow/dags/raw_from_api_to_s3.py
[2026-04-14T23:03:43.798+0000] {processor.py:914} INFO - Processing file /opt/airflow/dags/raw_from_api_to_s3.py for tasks to queue
[2026-04-14T23:03:43.801+0000] {logging_mixin.py:190} INFO - [2026-04-14T23:03:43.801+0000] {dagbag.py:588} INFO - Filling up the DagBag from /opt/airflow/dags/raw_from_api_to_s3.py
[2026-04-14T23:03:43.848+0000] {processor.py:925} INFO - DAG(s) 'raw_from_api_to_s3' retrieved from /opt/airflow/dags/raw_from_api_to_s3.py
[2026-04-14T23:03:43.855+0000] {logging_mixin.py:190} INFO - [2026-04-14T23:03:43.855+0000] {dag.py:3239} INFO - Sync 1 DAGs
[2026-04-14T23:03:43.864+0000] {logging_mixin.py:190} INFO - [2026-04-14T23:03:43.864+0000] {dag.py:4180} INFO - Setting next_dagrun for raw_from_api_to_s3 to 2026-04-14 00:00:00+00:00, run_after=2026-04-15 00:00:00+00:00
[2026-04-14T23:03:43.870+0000] {processor.py:208} INFO - Processing /opt/airflow/dags/raw_from_api_to_s3.py took 0.081 seconds
[2026-04-14T23:04:14.205+0000] {processor.py:186} INFO - Started process (PID=10151) to work on /opt/airflow/dags/raw_from_api_to_s3.py
[2026-04-14T23:04:14.206+0000] {processor.py:914} INFO - Processing file /opt/airflow/dags/raw_from_api_to_s3.py for tasks to queue
[2026-04-14T23:04:14.208+0000] {logging_mixin.py:190} INFO - [2026-04-14T23:04:14.208+0000] {dagbag.py:588} INFO - Filling up the DagBag from /opt/airflow/dags/raw_from_api_to_s3.py
[2026-04-14T23:04:14.257+0000] {processor.py:925} INFO - DAG(s) 'raw_from_api_to_s3' retrieved from /opt/airflow/dags/raw_from_api_to_s3.py
[2026-04-14T23:04:14.264+0000] {logging_mixin.py:190} INFO - [2026-04-14T23:04:14.264+0000] {dag.py:3239} INFO - Sync 1 DAGs
[2026-04-14T23:04:14.273+0000] {logging_mixin.py:190} INFO - [2026-04-14T23:04:14.273+0000] {dag.py:4180} INFO - Setting next_dagrun for raw_from_api_to_s3 to 2026-04-14 00:00:00+00:00, run_after=2026-04-15 00:00:00+00:00
[2026-04-14T23:04:14.280+0000] {processor.py:208} INFO - Processing /opt/airflow/dags/raw_from_api_to_s3.py took 0.082 seconds
[2026-04-14T23:04:44.561+0000] {processor.py:186} INFO - Started process (PID=10165) to work on /opt/airflow/dags/raw_from_api_to_s3.py
[2026-04-14T23:04:44.562+0000] {processor.py:914} INFO - Processing file /opt/airflow/dags/raw_from_api_to_s3.py for tasks to queue
[2026-04-14T23:04:44.566+0000] {logging_mixin.py:190} INFO - [2026-04-14T23:04:44.565+0000] {dagbag.py:588} INFO - Filling up the DagBag from /opt/airflow/dags/raw_from_api_to_s3.py
[2026-04-14T23:04:44.623+0000] {processor.py:925} INFO - DAG(s) 'raw_from_api_to_s3' retrieved from /opt/airflow/dags/raw_from_api_to_s3.py
[2026-04-14T23:04:44.631+0000] {logging_mixin.py:190} INFO - [2026-04-14T23:04:44.631+0000] {dag.py:3239} INFO - Sync 1 DAGs
[2026-04-14T23:04:44.642+0000] {logging_mixin.py:190} INFO - [2026-04-14T23:04:44.641+0000] {dag.py:4180} INFO - Setting next_dagrun for raw_from_api_to_s3 to 2026-04-14 00:00:00+00:00, run_after=2026-04-15 00:00:00+00:00
[2026-04-14T23:04:44.648+0000] {processor.py:208} INFO - Processing /opt/airflow/dags/raw_from_api_to_s3.py took 0.096 seconds
[2026-04-14T23:05:14.951+0000] {processor.py:186} INFO - Started process (PID=10179) to work on /opt/airflow/dags/raw_from_api_to_s3.py
[2026-04-14T23:05:14.952+0000] {processor.py:914} INFO - Processing file /opt/airflow/dags/raw_from_api_to_s3.py for tasks to queue
[2026-04-14T23:05:14.954+0000] {logging_mixin.py:190} INFO - [2026-04-14T23:05:14.954+0000] {dagbag.py:588} INFO - Filling up the DagBag from /opt/airflow/dags/raw_from_api_to_s3.py
[2026-04-14T23:05:15.001+0000] {processor.py:925} INFO - DAG(s) 'raw_from_api_to_s3' retrieved from /opt/airflow/dags/raw_from_api_to_s3.py
[2026-04-14T23:05:15.008+0000] {logging_mixin.py:190} INFO - [2026-04-14T23:05:15.008+0000] {dag.py:3239} INFO - Sync 1 DAGs
[2026-04-14T23:05:15.018+0000] {logging_mixin.py:190} INFO - [2026-04-14T23:05:15.018+0000] {dag.py:4180} INFO - Setting next_dagrun for raw_from_api_to_s3 to 2026-04-14 00:00:00+00:00, run_after=2026-04-15 00:00:00+00:00
[2026-04-14T23:05:15.024+0000] {processor.py:208} INFO - Processing /opt/airflow/dags/raw_from_api_to_s3.py took 0.079 seconds
[2026-04-14T23:05:45.343+0000] {processor.py:186} INFO - Started process (PID=10193) to work on /opt/airflow/dags/raw_from_api_to_s3.py
[2026-04-14T23:05:45.343+0000] {processor.py:914} INFO - Processing file /opt/airflow/dags/raw_from_api_to_s3.py for tasks to queue
[2026-04-14T23:05:45.345+0000] {logging_mixin.py:190} INFO - [2026-04-14T23:05:45.345+0000] {dagbag.py:588} INFO - Filling up the DagBag from /opt/airflow/dags/raw_from_api_to_s3.py
[2026-04-14T23:05:45.389+0000] {processor.py:925} INFO - DAG(s) 'raw_from_api_to_s3' retrieved from /opt/airflow/dags/raw_from_api_to_s3.py
[2026-04-14T23:05:45.396+0000] {logging_mixin.py:190} INFO - [2026-04-14T23:05:45.396+0000] {dag.py:3239} INFO - Sync 1 DAGs
[2026-04-14T23:05:45.405+0000] {logging_mixin.py:190} INFO - [2026-04-14T23:05:45.405+0000] {dag.py:4180} INFO - Setting next_dagrun for raw_from_api_to_s3 to 2026-04-14 00:00:00+00:00, run_after=2026-04-15 00:00:00+00:00
[2026-04-14T23:05:45.411+0000] {processor.py:208} INFO - Processing /opt/airflow/dags/raw_from_api_to_s3.py took 0.073 seconds
[2026-04-14T23:06:15.628+0000] {processor.py:186} INFO - Started process (PID=10207) to work on /opt/airflow/dags/raw_from_api_to_s3.py
[2026-04-14T23:06:15.629+0000] {processor.py:914} INFO - Processing file /opt/airflow/dags/raw_from_api_to_s3.py for tasks to queue
[2026-04-14T23:06:15.631+0000] {logging_mixin.py:190} INFO - [2026-04-14T23:06:15.631+0000] {dagbag.py:588} INFO - Filling up the DagBag from /opt/airflow/dags/raw_from_api_to_s3.py
[2026-04-14T23:06:15.681+0000] {processor.py:925} INFO - DAG(s) 'raw_from_api_to_s3' retrieved from /opt/airflow/dags/raw_from_api_to_s3.py
[2026-04-14T23:06:15.688+0000] {logging_mixin.py:190} INFO - [2026-04-14T23:06:15.688+0000] {dag.py:3239} INFO - Sync 1 DAGs
[2026-04-14T23:06:15.697+0000] {logging_mixin.py:190} INFO - [2026-04-14T23:06:15.697+0000] {dag.py:4180} INFO - Setting next_dagrun for raw_from_api_to_s3 to 2026-04-14 00:00:00+00:00, run_after=2026-04-15 00:00:00+00:00
[2026-04-14T23:06:15.703+0000] {processor.py:208} INFO - Processing /opt/airflow/dags/raw_from_api_to_s3.py took 0.083 seconds
[2026-04-14T23:06:46.039+0000] {processor.py:186} INFO - Started process (PID=10221) to work on /opt/airflow/dags/raw_from_api_to_s3.py
[2026-04-14T23:06:46.042+0000] {processor.py:914} INFO - Processing file /opt/airflow/dags/raw_from_api_to_s3.py for tasks to queue
[2026-04-14T23:06:46.046+0000] {logging_mixin.py:190} INFO - [2026-04-14T23:06:46.046+0000] {dagbag.py:588} INFO - Filling up the DagBag from /opt/airflow/dags/raw_from_api_to_s3.py
[2026-04-14T23:06:46.112+0000] {processor.py:925} INFO - DAG(s) 'raw_from_api_to_s3' retrieved from /opt/airflow/dags/raw_from_api_to_s3.py
[2026-04-14T23:06:46.120+0000] {logging_mixin.py:190} INFO - [2026-04-14T23:06:46.120+0000] {dag.py:3239} INFO - Sync 1 DAGs
[2026-04-14T23:06:46.131+0000] {logging_mixin.py:190} INFO - [2026-04-14T23:06:46.131+0000] {dag.py:4180} INFO - Setting next_dagrun for raw_from_api_to_s3 to 2026-04-14 00:00:00+00:00, run_after=2026-04-15 00:00:00+00:00
[2026-04-14T23:06:46.138+0000] {processor.py:208} INFO - Processing /opt/airflow/dags/raw_from_api_to_s3.py took 0.107 seconds
[2026-04-14T23:07:16.409+0000] {processor.py:186} INFO - Started process (PID=10235) to work on /opt/airflow/dags/raw_from_api_to_s3.py
[2026-04-14T23:07:16.410+0000] {processor.py:914} INFO - Processing file /opt/airflow/dags/raw_from_api_to_s3.py for tasks to queue
[2026-04-14T23:07:16.411+0000] {logging_mixin.py:190} INFO - [2026-04-14T23:07:16.410+0000] {dagbag.py:588} INFO - Filling up the DagBag from /opt/airflow/dags/raw_from_api_to_s3.py
[2026-04-14T23:07:16.451+0000] {processor.py:925} INFO - DAG(s) 'raw_from_api_to_s3' retrieved from /opt/airflow/dags/raw_from_api_to_s3.py
[2026-04-14T23:07:16.464+0000] {logging_mixin.py:190} INFO - [2026-04-14T23:07:16.464+0000] {dag.py:3239} INFO - Sync 1 DAGs
[2026-04-14T23:07:16.485+0000] {logging_mixin.py:190} INFO - [2026-04-14T23:07:16.485+0000] {dag.py:4180} INFO - Setting next_dagrun for raw_from_api_to_s3 to 2026-04-14 00:00:00+00:00, run_after=2026-04-15 00:00:00+00:00
[2026-04-14T23:07:16.495+0000] {processor.py:208} INFO - Processing /opt/airflow/dags/raw_from_api_to_s3.py took 0.090 seconds
[2026-04-14T23:07:46.774+0000] {processor.py:186} INFO - Started process (PID=10249) to work on /opt/airflow/dags/raw_from_api_to_s3.py
[2026-04-14T23:07:46.775+0000] {processor.py:914} INFO - Processing file /opt/airflow/dags/raw_from_api_to_s3.py for tasks to queue
[2026-04-14T23:07:46.777+0000] {logging_mixin.py:190} INFO - [2026-04-14T23:07:46.777+0000] {dagbag.py:588} INFO - Filling up the DagBag from /opt/airflow/dags/raw_from_api_to_s3.py
[2026-04-14T23:07:46.822+0000] {processor.py:925} INFO - DAG(s) 'raw_from_api_to_s3' retrieved from /opt/airflow/dags/raw_from_api_to_s3.py
[2026-04-14T23:07:46.830+0000] {logging_mixin.py:190} INFO - [2026-04-14T23:07:46.830+0000] {dag.py:3239} INFO - Sync 1 DAGs
[2026-04-14T23:07:46.840+0000] {logging_mixin.py:190} INFO - [2026-04-14T23:07:46.840+0000] {dag.py:4180} INFO - Setting next_dagrun for raw_from_api_to_s3 to 2026-04-14 00:00:00+00:00, run_after=2026-04-15 00:00:00+00:00
[2026-04-14T23:07:46.849+0000] {processor.py:208} INFO - Processing /opt/airflow/dags/raw_from_api_to_s3.py took 0.078 seconds
[2026-04-14T23:08:17.142+0000] {processor.py:186} INFO - Started process (PID=10263) to work on /opt/airflow/dags/raw_from_api_to_s3.py
[2026-04-14T23:08:17.143+0000] {processor.py:914} INFO - Processing file /opt/airflow/dags/raw_from_api_to_s3.py for tasks to queue
[2026-04-14T23:08:17.146+0000] {logging_mixin.py:190} INFO - [2026-04-14T23:08:17.145+0000] {dagbag.py:588} INFO - Filling up the DagBag from /opt/airflow/dags/raw_from_api_to_s3.py
[2026-04-14T23:08:17.207+0000] {processor.py:925} INFO - DAG(s) 'raw_from_api_to_s3' retrieved from /opt/airflow/dags/raw_from_api_to_s3.py
[2026-04-14T23:08:17.215+0000] {logging_mixin.py:190} INFO - [2026-04-14T23:08:17.215+0000] {dag.py:3239} INFO - Sync 1 DAGs
[2026-04-14T23:08:17.226+0000] {logging_mixin.py:190} INFO - [2026-04-14T23:08:17.226+0000] {dag.py:4180} INFO - Setting next_dagrun for raw_from_api_to_s3 to 2026-04-14 00:00:00+00:00, run_after=2026-04-15 00:00:00+00:00
[2026-04-14T23:08:17.233+0000] {processor.py:208} INFO - Processing /opt/airflow/dags/raw_from_api_to_s3.py took 0.099 seconds
[2026-04-14T23:08:47.500+0000] {processor.py:186} INFO - Started process (PID=10277) to work on /opt/airflow/dags/raw_from_api_to_s3.py
[2026-04-14T23:08:47.500+0000] {processor.py:914} INFO - Processing file /opt/airflow/dags/raw_from_api_to_s3.py for tasks to queue
[2026-04-14T23:08:47.503+0000] {logging_mixin.py:190} INFO - [2026-04-14T23:08:47.502+0000] {dagbag.py:588} INFO - Filling up the DagBag from /opt/airflow/dags/raw_from_api_to_s3.py
[2026-04-14T23:08:47.552+0000] {processor.py:925} INFO - DAG(s) 'raw_from_api_to_s3' retrieved from /opt/airflow/dags/raw_from_api_to_s3.py
[2026-04-14T23:08:47.558+0000] {logging_mixin.py:190} INFO - [2026-04-14T23:08:47.558+0000] {dag.py:3239} INFO - Sync 1 DAGs
[2026-04-14T23:08:47.567+0000] {logging_mixin.py:190} INFO - [2026-04-14T23:08:47.567+0000] {dag.py:4180} INFO - Setting next_dagrun for raw_from_api_to_s3 to 2026-04-14 00:00:00+00:00, run_after=2026-04-15 00:00:00+00:00
[2026-04-14T23:08:47.573+0000] {processor.py:208} INFO - Processing /opt/airflow/dags/raw_from_api_to_s3.py took 0.080 seconds
[2026-04-14T23:09:17.873+0000] {processor.py:186} INFO - Started process (PID=10291) to work on /opt/airflow/dags/raw_from_api_to_s3.py
[2026-04-14T23:09:17.874+0000] {processor.py:914} INFO - Processing file /opt/airflow/dags/raw_from_api_to_s3.py for tasks to queue
[2026-04-14T23:09:17.877+0000] {logging_mixin.py:190} INFO - [2026-04-14T23:09:17.876+0000] {dagbag.py:588} INFO - Filling up the DagBag from /opt/airflow/dags/raw_from_api_to_s3.py
[2026-04-14T23:09:17.922+0000] {processor.py:925} INFO - DAG(s) 'raw_from_api_to_s3' retrieved from /opt/airflow/dags/raw_from_api_to_s3.py
[2026-04-14T23:09:17.929+0000] {logging_mixin.py:190} INFO - [2026-04-14T23:09:17.929+0000] {dag.py:3239} INFO - Sync 1 DAGs
[2026-04-14T23:09:17.938+0000] {logging_mixin.py:190} INFO - [2026-04-14T23:09:17.938+0000] {dag.py:4180} INFO - Setting next_dagrun for raw_from_api_to_s3 to 2026-04-14 00:00:00+00:00, run_after=2026-04-15 00:00:00+00:00
[2026-04-14T23:09:17.945+0000] {processor.py:208} INFO - Processing /opt/airflow/dags/raw_from_api_to_s3.py took 0.077 seconds
[2026-04-14T23:09:48.243+0000] {processor.py:186} INFO - Started process (PID=10305) to work on /opt/airflow/dags/raw_from_api_to_s3.py
[2026-04-14T23:09:48.244+0000] {processor.py:914} INFO - Processing file /opt/airflow/dags/raw_from_api_to_s3.py for tasks to queue
[2026-04-14T23:09:48.248+0000] {logging_mixin.py:190} INFO - [2026-04-14T23:09:48.248+0000] {dagbag.py:588} INFO - Filling up the DagBag from /opt/airflow/dags/raw_from_api_to_s3.py
[2026-04-14T23:09:48.310+0000] {processor.py:925} INFO - DAG(s) 'raw_from_api_to_s3' retrieved from /opt/airflow/dags/raw_from_api_to_s3.py
[2026-04-14T23:09:48.318+0000] {logging_mixin.py:190} INFO - [2026-04-14T23:09:48.318+0000] {dag.py:3239} INFO - Sync 1 DAGs
[2026-04-14T23:09:48.328+0000] {logging_mixin.py:190} INFO - [2026-04-14T23:09:48.328+0000] {dag.py:4180} INFO - Setting next_dagrun for raw_from_api_to_s3 to 2026-04-14 00:00:00+00:00, run_after=2026-04-15 00:00:00+00:00
[2026-04-14T23:09:48.335+0000] {processor.py:208} INFO - Processing /opt/airflow/dags/raw_from_api_to_s3.py took 0.101 seconds
[2026-04-14T23:10:18.595+0000] {processor.py:186} INFO - Started process (PID=10319) to work on /opt/airflow/dags/raw_from_api_to_s3.py
[2026-04-14T23:10:18.596+0000] {processor.py:914} INFO - Processing file /opt/airflow/dags/raw_from_api_to_s3.py for tasks to queue
[2026-04-14T23:10:18.598+0000] {logging_mixin.py:190} INFO - [2026-04-14T23:10:18.598+0000] {dagbag.py:588} INFO - Filling up the DagBag from /opt/airflow/dags/raw_from_api_to_s3.py
[2026-04-14T23:10:18.647+0000] {processor.py:925} INFO - DAG(s) 'raw_from_api_to_s3' retrieved from /opt/airflow/dags/raw_from_api_to_s3.py
[2026-04-14T23:10:18.654+0000] {logging_mixin.py:190} INFO - [2026-04-14T23:10:18.654+0000] {dag.py:3239} INFO - Sync 1 DAGs
[2026-04-14T23:10:18.663+0000] {logging_mixin.py:190} INFO - [2026-04-14T23:10:18.662+0000] {dag.py:4180} INFO - Setting next_dagrun for raw_from_api_to_s3 to 2026-04-14 00:00:00+00:00, run_after=2026-04-15 00:00:00+00:00
[2026-04-14T23:10:18.669+0000] {processor.py:208} INFO - Processing /opt/airflow/dags/raw_from_api_to_s3.py took 0.081 seconds
[2026-04-14T23:10:48.882+0000] {processor.py:186} INFO - Started process (PID=10333) to work on /opt/airflow/dags/raw_from_api_to_s3.py
[2026-04-14T23:10:48.883+0000] {processor.py:914} INFO - Processing file /opt/airflow/dags/raw_from_api_to_s3.py for tasks to queue
[2026-04-14T23:10:48.885+0000] {logging_mixin.py:190} INFO - [2026-04-14T23:10:48.885+0000] {dagbag.py:588} INFO - Filling up the DagBag from /opt/airflow/dags/raw_from_api_to_s3.py
[2026-04-14T23:10:48.934+0000] {processor.py:925} INFO - DAG(s) 'raw_from_api_to_s3' retrieved from /opt/airflow/dags/raw_from_api_to_s3.py
[2026-04-14T23:10:48.940+0000] {logging_mixin.py:190} INFO - [2026-04-14T23:10:48.940+0000] {dag.py:3239} INFO - Sync 1 DAGs
[2026-04-14T23:10:48.950+0000] {logging_mixin.py:190} INFO - [2026-04-14T23:10:48.950+0000] {dag.py:4180} INFO - Setting next_dagrun for raw_from_api_to_s3 to 2026-04-14 00:00:00+00:00, run_after=2026-04-15 00:00:00+00:00
[2026-04-14T23:10:48.956+0000] {processor.py:208} INFO - Processing /opt/airflow/dags/raw_from_api_to_s3.py took 0.080 seconds
[2026-04-14T23:11:19.247+0000] {processor.py:186} INFO - Started process (PID=10347) to work on /opt/airflow/dags/raw_from_api_to_s3.py
[2026-04-14T23:11:19.248+0000] {processor.py:914} INFO - Processing file /opt/airflow/dags/raw_from_api_to_s3.py for tasks to queue
[2026-04-14T23:11:19.250+0000] {logging_mixin.py:190} INFO - [2026-04-14T23:11:19.250+0000] {dagbag.py:588} INFO - Filling up the DagBag from /opt/airflow/dags/raw_from_api_to_s3.py
[2026-04-14T23:11:19.296+0000] {processor.py:925} INFO - DAG(s) 'raw_from_api_to_s3' retrieved from /opt/airflow/dags/raw_from_api_to_s3.py
[2026-04-14T23:11:19.302+0000] {logging_mixin.py:190} INFO - [2026-04-14T23:11:19.302+0000] {dag.py:3239} INFO - Sync 1 DAGs
[2026-04-14T23:11:19.311+0000] {logging_mixin.py:190} INFO - [2026-04-14T23:11:19.311+0000] {dag.py:4180} INFO - Setting next_dagrun for raw_from_api_to_s3 to 2026-04-14 00:00:00+00:00, run_after=2026-04-15 00:00:00+00:00
[2026-04-14T23:11:19.317+0000] {processor.py:208} INFO - Processing /opt/airflow/dags/raw_from_api_to_s3.py took 0.076 seconds
[2026-04-14T23:11:49.629+0000] {processor.py:186} INFO - Started process (PID=10361) to work on /opt/airflow/dags/raw_from_api_to_s3.py
[2026-04-14T23:11:49.630+0000] {processor.py:914} INFO - Processing file /opt/airflow/dags/raw_from_api_to_s3.py for tasks to queue
[2026-04-14T23:11:49.633+0000] {logging_mixin.py:190} INFO - [2026-04-14T23:11:49.632+0000] {dagbag.py:588} INFO - Filling up the DagBag from /opt/airflow/dags/raw_from_api_to_s3.py
[2026-04-14T23:11:49.680+0000] {processor.py:925} INFO - DAG(s) 'raw_from_api_to_s3' retrieved from /opt/airflow/dags/raw_from_api_to_s3.py
[2026-04-14T23:11:49.687+0000] {logging_mixin.py:190} INFO - [2026-04-14T23:11:49.687+0000] {dag.py:3239} INFO - Sync 1 DAGs
[2026-04-14T23:11:49.696+0000] {logging_mixin.py:190} INFO - [2026-04-14T23:11:49.696+0000] {dag.py:4180} INFO - Setting next_dagrun for raw_from_api_to_s3 to 2026-04-14 00:00:00+00:00, run_after=2026-04-15 00:00:00+00:00
[2026-04-14T23:11:49.703+0000] {processor.py:208} INFO - Processing /opt/airflow/dags/raw_from_api_to_s3.py took 0.080 seconds
[2026-04-14T23:12:19.969+0000] {processor.py:186} INFO - Started process (PID=10375) to work on /opt/airflow/dags/raw_from_api_to_s3.py
[2026-04-14T23:12:19.970+0000] {processor.py:914} INFO - Processing file /opt/airflow/dags/raw_from_api_to_s3.py for tasks to queue
[2026-04-14T23:12:19.972+0000] {logging_mixin.py:190} INFO - [2026-04-14T23:12:19.972+0000] {dagbag.py:588} INFO - Filling up the DagBag from /opt/airflow/dags/raw_from_api_to_s3.py
[2026-04-14T23:12:20.022+0000] {processor.py:925} INFO - DAG(s) 'raw_from_api_to_s3' retrieved from /opt/airflow/dags/raw_from_api_to_s3.py
[2026-04-14T23:12:20.028+0000] {logging_mixin.py:190} INFO - [2026-04-14T23:12:20.028+0000] {dag.py:3239} INFO - Sync 1 DAGs
[2026-04-14T23:12:20.037+0000] {logging_mixin.py:190} INFO - [2026-04-14T23:12:20.037+0000] {dag.py:4180} INFO - Setting next_dagrun for raw_from_api_to_s3 to 2026-04-14 00:00:00+00:00, run_after=2026-04-15 00:00:00+00:00
[2026-04-14T23:12:20.043+0000] {processor.py:208} INFO - Processing /opt/airflow/dags/raw_from_api_to_s3.py took 0.080 seconds
[2026-04-14T23:12:50.272+0000] {processor.py:186} INFO - Started process (PID=10389) to work on /opt/airflow/dags/raw_from_api_to_s3.py
[2026-04-14T23:12:50.273+0000] {processor.py:914} INFO - Processing file /opt/airflow/dags/raw_from_api_to_s3.py for tasks to queue
[2026-04-14T23:12:50.275+0000] {logging_mixin.py:190} INFO - [2026-04-14T23:12:50.275+0000] {dagbag.py:588} INFO - Filling up the DagBag from /opt/airflow/dags/raw_from_api_to_s3.py
[2026-04-14T23:12:50.319+0000] {processor.py:925} INFO - DAG(s) 'raw_from_api_to_s3' retrieved from /opt/airflow/dags/raw_from_api_to_s3.py
[2026-04-14T23:12:50.326+0000] {logging_mixin.py:190} INFO - [2026-04-14T23:12:50.326+0000] {dag.py:3239} INFO - Sync 1 DAGs
[2026-04-14T23:12:50.335+0000] {logging_mixin.py:190} INFO - [2026-04-14T23:12:50.335+0000] {dag.py:4180} INFO - Setting next_dagrun for raw_from_api_to_s3 to 2026-04-14 00:00:00+00:00, run_after=2026-04-15 00:00:00+00:00
[2026-04-14T23:12:50.341+0000] {processor.py:208} INFO - Processing /opt/airflow/dags/raw_from_api_to_s3.py took 0.075 seconds
[2026-04-14T23:13:20.602+0000] {processor.py:186} INFO - Started process (PID=10403) to work on /opt/airflow/dags/raw_from_api_to_s3.py
[2026-04-14T23:13:20.603+0000] {processor.py:914} INFO - Processing file /opt/airflow/dags/raw_from_api_to_s3.py for tasks to queue
[2026-04-14T23:13:20.607+0000] {logging_mixin.py:190} INFO - [2026-04-14T23:13:20.607+0000] {dagbag.py:588} INFO - Filling up the DagBag from /opt/airflow/dags/raw_from_api_to_s3.py
[2026-04-14T23:13:20.685+0000] {processor.py:925} INFO - DAG(s) 'raw_from_api_to_s3' retrieved from /opt/airflow/dags/raw_from_api_to_s3.py
[2026-04-14T23:13:20.697+0000] {logging_mixin.py:190} INFO - [2026-04-14T23:13:20.697+0000] {dag.py:3239} INFO - Sync 1 DAGs
[2026-04-14T23:13:20.714+0000] {logging_mixin.py:190} INFO - [2026-04-14T23:13:20.714+0000] {dag.py:4180} INFO - Setting next_dagrun for raw_from_api_to_s3 to 2026-04-14 00:00:00+00:00, run_after=2026-04-15 00:00:00+00:00
[2026-04-14T23:13:20.725+0000] {processor.py:208} INFO - Processing /opt/airflow/dags/raw_from_api_to_s3.py took 0.135 seconds
[2026-04-14T23:13:50.955+0000] {processor.py:186} INFO - Started process (PID=10417) to work on /opt/airflow/dags/raw_from_api_to_s3.py
[2026-04-14T23:13:50.956+0000] {processor.py:914} INFO - Processing file /opt/airflow/dags/raw_from_api_to_s3.py for tasks to queue
[2026-04-14T23:13:50.957+0000] {logging_mixin.py:190} INFO - [2026-04-14T23:13:50.957+0000] {dagbag.py:588} INFO - Filling up the DagBag from /opt/airflow/dags/raw_from_api_to_s3.py
[2026-04-14T23:13:51.003+0000] {processor.py:925} INFO - DAG(s) 'raw_from_api_to_s3' retrieved from /opt/airflow/dags/raw_from_api_to_s3.py
[2026-04-14T23:13:51.012+0000] {logging_mixin.py:190} INFO - [2026-04-14T23:13:51.012+0000] {dag.py:3239} INFO - Sync 1 DAGs
[2026-04-14T23:13:51.024+0000] {logging_mixin.py:190} INFO - [2026-04-14T23:13:51.024+0000] {dag.py:4180} INFO - Setting next_dagrun for raw_from_api_to_s3 to 2026-04-14 00:00:00+00:00, run_after=2026-04-15 00:00:00+00:00
[2026-04-14T23:13:51.031+0000] {processor.py:208} INFO - Processing /opt/airflow/dags/raw_from_api_to_s3.py took 0.079 seconds
[2026-04-14T23:14:21.371+0000] {processor.py:186} INFO - Started process (PID=10431) to work on /opt/airflow/dags/raw_from_api_to_s3.py
[2026-04-14T23:14:21.372+0000] {processor.py:914} INFO - Processing file /opt/airflow/dags/raw_from_api_to_s3.py for tasks to queue
[2026-04-14T23:14:21.375+0000] {logging_mixin.py:190} INFO - [2026-04-14T23:14:21.374+0000] {dagbag.py:588} INFO - Filling up the DagBag from /opt/airflow/dags/raw_from_api_to_s3.py
[2026-04-14T23:14:21.421+0000] {processor.py:925} INFO - DAG(s) 'raw_from_api_to_s3' retrieved from /opt/airflow/dags/raw_from_api_to_s3.py
[2026-04-14T23:14:21.428+0000] {logging_mixin.py:190} INFO - [2026-04-14T23:14:21.428+0000] {dag.py:3239} INFO - Sync 1 DAGs
[2026-04-14T23:14:21.437+0000] {logging_mixin.py:190} INFO - [2026-04-14T23:14:21.437+0000] {dag.py:4180} INFO - Setting next_dagrun for raw_from_api_to_s3 to 2026-04-14 00:00:00+00:00, run_after=2026-04-15 00:00:00+00:00
[2026-04-14T23:14:21.444+0000] {processor.py:208} INFO - Processing /opt/airflow/dags/raw_from_api_to_s3.py took 0.079 seconds
[2026-04-14T23:14:51.762+0000] {processor.py:186} INFO - Started process (PID=10445) to work on /opt/airflow/dags/raw_from_api_to_s3.py
[2026-04-14T23:14:51.763+0000] {processor.py:914} INFO - Processing file /opt/airflow/dags/raw_from_api_to_s3.py for tasks to queue
[2026-04-14T23:14:51.766+0000] {logging_mixin.py:190} INFO - [2026-04-14T23:14:51.766+0000] {dagbag.py:588} INFO - Filling up the DagBag from /opt/airflow/dags/raw_from_api_to_s3.py
[2026-04-14T23:14:51.815+0000] {processor.py:925} INFO - DAG(s) 'raw_from_api_to_s3' retrieved from /opt/airflow/dags/raw_from_api_to_s3.py
[2026-04-14T23:14:51.823+0000] {logging_mixin.py:190} INFO - [2026-04-14T23:14:51.822+0000] {dag.py:3239} INFO - Sync 1 DAGs
[2026-04-14T23:14:51.831+0000] {logging_mixin.py:190} INFO - [2026-04-14T23:14:51.831+0000] {dag.py:4180} INFO - Setting next_dagrun for raw_from_api_to_s3 to 2026-04-14 00:00:00+00:00, run_after=2026-04-15 00:00:00+00:00
[2026-04-14T23:14:51.838+0000] {processor.py:208} INFO - Processing /opt/airflow/dags/raw_from_api_to_s3.py took 0.082 seconds
[2026-04-14T23:15:22.134+0000] {processor.py:186} INFO - Started process (PID=10459) to work on /opt/airflow/dags/raw_from_api_to_s3.py
[2026-04-14T23:15:22.135+0000] {processor.py:914} INFO - Processing file /opt/airflow/dags/raw_from_api_to_s3.py for tasks to queue
[2026-04-14T23:15:22.138+0000] {logging_mixin.py:190} INFO - [2026-04-14T23:15:22.137+0000] {dagbag.py:588} INFO - Filling up the DagBag from /opt/airflow/dags/raw_from_api_to_s3.py
[2026-04-14T23:15:22.190+0000] {processor.py:925} INFO - DAG(s) 'raw_from_api_to_s3' retrieved from /opt/airflow/dags/raw_from_api_to_s3.py
[2026-04-14T23:15:22.197+0000] {logging_mixin.py:190} INFO - [2026-04-14T23:15:22.197+0000] {dag.py:3239} INFO - Sync 1 DAGs
[2026-04-14T23:15:22.207+0000] {logging_mixin.py:190} INFO - [2026-04-14T23:15:22.207+0000] {dag.py:4180} INFO - Setting next_dagrun for raw_from_api_to_s3 to 2026-04-14 00:00:00+00:00, run_after=2026-04-15 00:00:00+00:00
[2026-04-14T23:15:22.213+0000] {processor.py:208} INFO - Processing /opt/airflow/dags/raw_from_api_to_s3.py took 0.086 seconds
[2026-04-14T23:15:52.443+0000] {processor.py:186} INFO - Started process (PID=10472) to work on /opt/airflow/dags/raw_from_api_to_s3.py
[2026-04-14T23:15:52.444+0000] {processor.py:914} INFO - Processing file /opt/airflow/dags/raw_from_api_to_s3.py for tasks to queue
[2026-04-14T23:15:52.447+0000] {logging_mixin.py:190} INFO - [2026-04-14T23:15:52.447+0000] {dagbag.py:588} INFO - Filling up the DagBag from /opt/airflow/dags/raw_from_api_to_s3.py
[2026-04-14T23:15:52.495+0000] {processor.py:925} INFO - DAG(s) 'raw_from_api_to_s3' retrieved from /opt/airflow/dags/raw_from_api_to_s3.py
[2026-04-14T23:15:52.502+0000] {logging_mixin.py:190} INFO - [2026-04-14T23:15:52.502+0000] {dag.py:3239} INFO - Sync 1 DAGs
[2026-04-14T23:15:52.510+0000] {logging_mixin.py:190} INFO - [2026-04-14T23:15:52.510+0000] {dag.py:4180} INFO - Setting next_dagrun for raw_from_api_to_s3 to 2026-04-14 00:00:00+00:00, run_after=2026-04-15 00:00:00+00:00
[2026-04-14T23:15:52.518+0000] {processor.py:208} INFO - Processing /opt/airflow/dags/raw_from_api_to_s3.py took 0.083 seconds
[2026-04-14T23:16:22.740+0000] {processor.py:186} INFO - Started process (PID=10486) to work on /opt/airflow/dags/raw_from_api_to_s3.py
[2026-04-14T23:16:22.741+0000] {processor.py:914} INFO - Processing file /opt/airflow/dags/raw_from_api_to_s3.py for tasks to queue
[2026-04-14T23:16:22.744+0000] {logging_mixin.py:190} INFO - [2026-04-14T23:16:22.744+0000] {dagbag.py:588} INFO - Filling up the DagBag from /opt/airflow/dags/raw_from_api_to_s3.py
[2026-04-14T23:16:22.790+0000] {processor.py:925} INFO - DAG(s) 'raw_from_api_to_s3' retrieved from /opt/airflow/dags/raw_from_api_to_s3.py
[2026-04-14T23:16:22.797+0000] {logging_mixin.py:190} INFO - [2026-04-14T23:16:22.797+0000] {dag.py:3239} INFO - Sync 1 DAGs
[2026-04-14T23:16:22.806+0000] {logging_mixin.py:190} INFO - [2026-04-14T23:16:22.806+0000] {dag.py:4180} INFO - Setting next_dagrun for raw_from_api_to_s3 to 2026-04-14 00:00:00+00:00, run_after=2026-04-15 00:00:00+00:00
[2026-04-14T23:16:22.813+0000] {processor.py:208} INFO - Processing /opt/airflow/dags/raw_from_api_to_s3.py took 0.080 seconds
[2026-04-14T23:16:53.063+0000] {processor.py:186} INFO - Started process (PID=10500) to work on /opt/airflow/dags/raw_from_api_to_s3.py
[2026-04-14T23:16:53.064+0000] {processor.py:914} INFO - Processing file /opt/airflow/dags/raw_from_api_to_s3.py for tasks to queue
[2026-04-14T23:16:53.067+0000] {logging_mixin.py:190} INFO - [2026-04-14T23:16:53.066+0000] {dagbag.py:588} INFO - Filling up the DagBag from /opt/airflow/dags/raw_from_api_to_s3.py
[2026-04-14T23:16:53.121+0000] {processor.py:925} INFO - DAG(s) 'raw_from_api_to_s3' retrieved from /opt/airflow/dags/raw_from_api_to_s3.py
[2026-04-14T23:16:53.128+0000] {logging_mixin.py:190} INFO - [2026-04-14T23:16:53.128+0000] {dag.py:3239} INFO - Sync 1 DAGs
[2026-04-14T23:16:53.137+0000] {logging_mixin.py:190} INFO - [2026-04-14T23:16:53.137+0000] {dag.py:4180} INFO - Setting next_dagrun for raw_from_api_to_s3 to 2026-04-14 00:00:00+00:00, run_after=2026-04-15 00:00:00+00:00
[2026-04-14T23:16:53.143+0000] {processor.py:208} INFO - Processing /opt/airflow/dags/raw_from_api_to_s3.py took 0.087 seconds
[2026-04-14T23:17:23.501+0000] {processor.py:186} INFO - Started process (PID=10514) to work on /opt/airflow/dags/raw_from_api_to_s3.py
[2026-04-14T23:17:23.502+0000] {processor.py:914} INFO - Processing file /opt/airflow/dags/raw_from_api_to_s3.py for tasks to queue
[2026-04-14T23:17:23.505+0000] {logging_mixin.py:190} INFO - [2026-04-14T23:17:23.504+0000] {dagbag.py:588} INFO - Filling up the DagBag from /opt/airflow/dags/raw_from_api_to_s3.py
[2026-04-14T23:17:23.558+0000] {processor.py:925} INFO - DAG(s) 'raw_from_api_to_s3' retrieved from /opt/airflow/dags/raw_from_api_to_s3.py
[2026-04-14T23:17:23.567+0000] {logging_mixin.py:190} INFO - [2026-04-14T23:17:23.567+0000] {dag.py:3239} INFO - Sync 1 DAGs
[2026-04-14T23:17:23.577+0000] {logging_mixin.py:190} INFO - [2026-04-14T23:17:23.577+0000] {dag.py:4180} INFO - Setting next_dagrun for raw_from_api_to_s3 to 2026-04-14 00:00:00+00:00, run_after=2026-04-15 00:00:00+00:00
[2026-04-14T23:17:23.584+0000] {processor.py:208} INFO - Processing /opt/airflow/dags/raw_from_api_to_s3.py took 0.090 seconds
[2026-04-14T23:17:53.902+0000] {processor.py:186} INFO - Started process (PID=10528) to work on /opt/airflow/dags/raw_from_api_to_s3.py
[2026-04-14T23:17:53.902+0000] {processor.py:914} INFO - Processing file /opt/airflow/dags/raw_from_api_to_s3.py for tasks to queue
[2026-04-14T23:17:53.905+0000] {logging_mixin.py:190} INFO - [2026-04-14T23:17:53.904+0000] {dagbag.py:588} INFO - Filling up the DagBag from /opt/airflow/dags/raw_from_api_to_s3.py
[2026-04-14T23:17:53.955+0000] {processor.py:925} INFO - DAG(s) 'raw_from_api_to_s3' retrieved from /opt/airflow/dags/raw_from_api_to_s3.py
[2026-04-14T23:17:53.962+0000] {logging_mixin.py:190} INFO - [2026-04-14T23:17:53.962+0000] {dag.py:3239} INFO - Sync 1 DAGs
[2026-04-14T23:17:53.971+0000] {logging_mixin.py:190} INFO - [2026-04-14T23:17:53.971+0000] {dag.py:4180} INFO - Setting next_dagrun for raw_from_api_to_s3 to 2026-04-14 00:00:00+00:00, run_after=2026-04-15 00:00:00+00:00
[2026-04-14T23:17:53.978+0000] {processor.py:208} INFO - Processing /opt/airflow/dags/raw_from_api_to_s3.py took 0.084 seconds
[2026-04-14T23:18:24.241+0000] {processor.py:186} INFO - Started process (PID=10542) to work on /opt/airflow/dags/raw_from_api_to_s3.py
[2026-04-14T23:18:24.242+0000] {processor.py:914} INFO - Processing file /opt/airflow/dags/raw_from_api_to_s3.py for tasks to queue
[2026-04-14T23:18:24.245+0000] {logging_mixin.py:190} INFO - [2026-04-14T23:18:24.245+0000] {dagbag.py:588} INFO - Filling up the DagBag from /opt/airflow/dags/raw_from_api_to_s3.py
[2026-04-14T23:18:24.295+0000] {processor.py:925} INFO - DAG(s) 'raw_from_api_to_s3' retrieved from /opt/airflow/dags/raw_from_api_to_s3.py
[2026-04-14T23:18:24.302+0000] {logging_mixin.py:190} INFO - [2026-04-14T23:18:24.302+0000] {dag.py:3239} INFO - Sync 1 DAGs
[2026-04-14T23:18:24.312+0000] {logging_mixin.py:190} INFO - [2026-04-14T23:18:24.312+0000] {dag.py:4180} INFO - Setting next_dagrun for raw_from_api_to_s3 to 2026-04-14 00:00:00+00:00, run_after=2026-04-15 00:00:00+00:00
[2026-04-14T23:18:24.318+0000] {processor.py:208} INFO - Processing /opt/airflow/dags/raw_from_api_to_s3.py took 0.083 seconds
[2026-04-14T23:18:54.581+0000] {processor.py:186} INFO - Started process (PID=10556) to work on /opt/airflow/dags/raw_from_api_to_s3.py
[2026-04-14T23:18:54.582+0000] {processor.py:914} INFO - Processing file /opt/airflow/dags/raw_from_api_to_s3.py for tasks to queue
[2026-04-14T23:18:54.585+0000] {logging_mixin.py:190} INFO - [2026-04-14T23:18:54.584+0000] {dagbag.py:588} INFO - Filling up the DagBag from /opt/airflow/dags/raw_from_api_to_s3.py
[2026-04-14T23:18:54.634+0000] {processor.py:925} INFO - DAG(s) 'raw_from_api_to_s3' retrieved from /opt/airflow/dags/raw_from_api_to_s3.py
[2026-04-14T23:18:54.640+0000] {logging_mixin.py:190} INFO - [2026-04-14T23:18:54.640+0000] {dag.py:3239} INFO - Sync 1 DAGs
[2026-04-14T23:18:54.649+0000] {logging_mixin.py:190} INFO - [2026-04-14T23:18:54.649+0000] {dag.py:4180} INFO - Setting next_dagrun for raw_from_api_to_s3 to 2026-04-14 00:00:00+00:00, run_after=2026-04-15 00:00:00+00:00
[2026-04-14T23:18:54.656+0000] {processor.py:208} INFO - Processing /opt/airflow/dags/raw_from_api_to_s3.py took 0.081 seconds
[2026-04-14T23:19:24.949+0000] {processor.py:186} INFO - Started process (PID=10570) to work on /opt/airflow/dags/raw_from_api_to_s3.py
[2026-04-14T23:19:24.950+0000] {processor.py:914} INFO - Processing file /opt/airflow/dags/raw_from_api_to_s3.py for tasks to queue
[2026-04-14T23:19:24.962+0000] {logging_mixin.py:190} INFO - [2026-04-14T23:19:24.962+0000] {dagbag.py:588} INFO - Filling up the DagBag from /opt/airflow/dags/raw_from_api_to_s3.py
[2026-04-14T23:19:25.034+0000] {processor.py:925} INFO - DAG(s) 'raw_from_api_to_s3' retrieved from /opt/airflow/dags/raw_from_api_to_s3.py
[2026-04-14T23:19:25.042+0000] {logging_mixin.py:190} INFO - [2026-04-14T23:19:25.042+0000] {dag.py:3239} INFO - Sync 1 DAGs
[2026-04-14T23:19:25.054+0000] {logging_mixin.py:190} INFO - [2026-04-14T23:19:25.054+0000] {dag.py:4180} INFO - Setting next_dagrun for raw_from_api_to_s3 to 2026-04-14 00:00:00+00:00, run_after=2026-04-15 00:00:00+00:00
[2026-04-14T23:19:25.063+0000] {processor.py:208} INFO - Processing /opt/airflow/dags/raw_from_api_to_s3.py took 0.122 seconds
[2026-04-14T23:19:55.367+0000] {processor.py:186} INFO - Started process (PID=10584) to work on /opt/airflow/dags/raw_from_api_to_s3.py
[2026-04-14T23:19:55.368+0000] {processor.py:914} INFO - Processing file /opt/airflow/dags/raw_from_api_to_s3.py for tasks to queue
[2026-04-14T23:19:55.371+0000] {logging_mixin.py:190} INFO - [2026-04-14T23:19:55.371+0000] {dagbag.py:588} INFO - Filling up the DagBag from /opt/airflow/dags/raw_from_api_to_s3.py
[2026-04-14T23:19:55.420+0000] {processor.py:925} INFO - DAG(s) 'raw_from_api_to_s3' retrieved from /opt/airflow/dags/raw_from_api_to_s3.py
[2026-04-14T23:19:55.428+0000] {logging_mixin.py:190} INFO - [2026-04-14T23:19:55.428+0000] {dag.py:3239} INFO - Sync 1 DAGs
[2026-04-14T23:19:55.437+0000] {logging_mixin.py:190} INFO - [2026-04-14T23:19:55.436+0000] {dag.py:4180} INFO - Setting next_dagrun for raw_from_api_to_s3 to 2026-04-14 00:00:00+00:00, run_after=2026-04-15 00:00:00+00:00
[2026-04-14T23:19:55.443+0000] {processor.py:208} INFO - Processing /opt/airflow/dags/raw_from_api_to_s3.py took 0.083 seconds
[2026-04-14T23:20:25.696+0000] {processor.py:186} INFO - Started process (PID=10598) to work on /opt/airflow/dags/raw_from_api_to_s3.py
[2026-04-14T23:20:25.696+0000] {processor.py:914} INFO - Processing file /opt/airflow/dags/raw_from_api_to_s3.py for tasks to queue
[2026-04-14T23:20:25.698+0000] {logging_mixin.py:190} INFO - [2026-04-14T23:20:25.698+0000] {dagbag.py:588} INFO - Filling up the DagBag from /opt/airflow/dags/raw_from_api_to_s3.py
[2026-04-14T23:20:25.745+0000] {processor.py:925} INFO - DAG(s) 'raw_from_api_to_s3' retrieved from /opt/airflow/dags/raw_from_api_to_s3.py
[2026-04-14T23:20:25.752+0000] {logging_mixin.py:190} INFO - [2026-04-14T23:20:25.752+0000] {dag.py:3239} INFO - Sync 1 DAGs
[2026-04-14T23:20:25.761+0000] {logging_mixin.py:190} INFO - [2026-04-14T23:20:25.761+0000] {dag.py:4180} INFO - Setting next_dagrun for raw_from_api_to_s3 to 2026-04-14 00:00:00+00:00, run_after=2026-04-15 00:00:00+00:00
[2026-04-14T23:20:25.767+0000] {processor.py:208} INFO - Processing /opt/airflow/dags/raw_from_api_to_s3.py took 0.077 seconds
[2026-04-14T23:20:56.063+0000] {processor.py:186} INFO - Started process (PID=10618) to work on /opt/airflow/dags/raw_from_api_to_s3.py
[2026-04-14T23:20:56.065+0000] {processor.py:914} INFO - Processing file /opt/airflow/dags/raw_from_api_to_s3.py for tasks to queue
[2026-04-14T23:20:56.067+0000] {logging_mixin.py:190} INFO - [2026-04-14T23:20:56.067+0000] {dagbag.py:588} INFO - Filling up the DagBag from /opt/airflow/dags/raw_from_api_to_s3.py
[2026-04-14T23:20:56.119+0000] {processor.py:925} INFO - DAG(s) 'raw_from_api_to_s3' retrieved from /opt/airflow/dags/raw_from_api_to_s3.py
[2026-04-14T23:20:56.126+0000] {logging_mixin.py:190} INFO - [2026-04-14T23:20:56.126+0000] {dag.py:3239} INFO - Sync 1 DAGs
[2026-04-14T23:20:56.135+0000] {logging_mixin.py:190} INFO - [2026-04-14T23:20:56.135+0000] {dag.py:4180} INFO - Setting next_dagrun for raw_from_api_to_s3 to 2026-04-14 00:00:00+00:00, run_after=2026-04-15 00:00:00+00:00
[2026-04-14T23:20:56.144+0000] {processor.py:208} INFO - Processing /opt/airflow/dags/raw_from_api_to_s3.py took 0.086 seconds
[2026-04-14T23:21:26.429+0000] {processor.py:186} INFO - Started process (PID=10632) to work on /opt/airflow/dags/raw_from_api_to_s3.py
[2026-04-14T23:21:26.430+0000] {processor.py:914} INFO - Processing file /opt/airflow/dags/raw_from_api_to_s3.py for tasks to queue
[2026-04-14T23:21:26.432+0000] {logging_mixin.py:190} INFO - [2026-04-14T23:21:26.432+0000] {dagbag.py:588} INFO - Filling up the DagBag from /opt/airflow/dags/raw_from_api_to_s3.py
[2026-04-14T23:21:26.481+0000] {processor.py:925} INFO - DAG(s) 'raw_from_api_to_s3' retrieved from /opt/airflow/dags/raw_from_api_to_s3.py
[2026-04-14T23:21:26.488+0000] {logging_mixin.py:190} INFO - [2026-04-14T23:21:26.488+0000] {dag.py:3239} INFO - Sync 1 DAGs
[2026-04-14T23:21:26.496+0000] {logging_mixin.py:190} INFO - [2026-04-14T23:21:26.496+0000] {dag.py:4180} INFO - Setting next_dagrun for raw_from_api_to_s3 to 2026-04-14 00:00:00+00:00, run_after=2026-04-15 00:00:00+00:00
[2026-04-14T23:21:26.503+0000] {processor.py:208} INFO - Processing /opt/airflow/dags/raw_from_api_to_s3.py took 0.083 seconds
[2026-04-14T23:21:56.805+0000] {processor.py:186} INFO - Started process (PID=10646) to work on /opt/airflow/dags/raw_from_api_to_s3.py
[2026-04-14T23:21:56.806+0000] {processor.py:914} INFO - Processing file /opt/airflow/dags/raw_from_api_to_s3.py for tasks to queue
[2026-04-14T23:21:56.810+0000] {logging_mixin.py:190} INFO - [2026-04-14T23:21:56.809+0000] {dagbag.py:588} INFO - Filling up the DagBag from /opt/airflow/dags/raw_from_api_to_s3.py
[2026-04-14T23:21:56.869+0000] {processor.py:925} INFO - DAG(s) 'raw_from_api_to_s3' retrieved from /opt/airflow/dags/raw_from_api_to_s3.py
[2026-04-14T23:21:56.877+0000] {logging_mixin.py:190} INFO - [2026-04-14T23:21:56.877+0000] {dag.py:3239} INFO - Sync 1 DAGs
[2026-04-14T23:21:56.889+0000] {logging_mixin.py:190} INFO - [2026-04-14T23:21:56.888+0000] {dag.py:4180} INFO - Setting next_dagrun for raw_from_api_to_s3 to 2026-04-14 00:00:00+00:00, run_after=2026-04-15 00:00:00+00:00
[2026-04-14T23:21:56.895+0000] {processor.py:208} INFO - Processing /opt/airflow/dags/raw_from_api_to_s3.py took 0.096 seconds
[2026-04-14T23:22:27.178+0000] {processor.py:186} INFO - Started process (PID=10660) to work on /opt/airflow/dags/raw_from_api_to_s3.py
[2026-04-14T23:22:27.179+0000] {processor.py:914} INFO - Processing file /opt/airflow/dags/raw_from_api_to_s3.py for tasks to queue
[2026-04-14T23:22:27.181+0000] {logging_mixin.py:190} INFO - [2026-04-14T23:22:27.181+0000] {dagbag.py:588} INFO - Filling up the DagBag from /opt/airflow/dags/raw_from_api_to_s3.py
[2026-04-14T23:22:27.229+0000] {processor.py:925} INFO - DAG(s) 'raw_from_api_to_s3' retrieved from /opt/airflow/dags/raw_from_api_to_s3.py
[2026-04-14T23:22:27.236+0000] {logging_mixin.py:190} INFO - [2026-04-14T23:22:27.236+0000] {dag.py:3239} INFO - Sync 1 DAGs
[2026-04-14T23:22:27.245+0000] {logging_mixin.py:190} INFO - [2026-04-14T23:22:27.245+0000] {dag.py:4180} INFO - Setting next_dagrun for raw_from_api_to_s3 to 2026-04-14 00:00:00+00:00, run_after=2026-04-15 00:00:00+00:00
[2026-04-14T23:22:27.251+0000] {processor.py:208} INFO - Processing /opt/airflow/dags/raw_from_api_to_s3.py took 0.079 seconds
[2026-04-14T23:22:57.477+0000] {processor.py:186} INFO - Started process (PID=10674) to work on /opt/airflow/dags/raw_from_api_to_s3.py
[2026-04-14T23:22:57.478+0000] {processor.py:914} INFO - Processing file /opt/airflow/dags/raw_from_api_to_s3.py for tasks to queue
[2026-04-14T23:22:57.479+0000] {logging_mixin.py:190} INFO - [2026-04-14T23:22:57.479+0000] {dagbag.py:588} INFO - Filling up the DagBag from /opt/airflow/dags/raw_from_api_to_s3.py
[2026-04-14T23:22:57.522+0000] {processor.py:925} INFO - DAG(s) 'raw_from_api_to_s3' retrieved from /opt/airflow/dags/raw_from_api_to_s3.py
[2026-04-14T23:22:57.529+0000] {logging_mixin.py:190} INFO - [2026-04-14T23:22:57.529+0000] {dag.py:3239} INFO - Sync 1 DAGs
[2026-04-14T23:22:57.538+0000] {logging_mixin.py:190} INFO - [2026-04-14T23:22:57.538+0000] {dag.py:4180} INFO - Setting next_dagrun for raw_from_api_to_s3 to 2026-04-14 00:00:00+00:00, run_after=2026-04-15 00:00:00+00:00
[2026-04-14T23:22:57.544+0000] {processor.py:208} INFO - Processing /opt/airflow/dags/raw_from_api_to_s3.py took 0.071 seconds
[2026-04-14T23:23:27.780+0000] {processor.py:186} INFO - Started process (PID=10688) to work on /opt/airflow/dags/raw_from_api_to_s3.py
[2026-04-14T23:23:27.781+0000] {processor.py:914} INFO - Processing file /opt/airflow/dags/raw_from_api_to_s3.py for tasks to queue
[2026-04-14T23:23:27.783+0000] {logging_mixin.py:190} INFO - [2026-04-14T23:23:27.783+0000] {dagbag.py:588} INFO - Filling up the DagBag from /opt/airflow/dags/raw_from_api_to_s3.py
[2026-04-14T23:23:27.832+0000] {processor.py:925} INFO - DAG(s) 'raw_from_api_to_s3' retrieved from /opt/airflow/dags/raw_from_api_to_s3.py
[2026-04-14T23:23:27.839+0000] {logging_mixin.py:190} INFO - [2026-04-14T23:23:27.839+0000] {dag.py:3239} INFO - Sync 1 DAGs
[2026-04-14T23:23:27.848+0000] {logging_mixin.py:190} INFO - [2026-04-14T23:23:27.848+0000] {dag.py:4180} INFO - Setting next_dagrun for raw_from_api_to_s3 to 2026-04-14 00:00:00+00:00, run_after=2026-04-15 00:00:00+00:00
[2026-04-14T23:23:27.854+0000] {processor.py:208} INFO - Processing /opt/airflow/dags/raw_from_api_to_s3.py took 0.081 seconds
[2026-04-14T23:23:58.154+0000] {processor.py:186} INFO - Started process (PID=10702) to work on /opt/airflow/dags/raw_from_api_to_s3.py
[2026-04-14T23:23:58.155+0000] {processor.py:914} INFO - Processing file /opt/airflow/dags/raw_from_api_to_s3.py for tasks to queue
[2026-04-14T23:23:58.157+0000] {logging_mixin.py:190} INFO - [2026-04-14T23:23:58.156+0000] {dagbag.py:588} INFO - Filling up the DagBag from /opt/airflow/dags/raw_from_api_to_s3.py
[2026-04-14T23:23:58.201+0000] {processor.py:925} INFO - DAG(s) 'raw_from_api_to_s3' retrieved from /opt/airflow/dags/raw_from_api_to_s3.py
[2026-04-14T23:23:58.208+0000] {logging_mixin.py:190} INFO - [2026-04-14T23:23:58.207+0000] {dag.py:3239} INFO - Sync 1 DAGs
[2026-04-14T23:23:58.216+0000] {logging_mixin.py:190} INFO - [2026-04-14T23:23:58.216+0000] {dag.py:4180} INFO - Setting next_dagrun for raw_from_api_to_s3 to 2026-04-14 00:00:00+00:00, run_after=2026-04-15 00:00:00+00:00
[2026-04-14T23:23:58.222+0000] {processor.py:208} INFO - Processing /opt/airflow/dags/raw_from_api_to_s3.py took 0.074 seconds
[2026-04-14T23:24:28.526+0000] {processor.py:186} INFO - Started process (PID=10716) to work on /opt/airflow/dags/raw_from_api_to_s3.py
[2026-04-14T23:24:28.527+0000] {processor.py:914} INFO - Processing file /opt/airflow/dags/raw_from_api_to_s3.py for tasks to queue
[2026-04-14T23:24:28.530+0000] {logging_mixin.py:190} INFO - [2026-04-14T23:24:28.530+0000] {dagbag.py:588} INFO - Filling up the DagBag from /opt/airflow/dags/raw_from_api_to_s3.py
[2026-04-14T23:24:28.582+0000] {processor.py:925} INFO - DAG(s) 'raw_from_api_to_s3' retrieved from /opt/airflow/dags/raw_from_api_to_s3.py
[2026-04-14T23:24:28.589+0000] {logging_mixin.py:190} INFO - [2026-04-14T23:24:28.589+0000] {dag.py:3239} INFO - Sync 1 DAGs
[2026-04-14T23:24:28.597+0000] {logging_mixin.py:190} INFO - [2026-04-14T23:24:28.597+0000] {dag.py:4180} INFO - Setting next_dagrun for raw_from_api_to_s3 to 2026-04-14 00:00:00+00:00, run_after=2026-04-15 00:00:00+00:00
[2026-04-14T23:24:28.604+0000] {processor.py:208} INFO - Processing /opt/airflow/dags/raw_from_api_to_s3.py took 0.085 seconds
[2026-04-14T23:24:58.873+0000] {processor.py:186} INFO - Started process (PID=10730) to work on /opt/airflow/dags/raw_from_api_to_s3.py
[2026-04-14T23:24:58.874+0000] {processor.py:914} INFO - Processing file /opt/airflow/dags/raw_from_api_to_s3.py for tasks to queue
[2026-04-14T23:24:58.882+0000] {logging_mixin.py:190} INFO - [2026-04-14T23:24:58.882+0000] {dagbag.py:588} INFO - Filling up the DagBag from /opt/airflow/dags/raw_from_api_to_s3.py
[2026-04-14T23:24:58.956+0000] {processor.py:925} INFO - DAG(s) 'raw_from_api_to_s3' retrieved from /opt/airflow/dags/raw_from_api_to_s3.py
[2026-04-14T23:24:58.966+0000] {logging_mixin.py:190} INFO - [2026-04-14T23:24:58.966+0000] {dag.py:3239} INFO - Sync 1 DAGs
[2026-04-14T23:24:58.977+0000] {logging_mixin.py:190} INFO - [2026-04-14T23:24:58.977+0000] {dag.py:4180} INFO - Setting next_dagrun for raw_from_api_to_s3 to 2026-04-14 00:00:00+00:00, run_after=2026-04-15 00:00:00+00:00
[2026-04-14T23:24:58.984+0000] {processor.py:208} INFO - Processing /opt/airflow/dags/raw_from_api_to_s3.py took 0.118 seconds
[2026-04-14T23:25:29.193+0000] {processor.py:186} INFO - Started process (PID=10744) to work on /opt/airflow/dags/raw_from_api_to_s3.py
[2026-04-14T23:25:29.193+0000] {processor.py:914} INFO - Processing file /opt/airflow/dags/raw_from_api_to_s3.py for tasks to queue
[2026-04-14T23:25:29.195+0000] {logging_mixin.py:190} INFO - [2026-04-14T23:25:29.195+0000] {dagbag.py:588} INFO - Filling up the DagBag from /opt/airflow/dags/raw_from_api_to_s3.py
[2026-04-14T23:25:29.238+0000] {processor.py:925} INFO - DAG(s) 'raw_from_api_to_s3' retrieved from /opt/airflow/dags/raw_from_api_to_s3.py
[2026-04-14T23:25:29.245+0000] {logging_mixin.py:190} INFO - [2026-04-14T23:25:29.245+0000] {dag.py:3239} INFO - Sync 1 DAGs
[2026-04-14T23:25:29.253+0000] {logging_mixin.py:190} INFO - [2026-04-14T23:25:29.253+0000] {dag.py:4180} INFO - Setting next_dagrun for raw_from_api_to_s3 to 2026-04-14 00:00:00+00:00, run_after=2026-04-15 00:00:00+00:00
[2026-04-14T23:25:29.260+0000] {processor.py:208} INFO - Processing /opt/airflow/dags/raw_from_api_to_s3.py took 0.072 seconds
[2026-04-14T23:25:59.520+0000] {processor.py:186} INFO - Started process (PID=10758) to work on /opt/airflow/dags/raw_from_api_to_s3.py
[2026-04-14T23:25:59.521+0000] {processor.py:914} INFO - Processing file /opt/airflow/dags/raw_from_api_to_s3.py for tasks to queue
[2026-04-14T23:25:59.523+0000] {logging_mixin.py:190} INFO - [2026-04-14T23:25:59.523+0000] {dagbag.py:588} INFO - Filling up the DagBag from /opt/airflow/dags/raw_from_api_to_s3.py
[2026-04-14T23:25:59.569+0000] {processor.py:925} INFO - DAG(s) 'raw_from_api_to_s3' retrieved from /opt/airflow/dags/raw_from_api_to_s3.py
[2026-04-14T23:25:59.576+0000] {logging_mixin.py:190} INFO - [2026-04-14T23:25:59.576+0000] {dag.py:3239} INFO - Sync 1 DAGs
[2026-04-14T23:25:59.584+0000] {logging_mixin.py:190} INFO - [2026-04-14T23:25:59.584+0000] {dag.py:4180} INFO - Setting next_dagrun for raw_from_api_to_s3 to 2026-04-14 00:00:00+00:00, run_after=2026-04-15 00:00:00+00:00
[2026-04-14T23:25:59.591+0000] {processor.py:208} INFO - Processing /opt/airflow/dags/raw_from_api_to_s3.py took 0.078 seconds
[2026-04-14T23:26:29.887+0000] {processor.py:186} INFO - Started process (PID=10771) to work on /opt/airflow/dags/raw_from_api_to_s3.py
[2026-04-14T23:26:29.888+0000] {processor.py:914} INFO - Processing file /opt/airflow/dags/raw_from_api_to_s3.py for tasks to queue
[2026-04-14T23:26:29.889+0000] {logging_mixin.py:190} INFO - [2026-04-14T23:26:29.889+0000] {dagbag.py:588} INFO - Filling up the DagBag from /opt/airflow/dags/raw_from_api_to_s3.py
[2026-04-14T23:26:29.932+0000] {processor.py:925} INFO - DAG(s) 'raw_from_api_to_s3' retrieved from /opt/airflow/dags/raw_from_api_to_s3.py
[2026-04-14T23:26:29.941+0000] {logging_mixin.py:190} INFO - [2026-04-14T23:26:29.940+0000] {dag.py:3239} INFO - Sync 1 DAGs
[2026-04-14T23:26:29.950+0000] {logging_mixin.py:190} INFO - [2026-04-14T23:26:29.950+0000] {dag.py:4180} INFO - Setting next_dagrun for raw_from_api_to_s3 to 2026-04-14 00:00:00+00:00, run_after=2026-04-15 00:00:00+00:00
[2026-04-14T23:26:29.957+0000] {processor.py:208} INFO - Processing /opt/airflow/dags/raw_from_api_to_s3.py took 0.073 seconds
[2026-04-14T23:27:00.238+0000] {processor.py:186} INFO - Started process (PID=10785) to work on /opt/airflow/dags/raw_from_api_to_s3.py
[2026-04-14T23:27:00.238+0000] {processor.py:914} INFO - Processing file /opt/airflow/dags/raw_from_api_to_s3.py for tasks to queue
[2026-04-14T23:27:00.240+0000] {logging_mixin.py:190} INFO - [2026-04-14T23:27:00.240+0000] {dagbag.py:588} INFO - Filling up the DagBag from /opt/airflow/dags/raw_from_api_to_s3.py
[2026-04-14T23:27:00.275+0000] {processor.py:925} INFO - DAG(s) 'raw_from_api_to_s3' retrieved from /opt/airflow/dags/raw_from_api_to_s3.py
[2026-04-14T23:27:00.281+0000] {logging_mixin.py:190} INFO - [2026-04-14T23:27:00.281+0000] {dag.py:3239} INFO - Sync 1 DAGs
[2026-04-14T23:27:00.290+0000] {logging_mixin.py:190} INFO - [2026-04-14T23:27:00.290+0000] {dag.py:4180} INFO - Setting next_dagrun for raw_from_api_to_s3 to 2026-04-14 00:00:00+00:00, run_after=2026-04-15 00:00:00+00:00
[2026-04-14T23:27:00.296+0000] {processor.py:208} INFO - Processing /opt/airflow/dags/raw_from_api_to_s3.py took 0.061 seconds
[2026-04-14T23:27:30.620+0000] {processor.py:186} INFO - Started process (PID=10799) to work on /opt/airflow/dags/raw_from_api_to_s3.py
[2026-04-14T23:27:30.621+0000] {processor.py:914} INFO - Processing file /opt/airflow/dags/raw_from_api_to_s3.py for tasks to queue
[2026-04-14T23:27:30.623+0000] {logging_mixin.py:190} INFO - [2026-04-14T23:27:30.623+0000] {dagbag.py:588} INFO - Filling up the DagBag from /opt/airflow/dags/raw_from_api_to_s3.py
[2026-04-14T23:27:30.672+0000] {processor.py:925} INFO - DAG(s) 'raw_from_api_to_s3' retrieved from /opt/airflow/dags/raw_from_api_to_s3.py
[2026-04-14T23:27:30.680+0000] {logging_mixin.py:190} INFO - [2026-04-14T23:27:30.680+0000] {dag.py:3239} INFO - Sync 1 DAGs
[2026-04-14T23:27:30.689+0000] {logging_mixin.py:190} INFO - [2026-04-14T23:27:30.689+0000] {dag.py:4180} INFO - Setting next_dagrun for raw_from_api_to_s3 to 2026-04-14 00:00:00+00:00, run_after=2026-04-15 00:00:00+00:00
[2026-04-14T23:27:30.696+0000] {processor.py:208} INFO - Processing /opt/airflow/dags/raw_from_api_to_s3.py took 0.082 seconds
[2026-04-14T23:28:00.973+0000] {processor.py:186} INFO - Started process (PID=10813) to work on /opt/airflow/dags/raw_from_api_to_s3.py
[2026-04-14T23:28:00.974+0000] {processor.py:914} INFO - Processing file /opt/airflow/dags/raw_from_api_to_s3.py for tasks to queue
[2026-04-14T23:28:00.977+0000] {logging_mixin.py:190} INFO - [2026-04-14T23:28:00.976+0000] {dagbag.py:588} INFO - Filling up the DagBag from /opt/airflow/dags/raw_from_api_to_s3.py
[2026-04-14T23:28:01.025+0000] {processor.py:925} INFO - DAG(s) 'raw_from_api_to_s3' retrieved from /opt/airflow/dags/raw_from_api_to_s3.py
[2026-04-14T23:28:01.032+0000] {logging_mixin.py:190} INFO - [2026-04-14T23:28:01.032+0000] {dag.py:3239} INFO - Sync 1 DAGs
[2026-04-14T23:28:01.042+0000] {logging_mixin.py:190} INFO - [2026-04-14T23:28:01.042+0000] {dag.py:4180} INFO - Setting next_dagrun for raw_from_api_to_s3 to 2026-04-14 00:00:00+00:00, run_after=2026-04-15 00:00:00+00:00
[2026-04-14T23:28:01.048+0000] {processor.py:208} INFO - Processing /opt/airflow/dags/raw_from_api_to_s3.py took 0.081 seconds
[2026-04-14T23:28:31.314+0000] {processor.py:186} INFO - Started process (PID=10826) to work on /opt/airflow/dags/raw_from_api_to_s3.py
[2026-04-14T23:28:31.315+0000] {processor.py:914} INFO - Processing file /opt/airflow/dags/raw_from_api_to_s3.py for tasks to queue
[2026-04-14T23:28:31.318+0000] {logging_mixin.py:190} INFO - [2026-04-14T23:28:31.317+0000] {dagbag.py:588} INFO - Filling up the DagBag from /opt/airflow/dags/raw_from_api_to_s3.py
[2026-04-14T23:28:31.371+0000] {processor.py:925} INFO - DAG(s) 'raw_from_api_to_s3' retrieved from /opt/airflow/dags/raw_from_api_to_s3.py
[2026-04-14T23:28:31.378+0000] {logging_mixin.py:190} INFO - [2026-04-14T23:28:31.377+0000] {dag.py:3239} INFO - Sync 1 DAGs
[2026-04-14T23:28:31.387+0000] {logging_mixin.py:190} INFO - [2026-04-14T23:28:31.387+0000] {dag.py:4180} INFO - Setting next_dagrun for raw_from_api_to_s3 to 2026-04-14 00:00:00+00:00, run_after=2026-04-15 00:00:00+00:00
[2026-04-14T23:28:31.393+0000] {processor.py:208} INFO - Processing /opt/airflow/dags/raw_from_api_to_s3.py took 0.087 seconds
[2026-04-14T23:29:01.648+0000] {processor.py:186} INFO - Started process (PID=10840) to work on /opt/airflow/dags/raw_from_api_to_s3.py
[2026-04-14T23:29:01.649+0000] {processor.py:914} INFO - Processing file /opt/airflow/dags/raw_from_api_to_s3.py for tasks to queue
[2026-04-14T23:29:01.653+0000] {logging_mixin.py:190} INFO - [2026-04-14T23:29:01.653+0000] {dagbag.py:588} INFO - Filling up the DagBag from /opt/airflow/dags/raw_from_api_to_s3.py
[2026-04-14T23:29:01.718+0000] {processor.py:925} INFO - DAG(s) 'raw_from_api_to_s3' retrieved from /opt/airflow/dags/raw_from_api_to_s3.py
[2026-04-14T23:29:01.726+0000] {logging_mixin.py:190} INFO - [2026-04-14T23:29:01.725+0000] {dag.py:3239} INFO - Sync 1 DAGs
[2026-04-14T23:29:01.736+0000] {logging_mixin.py:190} INFO - [2026-04-14T23:29:01.736+0000] {dag.py:4180} INFO - Setting next_dagrun for raw_from_api_to_s3 to 2026-04-14 00:00:00+00:00, run_after=2026-04-15 00:00:00+00:00
[2026-04-14T23:29:01.743+0000] {processor.py:208} INFO - Processing /opt/airflow/dags/raw_from_api_to_s3.py took 0.102 seconds
[2026-04-14T23:29:31.912+0000] {processor.py:186} INFO - Started process (PID=10854) to work on /opt/airflow/dags/raw_from_api_to_s3.py
[2026-04-14T23:29:31.913+0000] {processor.py:914} INFO - Processing file /opt/airflow/dags/raw_from_api_to_s3.py for tasks to queue
[2026-04-14T23:29:31.916+0000] {logging_mixin.py:190} INFO - [2026-04-14T23:29:31.915+0000] {dagbag.py:588} INFO - Filling up the DagBag from /opt/airflow/dags/raw_from_api_to_s3.py
[2026-04-14T23:29:31.963+0000] {processor.py:925} INFO - DAG(s) 'raw_from_api_to_s3' retrieved from /opt/airflow/dags/raw_from_api_to_s3.py
[2026-04-14T23:29:31.970+0000] {logging_mixin.py:190} INFO - [2026-04-14T23:29:31.970+0000] {dag.py:3239} INFO - Sync 1 DAGs
[2026-04-14T23:29:31.979+0000] {logging_mixin.py:190} INFO - [2026-04-14T23:29:31.978+0000] {dag.py:4180} INFO - Setting next_dagrun for raw_from_api_to_s3 to 2026-04-14 00:00:00+00:00, run_after=2026-04-15 00:00:00+00:00
[2026-04-14T23:29:31.985+0000] {processor.py:208} INFO - Processing /opt/airflow/dags/raw_from_api_to_s3.py took 0.080 seconds
[2026-04-14T23:30:02.227+0000] {processor.py:186} INFO - Started process (PID=10868) to work on /opt/airflow/dags/raw_from_api_to_s3.py
[2026-04-14T23:30:02.228+0000] {processor.py:914} INFO - Processing file /opt/airflow/dags/raw_from_api_to_s3.py for tasks to queue
[2026-04-14T23:30:02.232+0000] {logging_mixin.py:190} INFO - [2026-04-14T23:30:02.232+0000] {dagbag.py:588} INFO - Filling up the DagBag from /opt/airflow/dags/raw_from_api_to_s3.py
[2026-04-14T23:30:02.286+0000] {processor.py:925} INFO - DAG(s) 'raw_from_api_to_s3' retrieved from /opt/airflow/dags/raw_from_api_to_s3.py
[2026-04-14T23:30:02.293+0000] {logging_mixin.py:190} INFO - [2026-04-14T23:30:02.293+0000] {dag.py:3239} INFO - Sync 1 DAGs
[2026-04-14T23:30:02.302+0000] {logging_mixin.py:190} INFO - [2026-04-14T23:30:02.302+0000] {dag.py:4180} INFO - Setting next_dagrun for raw_from_api_to_s3 to 2026-04-14 00:00:00+00:00, run_after=2026-04-15 00:00:00+00:00
[2026-04-14T23:30:02.309+0000] {processor.py:208} INFO - Processing /opt/airflow/dags/raw_from_api_to_s3.py took 0.089 seconds
[2026-04-14T23:30:32.592+0000] {processor.py:186} INFO - Started process (PID=10882) to work on /opt/airflow/dags/raw_from_api_to_s3.py
[2026-04-14T23:30:32.592+0000] {processor.py:914} INFO - Processing file /opt/airflow/dags/raw_from_api_to_s3.py for tasks to queue
[2026-04-14T23:30:32.594+0000] {logging_mixin.py:190} INFO - [2026-04-14T23:30:32.594+0000] {dagbag.py:588} INFO - Filling up the DagBag from /opt/airflow/dags/raw_from_api_to_s3.py
[2026-04-14T23:30:32.642+0000] {processor.py:925} INFO - DAG(s) 'raw_from_api_to_s3' retrieved from /opt/airflow/dags/raw_from_api_to_s3.py
[2026-04-14T23:30:32.653+0000] {logging_mixin.py:190} INFO - [2026-04-14T23:30:32.653+0000] {dag.py:3239} INFO - Sync 1 DAGs
[2026-04-14T23:30:32.664+0000] {logging_mixin.py:190} INFO - [2026-04-14T23:30:32.664+0000] {dag.py:4180} INFO - Setting next_dagrun for raw_from_api_to_s3 to 2026-04-14 00:00:00+00:00, run_after=2026-04-15 00:00:00+00:00
[2026-04-14T23:30:32.672+0000] {processor.py:208} INFO - Processing /opt/airflow/dags/raw_from_api_to_s3.py took 0.083 seconds
[2026-04-14T23:31:02.989+0000] {processor.py:186} INFO - Started process (PID=10896) to work on /opt/airflow/dags/raw_from_api_to_s3.py
[2026-04-14T23:31:02.990+0000] {processor.py:914} INFO - Processing file /opt/airflow/dags/raw_from_api_to_s3.py for tasks to queue
[2026-04-14T23:31:02.992+0000] {logging_mixin.py:190} INFO - [2026-04-14T23:31:02.992+0000] {dagbag.py:588} INFO - Filling up the DagBag from /opt/airflow/dags/raw_from_api_to_s3.py
[2026-04-14T23:31:03.043+0000] {processor.py:925} INFO - DAG(s) 'raw_from_api_to_s3' retrieved from /opt/airflow/dags/raw_from_api_to_s3.py
[2026-04-14T23:31:03.050+0000] {logging_mixin.py:190} INFO - [2026-04-14T23:31:03.050+0000] {dag.py:3239} INFO - Sync 1 DAGs
[2026-04-14T23:31:03.059+0000] {logging_mixin.py:190} INFO - [2026-04-14T23:31:03.059+0000] {dag.py:4180} INFO - Setting next_dagrun for raw_from_api_to_s3 to 2026-04-14 00:00:00+00:00, run_after=2026-04-15 00:00:00+00:00
[2026-04-14T23:31:03.066+0000] {processor.py:208} INFO - Processing /opt/airflow/dags/raw_from_api_to_s3.py took 0.084 seconds
[2026-04-14T23:31:33.325+0000] {processor.py:186} INFO - Started process (PID=10910) to work on /opt/airflow/dags/raw_from_api_to_s3.py
[2026-04-14T23:31:33.326+0000] {processor.py:914} INFO - Processing file /opt/airflow/dags/raw_from_api_to_s3.py for tasks to queue
[2026-04-14T23:31:33.328+0000] {logging_mixin.py:190} INFO - [2026-04-14T23:31:33.328+0000] {dagbag.py:588} INFO - Filling up the DagBag from /opt/airflow/dags/raw_from_api_to_s3.py
[2026-04-14T23:31:33.378+0000] {processor.py:925} INFO - DAG(s) 'raw_from_api_to_s3' retrieved from /opt/airflow/dags/raw_from_api_to_s3.py
[2026-04-14T23:31:33.385+0000] {logging_mixin.py:190} INFO - [2026-04-14T23:31:33.385+0000] {dag.py:3239} INFO - Sync 1 DAGs
[2026-04-14T23:31:33.395+0000] {logging_mixin.py:190} INFO - [2026-04-14T23:31:33.395+0000] {dag.py:4180} INFO - Setting next_dagrun for raw_from_api_to_s3 to 2026-04-14 00:00:00+00:00, run_after=2026-04-15 00:00:00+00:00
[2026-04-14T23:31:33.402+0000] {processor.py:208} INFO - Processing /opt/airflow/dags/raw_from_api_to_s3.py took 0.084 seconds
[2026-04-14T23:32:03.694+0000] {processor.py:186} INFO - Started process (PID=10924) to work on /opt/airflow/dags/raw_from_api_to_s3.py
[2026-04-14T23:32:03.695+0000] {processor.py:914} INFO - Processing file /opt/airflow/dags/raw_from_api_to_s3.py for tasks to queue
[2026-04-14T23:32:03.699+0000] {logging_mixin.py:190} INFO - [2026-04-14T23:32:03.698+0000] {dagbag.py:588} INFO - Filling up the DagBag from /opt/airflow/dags/raw_from_api_to_s3.py
[2026-04-14T23:32:03.755+0000] {processor.py:925} INFO - DAG(s) 'raw_from_api_to_s3' retrieved from /opt/airflow/dags/raw_from_api_to_s3.py
[2026-04-14T23:32:03.763+0000] {logging_mixin.py:190} INFO - [2026-04-14T23:32:03.763+0000] {dag.py:3239} INFO - Sync 1 DAGs
[2026-04-14T23:32:03.774+0000] {logging_mixin.py:190} INFO - [2026-04-14T23:32:03.774+0000] {dag.py:4180} INFO - Setting next_dagrun for raw_from_api_to_s3 to 2026-04-14 00:00:00+00:00, run_after=2026-04-15 00:00:00+00:00
[2026-04-14T23:32:03.781+0000] {processor.py:208} INFO - Processing /opt/airflow/dags/raw_from_api_to_s3.py took 0.094 seconds
[2026-04-14T23:32:34.060+0000] {processor.py:186} INFO - Started process (PID=10938) to work on /opt/airflow/dags/raw_from_api_to_s3.py
[2026-04-14T23:32:34.061+0000] {processor.py:914} INFO - Processing file /opt/airflow/dags/raw_from_api_to_s3.py for tasks to queue
[2026-04-14T23:32:34.063+0000] {logging_mixin.py:190} INFO - [2026-04-14T23:32:34.063+0000] {dagbag.py:588} INFO - Filling up the DagBag from /opt/airflow/dags/raw_from_api_to_s3.py
[2026-04-14T23:32:34.110+0000] {processor.py:925} INFO - DAG(s) 'raw_from_api_to_s3' retrieved from /opt/airflow/dags/raw_from_api_to_s3.py
[2026-04-14T23:32:34.117+0000] {logging_mixin.py:190} INFO - [2026-04-14T23:32:34.116+0000] {dag.py:3239} INFO - Sync 1 DAGs
[2026-04-14T23:32:34.126+0000] {logging_mixin.py:190} INFO - [2026-04-14T23:32:34.126+0000] {dag.py:4180} INFO - Setting next_dagrun for raw_from_api_to_s3 to 2026-04-14 00:00:00+00:00, run_after=2026-04-15 00:00:00+00:00
[2026-04-14T23:32:34.132+0000] {processor.py:208} INFO - Processing /opt/airflow/dags/raw_from_api_to_s3.py took 0.079 seconds
[2026-04-14T23:33:04.444+0000] {processor.py:186} INFO - Started process (PID=10952) to work on /opt/airflow/dags/raw_from_api_to_s3.py
[2026-04-14T23:33:04.445+0000] {processor.py:914} INFO - Processing file /opt/airflow/dags/raw_from_api_to_s3.py for tasks to queue
[2026-04-14T23:33:04.448+0000] {logging_mixin.py:190} INFO - [2026-04-14T23:33:04.448+0000] {dagbag.py:588} INFO - Filling up the DagBag from /opt/airflow/dags/raw_from_api_to_s3.py
[2026-04-14T23:33:04.500+0000] {processor.py:925} INFO - DAG(s) 'raw_from_api_to_s3' retrieved from /opt/airflow/dags/raw_from_api_to_s3.py
[2026-04-14T23:33:04.507+0000] {logging_mixin.py:190} INFO - [2026-04-14T23:33:04.507+0000] {dag.py:3239} INFO - Sync 1 DAGs
[2026-04-14T23:33:04.517+0000] {logging_mixin.py:190} INFO - [2026-04-14T23:33:04.517+0000] {dag.py:4180} INFO - Setting next_dagrun for raw_from_api_to_s3 to 2026-04-14 00:00:00+00:00, run_after=2026-04-15 00:00:00+00:00
[2026-04-14T23:33:04.524+0000] {processor.py:208} INFO - Processing /opt/airflow/dags/raw_from_api_to_s3.py took 0.087 seconds
[2026-04-14T23:33:34.809+0000] {processor.py:186} INFO - Started process (PID=10966) to work on /opt/airflow/dags/raw_from_api_to_s3.py
[2026-04-14T23:33:34.810+0000] {processor.py:914} INFO - Processing file /opt/airflow/dags/raw_from_api_to_s3.py for tasks to queue
[2026-04-14T23:33:34.813+0000] {logging_mixin.py:190} INFO - [2026-04-14T23:33:34.813+0000] {dagbag.py:588} INFO - Filling up the DagBag from /opt/airflow/dags/raw_from_api_to_s3.py
[2026-04-14T23:33:34.867+0000] {processor.py:925} INFO - DAG(s) 'raw_from_api_to_s3' retrieved from /opt/airflow/dags/raw_from_api_to_s3.py
[2026-04-14T23:33:34.874+0000] {logging_mixin.py:190} INFO - [2026-04-14T23:33:34.874+0000] {dag.py:3239} INFO - Sync 1 DAGs
[2026-04-14T23:33:34.883+0000] {logging_mixin.py:190} INFO - [2026-04-14T23:33:34.883+0000] {dag.py:4180} INFO - Setting next_dagrun for raw_from_api_to_s3 to 2026-04-14 00:00:00+00:00, run_after=2026-04-15 00:00:00+00:00
[2026-04-14T23:33:34.890+0000] {processor.py:208} INFO - Processing /opt/airflow/dags/raw_from_api_to_s3.py took 0.088 seconds
[2026-04-14T23:34:05.189+0000] {processor.py:186} INFO - Started process (PID=10980) to work on /opt/airflow/dags/raw_from_api_to_s3.py
[2026-04-14T23:34:05.190+0000] {processor.py:914} INFO - Processing file /opt/airflow/dags/raw_from_api_to_s3.py for tasks to queue
[2026-04-14T23:34:05.194+0000] {logging_mixin.py:190} INFO - [2026-04-14T23:34:05.193+0000] {dagbag.py:588} INFO - Filling up the DagBag from /opt/airflow/dags/raw_from_api_to_s3.py
[2026-04-14T23:34:05.264+0000] {processor.py:925} INFO - DAG(s) 'raw_from_api_to_s3' retrieved from /opt/airflow/dags/raw_from_api_to_s3.py
[2026-04-14T23:34:05.273+0000] {logging_mixin.py:190} INFO - [2026-04-14T23:34:05.273+0000] {dag.py:3239} INFO - Sync 1 DAGs
[2026-04-14T23:34:05.284+0000] {logging_mixin.py:190} INFO - [2026-04-14T23:34:05.284+0000] {dag.py:4180} INFO - Setting next_dagrun for raw_from_api_to_s3 to 2026-04-14 00:00:00+00:00, run_after=2026-04-15 00:00:00+00:00
[2026-04-14T23:34:05.291+0000] {processor.py:208} INFO - Processing /opt/airflow/dags/raw_from_api_to_s3.py took 0.114 seconds
[2026-04-14T23:34:35.538+0000] {processor.py:186} INFO - Started process (PID=10994) to work on /opt/airflow/dags/raw_from_api_to_s3.py
[2026-04-14T23:34:35.539+0000] {processor.py:914} INFO - Processing file /opt/airflow/dags/raw_from_api_to_s3.py for tasks to queue
[2026-04-14T23:34:35.542+0000] {logging_mixin.py:190} INFO - [2026-04-14T23:34:35.542+0000] {dagbag.py:588} INFO - Filling up the DagBag from /opt/airflow/dags/raw_from_api_to_s3.py
[2026-04-14T23:34:35.588+0000] {processor.py:925} INFO - DAG(s) 'raw_from_api_to_s3' retrieved from /opt/airflow/dags/raw_from_api_to_s3.py
[2026-04-14T23:34:35.595+0000] {logging_mixin.py:190} INFO - [2026-04-14T23:34:35.595+0000] {dag.py:3239} INFO - Sync 1 DAGs
[2026-04-14T23:34:35.604+0000] {logging_mixin.py:190} INFO - [2026-04-14T23:34:35.604+0000] {dag.py:4180} INFO - Setting next_dagrun for raw_from_api_to_s3 to 2026-04-14 00:00:00+00:00, run_after=2026-04-15 00:00:00+00:00
[2026-04-14T23:34:35.611+0000] {processor.py:208} INFO - Processing /opt/airflow/dags/raw_from_api_to_s3.py took 0.079 seconds
[2026-04-14T23:35:05.924+0000] {processor.py:186} INFO - Started process (PID=11008) to work on /opt/airflow/dags/raw_from_api_to_s3.py
[2026-04-14T23:35:05.925+0000] {processor.py:914} INFO - Processing file /opt/airflow/dags/raw_from_api_to_s3.py for tasks to queue
[2026-04-14T23:35:05.928+0000] {logging_mixin.py:190} INFO - [2026-04-14T23:35:05.928+0000] {dagbag.py:588} INFO - Filling up the DagBag from /opt/airflow/dags/raw_from_api_to_s3.py
[2026-04-14T23:35:05.983+0000] {processor.py:925} INFO - DAG(s) 'raw_from_api_to_s3' retrieved from /opt/airflow/dags/raw_from_api_to_s3.py
[2026-04-14T23:35:05.990+0000] {logging_mixin.py:190} INFO - [2026-04-14T23:35:05.990+0000] {dag.py:3239} INFO - Sync 1 DAGs
[2026-04-14T23:35:05.999+0000] {logging_mixin.py:190} INFO - [2026-04-14T23:35:05.999+0000] {dag.py:4180} INFO - Setting next_dagrun for raw_from_api_to_s3 to 2026-04-14 00:00:00+00:00, run_after=2026-04-15 00:00:00+00:00
[2026-04-14T23:35:06.007+0000] {processor.py:208} INFO - Processing /opt/airflow/dags/raw_from_api_to_s3.py took 0.092 seconds
[2026-04-14T23:35:36.354+0000] {processor.py:186} INFO - Started process (PID=11022) to work on /opt/airflow/dags/raw_from_api_to_s3.py
[2026-04-14T23:35:36.355+0000] {processor.py:914} INFO - Processing file /opt/airflow/dags/raw_from_api_to_s3.py for tasks to queue
[2026-04-14T23:35:36.359+0000] {logging_mixin.py:190} INFO - [2026-04-14T23:35:36.358+0000] {dagbag.py:588} INFO - Filling up the DagBag from /opt/airflow/dags/raw_from_api_to_s3.py
[2026-04-14T23:35:36.417+0000] {processor.py:925} INFO - DAG(s) 'raw_from_api_to_s3' retrieved from /opt/airflow/dags/raw_from_api_to_s3.py
[2026-04-14T23:35:36.425+0000] {logging_mixin.py:190} INFO - [2026-04-14T23:35:36.425+0000] {dag.py:3239} INFO - Sync 1 DAGs
[2026-04-14T23:35:36.436+0000] {logging_mixin.py:190} INFO - [2026-04-14T23:35:36.436+0000] {dag.py:4180} INFO - Setting next_dagrun for raw_from_api_to_s3 to 2026-04-14 00:00:00+00:00, run_after=2026-04-15 00:00:00+00:00
[2026-04-14T23:35:36.442+0000] {processor.py:208} INFO - Processing /opt/airflow/dags/raw_from_api_to_s3.py took 0.096 seconds
[2026-04-14T23:36:06.721+0000] {processor.py:186} INFO - Started process (PID=11036) to work on /opt/airflow/dags/raw_from_api_to_s3.py
[2026-04-14T23:36:06.722+0000] {processor.py:914} INFO - Processing file /opt/airflow/dags/raw_from_api_to_s3.py for tasks to queue
[2026-04-14T23:36:06.725+0000] {logging_mixin.py:190} INFO - [2026-04-14T23:36:06.724+0000] {dagbag.py:588} INFO - Filling up the DagBag from /opt/airflow/dags/raw_from_api_to_s3.py
[2026-04-14T23:36:06.775+0000] {processor.py:925} INFO - DAG(s) 'raw_from_api_to_s3' retrieved from /opt/airflow/dags/raw_from_api_to_s3.py
[2026-04-14T23:36:06.782+0000] {logging_mixin.py:190} INFO - [2026-04-14T23:36:06.782+0000] {dag.py:3239} INFO - Sync 1 DAGs
[2026-04-14T23:36:06.791+0000] {logging_mixin.py:190} INFO - [2026-04-14T23:36:06.791+0000] {dag.py:4180} INFO - Setting next_dagrun for raw_from_api_to_s3 to 2026-04-14 00:00:00+00:00, run_after=2026-04-15 00:00:00+00:00
[2026-04-14T23:36:06.797+0000] {processor.py:208} INFO - Processing /opt/airflow/dags/raw_from_api_to_s3.py took 0.083 seconds
[2026-04-14T23:36:37.038+0000] {processor.py:186} INFO - Started process (PID=11050) to work on /opt/airflow/dags/raw_from_api_to_s3.py
[2026-04-14T23:36:37.039+0000] {processor.py:914} INFO - Processing file /opt/airflow/dags/raw_from_api_to_s3.py for tasks to queue
[2026-04-14T23:36:37.041+0000] {logging_mixin.py:190} INFO - [2026-04-14T23:36:37.041+0000] {dagbag.py:588} INFO - Filling up the DagBag from /opt/airflow/dags/raw_from_api_to_s3.py
[2026-04-14T23:36:37.084+0000] {processor.py:925} INFO - DAG(s) 'raw_from_api_to_s3' retrieved from /opt/airflow/dags/raw_from_api_to_s3.py
[2026-04-14T23:36:37.091+0000] {logging_mixin.py:190} INFO - [2026-04-14T23:36:37.091+0000] {dag.py:3239} INFO - Sync 1 DAGs
[2026-04-14T23:36:37.100+0000] {logging_mixin.py:190} INFO - [2026-04-14T23:36:37.100+0000] {dag.py:4180} INFO - Setting next_dagrun for raw_from_api_to_s3 to 2026-04-14 00:00:00+00:00, run_after=2026-04-15 00:00:00+00:00
[2026-04-14T23:36:37.106+0000] {processor.py:208} INFO - Processing /opt/airflow/dags/raw_from_api_to_s3.py took 0.074 seconds
[2026-04-14T23:37:07.403+0000] {processor.py:186} INFO - Started process (PID=11064) to work on /opt/airflow/dags/raw_from_api_to_s3.py
[2026-04-14T23:37:07.404+0000] {processor.py:914} INFO - Processing file /opt/airflow/dags/raw_from_api_to_s3.py for tasks to queue
[2026-04-14T23:37:07.408+0000] {logging_mixin.py:190} INFO - [2026-04-14T23:37:07.407+0000] {dagbag.py:588} INFO - Filling up the DagBag from /opt/airflow/dags/raw_from_api_to_s3.py
[2026-04-14T23:37:07.463+0000] {processor.py:925} INFO - DAG(s) 'raw_from_api_to_s3' retrieved from /opt/airflow/dags/raw_from_api_to_s3.py
[2026-04-14T23:37:07.470+0000] {logging_mixin.py:190} INFO - [2026-04-14T23:37:07.470+0000] {dag.py:3239} INFO - Sync 1 DAGs
[2026-04-14T23:37:07.479+0000] {logging_mixin.py:190} INFO - [2026-04-14T23:37:07.479+0000] {dag.py:4180} INFO - Setting next_dagrun for raw_from_api_to_s3 to 2026-04-14 00:00:00+00:00, run_after=2026-04-15 00:00:00+00:00
[2026-04-14T23:37:07.486+0000] {processor.py:208} INFO - Processing /opt/airflow/dags/raw_from_api_to_s3.py took 0.090 seconds
[2026-04-14T23:37:37.805+0000] {processor.py:186} INFO - Started process (PID=11078) to work on /opt/airflow/dags/raw_from_api_to_s3.py
[2026-04-14T23:37:37.806+0000] {processor.py:914} INFO - Processing file /opt/airflow/dags/raw_from_api_to_s3.py for tasks to queue
[2026-04-14T23:37:37.808+0000] {logging_mixin.py:190} INFO - [2026-04-14T23:37:37.808+0000] {dagbag.py:588} INFO - Filling up the DagBag from /opt/airflow/dags/raw_from_api_to_s3.py
[2026-04-14T23:37:37.857+0000] {processor.py:925} INFO - DAG(s) 'raw_from_api_to_s3' retrieved from /opt/airflow/dags/raw_from_api_to_s3.py
[2026-04-14T23:37:37.864+0000] {logging_mixin.py:190} INFO - [2026-04-14T23:37:37.864+0000] {dag.py:3239} INFO - Sync 1 DAGs
[2026-04-14T23:37:37.873+0000] {logging_mixin.py:190} INFO - [2026-04-14T23:37:37.873+0000] {dag.py:4180} INFO - Setting next_dagrun for raw_from_api_to_s3 to 2026-04-14 00:00:00+00:00, run_after=2026-04-15 00:00:00+00:00
[2026-04-14T23:37:37.879+0000] {processor.py:208} INFO - Processing /opt/airflow/dags/raw_from_api_to_s3.py took 0.080 seconds
[2026-04-14T23:38:08.174+0000] {processor.py:186} INFO - Started process (PID=11092) to work on /opt/airflow/dags/raw_from_api_to_s3.py
[2026-04-14T23:38:08.175+0000] {processor.py:914} INFO - Processing file /opt/airflow/dags/raw_from_api_to_s3.py for tasks to queue
[2026-04-14T23:38:08.179+0000] {logging_mixin.py:190} INFO - [2026-04-14T23:38:08.178+0000] {dagbag.py:588} INFO - Filling up the DagBag from /opt/airflow/dags/raw_from_api_to_s3.py
[2026-04-14T23:38:08.242+0000] {processor.py:925} INFO - DAG(s) 'raw_from_api_to_s3' retrieved from /opt/airflow/dags/raw_from_api_to_s3.py
[2026-04-14T23:38:08.251+0000] {logging_mixin.py:190} INFO - [2026-04-14T23:38:08.251+0000] {dag.py:3239} INFO - Sync 1 DAGs
[2026-04-14T23:38:08.261+0000] {logging_mixin.py:190} INFO - [2026-04-14T23:38:08.261+0000] {dag.py:4180} INFO - Setting next_dagrun for raw_from_api_to_s3 to 2026-04-14 00:00:00+00:00, run_after=2026-04-15 00:00:00+00:00
[2026-04-14T23:38:08.269+0000] {processor.py:208} INFO - Processing /opt/airflow/dags/raw_from_api_to_s3.py took 0.103 seconds
[2026-04-14T23:38:38.555+0000] {processor.py:186} INFO - Started process (PID=11106) to work on /opt/airflow/dags/raw_from_api_to_s3.py
[2026-04-14T23:38:38.556+0000] {processor.py:914} INFO - Processing file /opt/airflow/dags/raw_from_api_to_s3.py for tasks to queue
[2026-04-14T23:38:38.559+0000] {logging_mixin.py:190} INFO - [2026-04-14T23:38:38.559+0000] {dagbag.py:588} INFO - Filling up the DagBag from /opt/airflow/dags/raw_from_api_to_s3.py
[2026-04-14T23:38:38.606+0000] {processor.py:925} INFO - DAG(s) 'raw_from_api_to_s3' retrieved from /opt/airflow/dags/raw_from_api_to_s3.py
[2026-04-14T23:38:38.613+0000] {logging_mixin.py:190} INFO - [2026-04-14T23:38:38.613+0000] {dag.py:3239} INFO - Sync 1 DAGs
[2026-04-14T23:38:38.622+0000] {logging_mixin.py:190} INFO - [2026-04-14T23:38:38.622+0000] {dag.py:4180} INFO - Setting next_dagrun for raw_from_api_to_s3 to 2026-04-14 00:00:00+00:00, run_after=2026-04-15 00:00:00+00:00
[2026-04-14T23:38:38.628+0000] {processor.py:208} INFO - Processing /opt/airflow/dags/raw_from_api_to_s3.py took 0.080 seconds
[2026-04-14T23:39:08.920+0000] {processor.py:186} INFO - Started process (PID=11120) to work on /opt/airflow/dags/raw_from_api_to_s3.py
[2026-04-14T23:39:08.922+0000] {processor.py:914} INFO - Processing file /opt/airflow/dags/raw_from_api_to_s3.py for tasks to queue
[2026-04-14T23:39:08.925+0000] {logging_mixin.py:190} INFO - [2026-04-14T23:39:08.924+0000] {dagbag.py:588} INFO - Filling up the DagBag from /opt/airflow/dags/raw_from_api_to_s3.py
[2026-04-14T23:39:08.976+0000] {processor.py:925} INFO - DAG(s) 'raw_from_api_to_s3' retrieved from /opt/airflow/dags/raw_from_api_to_s3.py
[2026-04-14T23:39:08.983+0000] {logging_mixin.py:190} INFO - [2026-04-14T23:39:08.982+0000] {dag.py:3239} INFO - Sync 1 DAGs
[2026-04-14T23:39:08.992+0000] {logging_mixin.py:190} INFO - [2026-04-14T23:39:08.992+0000] {dag.py:4180} INFO - Setting next_dagrun for raw_from_api_to_s3 to 2026-04-14 00:00:00+00:00, run_after=2026-04-15 00:00:00+00:00
[2026-04-14T23:39:08.998+0000] {processor.py:208} INFO - Processing /opt/airflow/dags/raw_from_api_to_s3.py took 0.085 seconds
[2026-04-14T23:39:39.261+0000] {processor.py:186} INFO - Started process (PID=11134) to work on /opt/airflow/dags/raw_from_api_to_s3.py
[2026-04-14T23:39:39.262+0000] {processor.py:914} INFO - Processing file /opt/airflow/dags/raw_from_api_to_s3.py for tasks to queue
[2026-04-14T23:39:39.265+0000] {logging_mixin.py:190} INFO - [2026-04-14T23:39:39.265+0000] {dagbag.py:588} INFO - Filling up the DagBag from /opt/airflow/dags/raw_from_api_to_s3.py
[2026-04-14T23:39:39.313+0000] {processor.py:925} INFO - DAG(s) 'raw_from_api_to_s3' retrieved from /opt/airflow/dags/raw_from_api_to_s3.py
[2026-04-14T23:39:39.320+0000] {logging_mixin.py:190} INFO - [2026-04-14T23:39:39.320+0000] {dag.py:3239} INFO - Sync 1 DAGs
[2026-04-14T23:39:39.329+0000] {logging_mixin.py:190} INFO - [2026-04-14T23:39:39.329+0000] {dag.py:4180} INFO - Setting next_dagrun for raw_from_api_to_s3 to 2026-04-14 00:00:00+00:00, run_after=2026-04-15 00:00:00+00:00
[2026-04-14T23:39:39.335+0000] {processor.py:208} INFO - Processing /opt/airflow/dags/raw_from_api_to_s3.py took 0.080 seconds
[2026-04-14T23:40:09.606+0000] {processor.py:186} INFO - Started process (PID=11148) to work on /opt/airflow/dags/raw_from_api_to_s3.py
[2026-04-14T23:40:09.607+0000] {processor.py:914} INFO - Processing file /opt/airflow/dags/raw_from_api_to_s3.py for tasks to queue
[2026-04-14T23:40:09.613+0000] {logging_mixin.py:190} INFO - [2026-04-14T23:40:09.612+0000] {dagbag.py:588} INFO - Filling up the DagBag from /opt/airflow/dags/raw_from_api_to_s3.py
[2026-04-14T23:40:09.691+0000] {processor.py:925} INFO - DAG(s) 'raw_from_api_to_s3' retrieved from /opt/airflow/dags/raw_from_api_to_s3.py
[2026-04-14T23:40:09.700+0000] {logging_mixin.py:190} INFO - [2026-04-14T23:40:09.700+0000] {dag.py:3239} INFO - Sync 1 DAGs
[2026-04-14T23:40:09.711+0000] {logging_mixin.py:190} INFO - [2026-04-14T23:40:09.711+0000] {dag.py:4180} INFO - Setting next_dagrun for raw_from_api_to_s3 to 2026-04-14 00:00:00+00:00, run_after=2026-04-15 00:00:00+00:00
[2026-04-14T23:40:09.719+0000] {processor.py:208} INFO - Processing /opt/airflow/dags/raw_from_api_to_s3.py took 0.121 seconds
[2026-04-14T23:40:40.079+0000] {processor.py:186} INFO - Started process (PID=11162) to work on /opt/airflow/dags/raw_from_api_to_s3.py
[2026-04-14T23:40:40.080+0000] {processor.py:914} INFO - Processing file /opt/airflow/dags/raw_from_api_to_s3.py for tasks to queue
[2026-04-14T23:40:40.082+0000] {logging_mixin.py:190} INFO - [2026-04-14T23:40:40.082+0000] {dagbag.py:588} INFO - Filling up the DagBag from /opt/airflow/dags/raw_from_api_to_s3.py
[2026-04-14T23:40:40.135+0000] {processor.py:925} INFO - DAG(s) 'raw_from_api_to_s3' retrieved from /opt/airflow/dags/raw_from_api_to_s3.py
[2026-04-14T23:40:40.142+0000] {logging_mixin.py:190} INFO - [2026-04-14T23:40:40.142+0000] {dag.py:3239} INFO - Sync 1 DAGs
[2026-04-14T23:40:40.151+0000] {logging_mixin.py:190} INFO - [2026-04-14T23:40:40.151+0000] {dag.py:4180} INFO - Setting next_dagrun for raw_from_api_to_s3 to 2026-04-14 00:00:00+00:00, run_after=2026-04-15 00:00:00+00:00
[2026-04-14T23:40:40.158+0000] {processor.py:208} INFO - Processing /opt/airflow/dags/raw_from_api_to_s3.py took 0.087 seconds
[2026-04-14T23:41:10.462+0000] {processor.py:186} INFO - Started process (PID=11176) to work on /opt/airflow/dags/raw_from_api_to_s3.py
[2026-04-14T23:41:10.462+0000] {processor.py:914} INFO - Processing file /opt/airflow/dags/raw_from_api_to_s3.py for tasks to queue
[2026-04-14T23:41:10.465+0000] {logging_mixin.py:190} INFO - [2026-04-14T23:41:10.465+0000] {dagbag.py:588} INFO - Filling up the DagBag from /opt/airflow/dags/raw_from_api_to_s3.py
[2026-04-14T23:41:10.511+0000] {processor.py:925} INFO - DAG(s) 'raw_from_api_to_s3' retrieved from /opt/airflow/dags/raw_from_api_to_s3.py
[2026-04-14T23:41:10.518+0000] {logging_mixin.py:190} INFO - [2026-04-14T23:41:10.518+0000] {dag.py:3239} INFO - Sync 1 DAGs
[2026-04-14T23:41:10.527+0000] {logging_mixin.py:190} INFO - [2026-04-14T23:41:10.527+0000] {dag.py:4180} INFO - Setting next_dagrun for raw_from_api_to_s3 to 2026-04-14 00:00:00+00:00, run_after=2026-04-15 00:00:00+00:00
[2026-04-14T23:41:10.534+0000] {processor.py:208} INFO - Processing /opt/airflow/dags/raw_from_api_to_s3.py took 0.079 seconds
[2026-04-14T23:41:40.816+0000] {processor.py:186} INFO - Started process (PID=11190) to work on /opt/airflow/dags/raw_from_api_to_s3.py
[2026-04-14T23:41:40.817+0000] {processor.py:914} INFO - Processing file /opt/airflow/dags/raw_from_api_to_s3.py for tasks to queue
[2026-04-14T23:41:40.822+0000] {logging_mixin.py:190} INFO - [2026-04-14T23:41:40.821+0000] {dagbag.py:588} INFO - Filling up the DagBag from /opt/airflow/dags/raw_from_api_to_s3.py
[2026-04-14T23:41:40.904+0000] {processor.py:925} INFO - DAG(s) 'raw_from_api_to_s3' retrieved from /opt/airflow/dags/raw_from_api_to_s3.py
[2026-04-14T23:41:40.912+0000] {logging_mixin.py:190} INFO - [2026-04-14T23:41:40.912+0000] {dag.py:3239} INFO - Sync 1 DAGs
[2026-04-14T23:41:40.926+0000] {logging_mixin.py:190} INFO - [2026-04-14T23:41:40.926+0000] {dag.py:4180} INFO - Setting next_dagrun for raw_from_api_to_s3 to 2026-04-14 00:00:00+00:00, run_after=2026-04-15 00:00:00+00:00
[2026-04-14T23:41:40.934+0000] {processor.py:208} INFO - Processing /opt/airflow/dags/raw_from_api_to_s3.py took 0.127 seconds
[2026-04-14T23:42:11.168+0000] {processor.py:186} INFO - Started process (PID=11204) to work on /opt/airflow/dags/raw_from_api_to_s3.py
[2026-04-14T23:42:11.170+0000] {processor.py:914} INFO - Processing file /opt/airflow/dags/raw_from_api_to_s3.py for tasks to queue
[2026-04-14T23:42:11.173+0000] {logging_mixin.py:190} INFO - [2026-04-14T23:42:11.173+0000] {dagbag.py:588} INFO - Filling up the DagBag from /opt/airflow/dags/raw_from_api_to_s3.py
[2026-04-14T23:42:11.220+0000] {processor.py:925} INFO - DAG(s) 'raw_from_api_to_s3' retrieved from /opt/airflow/dags/raw_from_api_to_s3.py
[2026-04-14T23:42:11.227+0000] {logging_mixin.py:190} INFO - [2026-04-14T23:42:11.227+0000] {dag.py:3239} INFO - Sync 1 DAGs
[2026-04-14T23:42:11.236+0000] {logging_mixin.py:190} INFO - [2026-04-14T23:42:11.236+0000] {dag.py:4180} INFO - Setting next_dagrun for raw_from_api_to_s3 to 2026-04-14 00:00:00+00:00, run_after=2026-04-15 00:00:00+00:00
[2026-04-14T23:42:11.243+0000] {processor.py:208} INFO - Processing /opt/airflow/dags/raw_from_api_to_s3.py took 0.082 seconds
[2026-04-14T23:42:41.471+0000] {processor.py:186} INFO - Started process (PID=11218) to work on /opt/airflow/dags/raw_from_api_to_s3.py
[2026-04-14T23:42:41.472+0000] {processor.py:914} INFO - Processing file /opt/airflow/dags/raw_from_api_to_s3.py for tasks to queue
[2026-04-14T23:42:41.476+0000] {logging_mixin.py:190} INFO - [2026-04-14T23:42:41.475+0000] {dagbag.py:588} INFO - Filling up the DagBag from /opt/airflow/dags/raw_from_api_to_s3.py
[2026-04-14T23:42:41.531+0000] {processor.py:925} INFO - DAG(s) 'raw_from_api_to_s3' retrieved from /opt/airflow/dags/raw_from_api_to_s3.py
[2026-04-14T23:42:41.538+0000] {logging_mixin.py:190} INFO - [2026-04-14T23:42:41.538+0000] {dag.py:3239} INFO - Sync 1 DAGs
[2026-04-14T23:42:41.546+0000] {logging_mixin.py:190} INFO - [2026-04-14T23:42:41.546+0000] {dag.py:4180} INFO - Setting next_dagrun for raw_from_api_to_s3 to 2026-04-14 00:00:00+00:00, run_after=2026-04-15 00:00:00+00:00
[2026-04-14T23:42:41.553+0000] {processor.py:208} INFO - Processing /opt/airflow/dags/raw_from_api_to_s3.py took 0.089 seconds
[2026-04-14T23:43:11.795+0000] {processor.py:186} INFO - Started process (PID=11232) to work on /opt/airflow/dags/raw_from_api_to_s3.py
[2026-04-14T23:43:11.796+0000] {processor.py:914} INFO - Processing file /opt/airflow/dags/raw_from_api_to_s3.py for tasks to queue
[2026-04-14T23:43:11.800+0000] {logging_mixin.py:190} INFO - [2026-04-14T23:43:11.799+0000] {dagbag.py:588} INFO - Filling up the DagBag from /opt/airflow/dags/raw_from_api_to_s3.py
[2026-04-14T23:43:11.850+0000] {processor.py:925} INFO - DAG(s) 'raw_from_api_to_s3' retrieved from /opt/airflow/dags/raw_from_api_to_s3.py
[2026-04-14T23:43:11.857+0000] {logging_mixin.py:190} INFO - [2026-04-14T23:43:11.857+0000] {dag.py:3239} INFO - Sync 1 DAGs
[2026-04-14T23:43:11.869+0000] {logging_mixin.py:190} INFO - [2026-04-14T23:43:11.869+0000] {dag.py:4180} INFO - Setting next_dagrun for raw_from_api_to_s3 to 2026-04-14 00:00:00+00:00, run_after=2026-04-15 00:00:00+00:00
[2026-04-14T23:43:11.876+0000] {processor.py:208} INFO - Processing /opt/airflow/dags/raw_from_api_to_s3.py took 0.088 seconds
[2026-04-14T23:43:42.142+0000] {processor.py:186} INFO - Started process (PID=11246) to work on /opt/airflow/dags/raw_from_api_to_s3.py
[2026-04-14T23:43:42.143+0000] {processor.py:914} INFO - Processing file /opt/airflow/dags/raw_from_api_to_s3.py for tasks to queue
[2026-04-14T23:43:42.146+0000] {logging_mixin.py:190} INFO - [2026-04-14T23:43:42.146+0000] {dagbag.py:588} INFO - Filling up the DagBag from /opt/airflow/dags/raw_from_api_to_s3.py
[2026-04-14T23:43:42.193+0000] {processor.py:925} INFO - DAG(s) 'raw_from_api_to_s3' retrieved from /opt/airflow/dags/raw_from_api_to_s3.py
[2026-04-14T23:43:42.200+0000] {logging_mixin.py:190} INFO - [2026-04-14T23:43:42.200+0000] {dag.py:3239} INFO - Sync 1 DAGs
[2026-04-14T23:43:42.209+0000] {logging_mixin.py:190} INFO - [2026-04-14T23:43:42.209+0000] {dag.py:4180} INFO - Setting next_dagrun for raw_from_api_to_s3 to 2026-04-14 00:00:00+00:00, run_after=2026-04-15 00:00:00+00:00
[2026-04-14T23:43:42.215+0000] {processor.py:208} INFO - Processing /opt/airflow/dags/raw_from_api_to_s3.py took 0.080 seconds
[2026-04-14T23:44:12.510+0000] {processor.py:186} INFO - Started process (PID=11260) to work on /opt/airflow/dags/raw_from_api_to_s3.py
[2026-04-14T23:44:12.511+0000] {processor.py:914} INFO - Processing file /opt/airflow/dags/raw_from_api_to_s3.py for tasks to queue
[2026-04-14T23:44:12.514+0000] {logging_mixin.py:190} INFO - [2026-04-14T23:44:12.514+0000] {dagbag.py:588} INFO - Filling up the DagBag from /opt/airflow/dags/raw_from_api_to_s3.py
[2026-04-14T23:44:12.567+0000] {processor.py:925} INFO - DAG(s) 'raw_from_api_to_s3' retrieved from /opt/airflow/dags/raw_from_api_to_s3.py
[2026-04-14T23:44:12.575+0000] {logging_mixin.py:190} INFO - [2026-04-14T23:44:12.575+0000] {dag.py:3239} INFO - Sync 1 DAGs
[2026-04-14T23:44:12.584+0000] {logging_mixin.py:190} INFO - [2026-04-14T23:44:12.584+0000] {dag.py:4180} INFO - Setting next_dagrun for raw_from_api_to_s3 to 2026-04-14 00:00:00+00:00, run_after=2026-04-15 00:00:00+00:00
[2026-04-14T23:44:12.591+0000] {processor.py:208} INFO - Processing /opt/airflow/dags/raw_from_api_to_s3.py took 0.088 seconds
[2026-04-14T23:44:42.862+0000] {processor.py:186} INFO - Started process (PID=11274) to work on /opt/airflow/dags/raw_from_api_to_s3.py
[2026-04-14T23:44:42.863+0000] {processor.py:914} INFO - Processing file /opt/airflow/dags/raw_from_api_to_s3.py for tasks to queue
[2026-04-14T23:44:42.866+0000] {logging_mixin.py:190} INFO - [2026-04-14T23:44:42.866+0000] {dagbag.py:588} INFO - Filling up the DagBag from /opt/airflow/dags/raw_from_api_to_s3.py
[2026-04-14T23:44:42.914+0000] {processor.py:925} INFO - DAG(s) 'raw_from_api_to_s3' retrieved from /opt/airflow/dags/raw_from_api_to_s3.py
[2026-04-14T23:44:42.921+0000] {logging_mixin.py:190} INFO - [2026-04-14T23:44:42.921+0000] {dag.py:3239} INFO - Sync 1 DAGs
[2026-04-14T23:44:42.930+0000] {logging_mixin.py:190} INFO - [2026-04-14T23:44:42.930+0000] {dag.py:4180} INFO - Setting next_dagrun for raw_from_api_to_s3 to 2026-04-14 00:00:00+00:00, run_after=2026-04-15 00:00:00+00:00
[2026-04-14T23:44:42.936+0000] {processor.py:208} INFO - Processing /opt/airflow/dags/raw_from_api_to_s3.py took 0.080 seconds
[2026-04-14T23:45:13.251+0000] {processor.py:186} INFO - Started process (PID=11288) to work on /opt/airflow/dags/raw_from_api_to_s3.py
[2026-04-14T23:45:13.252+0000] {processor.py:914} INFO - Processing file /opt/airflow/dags/raw_from_api_to_s3.py for tasks to queue
[2026-04-14T23:45:13.256+0000] {logging_mixin.py:190} INFO - [2026-04-14T23:45:13.256+0000] {dagbag.py:588} INFO - Filling up the DagBag from /opt/airflow/dags/raw_from_api_to_s3.py
[2026-04-14T23:45:13.330+0000] {processor.py:925} INFO - DAG(s) 'raw_from_api_to_s3' retrieved from /opt/airflow/dags/raw_from_api_to_s3.py
[2026-04-14T23:45:13.338+0000] {logging_mixin.py:190} INFO - [2026-04-14T23:45:13.337+0000] {dag.py:3239} INFO - Sync 1 DAGs
[2026-04-14T23:45:13.348+0000] {logging_mixin.py:190} INFO - [2026-04-14T23:45:13.347+0000] {dag.py:4180} INFO - Setting next_dagrun for raw_from_api_to_s3 to 2026-04-14 00:00:00+00:00, run_after=2026-04-15 00:00:00+00:00
[2026-04-14T23:45:13.355+0000] {processor.py:208} INFO - Processing /opt/airflow/dags/raw_from_api_to_s3.py took 0.112 seconds
[2026-04-14T23:45:43.579+0000] {processor.py:186} INFO - Started process (PID=11302) to work on /opt/airflow/dags/raw_from_api_to_s3.py
[2026-04-14T23:45:43.580+0000] {processor.py:914} INFO - Processing file /opt/airflow/dags/raw_from_api_to_s3.py for tasks to queue
[2026-04-14T23:45:43.581+0000] {logging_mixin.py:190} INFO - [2026-04-14T23:45:43.581+0000] {dagbag.py:588} INFO - Filling up the DagBag from /opt/airflow/dags/raw_from_api_to_s3.py
[2026-04-14T23:45:43.620+0000] {processor.py:925} INFO - DAG(s) 'raw_from_api_to_s3' retrieved from /opt/airflow/dags/raw_from_api_to_s3.py
[2026-04-14T23:45:43.627+0000] {logging_mixin.py:190} INFO - [2026-04-14T23:45:43.627+0000] {dag.py:3239} INFO - Sync 1 DAGs
[2026-04-14T23:45:43.635+0000] {logging_mixin.py:190} INFO - [2026-04-14T23:45:43.635+0000] {dag.py:4180} INFO - Setting next_dagrun for raw_from_api_to_s3 to 2026-04-14 00:00:00+00:00, run_after=2026-04-15 00:00:00+00:00
[2026-04-14T23:45:43.642+0000] {processor.py:208} INFO - Processing /opt/airflow/dags/raw_from_api_to_s3.py took 0.067 seconds
[2026-04-14T23:46:13.963+0000] {processor.py:186} INFO - Started process (PID=11316) to work on /opt/airflow/dags/raw_from_api_to_s3.py
[2026-04-14T23:46:13.963+0000] {processor.py:914} INFO - Processing file /opt/airflow/dags/raw_from_api_to_s3.py for tasks to queue
[2026-04-14T23:46:13.966+0000] {logging_mixin.py:190} INFO - [2026-04-14T23:46:13.965+0000] {dagbag.py:588} INFO - Filling up the DagBag from /opt/airflow/dags/raw_from_api_to_s3.py
[2026-04-14T23:46:14.011+0000] {processor.py:925} INFO - DAG(s) 'raw_from_api_to_s3' retrieved from /opt/airflow/dags/raw_from_api_to_s3.py
[2026-04-14T23:46:14.019+0000] {logging_mixin.py:190} INFO - [2026-04-14T23:46:14.019+0000] {dag.py:3239} INFO - Sync 1 DAGs
[2026-04-14T23:46:14.030+0000] {logging_mixin.py:190} INFO - [2026-04-14T23:46:14.030+0000] {dag.py:4180} INFO - Setting next_dagrun for raw_from_api_to_s3 to 2026-04-14 00:00:00+00:00, run_after=2026-04-15 00:00:00+00:00
[2026-04-14T23:46:14.039+0000] {processor.py:208} INFO - Processing /opt/airflow/dags/raw_from_api_to_s3.py took 0.080 seconds
[2026-04-14T23:46:44.313+0000] {processor.py:186} INFO - Started process (PID=11330) to work on /opt/airflow/dags/raw_from_api_to_s3.py
[2026-04-14T23:46:44.314+0000] {processor.py:914} INFO - Processing file /opt/airflow/dags/raw_from_api_to_s3.py for tasks to queue
[2026-04-14T23:46:44.317+0000] {logging_mixin.py:190} INFO - [2026-04-14T23:46:44.317+0000] {dagbag.py:588} INFO - Filling up the DagBag from /opt/airflow/dags/raw_from_api_to_s3.py
[2026-04-14T23:46:44.365+0000] {processor.py:925} INFO - DAG(s) 'raw_from_api_to_s3' retrieved from /opt/airflow/dags/raw_from_api_to_s3.py
[2026-04-14T23:46:44.372+0000] {logging_mixin.py:190} INFO - [2026-04-14T23:46:44.372+0000] {dag.py:3239} INFO - Sync 1 DAGs
[2026-04-14T23:46:44.381+0000] {logging_mixin.py:190} INFO - [2026-04-14T23:46:44.381+0000] {dag.py:4180} INFO - Setting next_dagrun for raw_from_api_to_s3 to 2026-04-14 00:00:00+00:00, run_after=2026-04-15 00:00:00+00:00
[2026-04-14T23:46:44.388+0000] {processor.py:208} INFO - Processing /opt/airflow/dags/raw_from_api_to_s3.py took 0.083 seconds
[2026-04-14T23:47:14.661+0000] {processor.py:186} INFO - Started process (PID=11344) to work on /opt/airflow/dags/raw_from_api_to_s3.py
[2026-04-14T23:47:14.662+0000] {processor.py:914} INFO - Processing file /opt/airflow/dags/raw_from_api_to_s3.py for tasks to queue
[2026-04-14T23:47:14.663+0000] {logging_mixin.py:190} INFO - [2026-04-14T23:47:14.663+0000] {dagbag.py:588} INFO - Filling up the DagBag from /opt/airflow/dags/raw_from_api_to_s3.py
[2026-04-14T23:47:14.721+0000] {processor.py:925} INFO - DAG(s) 'raw_from_api_to_s3' retrieved from /opt/airflow/dags/raw_from_api_to_s3.py
[2026-04-14T23:47:14.733+0000] {logging_mixin.py:190} INFO - [2026-04-14T23:47:14.732+0000] {dag.py:3239} INFO - Sync 1 DAGs
[2026-04-14T23:47:14.760+0000] {logging_mixin.py:190} INFO - [2026-04-14T23:47:14.760+0000] {dag.py:4180} INFO - Setting next_dagrun for raw_from_api_to_s3 to 2026-04-14 00:00:00+00:00, run_after=2026-04-15 00:00:00+00:00
[2026-04-14T23:47:14.771+0000] {processor.py:208} INFO - Processing /opt/airflow/dags/raw_from_api_to_s3.py took 0.112 seconds
[2026-04-14T23:47:45.055+0000] {processor.py:186} INFO - Started process (PID=11358) to work on /opt/airflow/dags/raw_from_api_to_s3.py
[2026-04-14T23:47:45.056+0000] {processor.py:914} INFO - Processing file /opt/airflow/dags/raw_from_api_to_s3.py for tasks to queue
[2026-04-14T23:47:45.059+0000] {logging_mixin.py:190} INFO - [2026-04-14T23:47:45.059+0000] {dagbag.py:588} INFO - Filling up the DagBag from /opt/airflow/dags/raw_from_api_to_s3.py
[2026-04-14T23:47:45.114+0000] {processor.py:925} INFO - DAG(s) 'raw_from_api_to_s3' retrieved from /opt/airflow/dags/raw_from_api_to_s3.py
[2026-04-14T23:47:45.122+0000] {logging_mixin.py:190} INFO - [2026-04-14T23:47:45.122+0000] {dag.py:3239} INFO - Sync 1 DAGs
[2026-04-14T23:47:45.132+0000] {logging_mixin.py:190} INFO - [2026-04-14T23:47:45.132+0000] {dag.py:4180} INFO - Setting next_dagrun for raw_from_api_to_s3 to 2026-04-14 00:00:00+00:00, run_after=2026-04-15 00:00:00+00:00
[2026-04-14T23:47:45.139+0000] {processor.py:208} INFO - Processing /opt/airflow/dags/raw_from_api_to_s3.py took 0.092 seconds
[2026-04-14T23:48:15.412+0000] {processor.py:186} INFO - Started process (PID=11372) to work on /opt/airflow/dags/raw_from_api_to_s3.py
[2026-04-14T23:48:15.413+0000] {processor.py:914} INFO - Processing file /opt/airflow/dags/raw_from_api_to_s3.py for tasks to queue
[2026-04-14T23:48:15.416+0000] {logging_mixin.py:190} INFO - [2026-04-14T23:48:15.416+0000] {dagbag.py:588} INFO - Filling up the DagBag from /opt/airflow/dags/raw_from_api_to_s3.py
[2026-04-14T23:48:15.475+0000] {processor.py:925} INFO - DAG(s) 'raw_from_api_to_s3' retrieved from /opt/airflow/dags/raw_from_api_to_s3.py
[2026-04-14T23:48:15.483+0000] {logging_mixin.py:190} INFO - [2026-04-14T23:48:15.483+0000] {dag.py:3239} INFO - Sync 1 DAGs
[2026-04-14T23:48:15.492+0000] {logging_mixin.py:190} INFO - [2026-04-14T23:48:15.492+0000] {dag.py:4180} INFO - Setting next_dagrun for raw_from_api_to_s3 to 2026-04-14 00:00:00+00:00, run_after=2026-04-15 00:00:00+00:00
[2026-04-14T23:48:15.498+0000] {processor.py:208} INFO - Processing /opt/airflow/dags/raw_from_api_to_s3.py took 0.095 seconds
[2026-04-14T23:48:45.732+0000] {processor.py:186} INFO - Started process (PID=11386) to work on /opt/airflow/dags/raw_from_api_to_s3.py
[2026-04-14T23:48:45.733+0000] {processor.py:914} INFO - Processing file /opt/airflow/dags/raw_from_api_to_s3.py for tasks to queue
[2026-04-14T23:48:45.736+0000] {logging_mixin.py:190} INFO - [2026-04-14T23:48:45.735+0000] {dagbag.py:588} INFO - Filling up the DagBag from /opt/airflow/dags/raw_from_api_to_s3.py
[2026-04-14T23:48:45.787+0000] {processor.py:925} INFO - DAG(s) 'raw_from_api_to_s3' retrieved from /opt/airflow/dags/raw_from_api_to_s3.py
[2026-04-14T23:48:45.794+0000] {logging_mixin.py:190} INFO - [2026-04-14T23:48:45.794+0000] {dag.py:3239} INFO - Sync 1 DAGs
[2026-04-14T23:48:45.804+0000] {logging_mixin.py:190} INFO - [2026-04-14T23:48:45.803+0000] {dag.py:4180} INFO - Setting next_dagrun for raw_from_api_to_s3 to 2026-04-14 00:00:00+00:00, run_after=2026-04-15 00:00:00+00:00
[2026-04-14T23:48:45.810+0000] {processor.py:208} INFO - Processing /opt/airflow/dags/raw_from_api_to_s3.py took 0.087 seconds
[2026-04-14T23:49:16.119+0000] {processor.py:186} INFO - Started process (PID=11399) to work on /opt/airflow/dags/raw_from_api_to_s3.py
[2026-04-14T23:49:16.120+0000] {processor.py:914} INFO - Processing file /opt/airflow/dags/raw_from_api_to_s3.py for tasks to queue
[2026-04-14T23:49:16.123+0000] {logging_mixin.py:190} INFO - [2026-04-14T23:49:16.122+0000] {dagbag.py:588} INFO - Filling up the DagBag from /opt/airflow/dags/raw_from_api_to_s3.py
[2026-04-14T23:49:16.175+0000] {processor.py:925} INFO - DAG(s) 'raw_from_api_to_s3' retrieved from /opt/airflow/dags/raw_from_api_to_s3.py
[2026-04-14T23:49:16.183+0000] {logging_mixin.py:190} INFO - [2026-04-14T23:49:16.183+0000] {dag.py:3239} INFO - Sync 1 DAGs
[2026-04-14T23:49:16.192+0000] {logging_mixin.py:190} INFO - [2026-04-14T23:49:16.192+0000] {dag.py:4180} INFO - Setting next_dagrun for raw_from_api_to_s3 to 2026-04-14 00:00:00+00:00, run_after=2026-04-15 00:00:00+00:00
[2026-04-14T23:49:16.199+0000] {processor.py:208} INFO - Processing /opt/airflow/dags/raw_from_api_to_s3.py took 0.088 seconds
[2026-04-14T23:49:46.469+0000] {processor.py:186} INFO - Started process (PID=11413) to work on /opt/airflow/dags/raw_from_api_to_s3.py
[2026-04-14T23:49:46.470+0000] {processor.py:914} INFO - Processing file /opt/airflow/dags/raw_from_api_to_s3.py for tasks to queue
[2026-04-14T23:49:46.476+0000] {logging_mixin.py:190} INFO - [2026-04-14T23:49:46.475+0000] {dagbag.py:588} INFO - Filling up the DagBag from /opt/airflow/dags/raw_from_api_to_s3.py
[2026-04-14T23:49:46.547+0000] {processor.py:925} INFO - DAG(s) 'raw_from_api_to_s3' retrieved from /opt/airflow/dags/raw_from_api_to_s3.py
[2026-04-14T23:49:46.556+0000] {logging_mixin.py:190} INFO - [2026-04-14T23:49:46.555+0000] {dag.py:3239} INFO - Sync 1 DAGs
[2026-04-14T23:49:46.567+0000] {logging_mixin.py:190} INFO - [2026-04-14T23:49:46.567+0000] {dag.py:4180} INFO - Setting next_dagrun for raw_from_api_to_s3 to 2026-04-14 00:00:00+00:00, run_after=2026-04-15 00:00:00+00:00
[2026-04-14T23:49:46.574+0000] {processor.py:208} INFO - Processing /opt/airflow/dags/raw_from_api_to_s3.py took 0.120 seconds
[2026-04-14T23:50:16.822+0000] {processor.py:186} INFO - Started process (PID=11427) to work on /opt/airflow/dags/raw_from_api_to_s3.py
[2026-04-14T23:50:16.823+0000] {processor.py:914} INFO - Processing file /opt/airflow/dags/raw_from_api_to_s3.py for tasks to queue
[2026-04-14T23:50:16.827+0000] {logging_mixin.py:190} INFO - [2026-04-14T23:50:16.826+0000] {dagbag.py:588} INFO - Filling up the DagBag from /opt/airflow/dags/raw_from_api_to_s3.py
[2026-04-14T23:50:16.883+0000] {processor.py:925} INFO - DAG(s) 'raw_from_api_to_s3' retrieved from /opt/airflow/dags/raw_from_api_to_s3.py
[2026-04-14T23:50:16.892+0000] {logging_mixin.py:190} INFO - [2026-04-14T23:50:16.892+0000] {dag.py:3239} INFO - Sync 1 DAGs
[2026-04-14T23:50:16.902+0000] {logging_mixin.py:190} INFO - [2026-04-14T23:50:16.902+0000] {dag.py:4180} INFO - Setting next_dagrun for raw_from_api_to_s3 to 2026-04-14 00:00:00+00:00, run_after=2026-04-15 00:00:00+00:00
[2026-04-14T23:50:16.909+0000] {processor.py:208} INFO - Processing /opt/airflow/dags/raw_from_api_to_s3.py took 0.095 seconds
[2026-04-14T23:50:47.199+0000] {processor.py:186} INFO - Started process (PID=11441) to work on /opt/airflow/dags/raw_from_api_to_s3.py
[2026-04-14T23:50:47.200+0000] {processor.py:914} INFO - Processing file /opt/airflow/dags/raw_from_api_to_s3.py for tasks to queue
[2026-04-14T23:50:47.203+0000] {logging_mixin.py:190} INFO - [2026-04-14T23:50:47.202+0000] {dagbag.py:588} INFO - Filling up the DagBag from /opt/airflow/dags/raw_from_api_to_s3.py
[2026-04-14T23:50:47.259+0000] {processor.py:925} INFO - DAG(s) 'raw_from_api_to_s3' retrieved from /opt/airflow/dags/raw_from_api_to_s3.py
[2026-04-14T23:50:47.266+0000] {logging_mixin.py:190} INFO - [2026-04-14T23:50:47.266+0000] {dag.py:3239} INFO - Sync 1 DAGs
[2026-04-14T23:50:47.276+0000] {logging_mixin.py:190} INFO - [2026-04-14T23:50:47.276+0000] {dag.py:4180} INFO - Setting next_dagrun for raw_from_api_to_s3 to 2026-04-14 00:00:00+00:00, run_after=2026-04-15 00:00:00+00:00
[2026-04-14T23:50:47.282+0000] {processor.py:208} INFO - Processing /opt/airflow/dags/raw_from_api_to_s3.py took 0.092 seconds
[2026-04-14T23:51:17.571+0000] {processor.py:186} INFO - Started process (PID=11456) to work on /opt/airflow/dags/raw_from_api_to_s3.py
[2026-04-14T23:51:17.572+0000] {processor.py:914} INFO - Processing file /opt/airflow/dags/raw_from_api_to_s3.py for tasks to queue
[2026-04-14T23:51:17.575+0000] {logging_mixin.py:190} INFO - [2026-04-14T23:51:17.575+0000] {dagbag.py:588} INFO - Filling up the DagBag from /opt/airflow/dags/raw_from_api_to_s3.py
[2026-04-14T23:51:17.629+0000] {processor.py:925} INFO - DAG(s) 'raw_from_api_to_s3' retrieved from /opt/airflow/dags/raw_from_api_to_s3.py
[2026-04-14T23:51:17.636+0000] {logging_mixin.py:190} INFO - [2026-04-14T23:51:17.636+0000] {dag.py:3239} INFO - Sync 1 DAGs
[2026-04-14T23:51:17.646+0000] {logging_mixin.py:190} INFO - [2026-04-14T23:51:17.646+0000] {dag.py:4180} INFO - Setting next_dagrun for raw_from_api_to_s3 to 2026-04-14 00:00:00+00:00, run_after=2026-04-15 00:00:00+00:00
[2026-04-14T23:51:17.653+0000] {processor.py:208} INFO - Processing /opt/airflow/dags/raw_from_api_to_s3.py took 0.089 seconds
[2026-04-14T23:51:47.947+0000] {processor.py:186} INFO - Started process (PID=11470) to work on /opt/airflow/dags/raw_from_api_to_s3.py
[2026-04-14T23:51:47.948+0000] {processor.py:914} INFO - Processing file /opt/airflow/dags/raw_from_api_to_s3.py for tasks to queue
[2026-04-14T23:51:47.951+0000] {logging_mixin.py:190} INFO - [2026-04-14T23:51:47.951+0000] {dagbag.py:588} INFO - Filling up the DagBag from /opt/airflow/dags/raw_from_api_to_s3.py
[2026-04-14T23:51:48.002+0000] {processor.py:925} INFO - DAG(s) 'raw_from_api_to_s3' retrieved from /opt/airflow/dags/raw_from_api_to_s3.py
[2026-04-14T23:51:48.009+0000] {logging_mixin.py:190} INFO - [2026-04-14T23:51:48.009+0000] {dag.py:3239} INFO - Sync 1 DAGs
[2026-04-14T23:51:48.019+0000] {logging_mixin.py:190} INFO - [2026-04-14T23:51:48.019+0000] {dag.py:4180} INFO - Setting next_dagrun for raw_from_api_to_s3 to 2026-04-14 00:00:00+00:00, run_after=2026-04-15 00:00:00+00:00
[2026-04-14T23:51:48.025+0000] {processor.py:208} INFO - Processing /opt/airflow/dags/raw_from_api_to_s3.py took 0.085 seconds
[2026-04-14T23:52:18.271+0000] {processor.py:186} INFO - Started process (PID=11484) to work on /opt/airflow/dags/raw_from_api_to_s3.py
[2026-04-14T23:52:18.272+0000] {processor.py:914} INFO - Processing file /opt/airflow/dags/raw_from_api_to_s3.py for tasks to queue
[2026-04-14T23:52:18.275+0000] {logging_mixin.py:190} INFO - [2026-04-14T23:52:18.275+0000] {dagbag.py:588} INFO - Filling up the DagBag from /opt/airflow/dags/raw_from_api_to_s3.py
[2026-04-14T23:52:18.330+0000] {processor.py:925} INFO - DAG(s) 'raw_from_api_to_s3' retrieved from /opt/airflow/dags/raw_from_api_to_s3.py
[2026-04-14T23:52:18.338+0000] {logging_mixin.py:190} INFO - [2026-04-14T23:52:18.338+0000] {dag.py:3239} INFO - Sync 1 DAGs
[2026-04-14T23:52:18.348+0000] {logging_mixin.py:190} INFO - [2026-04-14T23:52:18.348+0000] {dag.py:4180} INFO - Setting next_dagrun for raw_from_api_to_s3 to 2026-04-14 00:00:00+00:00, run_after=2026-04-15 00:00:00+00:00
[2026-04-14T23:52:18.355+0000] {processor.py:208} INFO - Processing /opt/airflow/dags/raw_from_api_to_s3.py took 0.091 seconds
[2026-04-14T23:52:48.648+0000] {processor.py:186} INFO - Started process (PID=11498) to work on /opt/airflow/dags/raw_from_api_to_s3.py
[2026-04-14T23:52:48.649+0000] {processor.py:914} INFO - Processing file /opt/airflow/dags/raw_from_api_to_s3.py for tasks to queue
[2026-04-14T23:52:48.652+0000] {logging_mixin.py:190} INFO - [2026-04-14T23:52:48.651+0000] {dagbag.py:588} INFO - Filling up the DagBag from /opt/airflow/dags/raw_from_api_to_s3.py
[2026-04-14T23:52:48.700+0000] {processor.py:925} INFO - DAG(s) 'raw_from_api_to_s3' retrieved from /opt/airflow/dags/raw_from_api_to_s3.py
[2026-04-14T23:52:48.707+0000] {logging_mixin.py:190} INFO - [2026-04-14T23:52:48.707+0000] {dag.py:3239} INFO - Sync 1 DAGs
[2026-04-14T23:52:48.718+0000] {logging_mixin.py:190} INFO - [2026-04-14T23:52:48.718+0000] {dag.py:4180} INFO - Setting next_dagrun for raw_from_api_to_s3 to 2026-04-14 00:00:00+00:00, run_after=2026-04-15 00:00:00+00:00
[2026-04-14T23:52:48.725+0000] {processor.py:208} INFO - Processing /opt/airflow/dags/raw_from_api_to_s3.py took 0.083 seconds
[2026-04-14T23:53:18.928+0000] {processor.py:186} INFO - Started process (PID=11512) to work on /opt/airflow/dags/raw_from_api_to_s3.py
[2026-04-14T23:53:18.930+0000] {processor.py:914} INFO - Processing file /opt/airflow/dags/raw_from_api_to_s3.py for tasks to queue
[2026-04-14T23:53:18.934+0000] {logging_mixin.py:190} INFO - [2026-04-14T23:53:18.934+0000] {dagbag.py:588} INFO - Filling up the DagBag from /opt/airflow/dags/raw_from_api_to_s3.py
[2026-04-14T23:53:18.996+0000] {processor.py:925} INFO - DAG(s) 'raw_from_api_to_s3' retrieved from /opt/airflow/dags/raw_from_api_to_s3.py
[2026-04-14T23:53:19.006+0000] {logging_mixin.py:190} INFO - [2026-04-14T23:53:19.005+0000] {dag.py:3239} INFO - Sync 1 DAGs
[2026-04-14T23:53:19.015+0000] {logging_mixin.py:190} INFO - [2026-04-14T23:53:19.015+0000] {dag.py:4180} INFO - Setting next_dagrun for raw_from_api_to_s3 to 2026-04-14 00:00:00+00:00, run_after=2026-04-15 00:00:00+00:00
[2026-04-14T23:53:19.022+0000] {processor.py:208} INFO - Processing /opt/airflow/dags/raw_from_api_to_s3.py took 0.103 seconds
[2026-04-14T23:53:49.375+0000] {processor.py:186} INFO - Started process (PID=11526) to work on /opt/airflow/dags/raw_from_api_to_s3.py
[2026-04-14T23:53:49.376+0000] {processor.py:914} INFO - Processing file /opt/airflow/dags/raw_from_api_to_s3.py for tasks to queue
[2026-04-14T23:53:49.379+0000] {logging_mixin.py:190} INFO - [2026-04-14T23:53:49.378+0000] {dagbag.py:588} INFO - Filling up the DagBag from /opt/airflow/dags/raw_from_api_to_s3.py
[2026-04-14T23:53:49.431+0000] {processor.py:925} INFO - DAG(s) 'raw_from_api_to_s3' retrieved from /opt/airflow/dags/raw_from_api_to_s3.py
[2026-04-14T23:53:49.439+0000] {logging_mixin.py:190} INFO - [2026-04-14T23:53:49.439+0000] {dag.py:3239} INFO - Sync 1 DAGs
[2026-04-14T23:53:49.453+0000] {logging_mixin.py:190} INFO - [2026-04-14T23:53:49.453+0000] {dag.py:4180} INFO - Setting next_dagrun for raw_from_api_to_s3 to 2026-04-14 00:00:00+00:00, run_after=2026-04-15 00:00:00+00:00
[2026-04-14T23:53:49.460+0000] {processor.py:208} INFO - Processing /opt/airflow/dags/raw_from_api_to_s3.py took 0.092 seconds
[2026-04-14T23:54:19.752+0000] {processor.py:186} INFO - Started process (PID=11540) to work on /opt/airflow/dags/raw_from_api_to_s3.py
[2026-04-14T23:54:19.753+0000] {processor.py:914} INFO - Processing file /opt/airflow/dags/raw_from_api_to_s3.py for tasks to queue
[2026-04-14T23:54:19.757+0000] {logging_mixin.py:190} INFO - [2026-04-14T23:54:19.757+0000] {dagbag.py:588} INFO - Filling up the DagBag from /opt/airflow/dags/raw_from_api_to_s3.py
[2026-04-14T23:54:19.822+0000] {processor.py:925} INFO - DAG(s) 'raw_from_api_to_s3' retrieved from /opt/airflow/dags/raw_from_api_to_s3.py
[2026-04-14T23:54:19.830+0000] {logging_mixin.py:190} INFO - [2026-04-14T23:54:19.830+0000] {dag.py:3239} INFO - Sync 1 DAGs
[2026-04-14T23:54:19.840+0000] {logging_mixin.py:190} INFO - [2026-04-14T23:54:19.840+0000] {dag.py:4180} INFO - Setting next_dagrun for raw_from_api_to_s3 to 2026-04-14 00:00:00+00:00, run_after=2026-04-15 00:00:00+00:00
[2026-04-14T23:54:19.846+0000] {processor.py:208} INFO - Processing /opt/airflow/dags/raw_from_api_to_s3.py took 0.109 seconds
[2026-04-14T23:54:50.092+0000] {processor.py:186} INFO - Started process (PID=11554) to work on /opt/airflow/dags/raw_from_api_to_s3.py
[2026-04-14T23:54:50.093+0000] {processor.py:914} INFO - Processing file /opt/airflow/dags/raw_from_api_to_s3.py for tasks to queue
[2026-04-14T23:54:50.096+0000] {logging_mixin.py:190} INFO - [2026-04-14T23:54:50.096+0000] {dagbag.py:588} INFO - Filling up the DagBag from /opt/airflow/dags/raw_from_api_to_s3.py
[2026-04-14T23:54:50.153+0000] {processor.py:925} INFO - DAG(s) 'raw_from_api_to_s3' retrieved from /opt/airflow/dags/raw_from_api_to_s3.py
[2026-04-14T23:54:50.160+0000] {logging_mixin.py:190} INFO - [2026-04-14T23:54:50.160+0000] {dag.py:3239} INFO - Sync 1 DAGs
[2026-04-14T23:54:50.170+0000] {logging_mixin.py:190} INFO - [2026-04-14T23:54:50.170+0000] {dag.py:4180} INFO - Setting next_dagrun for raw_from_api_to_s3 to 2026-04-14 00:00:00+00:00, run_after=2026-04-15 00:00:00+00:00
[2026-04-14T23:54:50.178+0000] {processor.py:208} INFO - Processing /opt/airflow/dags/raw_from_api_to_s3.py took 0.093 seconds
[2026-04-14T23:55:20.496+0000] {processor.py:186} INFO - Started process (PID=11568) to work on /opt/airflow/dags/raw_from_api_to_s3.py
[2026-04-14T23:55:20.496+0000] {processor.py:914} INFO - Processing file /opt/airflow/dags/raw_from_api_to_s3.py for tasks to queue
[2026-04-14T23:55:20.500+0000] {logging_mixin.py:190} INFO - [2026-04-14T23:55:20.499+0000] {dagbag.py:588} INFO - Filling up the DagBag from /opt/airflow/dags/raw_from_api_to_s3.py
[2026-04-14T23:55:20.571+0000] {processor.py:925} INFO - DAG(s) 'raw_from_api_to_s3' retrieved from /opt/airflow/dags/raw_from_api_to_s3.py
[2026-04-14T23:55:20.579+0000] {logging_mixin.py:190} INFO - [2026-04-14T23:55:20.579+0000] {dag.py:3239} INFO - Sync 1 DAGs
[2026-04-14T23:55:20.590+0000] {logging_mixin.py:190} INFO - [2026-04-14T23:55:20.590+0000] {dag.py:4180} INFO - Setting next_dagrun for raw_from_api_to_s3 to 2026-04-14 00:00:00+00:00, run_after=2026-04-15 00:00:00+00:00
[2026-04-14T23:55:20.596+0000] {processor.py:208} INFO - Processing /opt/airflow/dags/raw_from_api_to_s3.py took 0.110 seconds
[2026-04-14T23:55:50.837+0000] {processor.py:186} INFO - Started process (PID=11582) to work on /opt/airflow/dags/raw_from_api_to_s3.py
[2026-04-14T23:55:50.838+0000] {processor.py:914} INFO - Processing file /opt/airflow/dags/raw_from_api_to_s3.py for tasks to queue
[2026-04-14T23:55:50.841+0000] {logging_mixin.py:190} INFO - [2026-04-14T23:55:50.840+0000] {dagbag.py:588} INFO - Filling up the DagBag from /opt/airflow/dags/raw_from_api_to_s3.py
[2026-04-14T23:55:50.897+0000] {processor.py:925} INFO - DAG(s) 'raw_from_api_to_s3' retrieved from /opt/airflow/dags/raw_from_api_to_s3.py
[2026-04-14T23:55:50.905+0000] {logging_mixin.py:190} INFO - [2026-04-14T23:55:50.904+0000] {dag.py:3239} INFO - Sync 1 DAGs
[2026-04-14T23:55:50.915+0000] {logging_mixin.py:190} INFO - [2026-04-14T23:55:50.915+0000] {dag.py:4180} INFO - Setting next_dagrun for raw_from_api_to_s3 to 2026-04-14 00:00:00+00:00, run_after=2026-04-15 00:00:00+00:00
[2026-04-14T23:55:50.922+0000] {processor.py:208} INFO - Processing /opt/airflow/dags/raw_from_api_to_s3.py took 0.092 seconds
[2026-04-14T23:56:21.260+0000] {processor.py:186} INFO - Started process (PID=11596) to work on /opt/airflow/dags/raw_from_api_to_s3.py
[2026-04-14T23:56:21.261+0000] {processor.py:914} INFO - Processing file /opt/airflow/dags/raw_from_api_to_s3.py for tasks to queue
[2026-04-14T23:56:21.265+0000] {logging_mixin.py:190} INFO - [2026-04-14T23:56:21.265+0000] {dagbag.py:588} INFO - Filling up the DagBag from /opt/airflow/dags/raw_from_api_to_s3.py
[2026-04-14T23:56:21.347+0000] {processor.py:925} INFO - DAG(s) 'raw_from_api_to_s3' retrieved from /opt/airflow/dags/raw_from_api_to_s3.py
[2026-04-14T23:56:21.360+0000] {logging_mixin.py:190} INFO - [2026-04-14T23:56:21.360+0000] {dag.py:3239} INFO - Sync 1 DAGs
[2026-04-14T23:56:21.371+0000] {logging_mixin.py:190} INFO - [2026-04-14T23:56:21.370+0000] {dag.py:4180} INFO - Setting next_dagrun for raw_from_api_to_s3 to 2026-04-14 00:00:00+00:00, run_after=2026-04-15 00:00:00+00:00
[2026-04-14T23:56:21.378+0000] {processor.py:208} INFO - Processing /opt/airflow/dags/raw_from_api_to_s3.py took 0.127 seconds
[2026-04-14T23:56:51.630+0000] {processor.py:186} INFO - Started process (PID=11610) to work on /opt/airflow/dags/raw_from_api_to_s3.py
[2026-04-14T23:56:51.631+0000] {processor.py:914} INFO - Processing file /opt/airflow/dags/raw_from_api_to_s3.py for tasks to queue
[2026-04-14T23:56:51.634+0000] {logging_mixin.py:190} INFO - [2026-04-14T23:56:51.633+0000] {dagbag.py:588} INFO - Filling up the DagBag from /opt/airflow/dags/raw_from_api_to_s3.py
[2026-04-14T23:56:51.682+0000] {processor.py:925} INFO - DAG(s) 'raw_from_api_to_s3' retrieved from /opt/airflow/dags/raw_from_api_to_s3.py
[2026-04-14T23:56:51.689+0000] {logging_mixin.py:190} INFO - [2026-04-14T23:56:51.689+0000] {dag.py:3239} INFO - Sync 1 DAGs
[2026-04-14T23:56:51.699+0000] {logging_mixin.py:190} INFO - [2026-04-14T23:56:51.699+0000] {dag.py:4180} INFO - Setting next_dagrun for raw_from_api_to_s3 to 2026-04-14 00:00:00+00:00, run_after=2026-04-15 00:00:00+00:00
[2026-04-14T23:56:51.706+0000] {processor.py:208} INFO - Processing /opt/airflow/dags/raw_from_api_to_s3.py took 0.081 seconds
[2026-04-14T23:57:21.978+0000] {processor.py:186} INFO - Started process (PID=11624) to work on /opt/airflow/dags/raw_from_api_to_s3.py
[2026-04-14T23:57:21.979+0000] {processor.py:914} INFO - Processing file /opt/airflow/dags/raw_from_api_to_s3.py for tasks to queue
[2026-04-14T23:57:21.982+0000] {logging_mixin.py:190} INFO - [2026-04-14T23:57:21.982+0000] {dagbag.py:588} INFO - Filling up the DagBag from /opt/airflow/dags/raw_from_api_to_s3.py
[2026-04-14T23:57:22.042+0000] {processor.py:925} INFO - DAG(s) 'raw_from_api_to_s3' retrieved from /opt/airflow/dags/raw_from_api_to_s3.py
[2026-04-14T23:57:22.049+0000] {logging_mixin.py:190} INFO - [2026-04-14T23:57:22.049+0000] {dag.py:3239} INFO - Sync 1 DAGs
[2026-04-14T23:57:22.059+0000] {logging_mixin.py:190} INFO - [2026-04-14T23:57:22.059+0000] {dag.py:4180} INFO - Setting next_dagrun for raw_from_api_to_s3 to 2026-04-14 00:00:00+00:00, run_after=2026-04-15 00:00:00+00:00
[2026-04-14T23:57:22.066+0000] {processor.py:208} INFO - Processing /opt/airflow/dags/raw_from_api_to_s3.py took 0.096 seconds
[2026-04-14T23:57:52.329+0000] {processor.py:186} INFO - Started process (PID=11638) to work on /opt/airflow/dags/raw_from_api_to_s3.py
[2026-04-14T23:57:52.330+0000] {processor.py:914} INFO - Processing file /opt/airflow/dags/raw_from_api_to_s3.py for tasks to queue
[2026-04-14T23:57:52.333+0000] {logging_mixin.py:190} INFO - [2026-04-14T23:57:52.333+0000] {dagbag.py:588} INFO - Filling up the DagBag from /opt/airflow/dags/raw_from_api_to_s3.py
[2026-04-14T23:57:52.388+0000] {processor.py:925} INFO - DAG(s) 'raw_from_api_to_s3' retrieved from /opt/airflow/dags/raw_from_api_to_s3.py
[2026-04-14T23:57:52.395+0000] {logging_mixin.py:190} INFO - [2026-04-14T23:57:52.395+0000] {dag.py:3239} INFO - Sync 1 DAGs
[2026-04-14T23:57:52.406+0000] {logging_mixin.py:190} INFO - [2026-04-14T23:57:52.406+0000] {dag.py:4180} INFO - Setting next_dagrun for raw_from_api_to_s3 to 2026-04-14 00:00:00+00:00, run_after=2026-04-15 00:00:00+00:00
[2026-04-14T23:57:52.414+0000] {processor.py:208} INFO - Processing /opt/airflow/dags/raw_from_api_to_s3.py took 0.093 seconds
[2026-04-14T23:58:22.719+0000] {processor.py:186} INFO - Started process (PID=11652) to work on /opt/airflow/dags/raw_from_api_to_s3.py
[2026-04-14T23:58:22.720+0000] {processor.py:914} INFO - Processing file /opt/airflow/dags/raw_from_api_to_s3.py for tasks to queue
[2026-04-14T23:58:22.725+0000] {logging_mixin.py:190} INFO - [2026-04-14T23:58:22.724+0000] {dagbag.py:588} INFO - Filling up the DagBag from /opt/airflow/dags/raw_from_api_to_s3.py
[2026-04-14T23:58:22.796+0000] {processor.py:925} INFO - DAG(s) 'raw_from_api_to_s3' retrieved from /opt/airflow/dags/raw_from_api_to_s3.py
[2026-04-14T23:58:22.810+0000] {logging_mixin.py:190} INFO - [2026-04-14T23:58:22.810+0000] {dag.py:3239} INFO - Sync 1 DAGs
[2026-04-14T23:58:22.822+0000] {logging_mixin.py:190} INFO - [2026-04-14T23:58:22.822+0000] {dag.py:4180} INFO - Setting next_dagrun for raw_from_api_to_s3 to 2026-04-14 00:00:00+00:00, run_after=2026-04-15 00:00:00+00:00
[2026-04-14T23:58:22.828+0000] {processor.py:208} INFO - Processing /opt/airflow/dags/raw_from_api_to_s3.py took 0.118 seconds
[2026-04-14T23:58:53.086+0000] {processor.py:186} INFO - Started process (PID=11666) to work on /opt/airflow/dags/raw_from_api_to_s3.py
[2026-04-14T23:58:53.087+0000] {processor.py:914} INFO - Processing file /opt/airflow/dags/raw_from_api_to_s3.py for tasks to queue
[2026-04-14T23:58:53.090+0000] {logging_mixin.py:190} INFO - [2026-04-14T23:58:53.090+0000] {dagbag.py:588} INFO - Filling up the DagBag from /opt/airflow/dags/raw_from_api_to_s3.py
[2026-04-14T23:58:53.140+0000] {processor.py:925} INFO - DAG(s) 'raw_from_api_to_s3' retrieved from /opt/airflow/dags/raw_from_api_to_s3.py
[2026-04-14T23:58:53.148+0000] {logging_mixin.py:190} INFO - [2026-04-14T23:58:53.148+0000] {dag.py:3239} INFO - Sync 1 DAGs
[2026-04-14T23:58:53.158+0000] {logging_mixin.py:190} INFO - [2026-04-14T23:58:53.158+0000] {dag.py:4180} INFO - Setting next_dagrun for raw_from_api_to_s3 to 2026-04-14 00:00:00+00:00, run_after=2026-04-15 00:00:00+00:00
[2026-04-14T23:58:53.166+0000] {processor.py:208} INFO - Processing /opt/airflow/dags/raw_from_api_to_s3.py took 0.088 seconds
[2026-04-14T23:59:23.466+0000] {processor.py:186} INFO - Started process (PID=11680) to work on /opt/airflow/dags/raw_from_api_to_s3.py
[2026-04-14T23:59:23.467+0000] {processor.py:914} INFO - Processing file /opt/airflow/dags/raw_from_api_to_s3.py for tasks to queue
[2026-04-14T23:59:23.471+0000] {logging_mixin.py:190} INFO - [2026-04-14T23:59:23.471+0000] {dagbag.py:588} INFO - Filling up the DagBag from /opt/airflow/dags/raw_from_api_to_s3.py
[2026-04-14T23:59:23.533+0000] {processor.py:925} INFO - DAG(s) 'raw_from_api_to_s3' retrieved from /opt/airflow/dags/raw_from_api_to_s3.py
[2026-04-14T23:59:23.541+0000] {logging_mixin.py:190} INFO - [2026-04-14T23:59:23.540+0000] {dag.py:3239} INFO - Sync 1 DAGs
[2026-04-14T23:59:23.550+0000] {logging_mixin.py:190} INFO - [2026-04-14T23:59:23.550+0000] {dag.py:4180} INFO - Setting next_dagrun for raw_from_api_to_s3 to 2026-04-14 00:00:00+00:00, run_after=2026-04-15 00:00:00+00:00
[2026-04-14T23:59:23.557+0000] {processor.py:208} INFO - Processing /opt/airflow/dags/raw_from_api_to_s3.py took 0.100 seconds
[2026-04-14T23:59:53.846+0000] {processor.py:186} INFO - Started process (PID=11694) to work on /opt/airflow/dags/raw_from_api_to_s3.py
[2026-04-14T23:59:53.847+0000] {processor.py:914} INFO - Processing file /opt/airflow/dags/raw_from_api_to_s3.py for tasks to queue
[2026-04-14T23:59:53.850+0000] {logging_mixin.py:190} INFO - [2026-04-14T23:59:53.849+0000] {dagbag.py:588} INFO - Filling up the DagBag from /opt/airflow/dags/raw_from_api_to_s3.py
[2026-04-14T23:59:53.899+0000] {processor.py:925} INFO - DAG(s) 'raw_from_api_to_s3' retrieved from /opt/airflow/dags/raw_from_api_to_s3.py
[2026-04-14T23:59:53.906+0000] {logging_mixin.py:190} INFO - [2026-04-14T23:59:53.906+0000] {dag.py:3239} INFO - Sync 1 DAGs
[2026-04-14T23:59:53.916+0000] {logging_mixin.py:190} INFO - [2026-04-14T23:59:53.916+0000] {dag.py:4180} INFO - Setting next_dagrun for raw_from_api_to_s3 to 2026-04-14 00:00:00+00:00, run_after=2026-04-15 00:00:00+00:00
[2026-04-14T23:59:53.923+0000] {processor.py:208} INFO - Processing /opt/airflow/dags/raw_from_api_to_s3.py took 0.083 seconds
