[2026-04-18T00:00:16.868+0000] {processor.py:186} INFO - Started process (PID=31838) to work on /opt/airflow/dags/raw_from_api_to_s3.py
[2026-04-18T00:00:16.869+0000] {processor.py:914} INFO - Processing file /opt/airflow/dags/raw_from_api_to_s3.py for tasks to queue
[2026-04-18T00:00:16.873+0000] {logging_mixin.py:190} INFO - [2026-04-18T00:00:16.872+0000] {dagbag.py:588} INFO - Filling up the DagBag from /opt/airflow/dags/raw_from_api_to_s3.py
[2026-04-18T00:00:16.930+0000] {processor.py:925} INFO - DAG(s) 'raw_from_api_to_s3' retrieved from /opt/airflow/dags/raw_from_api_to_s3.py
[2026-04-18T00:00:16.939+0000] {logging_mixin.py:190} INFO - [2026-04-18T00:00:16.939+0000] {dag.py:3239} INFO - Sync 1 DAGs
[2026-04-18T00:00:16.951+0000] {logging_mixin.py:190} INFO - [2026-04-18T00:00:16.951+0000] {dag.py:4180} INFO - Setting next_dagrun for raw_from_api_to_s3 to 2026-04-18 00:00:00+00:00, run_after=2026-04-19 00:00:00+00:00
[2026-04-18T00:00:16.959+0000] {processor.py:208} INFO - Processing /opt/airflow/dags/raw_from_api_to_s3.py took 0.099 seconds
[2026-04-18T00:00:47.213+0000] {processor.py:186} INFO - Started process (PID=31852) to work on /opt/airflow/dags/raw_from_api_to_s3.py
[2026-04-18T00:00:47.215+0000] {processor.py:914} INFO - Processing file /opt/airflow/dags/raw_from_api_to_s3.py for tasks to queue
[2026-04-18T00:00:47.218+0000] {logging_mixin.py:190} INFO - [2026-04-18T00:00:47.217+0000] {dagbag.py:588} INFO - Filling up the DagBag from /opt/airflow/dags/raw_from_api_to_s3.py
[2026-04-18T00:00:47.274+0000] {processor.py:925} INFO - DAG(s) 'raw_from_api_to_s3' retrieved from /opt/airflow/dags/raw_from_api_to_s3.py
[2026-04-18T00:00:47.281+0000] {logging_mixin.py:190} INFO - [2026-04-18T00:00:47.281+0000] {dag.py:3239} INFO - Sync 1 DAGs
[2026-04-18T00:00:47.291+0000] {logging_mixin.py:190} INFO - [2026-04-18T00:00:47.291+0000] {dag.py:4180} INFO - Setting next_dagrun for raw_from_api_to_s3 to 2026-04-18 00:00:00+00:00, run_after=2026-04-19 00:00:00+00:00
[2026-04-18T00:00:47.298+0000] {processor.py:208} INFO - Processing /opt/airflow/dags/raw_from_api_to_s3.py took 0.093 seconds
[2026-04-18T00:01:17.637+0000] {processor.py:186} INFO - Started process (PID=31866) to work on /opt/airflow/dags/raw_from_api_to_s3.py
[2026-04-18T00:01:17.637+0000] {processor.py:914} INFO - Processing file /opt/airflow/dags/raw_from_api_to_s3.py for tasks to queue
[2026-04-18T00:01:17.639+0000] {logging_mixin.py:190} INFO - [2026-04-18T00:01:17.639+0000] {dagbag.py:588} INFO - Filling up the DagBag from /opt/airflow/dags/raw_from_api_to_s3.py
[2026-04-18T00:01:17.684+0000] {processor.py:925} INFO - DAG(s) 'raw_from_api_to_s3' retrieved from /opt/airflow/dags/raw_from_api_to_s3.py
[2026-04-18T00:01:17.693+0000] {logging_mixin.py:190} INFO - [2026-04-18T00:01:17.693+0000] {dag.py:3239} INFO - Sync 1 DAGs
[2026-04-18T00:01:17.704+0000] {logging_mixin.py:190} INFO - [2026-04-18T00:01:17.704+0000] {dag.py:4180} INFO - Setting next_dagrun for raw_from_api_to_s3 to 2026-04-18 00:00:00+00:00, run_after=2026-04-19 00:00:00+00:00
[2026-04-18T00:01:17.711+0000] {processor.py:208} INFO - Processing /opt/airflow/dags/raw_from_api_to_s3.py took 0.078 seconds
[2026-04-18T00:01:48.027+0000] {processor.py:186} INFO - Started process (PID=31880) to work on /opt/airflow/dags/raw_from_api_to_s3.py
[2026-04-18T00:01:48.028+0000] {processor.py:914} INFO - Processing file /opt/airflow/dags/raw_from_api_to_s3.py for tasks to queue
[2026-04-18T00:01:48.031+0000] {logging_mixin.py:190} INFO - [2026-04-18T00:01:48.031+0000] {dagbag.py:588} INFO - Filling up the DagBag from /opt/airflow/dags/raw_from_api_to_s3.py
[2026-04-18T00:01:48.088+0000] {processor.py:925} INFO - DAG(s) 'raw_from_api_to_s3' retrieved from /opt/airflow/dags/raw_from_api_to_s3.py
[2026-04-18T00:01:48.095+0000] {logging_mixin.py:190} INFO - [2026-04-18T00:01:48.095+0000] {dag.py:3239} INFO - Sync 1 DAGs
[2026-04-18T00:01:48.105+0000] {logging_mixin.py:190} INFO - [2026-04-18T00:01:48.105+0000] {dag.py:4180} INFO - Setting next_dagrun for raw_from_api_to_s3 to 2026-04-18 00:00:00+00:00, run_after=2026-04-19 00:00:00+00:00
[2026-04-18T00:01:48.112+0000] {processor.py:208} INFO - Processing /opt/airflow/dags/raw_from_api_to_s3.py took 0.093 seconds
[2026-04-18T00:02:18.314+0000] {processor.py:186} INFO - Started process (PID=31894) to work on /opt/airflow/dags/raw_from_api_to_s3.py
[2026-04-18T00:02:18.316+0000] {processor.py:914} INFO - Processing file /opt/airflow/dags/raw_from_api_to_s3.py for tasks to queue
[2026-04-18T00:02:18.318+0000] {logging_mixin.py:190} INFO - [2026-04-18T00:02:18.318+0000] {dagbag.py:588} INFO - Filling up the DagBag from /opt/airflow/dags/raw_from_api_to_s3.py
[2026-04-18T00:02:18.371+0000] {processor.py:925} INFO - DAG(s) 'raw_from_api_to_s3' retrieved from /opt/airflow/dags/raw_from_api_to_s3.py
[2026-04-18T00:02:18.378+0000] {logging_mixin.py:190} INFO - [2026-04-18T00:02:18.378+0000] {dag.py:3239} INFO - Sync 1 DAGs
[2026-04-18T00:02:18.388+0000] {logging_mixin.py:190} INFO - [2026-04-18T00:02:18.388+0000] {dag.py:4180} INFO - Setting next_dagrun for raw_from_api_to_s3 to 2026-04-18 00:00:00+00:00, run_after=2026-04-19 00:00:00+00:00
[2026-04-18T00:02:18.394+0000] {processor.py:208} INFO - Processing /opt/airflow/dags/raw_from_api_to_s3.py took 0.087 seconds
[2026-04-18T00:02:48.744+0000] {processor.py:186} INFO - Started process (PID=31908) to work on /opt/airflow/dags/raw_from_api_to_s3.py
[2026-04-18T00:02:48.745+0000] {processor.py:914} INFO - Processing file /opt/airflow/dags/raw_from_api_to_s3.py for tasks to queue
[2026-04-18T00:02:48.748+0000] {logging_mixin.py:190} INFO - [2026-04-18T00:02:48.748+0000] {dagbag.py:588} INFO - Filling up the DagBag from /opt/airflow/dags/raw_from_api_to_s3.py
[2026-04-18T00:02:48.799+0000] {processor.py:925} INFO - DAG(s) 'raw_from_api_to_s3' retrieved from /opt/airflow/dags/raw_from_api_to_s3.py
[2026-04-18T00:02:48.807+0000] {logging_mixin.py:190} INFO - [2026-04-18T00:02:48.807+0000] {dag.py:3239} INFO - Sync 1 DAGs
[2026-04-18T00:02:48.816+0000] {logging_mixin.py:190} INFO - [2026-04-18T00:02:48.816+0000] {dag.py:4180} INFO - Setting next_dagrun for raw_from_api_to_s3 to 2026-04-18 00:00:00+00:00, run_after=2026-04-19 00:00:00+00:00
[2026-04-18T00:02:48.823+0000] {processor.py:208} INFO - Processing /opt/airflow/dags/raw_from_api_to_s3.py took 0.087 seconds
[2026-04-18T00:03:19.131+0000] {processor.py:186} INFO - Started process (PID=31922) to work on /opt/airflow/dags/raw_from_api_to_s3.py
[2026-04-18T00:03:19.132+0000] {processor.py:914} INFO - Processing file /opt/airflow/dags/raw_from_api_to_s3.py for tasks to queue
[2026-04-18T00:03:19.134+0000] {logging_mixin.py:190} INFO - [2026-04-18T00:03:19.134+0000] {dagbag.py:588} INFO - Filling up the DagBag from /opt/airflow/dags/raw_from_api_to_s3.py
[2026-04-18T00:03:19.190+0000] {processor.py:925} INFO - DAG(s) 'raw_from_api_to_s3' retrieved from /opt/airflow/dags/raw_from_api_to_s3.py
[2026-04-18T00:03:19.198+0000] {logging_mixin.py:190} INFO - [2026-04-18T00:03:19.198+0000] {dag.py:3239} INFO - Sync 1 DAGs
[2026-04-18T00:03:19.208+0000] {logging_mixin.py:190} INFO - [2026-04-18T00:03:19.208+0000] {dag.py:4180} INFO - Setting next_dagrun for raw_from_api_to_s3 to 2026-04-18 00:00:00+00:00, run_after=2026-04-19 00:00:00+00:00
[2026-04-18T00:03:19.215+0000] {processor.py:208} INFO - Processing /opt/airflow/dags/raw_from_api_to_s3.py took 0.092 seconds
[2026-04-18T00:03:49.473+0000] {processor.py:186} INFO - Started process (PID=31936) to work on /opt/airflow/dags/raw_from_api_to_s3.py
[2026-04-18T00:03:49.474+0000] {processor.py:914} INFO - Processing file /opt/airflow/dags/raw_from_api_to_s3.py for tasks to queue
[2026-04-18T00:03:49.477+0000] {logging_mixin.py:190} INFO - [2026-04-18T00:03:49.477+0000] {dagbag.py:588} INFO - Filling up the DagBag from /opt/airflow/dags/raw_from_api_to_s3.py
[2026-04-18T00:03:49.526+0000] {processor.py:925} INFO - DAG(s) 'raw_from_api_to_s3' retrieved from /opt/airflow/dags/raw_from_api_to_s3.py
[2026-04-18T00:03:49.533+0000] {logging_mixin.py:190} INFO - [2026-04-18T00:03:49.533+0000] {dag.py:3239} INFO - Sync 1 DAGs
[2026-04-18T00:03:49.543+0000] {logging_mixin.py:190} INFO - [2026-04-18T00:03:49.543+0000] {dag.py:4180} INFO - Setting next_dagrun for raw_from_api_to_s3 to 2026-04-18 00:00:00+00:00, run_after=2026-04-19 00:00:00+00:00
[2026-04-18T00:03:49.549+0000] {processor.py:208} INFO - Processing /opt/airflow/dags/raw_from_api_to_s3.py took 0.083 seconds
[2026-04-18T00:04:19.826+0000] {processor.py:186} INFO - Started process (PID=31949) to work on /opt/airflow/dags/raw_from_api_to_s3.py
[2026-04-18T00:04:19.827+0000] {processor.py:914} INFO - Processing file /opt/airflow/dags/raw_from_api_to_s3.py for tasks to queue
[2026-04-18T00:04:19.829+0000] {logging_mixin.py:190} INFO - [2026-04-18T00:04:19.829+0000] {dagbag.py:588} INFO - Filling up the DagBag from /opt/airflow/dags/raw_from_api_to_s3.py
[2026-04-18T00:04:19.877+0000] {processor.py:925} INFO - DAG(s) 'raw_from_api_to_s3' retrieved from /opt/airflow/dags/raw_from_api_to_s3.py
[2026-04-18T00:04:19.884+0000] {logging_mixin.py:190} INFO - [2026-04-18T00:04:19.884+0000] {dag.py:3239} INFO - Sync 1 DAGs
[2026-04-18T00:04:19.893+0000] {logging_mixin.py:190} INFO - [2026-04-18T00:04:19.893+0000] {dag.py:4180} INFO - Setting next_dagrun for raw_from_api_to_s3 to 2026-04-18 00:00:00+00:00, run_after=2026-04-19 00:00:00+00:00
[2026-04-18T00:04:19.899+0000] {processor.py:208} INFO - Processing /opt/airflow/dags/raw_from_api_to_s3.py took 0.079 seconds
[2026-04-18T00:04:50.211+0000] {processor.py:186} INFO - Started process (PID=31963) to work on /opt/airflow/dags/raw_from_api_to_s3.py
[2026-04-18T00:04:50.212+0000] {processor.py:914} INFO - Processing file /opt/airflow/dags/raw_from_api_to_s3.py for tasks to queue
[2026-04-18T00:04:50.216+0000] {logging_mixin.py:190} INFO - [2026-04-18T00:04:50.215+0000] {dagbag.py:588} INFO - Filling up the DagBag from /opt/airflow/dags/raw_from_api_to_s3.py
[2026-04-18T00:04:50.268+0000] {processor.py:925} INFO - DAG(s) 'raw_from_api_to_s3' retrieved from /opt/airflow/dags/raw_from_api_to_s3.py
[2026-04-18T00:04:50.275+0000] {logging_mixin.py:190} INFO - [2026-04-18T00:04:50.275+0000] {dag.py:3239} INFO - Sync 1 DAGs
[2026-04-18T00:04:50.285+0000] {logging_mixin.py:190} INFO - [2026-04-18T00:04:50.285+0000] {dag.py:4180} INFO - Setting next_dagrun for raw_from_api_to_s3 to 2026-04-18 00:00:00+00:00, run_after=2026-04-19 00:00:00+00:00
[2026-04-18T00:04:50.291+0000] {processor.py:208} INFO - Processing /opt/airflow/dags/raw_from_api_to_s3.py took 0.088 seconds
[2026-04-18T00:05:20.545+0000] {processor.py:186} INFO - Started process (PID=31977) to work on /opt/airflow/dags/raw_from_api_to_s3.py
[2026-04-18T00:05:20.546+0000] {processor.py:914} INFO - Processing file /opt/airflow/dags/raw_from_api_to_s3.py for tasks to queue
[2026-04-18T00:05:20.548+0000] {logging_mixin.py:190} INFO - [2026-04-18T00:05:20.548+0000] {dagbag.py:588} INFO - Filling up the DagBag from /opt/airflow/dags/raw_from_api_to_s3.py
[2026-04-18T00:05:20.598+0000] {processor.py:925} INFO - DAG(s) 'raw_from_api_to_s3' retrieved from /opt/airflow/dags/raw_from_api_to_s3.py
[2026-04-18T00:05:20.605+0000] {logging_mixin.py:190} INFO - [2026-04-18T00:05:20.605+0000] {dag.py:3239} INFO - Sync 1 DAGs
[2026-04-18T00:05:20.614+0000] {logging_mixin.py:190} INFO - [2026-04-18T00:05:20.613+0000] {dag.py:4180} INFO - Setting next_dagrun for raw_from_api_to_s3 to 2026-04-18 00:00:00+00:00, run_after=2026-04-19 00:00:00+00:00
[2026-04-18T00:05:20.621+0000] {processor.py:208} INFO - Processing /opt/airflow/dags/raw_from_api_to_s3.py took 0.083 seconds
[2026-04-18T00:05:50.935+0000] {processor.py:186} INFO - Started process (PID=31991) to work on /opt/airflow/dags/raw_from_api_to_s3.py
[2026-04-18T00:05:50.935+0000] {processor.py:914} INFO - Processing file /opt/airflow/dags/raw_from_api_to_s3.py for tasks to queue
[2026-04-18T00:05:50.937+0000] {logging_mixin.py:190} INFO - [2026-04-18T00:05:50.937+0000] {dagbag.py:588} INFO - Filling up the DagBag from /opt/airflow/dags/raw_from_api_to_s3.py
[2026-04-18T00:05:50.987+0000] {processor.py:925} INFO - DAG(s) 'raw_from_api_to_s3' retrieved from /opt/airflow/dags/raw_from_api_to_s3.py
[2026-04-18T00:05:50.997+0000] {logging_mixin.py:190} INFO - [2026-04-18T00:05:50.997+0000] {dag.py:3239} INFO - Sync 1 DAGs
[2026-04-18T00:05:51.009+0000] {logging_mixin.py:190} INFO - [2026-04-18T00:05:51.009+0000] {dag.py:4180} INFO - Setting next_dagrun for raw_from_api_to_s3 to 2026-04-18 00:00:00+00:00, run_after=2026-04-19 00:00:00+00:00
[2026-04-18T00:05:51.017+0000] {processor.py:208} INFO - Processing /opt/airflow/dags/raw_from_api_to_s3.py took 0.089 seconds
[2026-04-18T00:06:21.270+0000] {processor.py:186} INFO - Started process (PID=32005) to work on /opt/airflow/dags/raw_from_api_to_s3.py
[2026-04-18T00:06:21.271+0000] {processor.py:914} INFO - Processing file /opt/airflow/dags/raw_from_api_to_s3.py for tasks to queue
[2026-04-18T00:06:21.275+0000] {logging_mixin.py:190} INFO - [2026-04-18T00:06:21.275+0000] {dagbag.py:588} INFO - Filling up the DagBag from /opt/airflow/dags/raw_from_api_to_s3.py
[2026-04-18T00:06:21.333+0000] {processor.py:925} INFO - DAG(s) 'raw_from_api_to_s3' retrieved from /opt/airflow/dags/raw_from_api_to_s3.py
[2026-04-18T00:06:21.341+0000] {logging_mixin.py:190} INFO - [2026-04-18T00:06:21.341+0000] {dag.py:3239} INFO - Sync 1 DAGs
[2026-04-18T00:06:21.354+0000] {logging_mixin.py:190} INFO - [2026-04-18T00:06:21.354+0000] {dag.py:4180} INFO - Setting next_dagrun for raw_from_api_to_s3 to 2026-04-18 00:00:00+00:00, run_after=2026-04-19 00:00:00+00:00
[2026-04-18T00:06:21.363+0000] {processor.py:208} INFO - Processing /opt/airflow/dags/raw_from_api_to_s3.py took 0.101 seconds
[2026-04-18T00:06:51.678+0000] {processor.py:186} INFO - Started process (PID=32019) to work on /opt/airflow/dags/raw_from_api_to_s3.py
[2026-04-18T00:06:51.679+0000] {processor.py:914} INFO - Processing file /opt/airflow/dags/raw_from_api_to_s3.py for tasks to queue
[2026-04-18T00:06:51.682+0000] {logging_mixin.py:190} INFO - [2026-04-18T00:06:51.682+0000] {dagbag.py:588} INFO - Filling up the DagBag from /opt/airflow/dags/raw_from_api_to_s3.py
[2026-04-18T00:06:51.744+0000] {processor.py:925} INFO - DAG(s) 'raw_from_api_to_s3' retrieved from /opt/airflow/dags/raw_from_api_to_s3.py
[2026-04-18T00:06:51.752+0000] {logging_mixin.py:190} INFO - [2026-04-18T00:06:51.752+0000] {dag.py:3239} INFO - Sync 1 DAGs
[2026-04-18T00:06:51.762+0000] {logging_mixin.py:190} INFO - [2026-04-18T00:06:51.762+0000] {dag.py:4180} INFO - Setting next_dagrun for raw_from_api_to_s3 to 2026-04-18 00:00:00+00:00, run_after=2026-04-19 00:00:00+00:00
[2026-04-18T00:06:51.769+0000] {processor.py:208} INFO - Processing /opt/airflow/dags/raw_from_api_to_s3.py took 0.099 seconds
[2026-04-18T00:07:22.014+0000] {processor.py:186} INFO - Started process (PID=32033) to work on /opt/airflow/dags/raw_from_api_to_s3.py
[2026-04-18T00:07:22.016+0000] {processor.py:914} INFO - Processing file /opt/airflow/dags/raw_from_api_to_s3.py for tasks to queue
[2026-04-18T00:07:22.020+0000] {logging_mixin.py:190} INFO - [2026-04-18T00:07:22.019+0000] {dagbag.py:588} INFO - Filling up the DagBag from /opt/airflow/dags/raw_from_api_to_s3.py
[2026-04-18T00:07:22.096+0000] {processor.py:925} INFO - DAG(s) 'raw_from_api_to_s3' retrieved from /opt/airflow/dags/raw_from_api_to_s3.py
[2026-04-18T00:07:22.105+0000] {logging_mixin.py:190} INFO - [2026-04-18T00:07:22.105+0000] {dag.py:3239} INFO - Sync 1 DAGs
[2026-04-18T00:07:22.120+0000] {logging_mixin.py:190} INFO - [2026-04-18T00:07:22.120+0000] {dag.py:4180} INFO - Setting next_dagrun for raw_from_api_to_s3 to 2026-04-18 00:00:00+00:00, run_after=2026-04-19 00:00:00+00:00
[2026-04-18T00:07:22.128+0000] {processor.py:208} INFO - Processing /opt/airflow/dags/raw_from_api_to_s3.py took 0.123 seconds
[2026-04-18T00:07:52.371+0000] {processor.py:186} INFO - Started process (PID=32047) to work on /opt/airflow/dags/raw_from_api_to_s3.py
[2026-04-18T00:07:52.372+0000] {processor.py:914} INFO - Processing file /opt/airflow/dags/raw_from_api_to_s3.py for tasks to queue
[2026-04-18T00:07:52.376+0000] {logging_mixin.py:190} INFO - [2026-04-18T00:07:52.375+0000] {dagbag.py:588} INFO - Filling up the DagBag from /opt/airflow/dags/raw_from_api_to_s3.py
[2026-04-18T00:07:52.435+0000] {processor.py:925} INFO - DAG(s) 'raw_from_api_to_s3' retrieved from /opt/airflow/dags/raw_from_api_to_s3.py
[2026-04-18T00:07:52.444+0000] {logging_mixin.py:190} INFO - [2026-04-18T00:07:52.444+0000] {dag.py:3239} INFO - Sync 1 DAGs
[2026-04-18T00:07:52.454+0000] {logging_mixin.py:190} INFO - [2026-04-18T00:07:52.454+0000] {dag.py:4180} INFO - Setting next_dagrun for raw_from_api_to_s3 to 2026-04-18 00:00:00+00:00, run_after=2026-04-19 00:00:00+00:00
[2026-04-18T00:07:52.461+0000] {processor.py:208} INFO - Processing /opt/airflow/dags/raw_from_api_to_s3.py took 0.099 seconds
[2026-04-18T00:08:22.731+0000] {processor.py:186} INFO - Started process (PID=32061) to work on /opt/airflow/dags/raw_from_api_to_s3.py
[2026-04-18T00:08:22.732+0000] {processor.py:914} INFO - Processing file /opt/airflow/dags/raw_from_api_to_s3.py for tasks to queue
[2026-04-18T00:08:22.734+0000] {logging_mixin.py:190} INFO - [2026-04-18T00:08:22.734+0000] {dagbag.py:588} INFO - Filling up the DagBag from /opt/airflow/dags/raw_from_api_to_s3.py
[2026-04-18T00:08:22.784+0000] {processor.py:925} INFO - DAG(s) 'raw_from_api_to_s3' retrieved from /opt/airflow/dags/raw_from_api_to_s3.py
[2026-04-18T00:08:22.791+0000] {logging_mixin.py:190} INFO - [2026-04-18T00:08:22.791+0000] {dag.py:3239} INFO - Sync 1 DAGs
[2026-04-18T00:08:22.800+0000] {logging_mixin.py:190} INFO - [2026-04-18T00:08:22.800+0000] {dag.py:4180} INFO - Setting next_dagrun for raw_from_api_to_s3 to 2026-04-18 00:00:00+00:00, run_after=2026-04-19 00:00:00+00:00
[2026-04-18T00:08:22.807+0000] {processor.py:208} INFO - Processing /opt/airflow/dags/raw_from_api_to_s3.py took 0.082 seconds
[2026-04-18T00:08:53.093+0000] {processor.py:186} INFO - Started process (PID=32075) to work on /opt/airflow/dags/raw_from_api_to_s3.py
[2026-04-18T00:08:53.094+0000] {processor.py:914} INFO - Processing file /opt/airflow/dags/raw_from_api_to_s3.py for tasks to queue
[2026-04-18T00:08:53.097+0000] {logging_mixin.py:190} INFO - [2026-04-18T00:08:53.096+0000] {dagbag.py:588} INFO - Filling up the DagBag from /opt/airflow/dags/raw_from_api_to_s3.py
[2026-04-18T00:08:53.151+0000] {processor.py:925} INFO - DAG(s) 'raw_from_api_to_s3' retrieved from /opt/airflow/dags/raw_from_api_to_s3.py
[2026-04-18T00:08:53.159+0000] {logging_mixin.py:190} INFO - [2026-04-18T00:08:53.159+0000] {dag.py:3239} INFO - Sync 1 DAGs
[2026-04-18T00:08:53.170+0000] {logging_mixin.py:190} INFO - [2026-04-18T00:08:53.170+0000] {dag.py:4180} INFO - Setting next_dagrun for raw_from_api_to_s3 to 2026-04-18 00:00:00+00:00, run_after=2026-04-19 00:00:00+00:00
[2026-04-18T00:08:53.176+0000] {processor.py:208} INFO - Processing /opt/airflow/dags/raw_from_api_to_s3.py took 0.091 seconds
[2026-04-18T00:09:23.420+0000] {processor.py:186} INFO - Started process (PID=32089) to work on /opt/airflow/dags/raw_from_api_to_s3.py
[2026-04-18T00:09:23.420+0000] {processor.py:914} INFO - Processing file /opt/airflow/dags/raw_from_api_to_s3.py for tasks to queue
[2026-04-18T00:09:23.422+0000] {logging_mixin.py:190} INFO - [2026-04-18T00:09:23.422+0000] {dagbag.py:588} INFO - Filling up the DagBag from /opt/airflow/dags/raw_from_api_to_s3.py
[2026-04-18T00:09:23.460+0000] {processor.py:925} INFO - DAG(s) 'raw_from_api_to_s3' retrieved from /opt/airflow/dags/raw_from_api_to_s3.py
[2026-04-18T00:09:23.467+0000] {logging_mixin.py:190} INFO - [2026-04-18T00:09:23.467+0000] {dag.py:3239} INFO - Sync 1 DAGs
[2026-04-18T00:09:23.476+0000] {logging_mixin.py:190} INFO - [2026-04-18T00:09:23.476+0000] {dag.py:4180} INFO - Setting next_dagrun for raw_from_api_to_s3 to 2026-04-18 00:00:00+00:00, run_after=2026-04-19 00:00:00+00:00
[2026-04-18T00:09:23.483+0000] {processor.py:208} INFO - Processing /opt/airflow/dags/raw_from_api_to_s3.py took 0.067 seconds
[2026-04-18T00:09:53.826+0000] {processor.py:186} INFO - Started process (PID=32103) to work on /opt/airflow/dags/raw_from_api_to_s3.py
[2026-04-18T00:09:53.826+0000] {processor.py:914} INFO - Processing file /opt/airflow/dags/raw_from_api_to_s3.py for tasks to queue
[2026-04-18T00:09:53.829+0000] {logging_mixin.py:190} INFO - [2026-04-18T00:09:53.829+0000] {dagbag.py:588} INFO - Filling up the DagBag from /opt/airflow/dags/raw_from_api_to_s3.py
[2026-04-18T00:09:53.881+0000] {processor.py:925} INFO - DAG(s) 'raw_from_api_to_s3' retrieved from /opt/airflow/dags/raw_from_api_to_s3.py
[2026-04-18T00:09:53.889+0000] {logging_mixin.py:190} INFO - [2026-04-18T00:09:53.888+0000] {dag.py:3239} INFO - Sync 1 DAGs
[2026-04-18T00:09:53.898+0000] {logging_mixin.py:190} INFO - [2026-04-18T00:09:53.898+0000] {dag.py:4180} INFO - Setting next_dagrun for raw_from_api_to_s3 to 2026-04-18 00:00:00+00:00, run_after=2026-04-19 00:00:00+00:00
[2026-04-18T00:09:53.904+0000] {processor.py:208} INFO - Processing /opt/airflow/dags/raw_from_api_to_s3.py took 0.085 seconds
[2026-04-18T00:10:24.198+0000] {processor.py:186} INFO - Started process (PID=32117) to work on /opt/airflow/dags/raw_from_api_to_s3.py
[2026-04-18T00:10:24.199+0000] {processor.py:914} INFO - Processing file /opt/airflow/dags/raw_from_api_to_s3.py for tasks to queue
[2026-04-18T00:10:24.201+0000] {logging_mixin.py:190} INFO - [2026-04-18T00:10:24.201+0000] {dagbag.py:588} INFO - Filling up the DagBag from /opt/airflow/dags/raw_from_api_to_s3.py
[2026-04-18T00:10:24.252+0000] {processor.py:925} INFO - DAG(s) 'raw_from_api_to_s3' retrieved from /opt/airflow/dags/raw_from_api_to_s3.py
[2026-04-18T00:10:24.259+0000] {logging_mixin.py:190} INFO - [2026-04-18T00:10:24.259+0000] {dag.py:3239} INFO - Sync 1 DAGs
[2026-04-18T00:10:24.267+0000] {logging_mixin.py:190} INFO - [2026-04-18T00:10:24.267+0000] {dag.py:4180} INFO - Setting next_dagrun for raw_from_api_to_s3 to 2026-04-18 00:00:00+00:00, run_after=2026-04-19 00:00:00+00:00
[2026-04-18T00:10:24.274+0000] {processor.py:208} INFO - Processing /opt/airflow/dags/raw_from_api_to_s3.py took 0.082 seconds
[2026-04-18T00:10:54.558+0000] {processor.py:186} INFO - Started process (PID=32137) to work on /opt/airflow/dags/raw_from_api_to_s3.py
[2026-04-18T00:10:54.559+0000] {processor.py:914} INFO - Processing file /opt/airflow/dags/raw_from_api_to_s3.py for tasks to queue
[2026-04-18T00:10:54.562+0000] {logging_mixin.py:190} INFO - [2026-04-18T00:10:54.562+0000] {dagbag.py:588} INFO - Filling up the DagBag from /opt/airflow/dags/raw_from_api_to_s3.py
[2026-04-18T00:10:54.616+0000] {processor.py:925} INFO - DAG(s) 'raw_from_api_to_s3' retrieved from /opt/airflow/dags/raw_from_api_to_s3.py
[2026-04-18T00:10:54.623+0000] {logging_mixin.py:190} INFO - [2026-04-18T00:10:54.623+0000] {dag.py:3239} INFO - Sync 1 DAGs
[2026-04-18T00:10:54.633+0000] {logging_mixin.py:190} INFO - [2026-04-18T00:10:54.633+0000] {dag.py:4180} INFO - Setting next_dagrun for raw_from_api_to_s3 to 2026-04-18 00:00:00+00:00, run_after=2026-04-19 00:00:00+00:00
[2026-04-18T00:10:54.640+0000] {processor.py:208} INFO - Processing /opt/airflow/dags/raw_from_api_to_s3.py took 0.089 seconds
[2026-04-18T00:11:24.906+0000] {processor.py:186} INFO - Started process (PID=32151) to work on /opt/airflow/dags/raw_from_api_to_s3.py
[2026-04-18T00:11:24.906+0000] {processor.py:914} INFO - Processing file /opt/airflow/dags/raw_from_api_to_s3.py for tasks to queue
[2026-04-18T00:11:24.910+0000] {logging_mixin.py:190} INFO - [2026-04-18T00:11:24.910+0000] {dagbag.py:588} INFO - Filling up the DagBag from /opt/airflow/dags/raw_from_api_to_s3.py
[2026-04-18T00:11:24.968+0000] {processor.py:925} INFO - DAG(s) 'raw_from_api_to_s3' retrieved from /opt/airflow/dags/raw_from_api_to_s3.py
[2026-04-18T00:11:24.976+0000] {logging_mixin.py:190} INFO - [2026-04-18T00:11:24.976+0000] {dag.py:3239} INFO - Sync 1 DAGs
[2026-04-18T00:11:24.986+0000] {logging_mixin.py:190} INFO - [2026-04-18T00:11:24.986+0000] {dag.py:4180} INFO - Setting next_dagrun for raw_from_api_to_s3 to 2026-04-18 00:00:00+00:00, run_after=2026-04-19 00:00:00+00:00
[2026-04-18T00:11:24.993+0000] {processor.py:208} INFO - Processing /opt/airflow/dags/raw_from_api_to_s3.py took 0.095 seconds
[2026-04-18T00:11:55.243+0000] {processor.py:186} INFO - Started process (PID=32165) to work on /opt/airflow/dags/raw_from_api_to_s3.py
[2026-04-18T00:11:55.244+0000] {processor.py:914} INFO - Processing file /opt/airflow/dags/raw_from_api_to_s3.py for tasks to queue
[2026-04-18T00:11:55.247+0000] {logging_mixin.py:190} INFO - [2026-04-18T00:11:55.246+0000] {dagbag.py:588} INFO - Filling up the DagBag from /opt/airflow/dags/raw_from_api_to_s3.py
[2026-04-18T00:11:55.292+0000] {processor.py:925} INFO - DAG(s) 'raw_from_api_to_s3' retrieved from /opt/airflow/dags/raw_from_api_to_s3.py
[2026-04-18T00:11:55.299+0000] {logging_mixin.py:190} INFO - [2026-04-18T00:11:55.299+0000] {dag.py:3239} INFO - Sync 1 DAGs
[2026-04-18T00:11:55.309+0000] {logging_mixin.py:190} INFO - [2026-04-18T00:11:55.309+0000] {dag.py:4180} INFO - Setting next_dagrun for raw_from_api_to_s3 to 2026-04-18 00:00:00+00:00, run_after=2026-04-19 00:00:00+00:00
[2026-04-18T00:11:55.315+0000] {processor.py:208} INFO - Processing /opt/airflow/dags/raw_from_api_to_s3.py took 0.078 seconds
[2026-04-18T00:12:25.630+0000] {processor.py:186} INFO - Started process (PID=32179) to work on /opt/airflow/dags/raw_from_api_to_s3.py
[2026-04-18T00:12:25.631+0000] {processor.py:914} INFO - Processing file /opt/airflow/dags/raw_from_api_to_s3.py for tasks to queue
[2026-04-18T00:12:25.634+0000] {logging_mixin.py:190} INFO - [2026-04-18T00:12:25.633+0000] {dagbag.py:588} INFO - Filling up the DagBag from /opt/airflow/dags/raw_from_api_to_s3.py
[2026-04-18T00:12:25.687+0000] {processor.py:925} INFO - DAG(s) 'raw_from_api_to_s3' retrieved from /opt/airflow/dags/raw_from_api_to_s3.py
[2026-04-18T00:12:25.695+0000] {logging_mixin.py:190} INFO - [2026-04-18T00:12:25.695+0000] {dag.py:3239} INFO - Sync 1 DAGs
[2026-04-18T00:12:25.704+0000] {logging_mixin.py:190} INFO - [2026-04-18T00:12:25.704+0000] {dag.py:4180} INFO - Setting next_dagrun for raw_from_api_to_s3 to 2026-04-18 00:00:00+00:00, run_after=2026-04-19 00:00:00+00:00
[2026-04-18T00:12:25.711+0000] {processor.py:208} INFO - Processing /opt/airflow/dags/raw_from_api_to_s3.py took 0.088 seconds
[2026-04-18T00:12:56.044+0000] {processor.py:186} INFO - Started process (PID=32193) to work on /opt/airflow/dags/raw_from_api_to_s3.py
[2026-04-18T00:12:56.045+0000] {processor.py:914} INFO - Processing file /opt/airflow/dags/raw_from_api_to_s3.py for tasks to queue
[2026-04-18T00:12:56.048+0000] {logging_mixin.py:190} INFO - [2026-04-18T00:12:56.047+0000] {dagbag.py:588} INFO - Filling up the DagBag from /opt/airflow/dags/raw_from_api_to_s3.py
[2026-04-18T00:12:56.105+0000] {processor.py:925} INFO - DAG(s) 'raw_from_api_to_s3' retrieved from /opt/airflow/dags/raw_from_api_to_s3.py
[2026-04-18T00:12:56.112+0000] {logging_mixin.py:190} INFO - [2026-04-18T00:12:56.112+0000] {dag.py:3239} INFO - Sync 1 DAGs
[2026-04-18T00:12:56.123+0000] {logging_mixin.py:190} INFO - [2026-04-18T00:12:56.122+0000] {dag.py:4180} INFO - Setting next_dagrun for raw_from_api_to_s3 to 2026-04-18 00:00:00+00:00, run_after=2026-04-19 00:00:00+00:00
[2026-04-18T00:12:56.129+0000] {processor.py:208} INFO - Processing /opt/airflow/dags/raw_from_api_to_s3.py took 0.093 seconds
[2026-04-18T00:13:26.386+0000] {processor.py:186} INFO - Started process (PID=32207) to work on /opt/airflow/dags/raw_from_api_to_s3.py
[2026-04-18T00:13:26.387+0000] {processor.py:914} INFO - Processing file /opt/airflow/dags/raw_from_api_to_s3.py for tasks to queue
[2026-04-18T00:13:26.391+0000] {logging_mixin.py:190} INFO - [2026-04-18T00:13:26.390+0000] {dagbag.py:588} INFO - Filling up the DagBag from /opt/airflow/dags/raw_from_api_to_s3.py
[2026-04-18T00:13:26.445+0000] {processor.py:925} INFO - DAG(s) 'raw_from_api_to_s3' retrieved from /opt/airflow/dags/raw_from_api_to_s3.py
[2026-04-18T00:13:26.453+0000] {logging_mixin.py:190} INFO - [2026-04-18T00:13:26.453+0000] {dag.py:3239} INFO - Sync 1 DAGs
[2026-04-18T00:13:26.462+0000] {logging_mixin.py:190} INFO - [2026-04-18T00:13:26.462+0000] {dag.py:4180} INFO - Setting next_dagrun for raw_from_api_to_s3 to 2026-04-18 00:00:00+00:00, run_after=2026-04-19 00:00:00+00:00
[2026-04-18T00:13:26.469+0000] {processor.py:208} INFO - Processing /opt/airflow/dags/raw_from_api_to_s3.py took 0.090 seconds
[2026-04-18T00:13:56.721+0000] {processor.py:186} INFO - Started process (PID=32221) to work on /opt/airflow/dags/raw_from_api_to_s3.py
[2026-04-18T00:13:56.722+0000] {processor.py:914} INFO - Processing file /opt/airflow/dags/raw_from_api_to_s3.py for tasks to queue
[2026-04-18T00:13:56.725+0000] {logging_mixin.py:190} INFO - [2026-04-18T00:13:56.724+0000] {dagbag.py:588} INFO - Filling up the DagBag from /opt/airflow/dags/raw_from_api_to_s3.py
[2026-04-18T00:13:56.775+0000] {processor.py:925} INFO - DAG(s) 'raw_from_api_to_s3' retrieved from /opt/airflow/dags/raw_from_api_to_s3.py
[2026-04-18T00:13:56.782+0000] {logging_mixin.py:190} INFO - [2026-04-18T00:13:56.782+0000] {dag.py:3239} INFO - Sync 1 DAGs
[2026-04-18T00:13:56.792+0000] {logging_mixin.py:190} INFO - [2026-04-18T00:13:56.792+0000] {dag.py:4180} INFO - Setting next_dagrun for raw_from_api_to_s3 to 2026-04-18 00:00:00+00:00, run_after=2026-04-19 00:00:00+00:00
[2026-04-18T00:13:56.800+0000] {processor.py:208} INFO - Processing /opt/airflow/dags/raw_from_api_to_s3.py took 0.086 seconds
[2026-04-18T00:14:27.099+0000] {processor.py:186} INFO - Started process (PID=32235) to work on /opt/airflow/dags/raw_from_api_to_s3.py
[2026-04-18T00:14:27.099+0000] {processor.py:914} INFO - Processing file /opt/airflow/dags/raw_from_api_to_s3.py for tasks to queue
[2026-04-18T00:14:27.102+0000] {logging_mixin.py:190} INFO - [2026-04-18T00:14:27.102+0000] {dagbag.py:588} INFO - Filling up the DagBag from /opt/airflow/dags/raw_from_api_to_s3.py
[2026-04-18T00:14:27.148+0000] {processor.py:925} INFO - DAG(s) 'raw_from_api_to_s3' retrieved from /opt/airflow/dags/raw_from_api_to_s3.py
[2026-04-18T00:14:27.155+0000] {logging_mixin.py:190} INFO - [2026-04-18T00:14:27.155+0000] {dag.py:3239} INFO - Sync 1 DAGs
[2026-04-18T00:14:27.165+0000] {logging_mixin.py:190} INFO - [2026-04-18T00:14:27.165+0000] {dag.py:4180} INFO - Setting next_dagrun for raw_from_api_to_s3 to 2026-04-18 00:00:00+00:00, run_after=2026-04-19 00:00:00+00:00
[2026-04-18T00:14:27.171+0000] {processor.py:208} INFO - Processing /opt/airflow/dags/raw_from_api_to_s3.py took 0.078 seconds
[2026-04-18T00:14:57.460+0000] {processor.py:186} INFO - Started process (PID=32249) to work on /opt/airflow/dags/raw_from_api_to_s3.py
[2026-04-18T00:14:57.461+0000] {processor.py:914} INFO - Processing file /opt/airflow/dags/raw_from_api_to_s3.py for tasks to queue
[2026-04-18T00:14:57.464+0000] {logging_mixin.py:190} INFO - [2026-04-18T00:14:57.464+0000] {dagbag.py:588} INFO - Filling up the DagBag from /opt/airflow/dags/raw_from_api_to_s3.py
[2026-04-18T00:14:57.516+0000] {processor.py:925} INFO - DAG(s) 'raw_from_api_to_s3' retrieved from /opt/airflow/dags/raw_from_api_to_s3.py
[2026-04-18T00:14:57.523+0000] {logging_mixin.py:190} INFO - [2026-04-18T00:14:57.523+0000] {dag.py:3239} INFO - Sync 1 DAGs
[2026-04-18T00:14:57.534+0000] {logging_mixin.py:190} INFO - [2026-04-18T00:14:57.534+0000] {dag.py:4180} INFO - Setting next_dagrun for raw_from_api_to_s3 to 2026-04-18 00:00:00+00:00, run_after=2026-04-19 00:00:00+00:00
[2026-04-18T00:14:57.541+0000] {processor.py:208} INFO - Processing /opt/airflow/dags/raw_from_api_to_s3.py took 0.088 seconds
[2026-04-18T00:15:27.827+0000] {processor.py:186} INFO - Started process (PID=32263) to work on /opt/airflow/dags/raw_from_api_to_s3.py
[2026-04-18T00:15:27.828+0000] {processor.py:914} INFO - Processing file /opt/airflow/dags/raw_from_api_to_s3.py for tasks to queue
[2026-04-18T00:15:27.831+0000] {logging_mixin.py:190} INFO - [2026-04-18T00:15:27.831+0000] {dagbag.py:588} INFO - Filling up the DagBag from /opt/airflow/dags/raw_from_api_to_s3.py
[2026-04-18T00:15:27.883+0000] {processor.py:925} INFO - DAG(s) 'raw_from_api_to_s3' retrieved from /opt/airflow/dags/raw_from_api_to_s3.py
[2026-04-18T00:15:27.891+0000] {logging_mixin.py:190} INFO - [2026-04-18T00:15:27.891+0000] {dag.py:3239} INFO - Sync 1 DAGs
[2026-04-18T00:15:27.906+0000] {logging_mixin.py:190} INFO - [2026-04-18T00:15:27.906+0000] {dag.py:4180} INFO - Setting next_dagrun for raw_from_api_to_s3 to 2026-04-18 00:00:00+00:00, run_after=2026-04-19 00:00:00+00:00
[2026-04-18T00:15:27.914+0000] {processor.py:208} INFO - Processing /opt/airflow/dags/raw_from_api_to_s3.py took 0.094 seconds
[2026-04-18T00:15:58.195+0000] {processor.py:186} INFO - Started process (PID=32277) to work on /opt/airflow/dags/raw_from_api_to_s3.py
[2026-04-18T00:15:58.195+0000] {processor.py:914} INFO - Processing file /opt/airflow/dags/raw_from_api_to_s3.py for tasks to queue
[2026-04-18T00:15:58.197+0000] {logging_mixin.py:190} INFO - [2026-04-18T00:15:58.197+0000] {dagbag.py:588} INFO - Filling up the DagBag from /opt/airflow/dags/raw_from_api_to_s3.py
[2026-04-18T00:15:58.234+0000] {processor.py:925} INFO - DAG(s) 'raw_from_api_to_s3' retrieved from /opt/airflow/dags/raw_from_api_to_s3.py
[2026-04-18T00:15:58.240+0000] {logging_mixin.py:190} INFO - [2026-04-18T00:15:58.240+0000] {dag.py:3239} INFO - Sync 1 DAGs
[2026-04-18T00:15:58.249+0000] {logging_mixin.py:190} INFO - [2026-04-18T00:15:58.249+0000] {dag.py:4180} INFO - Setting next_dagrun for raw_from_api_to_s3 to 2026-04-18 00:00:00+00:00, run_after=2026-04-19 00:00:00+00:00
[2026-04-18T00:15:58.255+0000] {processor.py:208} INFO - Processing /opt/airflow/dags/raw_from_api_to_s3.py took 0.063 seconds
[2026-04-18T00:16:28.575+0000] {processor.py:186} INFO - Started process (PID=32291) to work on /opt/airflow/dags/raw_from_api_to_s3.py
[2026-04-18T00:16:28.576+0000] {processor.py:914} INFO - Processing file /opt/airflow/dags/raw_from_api_to_s3.py for tasks to queue
[2026-04-18T00:16:28.580+0000] {logging_mixin.py:190} INFO - [2026-04-18T00:16:28.579+0000] {dagbag.py:588} INFO - Filling up the DagBag from /opt/airflow/dags/raw_from_api_to_s3.py
[2026-04-18T00:16:28.644+0000] {processor.py:925} INFO - DAG(s) 'raw_from_api_to_s3' retrieved from /opt/airflow/dags/raw_from_api_to_s3.py
[2026-04-18T00:16:28.652+0000] {logging_mixin.py:190} INFO - [2026-04-18T00:16:28.652+0000] {dag.py:3239} INFO - Sync 1 DAGs
[2026-04-18T00:16:28.665+0000] {logging_mixin.py:190} INFO - [2026-04-18T00:16:28.665+0000] {dag.py:4180} INFO - Setting next_dagrun for raw_from_api_to_s3 to 2026-04-18 00:00:00+00:00, run_after=2026-04-19 00:00:00+00:00
[2026-04-18T00:16:28.673+0000] {processor.py:208} INFO - Processing /opt/airflow/dags/raw_from_api_to_s3.py took 0.109 seconds
[2026-04-18T00:16:58.966+0000] {processor.py:186} INFO - Started process (PID=32305) to work on /opt/airflow/dags/raw_from_api_to_s3.py
[2026-04-18T00:16:58.967+0000] {processor.py:914} INFO - Processing file /opt/airflow/dags/raw_from_api_to_s3.py for tasks to queue
[2026-04-18T00:16:58.969+0000] {logging_mixin.py:190} INFO - [2026-04-18T00:16:58.969+0000] {dagbag.py:588} INFO - Filling up the DagBag from /opt/airflow/dags/raw_from_api_to_s3.py
[2026-04-18T00:16:59.013+0000] {processor.py:925} INFO - DAG(s) 'raw_from_api_to_s3' retrieved from /opt/airflow/dags/raw_from_api_to_s3.py
[2026-04-18T00:16:59.021+0000] {logging_mixin.py:190} INFO - [2026-04-18T00:16:59.020+0000] {dag.py:3239} INFO - Sync 1 DAGs
[2026-04-18T00:16:59.030+0000] {logging_mixin.py:190} INFO - [2026-04-18T00:16:59.030+0000] {dag.py:4180} INFO - Setting next_dagrun for raw_from_api_to_s3 to 2026-04-18 00:00:00+00:00, run_after=2026-04-19 00:00:00+00:00
[2026-04-18T00:16:59.037+0000] {processor.py:208} INFO - Processing /opt/airflow/dags/raw_from_api_to_s3.py took 0.078 seconds
[2026-04-18T00:17:29.268+0000] {processor.py:186} INFO - Started process (PID=32319) to work on /opt/airflow/dags/raw_from_api_to_s3.py
[2026-04-18T00:17:29.268+0000] {processor.py:914} INFO - Processing file /opt/airflow/dags/raw_from_api_to_s3.py for tasks to queue
[2026-04-18T00:17:29.271+0000] {logging_mixin.py:190} INFO - [2026-04-18T00:17:29.271+0000] {dagbag.py:588} INFO - Filling up the DagBag from /opt/airflow/dags/raw_from_api_to_s3.py
[2026-04-18T00:17:29.322+0000] {processor.py:925} INFO - DAG(s) 'raw_from_api_to_s3' retrieved from /opt/airflow/dags/raw_from_api_to_s3.py
[2026-04-18T00:17:29.329+0000] {logging_mixin.py:190} INFO - [2026-04-18T00:17:29.329+0000] {dag.py:3239} INFO - Sync 1 DAGs
[2026-04-18T00:17:29.339+0000] {logging_mixin.py:190} INFO - [2026-04-18T00:17:29.339+0000] {dag.py:4180} INFO - Setting next_dagrun for raw_from_api_to_s3 to 2026-04-18 00:00:00+00:00, run_after=2026-04-19 00:00:00+00:00
[2026-04-18T00:17:29.346+0000] {processor.py:208} INFO - Processing /opt/airflow/dags/raw_from_api_to_s3.py took 0.085 seconds
[2026-04-18T00:17:59.575+0000] {processor.py:186} INFO - Started process (PID=32333) to work on /opt/airflow/dags/raw_from_api_to_s3.py
[2026-04-18T00:17:59.575+0000] {processor.py:914} INFO - Processing file /opt/airflow/dags/raw_from_api_to_s3.py for tasks to queue
[2026-04-18T00:17:59.578+0000] {logging_mixin.py:190} INFO - [2026-04-18T00:17:59.578+0000] {dagbag.py:588} INFO - Filling up the DagBag from /opt/airflow/dags/raw_from_api_to_s3.py
[2026-04-18T00:17:59.631+0000] {processor.py:925} INFO - DAG(s) 'raw_from_api_to_s3' retrieved from /opt/airflow/dags/raw_from_api_to_s3.py
[2026-04-18T00:17:59.639+0000] {logging_mixin.py:190} INFO - [2026-04-18T00:17:59.639+0000] {dag.py:3239} INFO - Sync 1 DAGs
[2026-04-18T00:17:59.648+0000] {logging_mixin.py:190} INFO - [2026-04-18T00:17:59.648+0000] {dag.py:4180} INFO - Setting next_dagrun for raw_from_api_to_s3 to 2026-04-18 00:00:00+00:00, run_after=2026-04-19 00:00:00+00:00
[2026-04-18T00:17:59.655+0000] {processor.py:208} INFO - Processing /opt/airflow/dags/raw_from_api_to_s3.py took 0.087 seconds
[2026-04-18T00:18:29.906+0000] {processor.py:186} INFO - Started process (PID=32347) to work on /opt/airflow/dags/raw_from_api_to_s3.py
[2026-04-18T00:18:29.907+0000] {processor.py:914} INFO - Processing file /opt/airflow/dags/raw_from_api_to_s3.py for tasks to queue
[2026-04-18T00:18:29.909+0000] {logging_mixin.py:190} INFO - [2026-04-18T00:18:29.909+0000] {dagbag.py:588} INFO - Filling up the DagBag from /opt/airflow/dags/raw_from_api_to_s3.py
[2026-04-18T00:18:29.956+0000] {processor.py:925} INFO - DAG(s) 'raw_from_api_to_s3' retrieved from /opt/airflow/dags/raw_from_api_to_s3.py
[2026-04-18T00:18:29.963+0000] {logging_mixin.py:190} INFO - [2026-04-18T00:18:29.963+0000] {dag.py:3239} INFO - Sync 1 DAGs
[2026-04-18T00:18:29.972+0000] {logging_mixin.py:190} INFO - [2026-04-18T00:18:29.972+0000] {dag.py:4180} INFO - Setting next_dagrun for raw_from_api_to_s3 to 2026-04-18 00:00:00+00:00, run_after=2026-04-19 00:00:00+00:00
[2026-04-18T00:18:29.979+0000] {processor.py:208} INFO - Processing /opt/airflow/dags/raw_from_api_to_s3.py took 0.080 seconds
[2026-04-18T00:19:00.247+0000] {processor.py:186} INFO - Started process (PID=32361) to work on /opt/airflow/dags/raw_from_api_to_s3.py
[2026-04-18T00:19:00.247+0000] {processor.py:914} INFO - Processing file /opt/airflow/dags/raw_from_api_to_s3.py for tasks to queue
[2026-04-18T00:19:00.251+0000] {logging_mixin.py:190} INFO - [2026-04-18T00:19:00.250+0000] {dagbag.py:588} INFO - Filling up the DagBag from /opt/airflow/dags/raw_from_api_to_s3.py
[2026-04-18T00:19:00.304+0000] {processor.py:925} INFO - DAG(s) 'raw_from_api_to_s3' retrieved from /opt/airflow/dags/raw_from_api_to_s3.py
[2026-04-18T00:19:00.311+0000] {logging_mixin.py:190} INFO - [2026-04-18T00:19:00.311+0000] {dag.py:3239} INFO - Sync 1 DAGs
[2026-04-18T00:19:00.320+0000] {logging_mixin.py:190} INFO - [2026-04-18T00:19:00.320+0000] {dag.py:4180} INFO - Setting next_dagrun for raw_from_api_to_s3 to 2026-04-18 00:00:00+00:00, run_after=2026-04-19 00:00:00+00:00
[2026-04-18T00:19:00.326+0000] {processor.py:208} INFO - Processing /opt/airflow/dags/raw_from_api_to_s3.py took 0.087 seconds
[2026-04-18T00:19:30.605+0000] {processor.py:186} INFO - Started process (PID=32375) to work on /opt/airflow/dags/raw_from_api_to_s3.py
[2026-04-18T00:19:30.606+0000] {processor.py:914} INFO - Processing file /opt/airflow/dags/raw_from_api_to_s3.py for tasks to queue
[2026-04-18T00:19:30.609+0000] {logging_mixin.py:190} INFO - [2026-04-18T00:19:30.609+0000] {dagbag.py:588} INFO - Filling up the DagBag from /opt/airflow/dags/raw_from_api_to_s3.py
[2026-04-18T00:19:30.663+0000] {processor.py:925} INFO - DAG(s) 'raw_from_api_to_s3' retrieved from /opt/airflow/dags/raw_from_api_to_s3.py
[2026-04-18T00:19:30.671+0000] {logging_mixin.py:190} INFO - [2026-04-18T00:19:30.671+0000] {dag.py:3239} INFO - Sync 1 DAGs
[2026-04-18T00:19:30.681+0000] {logging_mixin.py:190} INFO - [2026-04-18T00:19:30.681+0000] {dag.py:4180} INFO - Setting next_dagrun for raw_from_api_to_s3 to 2026-04-18 00:00:00+00:00, run_after=2026-04-19 00:00:00+00:00
[2026-04-18T00:19:30.688+0000] {processor.py:208} INFO - Processing /opt/airflow/dags/raw_from_api_to_s3.py took 0.090 seconds
[2026-04-18T00:20:00.990+0000] {processor.py:186} INFO - Started process (PID=32389) to work on /opt/airflow/dags/raw_from_api_to_s3.py
[2026-04-18T00:20:00.990+0000] {processor.py:914} INFO - Processing file /opt/airflow/dags/raw_from_api_to_s3.py for tasks to queue
[2026-04-18T00:20:00.992+0000] {logging_mixin.py:190} INFO - [2026-04-18T00:20:00.992+0000] {dagbag.py:588} INFO - Filling up the DagBag from /opt/airflow/dags/raw_from_api_to_s3.py
[2026-04-18T00:20:01.029+0000] {processor.py:925} INFO - DAG(s) 'raw_from_api_to_s3' retrieved from /opt/airflow/dags/raw_from_api_to_s3.py
[2026-04-18T00:20:01.037+0000] {logging_mixin.py:190} INFO - [2026-04-18T00:20:01.037+0000] {dag.py:3239} INFO - Sync 1 DAGs
[2026-04-18T00:20:01.047+0000] {logging_mixin.py:190} INFO - [2026-04-18T00:20:01.047+0000] {dag.py:4180} INFO - Setting next_dagrun for raw_from_api_to_s3 to 2026-04-18 00:00:00+00:00, run_after=2026-04-19 00:00:00+00:00
[2026-04-18T00:20:01.054+0000] {processor.py:208} INFO - Processing /opt/airflow/dags/raw_from_api_to_s3.py took 0.067 seconds
[2026-04-18T00:20:31.324+0000] {processor.py:186} INFO - Started process (PID=32403) to work on /opt/airflow/dags/raw_from_api_to_s3.py
[2026-04-18T00:20:31.325+0000] {processor.py:914} INFO - Processing file /opt/airflow/dags/raw_from_api_to_s3.py for tasks to queue
[2026-04-18T00:20:31.328+0000] {logging_mixin.py:190} INFO - [2026-04-18T00:20:31.327+0000] {dagbag.py:588} INFO - Filling up the DagBag from /opt/airflow/dags/raw_from_api_to_s3.py
[2026-04-18T00:20:31.376+0000] {processor.py:925} INFO - DAG(s) 'raw_from_api_to_s3' retrieved from /opt/airflow/dags/raw_from_api_to_s3.py
[2026-04-18T00:20:31.382+0000] {logging_mixin.py:190} INFO - [2026-04-18T00:20:31.382+0000] {dag.py:3239} INFO - Sync 1 DAGs
[2026-04-18T00:20:31.391+0000] {logging_mixin.py:190} INFO - [2026-04-18T00:20:31.391+0000] {dag.py:4180} INFO - Setting next_dagrun for raw_from_api_to_s3 to 2026-04-18 00:00:00+00:00, run_after=2026-04-19 00:00:00+00:00
[2026-04-18T00:20:31.398+0000] {processor.py:208} INFO - Processing /opt/airflow/dags/raw_from_api_to_s3.py took 0.080 seconds
[2026-04-18T00:21:01.702+0000] {processor.py:186} INFO - Started process (PID=32416) to work on /opt/airflow/dags/raw_from_api_to_s3.py
[2026-04-18T00:21:01.703+0000] {processor.py:914} INFO - Processing file /opt/airflow/dags/raw_from_api_to_s3.py for tasks to queue
[2026-04-18T00:21:01.706+0000] {logging_mixin.py:190} INFO - [2026-04-18T00:21:01.705+0000] {dagbag.py:588} INFO - Filling up the DagBag from /opt/airflow/dags/raw_from_api_to_s3.py
[2026-04-18T00:21:01.759+0000] {processor.py:925} INFO - DAG(s) 'raw_from_api_to_s3' retrieved from /opt/airflow/dags/raw_from_api_to_s3.py
[2026-04-18T00:21:01.766+0000] {logging_mixin.py:190} INFO - [2026-04-18T00:21:01.766+0000] {dag.py:3239} INFO - Sync 1 DAGs
[2026-04-18T00:21:01.776+0000] {logging_mixin.py:190} INFO - [2026-04-18T00:21:01.776+0000] {dag.py:4180} INFO - Setting next_dagrun for raw_from_api_to_s3 to 2026-04-18 00:00:00+00:00, run_after=2026-04-19 00:00:00+00:00
[2026-04-18T00:21:01.782+0000] {processor.py:208} INFO - Processing /opt/airflow/dags/raw_from_api_to_s3.py took 0.087 seconds
[2026-04-18T00:21:32.030+0000] {processor.py:186} INFO - Started process (PID=32430) to work on /opt/airflow/dags/raw_from_api_to_s3.py
[2026-04-18T00:21:32.031+0000] {processor.py:914} INFO - Processing file /opt/airflow/dags/raw_from_api_to_s3.py for tasks to queue
[2026-04-18T00:21:32.034+0000] {logging_mixin.py:190} INFO - [2026-04-18T00:21:32.034+0000] {dagbag.py:588} INFO - Filling up the DagBag from /opt/airflow/dags/raw_from_api_to_s3.py
[2026-04-18T00:21:32.088+0000] {processor.py:925} INFO - DAG(s) 'raw_from_api_to_s3' retrieved from /opt/airflow/dags/raw_from_api_to_s3.py
[2026-04-18T00:21:32.095+0000] {logging_mixin.py:190} INFO - [2026-04-18T00:21:32.095+0000] {dag.py:3239} INFO - Sync 1 DAGs
[2026-04-18T00:21:32.104+0000] {logging_mixin.py:190} INFO - [2026-04-18T00:21:32.104+0000] {dag.py:4180} INFO - Setting next_dagrun for raw_from_api_to_s3 to 2026-04-18 00:00:00+00:00, run_after=2026-04-19 00:00:00+00:00
[2026-04-18T00:21:32.111+0000] {processor.py:208} INFO - Processing /opt/airflow/dags/raw_from_api_to_s3.py took 0.089 seconds
[2026-04-18T00:22:02.332+0000] {processor.py:186} INFO - Started process (PID=32444) to work on /opt/airflow/dags/raw_from_api_to_s3.py
[2026-04-18T00:22:02.333+0000] {processor.py:914} INFO - Processing file /opt/airflow/dags/raw_from_api_to_s3.py for tasks to queue
[2026-04-18T00:22:02.334+0000] {logging_mixin.py:190} INFO - [2026-04-18T00:22:02.334+0000] {dagbag.py:588} INFO - Filling up the DagBag from /opt/airflow/dags/raw_from_api_to_s3.py
[2026-04-18T00:22:02.369+0000] {processor.py:925} INFO - DAG(s) 'raw_from_api_to_s3' retrieved from /opt/airflow/dags/raw_from_api_to_s3.py
[2026-04-18T00:22:02.376+0000] {logging_mixin.py:190} INFO - [2026-04-18T00:22:02.376+0000] {dag.py:3239} INFO - Sync 1 DAGs
[2026-04-18T00:22:02.385+0000] {logging_mixin.py:190} INFO - [2026-04-18T00:22:02.385+0000] {dag.py:4180} INFO - Setting next_dagrun for raw_from_api_to_s3 to 2026-04-18 00:00:00+00:00, run_after=2026-04-19 00:00:00+00:00
[2026-04-18T00:22:02.394+0000] {processor.py:208} INFO - Processing /opt/airflow/dags/raw_from_api_to_s3.py took 0.065 seconds
[2026-04-18T00:22:32.705+0000] {processor.py:186} INFO - Started process (PID=32458) to work on /opt/airflow/dags/raw_from_api_to_s3.py
[2026-04-18T00:22:32.707+0000] {processor.py:914} INFO - Processing file /opt/airflow/dags/raw_from_api_to_s3.py for tasks to queue
[2026-04-18T00:22:32.710+0000] {logging_mixin.py:190} INFO - [2026-04-18T00:22:32.710+0000] {dagbag.py:588} INFO - Filling up the DagBag from /opt/airflow/dags/raw_from_api_to_s3.py
[2026-04-18T00:22:32.770+0000] {processor.py:925} INFO - DAG(s) 'raw_from_api_to_s3' retrieved from /opt/airflow/dags/raw_from_api_to_s3.py
[2026-04-18T00:22:32.782+0000] {logging_mixin.py:190} INFO - [2026-04-18T00:22:32.782+0000] {dag.py:3239} INFO - Sync 1 DAGs
[2026-04-18T00:22:32.796+0000] {logging_mixin.py:190} INFO - [2026-04-18T00:22:32.796+0000] {dag.py:4180} INFO - Setting next_dagrun for raw_from_api_to_s3 to 2026-04-18 00:00:00+00:00, run_after=2026-04-19 00:00:00+00:00
[2026-04-18T00:22:32.803+0000] {processor.py:208} INFO - Processing /opt/airflow/dags/raw_from_api_to_s3.py took 0.106 seconds
[2026-04-18T00:23:03.063+0000] {processor.py:186} INFO - Started process (PID=32472) to work on /opt/airflow/dags/raw_from_api_to_s3.py
[2026-04-18T00:23:03.065+0000] {processor.py:914} INFO - Processing file /opt/airflow/dags/raw_from_api_to_s3.py for tasks to queue
[2026-04-18T00:23:03.068+0000] {logging_mixin.py:190} INFO - [2026-04-18T00:23:03.067+0000] {dagbag.py:588} INFO - Filling up the DagBag from /opt/airflow/dags/raw_from_api_to_s3.py
[2026-04-18T00:23:03.128+0000] {processor.py:925} INFO - DAG(s) 'raw_from_api_to_s3' retrieved from /opt/airflow/dags/raw_from_api_to_s3.py
[2026-04-18T00:23:03.140+0000] {logging_mixin.py:190} INFO - [2026-04-18T00:23:03.140+0000] {dag.py:3239} INFO - Sync 1 DAGs
[2026-04-18T00:23:03.152+0000] {logging_mixin.py:190} INFO - [2026-04-18T00:23:03.152+0000] {dag.py:4180} INFO - Setting next_dagrun for raw_from_api_to_s3 to 2026-04-18 00:00:00+00:00, run_after=2026-04-19 00:00:00+00:00
[2026-04-18T00:23:03.160+0000] {processor.py:208} INFO - Processing /opt/airflow/dags/raw_from_api_to_s3.py took 0.113 seconds
[2026-04-18T00:23:33.484+0000] {processor.py:186} INFO - Started process (PID=32486) to work on /opt/airflow/dags/raw_from_api_to_s3.py
[2026-04-18T00:23:33.485+0000] {processor.py:914} INFO - Processing file /opt/airflow/dags/raw_from_api_to_s3.py for tasks to queue
[2026-04-18T00:23:33.488+0000] {logging_mixin.py:190} INFO - [2026-04-18T00:23:33.488+0000] {dagbag.py:588} INFO - Filling up the DagBag from /opt/airflow/dags/raw_from_api_to_s3.py
[2026-04-18T00:23:33.546+0000] {processor.py:925} INFO - DAG(s) 'raw_from_api_to_s3' retrieved from /opt/airflow/dags/raw_from_api_to_s3.py
[2026-04-18T00:23:33.554+0000] {logging_mixin.py:190} INFO - [2026-04-18T00:23:33.554+0000] {dag.py:3239} INFO - Sync 1 DAGs
[2026-04-18T00:23:33.565+0000] {logging_mixin.py:190} INFO - [2026-04-18T00:23:33.565+0000] {dag.py:4180} INFO - Setting next_dagrun for raw_from_api_to_s3 to 2026-04-18 00:00:00+00:00, run_after=2026-04-19 00:00:00+00:00
[2026-04-18T00:23:33.572+0000] {processor.py:208} INFO - Processing /opt/airflow/dags/raw_from_api_to_s3.py took 0.096 seconds
[2026-04-18T00:24:03.836+0000] {processor.py:186} INFO - Started process (PID=32500) to work on /opt/airflow/dags/raw_from_api_to_s3.py
[2026-04-18T00:24:03.837+0000] {processor.py:914} INFO - Processing file /opt/airflow/dags/raw_from_api_to_s3.py for tasks to queue
[2026-04-18T00:24:03.840+0000] {logging_mixin.py:190} INFO - [2026-04-18T00:24:03.839+0000] {dagbag.py:588} INFO - Filling up the DagBag from /opt/airflow/dags/raw_from_api_to_s3.py
[2026-04-18T00:24:03.887+0000] {processor.py:925} INFO - DAG(s) 'raw_from_api_to_s3' retrieved from /opt/airflow/dags/raw_from_api_to_s3.py
[2026-04-18T00:24:03.894+0000] {logging_mixin.py:190} INFO - [2026-04-18T00:24:03.894+0000] {dag.py:3239} INFO - Sync 1 DAGs
[2026-04-18T00:24:03.904+0000] {logging_mixin.py:190} INFO - [2026-04-18T00:24:03.904+0000] {dag.py:4180} INFO - Setting next_dagrun for raw_from_api_to_s3 to 2026-04-18 00:00:00+00:00, run_after=2026-04-19 00:00:00+00:00
[2026-04-18T00:24:03.911+0000] {processor.py:208} INFO - Processing /opt/airflow/dags/raw_from_api_to_s3.py took 0.081 seconds
[2026-04-18T00:24:34.169+0000] {processor.py:186} INFO - Started process (PID=32514) to work on /opt/airflow/dags/raw_from_api_to_s3.py
[2026-04-18T00:24:34.170+0000] {processor.py:914} INFO - Processing file /opt/airflow/dags/raw_from_api_to_s3.py for tasks to queue
[2026-04-18T00:24:34.174+0000] {logging_mixin.py:190} INFO - [2026-04-18T00:24:34.173+0000] {dagbag.py:588} INFO - Filling up the DagBag from /opt/airflow/dags/raw_from_api_to_s3.py
[2026-04-18T00:24:34.226+0000] {processor.py:925} INFO - DAG(s) 'raw_from_api_to_s3' retrieved from /opt/airflow/dags/raw_from_api_to_s3.py
[2026-04-18T00:24:34.233+0000] {logging_mixin.py:190} INFO - [2026-04-18T00:24:34.233+0000] {dag.py:3239} INFO - Sync 1 DAGs
[2026-04-18T00:24:34.242+0000] {logging_mixin.py:190} INFO - [2026-04-18T00:24:34.242+0000] {dag.py:4180} INFO - Setting next_dagrun for raw_from_api_to_s3 to 2026-04-18 00:00:00+00:00, run_after=2026-04-19 00:00:00+00:00
[2026-04-18T00:24:34.248+0000] {processor.py:208} INFO - Processing /opt/airflow/dags/raw_from_api_to_s3.py took 0.087 seconds
[2026-04-18T00:25:04.555+0000] {processor.py:186} INFO - Started process (PID=32528) to work on /opt/airflow/dags/raw_from_api_to_s3.py
[2026-04-18T00:25:04.556+0000] {processor.py:914} INFO - Processing file /opt/airflow/dags/raw_from_api_to_s3.py for tasks to queue
[2026-04-18T00:25:04.559+0000] {logging_mixin.py:190} INFO - [2026-04-18T00:25:04.559+0000] {dagbag.py:588} INFO - Filling up the DagBag from /opt/airflow/dags/raw_from_api_to_s3.py
[2026-04-18T00:25:04.625+0000] {processor.py:925} INFO - DAG(s) 'raw_from_api_to_s3' retrieved from /opt/airflow/dags/raw_from_api_to_s3.py
[2026-04-18T00:25:04.634+0000] {logging_mixin.py:190} INFO - [2026-04-18T00:25:04.633+0000] {dag.py:3239} INFO - Sync 1 DAGs
[2026-04-18T00:25:04.645+0000] {logging_mixin.py:190} INFO - [2026-04-18T00:25:04.645+0000] {dag.py:4180} INFO - Setting next_dagrun for raw_from_api_to_s3 to 2026-04-18 00:00:00+00:00, run_after=2026-04-19 00:00:00+00:00
[2026-04-18T00:25:04.652+0000] {processor.py:208} INFO - Processing /opt/airflow/dags/raw_from_api_to_s3.py took 0.105 seconds
[2026-04-18T00:25:34.895+0000] {processor.py:186} INFO - Started process (PID=32542) to work on /opt/airflow/dags/raw_from_api_to_s3.py
[2026-04-18T00:25:34.896+0000] {processor.py:914} INFO - Processing file /opt/airflow/dags/raw_from_api_to_s3.py for tasks to queue
[2026-04-18T00:25:34.899+0000] {logging_mixin.py:190} INFO - [2026-04-18T00:25:34.899+0000] {dagbag.py:588} INFO - Filling up the DagBag from /opt/airflow/dags/raw_from_api_to_s3.py
[2026-04-18T00:25:34.955+0000] {processor.py:925} INFO - DAG(s) 'raw_from_api_to_s3' retrieved from /opt/airflow/dags/raw_from_api_to_s3.py
[2026-04-18T00:25:34.962+0000] {logging_mixin.py:190} INFO - [2026-04-18T00:25:34.962+0000] {dag.py:3239} INFO - Sync 1 DAGs
[2026-04-18T00:25:34.973+0000] {logging_mixin.py:190} INFO - [2026-04-18T00:25:34.973+0000] {dag.py:4180} INFO - Setting next_dagrun for raw_from_api_to_s3 to 2026-04-18 00:00:00+00:00, run_after=2026-04-19 00:00:00+00:00
[2026-04-18T00:25:34.980+0000] {processor.py:208} INFO - Processing /opt/airflow/dags/raw_from_api_to_s3.py took 0.092 seconds
[2026-04-18T00:26:05.259+0000] {processor.py:186} INFO - Started process (PID=32556) to work on /opt/airflow/dags/raw_from_api_to_s3.py
[2026-04-18T00:26:05.260+0000] {processor.py:914} INFO - Processing file /opt/airflow/dags/raw_from_api_to_s3.py for tasks to queue
[2026-04-18T00:26:05.262+0000] {logging_mixin.py:190} INFO - [2026-04-18T00:26:05.262+0000] {dagbag.py:588} INFO - Filling up the DagBag from /opt/airflow/dags/raw_from_api_to_s3.py
[2026-04-18T00:26:05.314+0000] {processor.py:925} INFO - DAG(s) 'raw_from_api_to_s3' retrieved from /opt/airflow/dags/raw_from_api_to_s3.py
[2026-04-18T00:26:05.322+0000] {logging_mixin.py:190} INFO - [2026-04-18T00:26:05.321+0000] {dag.py:3239} INFO - Sync 1 DAGs
[2026-04-18T00:26:05.331+0000] {logging_mixin.py:190} INFO - [2026-04-18T00:26:05.331+0000] {dag.py:4180} INFO - Setting next_dagrun for raw_from_api_to_s3 to 2026-04-18 00:00:00+00:00, run_after=2026-04-19 00:00:00+00:00
[2026-04-18T00:26:05.338+0000] {processor.py:208} INFO - Processing /opt/airflow/dags/raw_from_api_to_s3.py took 0.086 seconds
[2026-04-18T00:26:35.650+0000] {processor.py:186} INFO - Started process (PID=32570) to work on /opt/airflow/dags/raw_from_api_to_s3.py
[2026-04-18T00:26:35.651+0000] {processor.py:914} INFO - Processing file /opt/airflow/dags/raw_from_api_to_s3.py for tasks to queue
[2026-04-18T00:26:35.654+0000] {logging_mixin.py:190} INFO - [2026-04-18T00:26:35.654+0000] {dagbag.py:588} INFO - Filling up the DagBag from /opt/airflow/dags/raw_from_api_to_s3.py
[2026-04-18T00:26:35.706+0000] {processor.py:925} INFO - DAG(s) 'raw_from_api_to_s3' retrieved from /opt/airflow/dags/raw_from_api_to_s3.py
[2026-04-18T00:26:35.713+0000] {logging_mixin.py:190} INFO - [2026-04-18T00:26:35.713+0000] {dag.py:3239} INFO - Sync 1 DAGs
[2026-04-18T00:26:35.722+0000] {logging_mixin.py:190} INFO - [2026-04-18T00:26:35.722+0000] {dag.py:4180} INFO - Setting next_dagrun for raw_from_api_to_s3 to 2026-04-18 00:00:00+00:00, run_after=2026-04-19 00:00:00+00:00
[2026-04-18T00:26:35.729+0000] {processor.py:208} INFO - Processing /opt/airflow/dags/raw_from_api_to_s3.py took 0.085 seconds
[2026-04-18T00:27:06.032+0000] {processor.py:186} INFO - Started process (PID=32584) to work on /opt/airflow/dags/raw_from_api_to_s3.py
[2026-04-18T00:27:06.033+0000] {processor.py:914} INFO - Processing file /opt/airflow/dags/raw_from_api_to_s3.py for tasks to queue
[2026-04-18T00:27:06.036+0000] {logging_mixin.py:190} INFO - [2026-04-18T00:27:06.035+0000] {dagbag.py:588} INFO - Filling up the DagBag from /opt/airflow/dags/raw_from_api_to_s3.py
[2026-04-18T00:27:06.095+0000] {processor.py:925} INFO - DAG(s) 'raw_from_api_to_s3' retrieved from /opt/airflow/dags/raw_from_api_to_s3.py
[2026-04-18T00:27:06.103+0000] {logging_mixin.py:190} INFO - [2026-04-18T00:27:06.103+0000] {dag.py:3239} INFO - Sync 1 DAGs
[2026-04-18T00:27:06.113+0000] {logging_mixin.py:190} INFO - [2026-04-18T00:27:06.113+0000] {dag.py:4180} INFO - Setting next_dagrun for raw_from_api_to_s3 to 2026-04-18 00:00:00+00:00, run_after=2026-04-19 00:00:00+00:00
[2026-04-18T00:27:06.120+0000] {processor.py:208} INFO - Processing /opt/airflow/dags/raw_from_api_to_s3.py took 0.096 seconds
[2026-04-18T00:27:36.443+0000] {processor.py:186} INFO - Started process (PID=32598) to work on /opt/airflow/dags/raw_from_api_to_s3.py
[2026-04-18T00:27:36.445+0000] {processor.py:914} INFO - Processing file /opt/airflow/dags/raw_from_api_to_s3.py for tasks to queue
[2026-04-18T00:27:36.447+0000] {logging_mixin.py:190} INFO - [2026-04-18T00:27:36.447+0000] {dagbag.py:588} INFO - Filling up the DagBag from /opt/airflow/dags/raw_from_api_to_s3.py
[2026-04-18T00:27:36.498+0000] {processor.py:925} INFO - DAG(s) 'raw_from_api_to_s3' retrieved from /opt/airflow/dags/raw_from_api_to_s3.py
[2026-04-18T00:27:36.505+0000] {logging_mixin.py:190} INFO - [2026-04-18T00:27:36.505+0000] {dag.py:3239} INFO - Sync 1 DAGs
[2026-04-18T00:27:36.515+0000] {logging_mixin.py:190} INFO - [2026-04-18T00:27:36.514+0000] {dag.py:4180} INFO - Setting next_dagrun for raw_from_api_to_s3 to 2026-04-18 00:00:00+00:00, run_after=2026-04-19 00:00:00+00:00
[2026-04-18T00:27:36.522+0000] {processor.py:208} INFO - Processing /opt/airflow/dags/raw_from_api_to_s3.py took 0.086 seconds
[2026-04-18T00:28:06.818+0000] {processor.py:186} INFO - Started process (PID=32612) to work on /opt/airflow/dags/raw_from_api_to_s3.py
[2026-04-18T00:28:06.819+0000] {processor.py:914} INFO - Processing file /opt/airflow/dags/raw_from_api_to_s3.py for tasks to queue
[2026-04-18T00:28:06.822+0000] {logging_mixin.py:190} INFO - [2026-04-18T00:28:06.821+0000] {dagbag.py:588} INFO - Filling up the DagBag from /opt/airflow/dags/raw_from_api_to_s3.py
[2026-04-18T00:28:06.879+0000] {processor.py:925} INFO - DAG(s) 'raw_from_api_to_s3' retrieved from /opt/airflow/dags/raw_from_api_to_s3.py
[2026-04-18T00:28:06.889+0000] {logging_mixin.py:190} INFO - [2026-04-18T00:28:06.889+0000] {dag.py:3239} INFO - Sync 1 DAGs
[2026-04-18T00:28:06.902+0000] {logging_mixin.py:190} INFO - [2026-04-18T00:28:06.902+0000] {dag.py:4180} INFO - Setting next_dagrun for raw_from_api_to_s3 to 2026-04-18 00:00:00+00:00, run_after=2026-04-19 00:00:00+00:00
[2026-04-18T00:28:06.909+0000] {processor.py:208} INFO - Processing /opt/airflow/dags/raw_from_api_to_s3.py took 0.101 seconds
[2026-04-18T00:28:37.131+0000] {processor.py:186} INFO - Started process (PID=32626) to work on /opt/airflow/dags/raw_from_api_to_s3.py
[2026-04-18T00:28:37.133+0000] {processor.py:914} INFO - Processing file /opt/airflow/dags/raw_from_api_to_s3.py for tasks to queue
[2026-04-18T00:28:37.136+0000] {logging_mixin.py:190} INFO - [2026-04-18T00:28:37.136+0000] {dagbag.py:588} INFO - Filling up the DagBag from /opt/airflow/dags/raw_from_api_to_s3.py
[2026-04-18T00:28:37.203+0000] {processor.py:925} INFO - DAG(s) 'raw_from_api_to_s3' retrieved from /opt/airflow/dags/raw_from_api_to_s3.py
[2026-04-18T00:28:37.212+0000] {logging_mixin.py:190} INFO - [2026-04-18T00:28:37.212+0000] {dag.py:3239} INFO - Sync 1 DAGs
[2026-04-18T00:28:37.223+0000] {logging_mixin.py:190} INFO - [2026-04-18T00:28:37.223+0000] {dag.py:4180} INFO - Setting next_dagrun for raw_from_api_to_s3 to 2026-04-18 00:00:00+00:00, run_after=2026-04-19 00:00:00+00:00
[2026-04-18T00:28:37.231+0000] {processor.py:208} INFO - Processing /opt/airflow/dags/raw_from_api_to_s3.py took 0.110 seconds
[2026-04-18T00:29:07.587+0000] {processor.py:186} INFO - Started process (PID=32640) to work on /opt/airflow/dags/raw_from_api_to_s3.py
[2026-04-18T00:29:07.588+0000] {processor.py:914} INFO - Processing file /opt/airflow/dags/raw_from_api_to_s3.py for tasks to queue
[2026-04-18T00:29:07.591+0000] {logging_mixin.py:190} INFO - [2026-04-18T00:29:07.590+0000] {dagbag.py:588} INFO - Filling up the DagBag from /opt/airflow/dags/raw_from_api_to_s3.py
[2026-04-18T00:29:07.641+0000] {processor.py:925} INFO - DAG(s) 'raw_from_api_to_s3' retrieved from /opt/airflow/dags/raw_from_api_to_s3.py
[2026-04-18T00:29:07.649+0000] {logging_mixin.py:190} INFO - [2026-04-18T00:29:07.649+0000] {dag.py:3239} INFO - Sync 1 DAGs
[2026-04-18T00:29:07.659+0000] {logging_mixin.py:190} INFO - [2026-04-18T00:29:07.659+0000] {dag.py:4180} INFO - Setting next_dagrun for raw_from_api_to_s3 to 2026-04-18 00:00:00+00:00, run_after=2026-04-19 00:00:00+00:00
[2026-04-18T00:29:07.666+0000] {processor.py:208} INFO - Processing /opt/airflow/dags/raw_from_api_to_s3.py took 0.085 seconds
[2026-04-18T00:29:37.995+0000] {processor.py:186} INFO - Started process (PID=32654) to work on /opt/airflow/dags/raw_from_api_to_s3.py
[2026-04-18T00:29:37.996+0000] {processor.py:914} INFO - Processing file /opt/airflow/dags/raw_from_api_to_s3.py for tasks to queue
[2026-04-18T00:29:37.999+0000] {logging_mixin.py:190} INFO - [2026-04-18T00:29:37.999+0000] {dagbag.py:588} INFO - Filling up the DagBag from /opt/airflow/dags/raw_from_api_to_s3.py
[2026-04-18T00:29:38.062+0000] {processor.py:925} INFO - DAG(s) 'raw_from_api_to_s3' retrieved from /opt/airflow/dags/raw_from_api_to_s3.py
[2026-04-18T00:29:38.071+0000] {logging_mixin.py:190} INFO - [2026-04-18T00:29:38.071+0000] {dag.py:3239} INFO - Sync 1 DAGs
[2026-04-18T00:29:38.082+0000] {logging_mixin.py:190} INFO - [2026-04-18T00:29:38.082+0000] {dag.py:4180} INFO - Setting next_dagrun for raw_from_api_to_s3 to 2026-04-18 00:00:00+00:00, run_after=2026-04-19 00:00:00+00:00
[2026-04-18T00:29:38.089+0000] {processor.py:208} INFO - Processing /opt/airflow/dags/raw_from_api_to_s3.py took 0.101 seconds
[2026-04-18T00:30:08.343+0000] {processor.py:186} INFO - Started process (PID=32668) to work on /opt/airflow/dags/raw_from_api_to_s3.py
[2026-04-18T00:30:08.344+0000] {processor.py:914} INFO - Processing file /opt/airflow/dags/raw_from_api_to_s3.py for tasks to queue
[2026-04-18T00:30:08.347+0000] {logging_mixin.py:190} INFO - [2026-04-18T00:30:08.347+0000] {dagbag.py:588} INFO - Filling up the DagBag from /opt/airflow/dags/raw_from_api_to_s3.py
[2026-04-18T00:30:08.399+0000] {processor.py:925} INFO - DAG(s) 'raw_from_api_to_s3' retrieved from /opt/airflow/dags/raw_from_api_to_s3.py
[2026-04-18T00:30:08.407+0000] {logging_mixin.py:190} INFO - [2026-04-18T00:30:08.407+0000] {dag.py:3239} INFO - Sync 1 DAGs
[2026-04-18T00:30:08.417+0000] {logging_mixin.py:190} INFO - [2026-04-18T00:30:08.417+0000] {dag.py:4180} INFO - Setting next_dagrun for raw_from_api_to_s3 to 2026-04-18 00:00:00+00:00, run_after=2026-04-19 00:00:00+00:00
[2026-04-18T00:30:08.424+0000] {processor.py:208} INFO - Processing /opt/airflow/dags/raw_from_api_to_s3.py took 0.089 seconds
[2026-04-18T00:30:38.703+0000] {processor.py:186} INFO - Started process (PID=32682) to work on /opt/airflow/dags/raw_from_api_to_s3.py
[2026-04-18T00:30:38.704+0000] {processor.py:914} INFO - Processing file /opt/airflow/dags/raw_from_api_to_s3.py for tasks to queue
[2026-04-18T00:30:38.707+0000] {logging_mixin.py:190} INFO - [2026-04-18T00:30:38.707+0000] {dagbag.py:588} INFO - Filling up the DagBag from /opt/airflow/dags/raw_from_api_to_s3.py
[2026-04-18T00:30:38.755+0000] {processor.py:925} INFO - DAG(s) 'raw_from_api_to_s3' retrieved from /opt/airflow/dags/raw_from_api_to_s3.py
[2026-04-18T00:30:38.763+0000] {logging_mixin.py:190} INFO - [2026-04-18T00:30:38.763+0000] {dag.py:3239} INFO - Sync 1 DAGs
[2026-04-18T00:30:38.773+0000] {logging_mixin.py:190} INFO - [2026-04-18T00:30:38.773+0000] {dag.py:4180} INFO - Setting next_dagrun for raw_from_api_to_s3 to 2026-04-18 00:00:00+00:00, run_after=2026-04-19 00:00:00+00:00
[2026-04-18T00:30:38.780+0000] {processor.py:208} INFO - Processing /opt/airflow/dags/raw_from_api_to_s3.py took 0.085 seconds
[2026-04-18T00:31:09.052+0000] {processor.py:186} INFO - Started process (PID=32695) to work on /opt/airflow/dags/raw_from_api_to_s3.py
[2026-04-18T00:31:09.053+0000] {processor.py:914} INFO - Processing file /opt/airflow/dags/raw_from_api_to_s3.py for tasks to queue
[2026-04-18T00:31:09.056+0000] {logging_mixin.py:190} INFO - [2026-04-18T00:31:09.055+0000] {dagbag.py:588} INFO - Filling up the DagBag from /opt/airflow/dags/raw_from_api_to_s3.py
[2026-04-18T00:31:09.114+0000] {processor.py:925} INFO - DAG(s) 'raw_from_api_to_s3' retrieved from /opt/airflow/dags/raw_from_api_to_s3.py
[2026-04-18T00:31:09.122+0000] {logging_mixin.py:190} INFO - [2026-04-18T00:31:09.122+0000] {dag.py:3239} INFO - Sync 1 DAGs
[2026-04-18T00:31:09.134+0000] {logging_mixin.py:190} INFO - [2026-04-18T00:31:09.134+0000] {dag.py:4180} INFO - Setting next_dagrun for raw_from_api_to_s3 to 2026-04-18 00:00:00+00:00, run_after=2026-04-19 00:00:00+00:00
[2026-04-18T00:31:09.141+0000] {processor.py:208} INFO - Processing /opt/airflow/dags/raw_from_api_to_s3.py took 0.097 seconds
[2026-04-18T00:31:39.446+0000] {processor.py:186} INFO - Started process (PID=32709) to work on /opt/airflow/dags/raw_from_api_to_s3.py
[2026-04-18T00:31:39.446+0000] {processor.py:914} INFO - Processing file /opt/airflow/dags/raw_from_api_to_s3.py for tasks to queue
[2026-04-18T00:31:39.449+0000] {logging_mixin.py:190} INFO - [2026-04-18T00:31:39.449+0000] {dagbag.py:588} INFO - Filling up the DagBag from /opt/airflow/dags/raw_from_api_to_s3.py
[2026-04-18T00:31:39.503+0000] {processor.py:925} INFO - DAG(s) 'raw_from_api_to_s3' retrieved from /opt/airflow/dags/raw_from_api_to_s3.py
[2026-04-18T00:31:39.510+0000] {logging_mixin.py:190} INFO - [2026-04-18T00:31:39.510+0000] {dag.py:3239} INFO - Sync 1 DAGs
[2026-04-18T00:31:39.520+0000] {logging_mixin.py:190} INFO - [2026-04-18T00:31:39.520+0000] {dag.py:4180} INFO - Setting next_dagrun for raw_from_api_to_s3 to 2026-04-18 00:00:00+00:00, run_after=2026-04-19 00:00:00+00:00
[2026-04-18T00:31:39.526+0000] {processor.py:208} INFO - Processing /opt/airflow/dags/raw_from_api_to_s3.py took 0.088 seconds
[2026-04-18T00:32:09.783+0000] {processor.py:186} INFO - Started process (PID=32723) to work on /opt/airflow/dags/raw_from_api_to_s3.py
[2026-04-18T00:32:09.784+0000] {processor.py:914} INFO - Processing file /opt/airflow/dags/raw_from_api_to_s3.py for tasks to queue
[2026-04-18T00:32:09.786+0000] {logging_mixin.py:190} INFO - [2026-04-18T00:32:09.786+0000] {dagbag.py:588} INFO - Filling up the DagBag from /opt/airflow/dags/raw_from_api_to_s3.py
[2026-04-18T00:32:09.837+0000] {processor.py:925} INFO - DAG(s) 'raw_from_api_to_s3' retrieved from /opt/airflow/dags/raw_from_api_to_s3.py
[2026-04-18T00:32:09.844+0000] {logging_mixin.py:190} INFO - [2026-04-18T00:32:09.844+0000] {dag.py:3239} INFO - Sync 1 DAGs
[2026-04-18T00:32:09.853+0000] {logging_mixin.py:190} INFO - [2026-04-18T00:32:09.853+0000] {dag.py:4180} INFO - Setting next_dagrun for raw_from_api_to_s3 to 2026-04-18 00:00:00+00:00, run_after=2026-04-19 00:00:00+00:00
[2026-04-18T00:32:09.859+0000] {processor.py:208} INFO - Processing /opt/airflow/dags/raw_from_api_to_s3.py took 0.083 seconds
[2026-04-18T00:32:40.148+0000] {processor.py:186} INFO - Started process (PID=32737) to work on /opt/airflow/dags/raw_from_api_to_s3.py
[2026-04-18T00:32:40.149+0000] {processor.py:914} INFO - Processing file /opt/airflow/dags/raw_from_api_to_s3.py for tasks to queue
[2026-04-18T00:32:40.151+0000] {logging_mixin.py:190} INFO - [2026-04-18T00:32:40.150+0000] {dagbag.py:588} INFO - Filling up the DagBag from /opt/airflow/dags/raw_from_api_to_s3.py
[2026-04-18T00:32:40.192+0000] {processor.py:925} INFO - DAG(s) 'raw_from_api_to_s3' retrieved from /opt/airflow/dags/raw_from_api_to_s3.py
[2026-04-18T00:32:40.198+0000] {logging_mixin.py:190} INFO - [2026-04-18T00:32:40.198+0000] {dag.py:3239} INFO - Sync 1 DAGs
[2026-04-18T00:32:40.207+0000] {logging_mixin.py:190} INFO - [2026-04-18T00:32:40.207+0000] {dag.py:4180} INFO - Setting next_dagrun for raw_from_api_to_s3 to 2026-04-18 00:00:00+00:00, run_after=2026-04-19 00:00:00+00:00
[2026-04-18T00:32:40.213+0000] {processor.py:208} INFO - Processing /opt/airflow/dags/raw_from_api_to_s3.py took 0.071 seconds
[2026-04-18T00:33:10.467+0000] {processor.py:186} INFO - Started process (PID=32751) to work on /opt/airflow/dags/raw_from_api_to_s3.py
[2026-04-18T00:33:10.468+0000] {processor.py:914} INFO - Processing file /opt/airflow/dags/raw_from_api_to_s3.py for tasks to queue
[2026-04-18T00:33:10.472+0000] {logging_mixin.py:190} INFO - [2026-04-18T00:33:10.471+0000] {dagbag.py:588} INFO - Filling up the DagBag from /opt/airflow/dags/raw_from_api_to_s3.py
[2026-04-18T00:33:10.531+0000] {processor.py:925} INFO - DAG(s) 'raw_from_api_to_s3' retrieved from /opt/airflow/dags/raw_from_api_to_s3.py
[2026-04-18T00:33:10.539+0000] {logging_mixin.py:190} INFO - [2026-04-18T00:33:10.539+0000] {dag.py:3239} INFO - Sync 1 DAGs
[2026-04-18T00:33:10.549+0000] {logging_mixin.py:190} INFO - [2026-04-18T00:33:10.549+0000] {dag.py:4180} INFO - Setting next_dagrun for raw_from_api_to_s3 to 2026-04-18 00:00:00+00:00, run_after=2026-04-19 00:00:00+00:00
[2026-04-18T00:33:10.556+0000] {processor.py:208} INFO - Processing /opt/airflow/dags/raw_from_api_to_s3.py took 0.097 seconds
[2026-04-18T00:33:40.860+0000] {processor.py:186} INFO - Started process (PID=32765) to work on /opt/airflow/dags/raw_from_api_to_s3.py
[2026-04-18T00:33:40.861+0000] {processor.py:914} INFO - Processing file /opt/airflow/dags/raw_from_api_to_s3.py for tasks to queue
[2026-04-18T00:33:40.864+0000] {logging_mixin.py:190} INFO - [2026-04-18T00:33:40.864+0000] {dagbag.py:588} INFO - Filling up the DagBag from /opt/airflow/dags/raw_from_api_to_s3.py
[2026-04-18T00:33:40.914+0000] {processor.py:925} INFO - DAG(s) 'raw_from_api_to_s3' retrieved from /opt/airflow/dags/raw_from_api_to_s3.py
[2026-04-18T00:33:40.921+0000] {logging_mixin.py:190} INFO - [2026-04-18T00:33:40.921+0000] {dag.py:3239} INFO - Sync 1 DAGs
[2026-04-18T00:33:40.931+0000] {logging_mixin.py:190} INFO - [2026-04-18T00:33:40.931+0000] {dag.py:4180} INFO - Setting next_dagrun for raw_from_api_to_s3 to 2026-04-18 00:00:00+00:00, run_after=2026-04-19 00:00:00+00:00
[2026-04-18T00:33:40.938+0000] {processor.py:208} INFO - Processing /opt/airflow/dags/raw_from_api_to_s3.py took 0.084 seconds
[2026-04-18T00:34:11.261+0000] {processor.py:186} INFO - Started process (PID=32779) to work on /opt/airflow/dags/raw_from_api_to_s3.py
[2026-04-18T00:34:11.262+0000] {processor.py:914} INFO - Processing file /opt/airflow/dags/raw_from_api_to_s3.py for tasks to queue
[2026-04-18T00:34:11.265+0000] {logging_mixin.py:190} INFO - [2026-04-18T00:34:11.265+0000] {dagbag.py:588} INFO - Filling up the DagBag from /opt/airflow/dags/raw_from_api_to_s3.py
[2026-04-18T00:34:11.318+0000] {processor.py:925} INFO - DAG(s) 'raw_from_api_to_s3' retrieved from /opt/airflow/dags/raw_from_api_to_s3.py
[2026-04-18T00:34:11.326+0000] {logging_mixin.py:190} INFO - [2026-04-18T00:34:11.326+0000] {dag.py:3239} INFO - Sync 1 DAGs
[2026-04-18T00:34:11.336+0000] {logging_mixin.py:190} INFO - [2026-04-18T00:34:11.336+0000] {dag.py:4180} INFO - Setting next_dagrun for raw_from_api_to_s3 to 2026-04-18 00:00:00+00:00, run_after=2026-04-19 00:00:00+00:00
[2026-04-18T00:34:11.343+0000] {processor.py:208} INFO - Processing /opt/airflow/dags/raw_from_api_to_s3.py took 0.090 seconds
[2026-04-18T00:34:41.610+0000] {processor.py:186} INFO - Started process (PID=32793) to work on /opt/airflow/dags/raw_from_api_to_s3.py
[2026-04-18T00:34:41.611+0000] {processor.py:914} INFO - Processing file /opt/airflow/dags/raw_from_api_to_s3.py for tasks to queue
[2026-04-18T00:34:41.614+0000] {logging_mixin.py:190} INFO - [2026-04-18T00:34:41.614+0000] {dagbag.py:588} INFO - Filling up the DagBag from /opt/airflow/dags/raw_from_api_to_s3.py
[2026-04-18T00:34:41.665+0000] {processor.py:925} INFO - DAG(s) 'raw_from_api_to_s3' retrieved from /opt/airflow/dags/raw_from_api_to_s3.py
[2026-04-18T00:34:41.672+0000] {logging_mixin.py:190} INFO - [2026-04-18T00:34:41.672+0000] {dag.py:3239} INFO - Sync 1 DAGs
[2026-04-18T00:34:41.682+0000] {logging_mixin.py:190} INFO - [2026-04-18T00:34:41.682+0000] {dag.py:4180} INFO - Setting next_dagrun for raw_from_api_to_s3 to 2026-04-18 00:00:00+00:00, run_after=2026-04-19 00:00:00+00:00
[2026-04-18T00:34:41.689+0000] {processor.py:208} INFO - Processing /opt/airflow/dags/raw_from_api_to_s3.py took 0.086 seconds
[2026-04-18T00:35:11.968+0000] {processor.py:186} INFO - Started process (PID=32806) to work on /opt/airflow/dags/raw_from_api_to_s3.py
[2026-04-18T00:35:11.969+0000] {processor.py:914} INFO - Processing file /opt/airflow/dags/raw_from_api_to_s3.py for tasks to queue
[2026-04-18T00:35:11.972+0000] {logging_mixin.py:190} INFO - [2026-04-18T00:35:11.972+0000] {dagbag.py:588} INFO - Filling up the DagBag from /opt/airflow/dags/raw_from_api_to_s3.py
[2026-04-18T00:35:12.026+0000] {processor.py:925} INFO - DAG(s) 'raw_from_api_to_s3' retrieved from /opt/airflow/dags/raw_from_api_to_s3.py
[2026-04-18T00:35:12.033+0000] {logging_mixin.py:190} INFO - [2026-04-18T00:35:12.033+0000] {dag.py:3239} INFO - Sync 1 DAGs
[2026-04-18T00:35:12.043+0000] {logging_mixin.py:190} INFO - [2026-04-18T00:35:12.042+0000] {dag.py:4180} INFO - Setting next_dagrun for raw_from_api_to_s3 to 2026-04-18 00:00:00+00:00, run_after=2026-04-19 00:00:00+00:00
[2026-04-18T00:35:12.049+0000] {processor.py:208} INFO - Processing /opt/airflow/dags/raw_from_api_to_s3.py took 0.090 seconds
[2026-04-18T00:35:42.347+0000] {processor.py:186} INFO - Started process (PID=32820) to work on /opt/airflow/dags/raw_from_api_to_s3.py
[2026-04-18T00:35:42.348+0000] {processor.py:914} INFO - Processing file /opt/airflow/dags/raw_from_api_to_s3.py for tasks to queue
[2026-04-18T00:35:42.351+0000] {logging_mixin.py:190} INFO - [2026-04-18T00:35:42.351+0000] {dagbag.py:588} INFO - Filling up the DagBag from /opt/airflow/dags/raw_from_api_to_s3.py
[2026-04-18T00:35:42.421+0000] {processor.py:925} INFO - DAG(s) 'raw_from_api_to_s3' retrieved from /opt/airflow/dags/raw_from_api_to_s3.py
[2026-04-18T00:35:42.429+0000] {logging_mixin.py:190} INFO - [2026-04-18T00:35:42.429+0000] {dag.py:3239} INFO - Sync 1 DAGs
[2026-04-18T00:35:42.439+0000] {logging_mixin.py:190} INFO - [2026-04-18T00:35:42.439+0000] {dag.py:4180} INFO - Setting next_dagrun for raw_from_api_to_s3 to 2026-04-18 00:00:00+00:00, run_after=2026-04-19 00:00:00+00:00
[2026-04-18T00:35:42.450+0000] {processor.py:208} INFO - Processing /opt/airflow/dags/raw_from_api_to_s3.py took 0.111 seconds
[2026-04-18T00:36:12.725+0000] {processor.py:186} INFO - Started process (PID=32834) to work on /opt/airflow/dags/raw_from_api_to_s3.py
[2026-04-18T00:36:12.726+0000] {processor.py:914} INFO - Processing file /opt/airflow/dags/raw_from_api_to_s3.py for tasks to queue
[2026-04-18T00:36:12.729+0000] {logging_mixin.py:190} INFO - [2026-04-18T00:36:12.728+0000] {dagbag.py:588} INFO - Filling up the DagBag from /opt/airflow/dags/raw_from_api_to_s3.py
[2026-04-18T00:36:12.783+0000] {processor.py:925} INFO - DAG(s) 'raw_from_api_to_s3' retrieved from /opt/airflow/dags/raw_from_api_to_s3.py
[2026-04-18T00:36:12.790+0000] {logging_mixin.py:190} INFO - [2026-04-18T00:36:12.790+0000] {dag.py:3239} INFO - Sync 1 DAGs
[2026-04-18T00:36:12.801+0000] {logging_mixin.py:190} INFO - [2026-04-18T00:36:12.801+0000] {dag.py:4180} INFO - Setting next_dagrun for raw_from_api_to_s3 to 2026-04-18 00:00:00+00:00, run_after=2026-04-19 00:00:00+00:00
[2026-04-18T00:36:12.807+0000] {processor.py:208} INFO - Processing /opt/airflow/dags/raw_from_api_to_s3.py took 0.089 seconds
[2026-04-18T00:36:43.122+0000] {processor.py:186} INFO - Started process (PID=32848) to work on /opt/airflow/dags/raw_from_api_to_s3.py
[2026-04-18T00:36:43.123+0000] {processor.py:914} INFO - Processing file /opt/airflow/dags/raw_from_api_to_s3.py for tasks to queue
[2026-04-18T00:36:43.126+0000] {logging_mixin.py:190} INFO - [2026-04-18T00:36:43.125+0000] {dagbag.py:588} INFO - Filling up the DagBag from /opt/airflow/dags/raw_from_api_to_s3.py
[2026-04-18T00:36:43.181+0000] {processor.py:925} INFO - DAG(s) 'raw_from_api_to_s3' retrieved from /opt/airflow/dags/raw_from_api_to_s3.py
[2026-04-18T00:36:43.188+0000] {logging_mixin.py:190} INFO - [2026-04-18T00:36:43.188+0000] {dag.py:3239} INFO - Sync 1 DAGs
[2026-04-18T00:36:43.198+0000] {logging_mixin.py:190} INFO - [2026-04-18T00:36:43.198+0000] {dag.py:4180} INFO - Setting next_dagrun for raw_from_api_to_s3 to 2026-04-18 00:00:00+00:00, run_after=2026-04-19 00:00:00+00:00
[2026-04-18T00:36:43.204+0000] {processor.py:208} INFO - Processing /opt/airflow/dags/raw_from_api_to_s3.py took 0.090 seconds
[2026-04-18T00:37:13.430+0000] {processor.py:186} INFO - Started process (PID=32862) to work on /opt/airflow/dags/raw_from_api_to_s3.py
[2026-04-18T00:37:13.431+0000] {processor.py:914} INFO - Processing file /opt/airflow/dags/raw_from_api_to_s3.py for tasks to queue
[2026-04-18T00:37:13.434+0000] {logging_mixin.py:190} INFO - [2026-04-18T00:37:13.434+0000] {dagbag.py:588} INFO - Filling up the DagBag from /opt/airflow/dags/raw_from_api_to_s3.py
[2026-04-18T00:37:13.504+0000] {processor.py:925} INFO - DAG(s) 'raw_from_api_to_s3' retrieved from /opt/airflow/dags/raw_from_api_to_s3.py
[2026-04-18T00:37:13.515+0000] {logging_mixin.py:190} INFO - [2026-04-18T00:37:13.515+0000] {dag.py:3239} INFO - Sync 1 DAGs
[2026-04-18T00:37:13.526+0000] {logging_mixin.py:190} INFO - [2026-04-18T00:37:13.526+0000] {dag.py:4180} INFO - Setting next_dagrun for raw_from_api_to_s3 to 2026-04-18 00:00:00+00:00, run_after=2026-04-19 00:00:00+00:00
[2026-04-18T00:37:13.533+0000] {processor.py:208} INFO - Processing /opt/airflow/dags/raw_from_api_to_s3.py took 0.110 seconds
[2026-04-18T00:37:43.804+0000] {processor.py:186} INFO - Started process (PID=32876) to work on /opt/airflow/dags/raw_from_api_to_s3.py
[2026-04-18T00:37:43.805+0000] {processor.py:914} INFO - Processing file /opt/airflow/dags/raw_from_api_to_s3.py for tasks to queue
[2026-04-18T00:37:43.807+0000] {logging_mixin.py:190} INFO - [2026-04-18T00:37:43.807+0000] {dagbag.py:588} INFO - Filling up the DagBag from /opt/airflow/dags/raw_from_api_to_s3.py
[2026-04-18T00:37:43.892+0000] {processor.py:925} INFO - DAG(s) 'raw_from_api_to_s3' retrieved from /opt/airflow/dags/raw_from_api_to_s3.py
[2026-04-18T00:37:43.911+0000] {logging_mixin.py:190} INFO - [2026-04-18T00:37:43.911+0000] {dag.py:3239} INFO - Sync 1 DAGs
[2026-04-18T00:37:43.932+0000] {logging_mixin.py:190} INFO - [2026-04-18T00:37:43.932+0000] {dag.py:4180} INFO - Setting next_dagrun for raw_from_api_to_s3 to 2026-04-18 00:00:00+00:00, run_after=2026-04-19 00:00:00+00:00
[2026-04-18T00:37:43.945+0000] {processor.py:208} INFO - Processing /opt/airflow/dags/raw_from_api_to_s3.py took 0.147 seconds
[2026-04-18T00:38:14.135+0000] {processor.py:186} INFO - Started process (PID=32890) to work on /opt/airflow/dags/raw_from_api_to_s3.py
[2026-04-18T00:38:14.136+0000] {processor.py:914} INFO - Processing file /opt/airflow/dags/raw_from_api_to_s3.py for tasks to queue
[2026-04-18T00:38:14.138+0000] {logging_mixin.py:190} INFO - [2026-04-18T00:38:14.138+0000] {dagbag.py:588} INFO - Filling up the DagBag from /opt/airflow/dags/raw_from_api_to_s3.py
[2026-04-18T00:38:14.185+0000] {processor.py:925} INFO - DAG(s) 'raw_from_api_to_s3' retrieved from /opt/airflow/dags/raw_from_api_to_s3.py
[2026-04-18T00:38:14.193+0000] {logging_mixin.py:190} INFO - [2026-04-18T00:38:14.193+0000] {dag.py:3239} INFO - Sync 1 DAGs
[2026-04-18T00:38:14.203+0000] {logging_mixin.py:190} INFO - [2026-04-18T00:38:14.203+0000] {dag.py:4180} INFO - Setting next_dagrun for raw_from_api_to_s3 to 2026-04-18 00:00:00+00:00, run_after=2026-04-19 00:00:00+00:00
[2026-04-18T00:38:14.210+0000] {processor.py:208} INFO - Processing /opt/airflow/dags/raw_from_api_to_s3.py took 0.082 seconds
[2026-04-18T00:38:44.506+0000] {processor.py:186} INFO - Started process (PID=32904) to work on /opt/airflow/dags/raw_from_api_to_s3.py
[2026-04-18T00:38:44.507+0000] {processor.py:914} INFO - Processing file /opt/airflow/dags/raw_from_api_to_s3.py for tasks to queue
[2026-04-18T00:38:44.511+0000] {logging_mixin.py:190} INFO - [2026-04-18T00:38:44.510+0000] {dagbag.py:588} INFO - Filling up the DagBag from /opt/airflow/dags/raw_from_api_to_s3.py
[2026-04-18T00:38:44.584+0000] {processor.py:925} INFO - DAG(s) 'raw_from_api_to_s3' retrieved from /opt/airflow/dags/raw_from_api_to_s3.py
[2026-04-18T00:38:44.592+0000] {logging_mixin.py:190} INFO - [2026-04-18T00:38:44.592+0000] {dag.py:3239} INFO - Sync 1 DAGs
[2026-04-18T00:38:44.604+0000] {logging_mixin.py:190} INFO - [2026-04-18T00:38:44.604+0000] {dag.py:4180} INFO - Setting next_dagrun for raw_from_api_to_s3 to 2026-04-18 00:00:00+00:00, run_after=2026-04-19 00:00:00+00:00
[2026-04-18T00:38:44.612+0000] {processor.py:208} INFO - Processing /opt/airflow/dags/raw_from_api_to_s3.py took 0.114 seconds
[2026-04-18T00:39:14.885+0000] {processor.py:186} INFO - Started process (PID=32918) to work on /opt/airflow/dags/raw_from_api_to_s3.py
[2026-04-18T00:39:14.886+0000] {processor.py:914} INFO - Processing file /opt/airflow/dags/raw_from_api_to_s3.py for tasks to queue
[2026-04-18T00:39:14.890+0000] {logging_mixin.py:190} INFO - [2026-04-18T00:39:14.889+0000] {dagbag.py:588} INFO - Filling up the DagBag from /opt/airflow/dags/raw_from_api_to_s3.py
[2026-04-18T00:39:14.948+0000] {processor.py:925} INFO - DAG(s) 'raw_from_api_to_s3' retrieved from /opt/airflow/dags/raw_from_api_to_s3.py
[2026-04-18T00:39:14.959+0000] {logging_mixin.py:190} INFO - [2026-04-18T00:39:14.959+0000] {dag.py:3239} INFO - Sync 1 DAGs
[2026-04-18T00:39:14.970+0000] {logging_mixin.py:190} INFO - [2026-04-18T00:39:14.970+0000] {dag.py:4180} INFO - Setting next_dagrun for raw_from_api_to_s3 to 2026-04-18 00:00:00+00:00, run_after=2026-04-19 00:00:00+00:00
[2026-04-18T00:39:14.978+0000] {processor.py:208} INFO - Processing /opt/airflow/dags/raw_from_api_to_s3.py took 0.101 seconds
[2026-04-18T00:39:45.240+0000] {processor.py:186} INFO - Started process (PID=32931) to work on /opt/airflow/dags/raw_from_api_to_s3.py
[2026-04-18T00:39:45.241+0000] {processor.py:914} INFO - Processing file /opt/airflow/dags/raw_from_api_to_s3.py for tasks to queue
[2026-04-18T00:39:45.245+0000] {logging_mixin.py:190} INFO - [2026-04-18T00:39:45.244+0000] {dagbag.py:588} INFO - Filling up the DagBag from /opt/airflow/dags/raw_from_api_to_s3.py
[2026-04-18T00:39:45.300+0000] {processor.py:925} INFO - DAG(s) 'raw_from_api_to_s3' retrieved from /opt/airflow/dags/raw_from_api_to_s3.py
[2026-04-18T00:39:45.308+0000] {logging_mixin.py:190} INFO - [2026-04-18T00:39:45.308+0000] {dag.py:3239} INFO - Sync 1 DAGs
[2026-04-18T00:39:45.318+0000] {logging_mixin.py:190} INFO - [2026-04-18T00:39:45.318+0000] {dag.py:4180} INFO - Setting next_dagrun for raw_from_api_to_s3 to 2026-04-18 00:00:00+00:00, run_after=2026-04-19 00:00:00+00:00
[2026-04-18T00:39:45.325+0000] {processor.py:208} INFO - Processing /opt/airflow/dags/raw_from_api_to_s3.py took 0.092 seconds
[2026-04-18T00:40:15.552+0000] {processor.py:186} INFO - Started process (PID=32945) to work on /opt/airflow/dags/raw_from_api_to_s3.py
[2026-04-18T00:40:15.553+0000] {processor.py:914} INFO - Processing file /opt/airflow/dags/raw_from_api_to_s3.py for tasks to queue
[2026-04-18T00:40:15.558+0000] {logging_mixin.py:190} INFO - [2026-04-18T00:40:15.557+0000] {dagbag.py:588} INFO - Filling up the DagBag from /opt/airflow/dags/raw_from_api_to_s3.py
[2026-04-18T00:40:15.611+0000] {processor.py:925} INFO - DAG(s) 'raw_from_api_to_s3' retrieved from /opt/airflow/dags/raw_from_api_to_s3.py
[2026-04-18T00:40:15.620+0000] {logging_mixin.py:190} INFO - [2026-04-18T00:40:15.619+0000] {dag.py:3239} INFO - Sync 1 DAGs
[2026-04-18T00:40:15.630+0000] {logging_mixin.py:190} INFO - [2026-04-18T00:40:15.630+0000] {dag.py:4180} INFO - Setting next_dagrun for raw_from_api_to_s3 to 2026-04-18 00:00:00+00:00, run_after=2026-04-19 00:00:00+00:00
[2026-04-18T00:40:15.637+0000] {processor.py:208} INFO - Processing /opt/airflow/dags/raw_from_api_to_s3.py took 0.093 seconds
[2026-04-18T00:40:45.934+0000] {processor.py:186} INFO - Started process (PID=32959) to work on /opt/airflow/dags/raw_from_api_to_s3.py
[2026-04-18T00:40:45.935+0000] {processor.py:914} INFO - Processing file /opt/airflow/dags/raw_from_api_to_s3.py for tasks to queue
[2026-04-18T00:40:45.938+0000] {logging_mixin.py:190} INFO - [2026-04-18T00:40:45.938+0000] {dagbag.py:588} INFO - Filling up the DagBag from /opt/airflow/dags/raw_from_api_to_s3.py
[2026-04-18T00:40:45.998+0000] {processor.py:925} INFO - DAG(s) 'raw_from_api_to_s3' retrieved from /opt/airflow/dags/raw_from_api_to_s3.py
[2026-04-18T00:40:46.007+0000] {logging_mixin.py:190} INFO - [2026-04-18T00:40:46.007+0000] {dag.py:3239} INFO - Sync 1 DAGs
[2026-04-18T00:40:46.018+0000] {logging_mixin.py:190} INFO - [2026-04-18T00:40:46.017+0000] {dag.py:4180} INFO - Setting next_dagrun for raw_from_api_to_s3 to 2026-04-18 00:00:00+00:00, run_after=2026-04-19 00:00:00+00:00
[2026-04-18T00:40:46.024+0000] {processor.py:208} INFO - Processing /opt/airflow/dags/raw_from_api_to_s3.py took 0.098 seconds
[2026-04-18T00:41:16.291+0000] {processor.py:186} INFO - Started process (PID=32973) to work on /opt/airflow/dags/raw_from_api_to_s3.py
[2026-04-18T00:41:16.292+0000] {processor.py:914} INFO - Processing file /opt/airflow/dags/raw_from_api_to_s3.py for tasks to queue
[2026-04-18T00:41:16.296+0000] {logging_mixin.py:190} INFO - [2026-04-18T00:41:16.295+0000] {dagbag.py:588} INFO - Filling up the DagBag from /opt/airflow/dags/raw_from_api_to_s3.py
[2026-04-18T00:41:16.344+0000] {processor.py:925} INFO - DAG(s) 'raw_from_api_to_s3' retrieved from /opt/airflow/dags/raw_from_api_to_s3.py
[2026-04-18T00:41:16.352+0000] {logging_mixin.py:190} INFO - [2026-04-18T00:41:16.352+0000] {dag.py:3239} INFO - Sync 1 DAGs
[2026-04-18T00:41:16.362+0000] {logging_mixin.py:190} INFO - [2026-04-18T00:41:16.362+0000] {dag.py:4180} INFO - Setting next_dagrun for raw_from_api_to_s3 to 2026-04-18 00:00:00+00:00, run_after=2026-04-19 00:00:00+00:00
[2026-04-18T00:41:16.369+0000] {processor.py:208} INFO - Processing /opt/airflow/dags/raw_from_api_to_s3.py took 0.085 seconds
[2026-04-18T00:41:46.642+0000] {processor.py:186} INFO - Started process (PID=32987) to work on /opt/airflow/dags/raw_from_api_to_s3.py
[2026-04-18T00:41:46.643+0000] {processor.py:914} INFO - Processing file /opt/airflow/dags/raw_from_api_to_s3.py for tasks to queue
[2026-04-18T00:41:46.646+0000] {logging_mixin.py:190} INFO - [2026-04-18T00:41:46.646+0000] {dagbag.py:588} INFO - Filling up the DagBag from /opt/airflow/dags/raw_from_api_to_s3.py
[2026-04-18T00:41:46.705+0000] {processor.py:925} INFO - DAG(s) 'raw_from_api_to_s3' retrieved from /opt/airflow/dags/raw_from_api_to_s3.py
[2026-04-18T00:41:46.713+0000] {logging_mixin.py:190} INFO - [2026-04-18T00:41:46.713+0000] {dag.py:3239} INFO - Sync 1 DAGs
[2026-04-18T00:41:46.723+0000] {logging_mixin.py:190} INFO - [2026-04-18T00:41:46.723+0000] {dag.py:4180} INFO - Setting next_dagrun for raw_from_api_to_s3 to 2026-04-18 00:00:00+00:00, run_after=2026-04-19 00:00:00+00:00
[2026-04-18T00:41:46.730+0000] {processor.py:208} INFO - Processing /opt/airflow/dags/raw_from_api_to_s3.py took 0.095 seconds
[2026-04-18T00:42:16.994+0000] {processor.py:186} INFO - Started process (PID=33001) to work on /opt/airflow/dags/raw_from_api_to_s3.py
[2026-04-18T00:42:16.995+0000] {processor.py:914} INFO - Processing file /opt/airflow/dags/raw_from_api_to_s3.py for tasks to queue
[2026-04-18T00:42:16.997+0000] {logging_mixin.py:190} INFO - [2026-04-18T00:42:16.997+0000] {dagbag.py:588} INFO - Filling up the DagBag from /opt/airflow/dags/raw_from_api_to_s3.py
[2026-04-18T00:42:17.049+0000] {processor.py:925} INFO - DAG(s) 'raw_from_api_to_s3' retrieved from /opt/airflow/dags/raw_from_api_to_s3.py
[2026-04-18T00:42:17.056+0000] {logging_mixin.py:190} INFO - [2026-04-18T00:42:17.056+0000] {dag.py:3239} INFO - Sync 1 DAGs
[2026-04-18T00:42:17.067+0000] {logging_mixin.py:190} INFO - [2026-04-18T00:42:17.067+0000] {dag.py:4180} INFO - Setting next_dagrun for raw_from_api_to_s3 to 2026-04-18 00:00:00+00:00, run_after=2026-04-19 00:00:00+00:00
[2026-04-18T00:42:17.073+0000] {processor.py:208} INFO - Processing /opt/airflow/dags/raw_from_api_to_s3.py took 0.086 seconds
[2026-04-18T00:42:47.364+0000] {processor.py:186} INFO - Started process (PID=33015) to work on /opt/airflow/dags/raw_from_api_to_s3.py
[2026-04-18T00:42:47.365+0000] {processor.py:914} INFO - Processing file /opt/airflow/dags/raw_from_api_to_s3.py for tasks to queue
[2026-04-18T00:42:47.368+0000] {logging_mixin.py:190} INFO - [2026-04-18T00:42:47.368+0000] {dagbag.py:588} INFO - Filling up the DagBag from /opt/airflow/dags/raw_from_api_to_s3.py
[2026-04-18T00:42:47.431+0000] {processor.py:925} INFO - DAG(s) 'raw_from_api_to_s3' retrieved from /opt/airflow/dags/raw_from_api_to_s3.py
[2026-04-18T00:42:47.444+0000] {logging_mixin.py:190} INFO - [2026-04-18T00:42:47.444+0000] {dag.py:3239} INFO - Sync 1 DAGs
[2026-04-18T00:42:47.455+0000] {logging_mixin.py:190} INFO - [2026-04-18T00:42:47.455+0000] {dag.py:4180} INFO - Setting next_dagrun for raw_from_api_to_s3 to 2026-04-18 00:00:00+00:00, run_after=2026-04-19 00:00:00+00:00
[2026-04-18T00:42:47.462+0000] {processor.py:208} INFO - Processing /opt/airflow/dags/raw_from_api_to_s3.py took 0.106 seconds
[2026-04-18T00:43:17.727+0000] {processor.py:186} INFO - Started process (PID=33029) to work on /opt/airflow/dags/raw_from_api_to_s3.py
[2026-04-18T00:43:17.728+0000] {processor.py:914} INFO - Processing file /opt/airflow/dags/raw_from_api_to_s3.py for tasks to queue
[2026-04-18T00:43:17.731+0000] {logging_mixin.py:190} INFO - [2026-04-18T00:43:17.731+0000] {dagbag.py:588} INFO - Filling up the DagBag from /opt/airflow/dags/raw_from_api_to_s3.py
[2026-04-18T00:43:17.786+0000] {processor.py:925} INFO - DAG(s) 'raw_from_api_to_s3' retrieved from /opt/airflow/dags/raw_from_api_to_s3.py
[2026-04-18T00:43:17.793+0000] {logging_mixin.py:190} INFO - [2026-04-18T00:43:17.793+0000] {dag.py:3239} INFO - Sync 1 DAGs
[2026-04-18T00:43:17.803+0000] {logging_mixin.py:190} INFO - [2026-04-18T00:43:17.803+0000] {dag.py:4180} INFO - Setting next_dagrun for raw_from_api_to_s3 to 2026-04-18 00:00:00+00:00, run_after=2026-04-19 00:00:00+00:00
[2026-04-18T00:43:17.810+0000] {processor.py:208} INFO - Processing /opt/airflow/dags/raw_from_api_to_s3.py took 0.092 seconds
[2026-04-18T00:43:48.073+0000] {processor.py:186} INFO - Started process (PID=33043) to work on /opt/airflow/dags/raw_from_api_to_s3.py
[2026-04-18T00:43:48.074+0000] {processor.py:914} INFO - Processing file /opt/airflow/dags/raw_from_api_to_s3.py for tasks to queue
[2026-04-18T00:43:48.078+0000] {logging_mixin.py:190} INFO - [2026-04-18T00:43:48.078+0000] {dagbag.py:588} INFO - Filling up the DagBag from /opt/airflow/dags/raw_from_api_to_s3.py
[2026-04-18T00:43:48.134+0000] {processor.py:925} INFO - DAG(s) 'raw_from_api_to_s3' retrieved from /opt/airflow/dags/raw_from_api_to_s3.py
[2026-04-18T00:43:48.143+0000] {logging_mixin.py:190} INFO - [2026-04-18T00:43:48.143+0000] {dag.py:3239} INFO - Sync 1 DAGs
[2026-04-18T00:43:48.154+0000] {logging_mixin.py:190} INFO - [2026-04-18T00:43:48.154+0000] {dag.py:4180} INFO - Setting next_dagrun for raw_from_api_to_s3 to 2026-04-18 00:00:00+00:00, run_after=2026-04-19 00:00:00+00:00
[2026-04-18T00:43:48.161+0000] {processor.py:208} INFO - Processing /opt/airflow/dags/raw_from_api_to_s3.py took 0.095 seconds
[2026-04-18T00:44:18.358+0000] {processor.py:186} INFO - Started process (PID=33057) to work on /opt/airflow/dags/raw_from_api_to_s3.py
[2026-04-18T00:44:18.359+0000] {processor.py:914} INFO - Processing file /opt/airflow/dags/raw_from_api_to_s3.py for tasks to queue
[2026-04-18T00:44:18.361+0000] {logging_mixin.py:190} INFO - [2026-04-18T00:44:18.361+0000] {dagbag.py:588} INFO - Filling up the DagBag from /opt/airflow/dags/raw_from_api_to_s3.py
[2026-04-18T00:44:18.414+0000] {processor.py:925} INFO - DAG(s) 'raw_from_api_to_s3' retrieved from /opt/airflow/dags/raw_from_api_to_s3.py
[2026-04-18T00:44:18.422+0000] {logging_mixin.py:190} INFO - [2026-04-18T00:44:18.422+0000] {dag.py:3239} INFO - Sync 1 DAGs
[2026-04-18T00:44:18.432+0000] {logging_mixin.py:190} INFO - [2026-04-18T00:44:18.432+0000] {dag.py:4180} INFO - Setting next_dagrun for raw_from_api_to_s3 to 2026-04-18 00:00:00+00:00, run_after=2026-04-19 00:00:00+00:00
[2026-04-18T00:44:18.439+0000] {processor.py:208} INFO - Processing /opt/airflow/dags/raw_from_api_to_s3.py took 0.088 seconds
[2026-04-18T00:44:48.756+0000] {processor.py:186} INFO - Started process (PID=33071) to work on /opt/airflow/dags/raw_from_api_to_s3.py
[2026-04-18T00:44:48.757+0000] {processor.py:914} INFO - Processing file /opt/airflow/dags/raw_from_api_to_s3.py for tasks to queue
[2026-04-18T00:44:48.760+0000] {logging_mixin.py:190} INFO - [2026-04-18T00:44:48.759+0000] {dagbag.py:588} INFO - Filling up the DagBag from /opt/airflow/dags/raw_from_api_to_s3.py
[2026-04-18T00:44:48.810+0000] {processor.py:925} INFO - DAG(s) 'raw_from_api_to_s3' retrieved from /opt/airflow/dags/raw_from_api_to_s3.py
[2026-04-18T00:44:48.818+0000] {logging_mixin.py:190} INFO - [2026-04-18T00:44:48.818+0000] {dag.py:3239} INFO - Sync 1 DAGs
[2026-04-18T00:44:48.829+0000] {logging_mixin.py:190} INFO - [2026-04-18T00:44:48.829+0000] {dag.py:4180} INFO - Setting next_dagrun for raw_from_api_to_s3 to 2026-04-18 00:00:00+00:00, run_after=2026-04-19 00:00:00+00:00
[2026-04-18T00:44:48.836+0000] {processor.py:208} INFO - Processing /opt/airflow/dags/raw_from_api_to_s3.py took 0.087 seconds
[2026-04-18T00:45:19.066+0000] {processor.py:186} INFO - Started process (PID=33085) to work on /opt/airflow/dags/raw_from_api_to_s3.py
[2026-04-18T00:45:19.067+0000] {processor.py:914} INFO - Processing file /opt/airflow/dags/raw_from_api_to_s3.py for tasks to queue
[2026-04-18T00:45:19.070+0000] {logging_mixin.py:190} INFO - [2026-04-18T00:45:19.070+0000] {dagbag.py:588} INFO - Filling up the DagBag from /opt/airflow/dags/raw_from_api_to_s3.py
[2026-04-18T00:45:19.124+0000] {processor.py:925} INFO - DAG(s) 'raw_from_api_to_s3' retrieved from /opt/airflow/dags/raw_from_api_to_s3.py
[2026-04-18T00:45:19.132+0000] {logging_mixin.py:190} INFO - [2026-04-18T00:45:19.132+0000] {dag.py:3239} INFO - Sync 1 DAGs
[2026-04-18T00:45:19.141+0000] {logging_mixin.py:190} INFO - [2026-04-18T00:45:19.141+0000] {dag.py:4180} INFO - Setting next_dagrun for raw_from_api_to_s3 to 2026-04-18 00:00:00+00:00, run_after=2026-04-19 00:00:00+00:00
[2026-04-18T00:45:19.148+0000] {processor.py:208} INFO - Processing /opt/airflow/dags/raw_from_api_to_s3.py took 0.090 seconds
[2026-04-18T00:45:49.455+0000] {processor.py:186} INFO - Started process (PID=33099) to work on /opt/airflow/dags/raw_from_api_to_s3.py
[2026-04-18T00:45:49.457+0000] {processor.py:914} INFO - Processing file /opt/airflow/dags/raw_from_api_to_s3.py for tasks to queue
[2026-04-18T00:45:49.459+0000] {logging_mixin.py:190} INFO - [2026-04-18T00:45:49.459+0000] {dagbag.py:588} INFO - Filling up the DagBag from /opt/airflow/dags/raw_from_api_to_s3.py
[2026-04-18T00:45:49.511+0000] {processor.py:925} INFO - DAG(s) 'raw_from_api_to_s3' retrieved from /opt/airflow/dags/raw_from_api_to_s3.py
[2026-04-18T00:45:49.518+0000] {logging_mixin.py:190} INFO - [2026-04-18T00:45:49.518+0000] {dag.py:3239} INFO - Sync 1 DAGs
[2026-04-18T00:45:49.527+0000] {logging_mixin.py:190} INFO - [2026-04-18T00:45:49.527+0000] {dag.py:4180} INFO - Setting next_dagrun for raw_from_api_to_s3 to 2026-04-18 00:00:00+00:00, run_after=2026-04-19 00:00:00+00:00
[2026-04-18T00:45:49.534+0000] {processor.py:208} INFO - Processing /opt/airflow/dags/raw_from_api_to_s3.py took 0.085 seconds
[2026-04-18T00:46:19.833+0000] {processor.py:186} INFO - Started process (PID=33113) to work on /opt/airflow/dags/raw_from_api_to_s3.py
[2026-04-18T00:46:19.834+0000] {processor.py:914} INFO - Processing file /opt/airflow/dags/raw_from_api_to_s3.py for tasks to queue
[2026-04-18T00:46:19.837+0000] {logging_mixin.py:190} INFO - [2026-04-18T00:46:19.837+0000] {dagbag.py:588} INFO - Filling up the DagBag from /opt/airflow/dags/raw_from_api_to_s3.py
[2026-04-18T00:46:19.887+0000] {processor.py:925} INFO - DAG(s) 'raw_from_api_to_s3' retrieved from /opt/airflow/dags/raw_from_api_to_s3.py
[2026-04-18T00:46:19.894+0000] {logging_mixin.py:190} INFO - [2026-04-18T00:46:19.893+0000] {dag.py:3239} INFO - Sync 1 DAGs
[2026-04-18T00:46:19.903+0000] {logging_mixin.py:190} INFO - [2026-04-18T00:46:19.903+0000] {dag.py:4180} INFO - Setting next_dagrun for raw_from_api_to_s3 to 2026-04-18 00:00:00+00:00, run_after=2026-04-19 00:00:00+00:00
[2026-04-18T00:46:19.909+0000] {processor.py:208} INFO - Processing /opt/airflow/dags/raw_from_api_to_s3.py took 0.083 seconds
[2026-04-18T00:46:50.259+0000] {processor.py:186} INFO - Started process (PID=33127) to work on /opt/airflow/dags/raw_from_api_to_s3.py
[2026-04-18T00:46:50.260+0000] {processor.py:914} INFO - Processing file /opt/airflow/dags/raw_from_api_to_s3.py for tasks to queue
[2026-04-18T00:46:50.263+0000] {logging_mixin.py:190} INFO - [2026-04-18T00:46:50.263+0000] {dagbag.py:588} INFO - Filling up the DagBag from /opt/airflow/dags/raw_from_api_to_s3.py
[2026-04-18T00:46:50.317+0000] {processor.py:925} INFO - DAG(s) 'raw_from_api_to_s3' retrieved from /opt/airflow/dags/raw_from_api_to_s3.py
[2026-04-18T00:46:50.324+0000] {logging_mixin.py:190} INFO - [2026-04-18T00:46:50.324+0000] {dag.py:3239} INFO - Sync 1 DAGs
[2026-04-18T00:46:50.333+0000] {logging_mixin.py:190} INFO - [2026-04-18T00:46:50.333+0000] {dag.py:4180} INFO - Setting next_dagrun for raw_from_api_to_s3 to 2026-04-18 00:00:00+00:00, run_after=2026-04-19 00:00:00+00:00
[2026-04-18T00:46:50.340+0000] {processor.py:208} INFO - Processing /opt/airflow/dags/raw_from_api_to_s3.py took 0.089 seconds
[2026-04-18T00:47:20.599+0000] {processor.py:186} INFO - Started process (PID=33141) to work on /opt/airflow/dags/raw_from_api_to_s3.py
[2026-04-18T00:47:20.600+0000] {processor.py:914} INFO - Processing file /opt/airflow/dags/raw_from_api_to_s3.py for tasks to queue
[2026-04-18T00:47:20.604+0000] {logging_mixin.py:190} INFO - [2026-04-18T00:47:20.603+0000] {dagbag.py:588} INFO - Filling up the DagBag from /opt/airflow/dags/raw_from_api_to_s3.py
[2026-04-18T00:47:20.661+0000] {processor.py:925} INFO - DAG(s) 'raw_from_api_to_s3' retrieved from /opt/airflow/dags/raw_from_api_to_s3.py
[2026-04-18T00:47:20.669+0000] {logging_mixin.py:190} INFO - [2026-04-18T00:47:20.669+0000] {dag.py:3239} INFO - Sync 1 DAGs
[2026-04-18T00:47:20.679+0000] {logging_mixin.py:190} INFO - [2026-04-18T00:47:20.679+0000] {dag.py:4180} INFO - Setting next_dagrun for raw_from_api_to_s3 to 2026-04-18 00:00:00+00:00, run_after=2026-04-19 00:00:00+00:00
[2026-04-18T00:47:20.686+0000] {processor.py:208} INFO - Processing /opt/airflow/dags/raw_from_api_to_s3.py took 0.094 seconds
[2026-04-18T00:47:50.940+0000] {processor.py:186} INFO - Started process (PID=33155) to work on /opt/airflow/dags/raw_from_api_to_s3.py
[2026-04-18T00:47:50.941+0000] {processor.py:914} INFO - Processing file /opt/airflow/dags/raw_from_api_to_s3.py for tasks to queue
[2026-04-18T00:47:50.944+0000] {logging_mixin.py:190} INFO - [2026-04-18T00:47:50.944+0000] {dagbag.py:588} INFO - Filling up the DagBag from /opt/airflow/dags/raw_from_api_to_s3.py
[2026-04-18T00:47:50.999+0000] {processor.py:925} INFO - DAG(s) 'raw_from_api_to_s3' retrieved from /opt/airflow/dags/raw_from_api_to_s3.py
[2026-04-18T00:47:51.007+0000] {logging_mixin.py:190} INFO - [2026-04-18T00:47:51.007+0000] {dag.py:3239} INFO - Sync 1 DAGs
[2026-04-18T00:47:51.018+0000] {logging_mixin.py:190} INFO - [2026-04-18T00:47:51.017+0000] {dag.py:4180} INFO - Setting next_dagrun for raw_from_api_to_s3 to 2026-04-18 00:00:00+00:00, run_after=2026-04-19 00:00:00+00:00
[2026-04-18T00:47:51.024+0000] {processor.py:208} INFO - Processing /opt/airflow/dags/raw_from_api_to_s3.py took 0.091 seconds
[2026-04-18T00:48:21.304+0000] {processor.py:186} INFO - Started process (PID=33169) to work on /opt/airflow/dags/raw_from_api_to_s3.py
[2026-04-18T00:48:21.305+0000] {processor.py:914} INFO - Processing file /opt/airflow/dags/raw_from_api_to_s3.py for tasks to queue
[2026-04-18T00:48:21.308+0000] {logging_mixin.py:190} INFO - [2026-04-18T00:48:21.308+0000] {dagbag.py:588} INFO - Filling up the DagBag from /opt/airflow/dags/raw_from_api_to_s3.py
[2026-04-18T00:48:21.360+0000] {processor.py:925} INFO - DAG(s) 'raw_from_api_to_s3' retrieved from /opt/airflow/dags/raw_from_api_to_s3.py
[2026-04-18T00:48:21.368+0000] {logging_mixin.py:190} INFO - [2026-04-18T00:48:21.367+0000] {dag.py:3239} INFO - Sync 1 DAGs
[2026-04-18T00:48:21.377+0000] {logging_mixin.py:190} INFO - [2026-04-18T00:48:21.377+0000] {dag.py:4180} INFO - Setting next_dagrun for raw_from_api_to_s3 to 2026-04-18 00:00:00+00:00, run_after=2026-04-19 00:00:00+00:00
[2026-04-18T00:48:21.383+0000] {processor.py:208} INFO - Processing /opt/airflow/dags/raw_from_api_to_s3.py took 0.087 seconds
[2026-04-18T00:48:51.657+0000] {processor.py:186} INFO - Started process (PID=33183) to work on /opt/airflow/dags/raw_from_api_to_s3.py
[2026-04-18T00:48:51.658+0000] {processor.py:914} INFO - Processing file /opt/airflow/dags/raw_from_api_to_s3.py for tasks to queue
[2026-04-18T00:48:51.662+0000] {logging_mixin.py:190} INFO - [2026-04-18T00:48:51.661+0000] {dagbag.py:588} INFO - Filling up the DagBag from /opt/airflow/dags/raw_from_api_to_s3.py
[2026-04-18T00:48:51.717+0000] {processor.py:925} INFO - DAG(s) 'raw_from_api_to_s3' retrieved from /opt/airflow/dags/raw_from_api_to_s3.py
[2026-04-18T00:48:51.725+0000] {logging_mixin.py:190} INFO - [2026-04-18T00:48:51.725+0000] {dag.py:3239} INFO - Sync 1 DAGs
[2026-04-18T00:48:51.735+0000] {logging_mixin.py:190} INFO - [2026-04-18T00:48:51.734+0000] {dag.py:4180} INFO - Setting next_dagrun for raw_from_api_to_s3 to 2026-04-18 00:00:00+00:00, run_after=2026-04-19 00:00:00+00:00
[2026-04-18T00:48:51.741+0000] {processor.py:208} INFO - Processing /opt/airflow/dags/raw_from_api_to_s3.py took 0.091 seconds
[2026-04-18T00:49:21.958+0000] {processor.py:186} INFO - Started process (PID=33197) to work on /opt/airflow/dags/raw_from_api_to_s3.py
[2026-04-18T00:49:21.959+0000] {processor.py:914} INFO - Processing file /opt/airflow/dags/raw_from_api_to_s3.py for tasks to queue
[2026-04-18T00:49:21.961+0000] {logging_mixin.py:190} INFO - [2026-04-18T00:49:21.961+0000] {dagbag.py:588} INFO - Filling up the DagBag from /opt/airflow/dags/raw_from_api_to_s3.py
[2026-04-18T00:49:22.006+0000] {processor.py:925} INFO - DAG(s) 'raw_from_api_to_s3' retrieved from /opt/airflow/dags/raw_from_api_to_s3.py
[2026-04-18T00:49:22.013+0000] {logging_mixin.py:190} INFO - [2026-04-18T00:49:22.012+0000] {dag.py:3239} INFO - Sync 1 DAGs
[2026-04-18T00:49:22.022+0000] {logging_mixin.py:190} INFO - [2026-04-18T00:49:22.022+0000] {dag.py:4180} INFO - Setting next_dagrun for raw_from_api_to_s3 to 2026-04-18 00:00:00+00:00, run_after=2026-04-19 00:00:00+00:00
[2026-04-18T00:49:22.029+0000] {processor.py:208} INFO - Processing /opt/airflow/dags/raw_from_api_to_s3.py took 0.077 seconds
[2026-04-18T00:49:52.414+0000] {processor.py:186} INFO - Started process (PID=33211) to work on /opt/airflow/dags/raw_from_api_to_s3.py
[2026-04-18T00:49:52.415+0000] {processor.py:914} INFO - Processing file /opt/airflow/dags/raw_from_api_to_s3.py for tasks to queue
[2026-04-18T00:49:52.418+0000] {logging_mixin.py:190} INFO - [2026-04-18T00:49:52.417+0000] {dagbag.py:588} INFO - Filling up the DagBag from /opt/airflow/dags/raw_from_api_to_s3.py
[2026-04-18T00:49:52.470+0000] {processor.py:925} INFO - DAG(s) 'raw_from_api_to_s3' retrieved from /opt/airflow/dags/raw_from_api_to_s3.py
[2026-04-18T00:49:52.478+0000] {logging_mixin.py:190} INFO - [2026-04-18T00:49:52.477+0000] {dag.py:3239} INFO - Sync 1 DAGs
[2026-04-18T00:49:52.487+0000] {logging_mixin.py:190} INFO - [2026-04-18T00:49:52.487+0000] {dag.py:4180} INFO - Setting next_dagrun for raw_from_api_to_s3 to 2026-04-18 00:00:00+00:00, run_after=2026-04-19 00:00:00+00:00
[2026-04-18T00:49:52.494+0000] {processor.py:208} INFO - Processing /opt/airflow/dags/raw_from_api_to_s3.py took 0.087 seconds
[2026-04-18T00:50:22.753+0000] {processor.py:186} INFO - Started process (PID=33225) to work on /opt/airflow/dags/raw_from_api_to_s3.py
[2026-04-18T00:50:22.754+0000] {processor.py:914} INFO - Processing file /opt/airflow/dags/raw_from_api_to_s3.py for tasks to queue
[2026-04-18T00:50:22.757+0000] {logging_mixin.py:190} INFO - [2026-04-18T00:50:22.757+0000] {dagbag.py:588} INFO - Filling up the DagBag from /opt/airflow/dags/raw_from_api_to_s3.py
[2026-04-18T00:50:22.809+0000] {processor.py:925} INFO - DAG(s) 'raw_from_api_to_s3' retrieved from /opt/airflow/dags/raw_from_api_to_s3.py
[2026-04-18T00:50:22.816+0000] {logging_mixin.py:190} INFO - [2026-04-18T00:50:22.816+0000] {dag.py:3239} INFO - Sync 1 DAGs
[2026-04-18T00:50:22.826+0000] {logging_mixin.py:190} INFO - [2026-04-18T00:50:22.826+0000] {dag.py:4180} INFO - Setting next_dagrun for raw_from_api_to_s3 to 2026-04-18 00:00:00+00:00, run_after=2026-04-19 00:00:00+00:00
[2026-04-18T00:50:22.832+0000] {processor.py:208} INFO - Processing /opt/airflow/dags/raw_from_api_to_s3.py took 0.087 seconds
[2026-04-18T00:50:53.057+0000] {processor.py:186} INFO - Started process (PID=33239) to work on /opt/airflow/dags/raw_from_api_to_s3.py
[2026-04-18T00:50:53.058+0000] {processor.py:914} INFO - Processing file /opt/airflow/dags/raw_from_api_to_s3.py for tasks to queue
[2026-04-18T00:50:53.061+0000] {logging_mixin.py:190} INFO - [2026-04-18T00:50:53.060+0000] {dagbag.py:588} INFO - Filling up the DagBag from /opt/airflow/dags/raw_from_api_to_s3.py
[2026-04-18T00:50:53.114+0000] {processor.py:925} INFO - DAG(s) 'raw_from_api_to_s3' retrieved from /opt/airflow/dags/raw_from_api_to_s3.py
[2026-04-18T00:50:53.123+0000] {logging_mixin.py:190} INFO - [2026-04-18T00:50:53.122+0000] {dag.py:3239} INFO - Sync 1 DAGs
[2026-04-18T00:50:53.132+0000] {logging_mixin.py:190} INFO - [2026-04-18T00:50:53.132+0000] {dag.py:4180} INFO - Setting next_dagrun for raw_from_api_to_s3 to 2026-04-18 00:00:00+00:00, run_after=2026-04-19 00:00:00+00:00
[2026-04-18T00:50:53.139+0000] {processor.py:208} INFO - Processing /opt/airflow/dags/raw_from_api_to_s3.py took 0.088 seconds
[2026-04-18T00:51:23.400+0000] {processor.py:186} INFO - Started process (PID=33253) to work on /opt/airflow/dags/raw_from_api_to_s3.py
[2026-04-18T00:51:23.401+0000] {processor.py:914} INFO - Processing file /opt/airflow/dags/raw_from_api_to_s3.py for tasks to queue
[2026-04-18T00:51:23.404+0000] {logging_mixin.py:190} INFO - [2026-04-18T00:51:23.404+0000] {dagbag.py:588} INFO - Filling up the DagBag from /opt/airflow/dags/raw_from_api_to_s3.py
[2026-04-18T00:51:23.453+0000] {processor.py:925} INFO - DAG(s) 'raw_from_api_to_s3' retrieved from /opt/airflow/dags/raw_from_api_to_s3.py
[2026-04-18T00:51:23.460+0000] {logging_mixin.py:190} INFO - [2026-04-18T00:51:23.460+0000] {dag.py:3239} INFO - Sync 1 DAGs
[2026-04-18T00:51:23.469+0000] {logging_mixin.py:190} INFO - [2026-04-18T00:51:23.469+0000] {dag.py:4180} INFO - Setting next_dagrun for raw_from_api_to_s3 to 2026-04-18 00:00:00+00:00, run_after=2026-04-19 00:00:00+00:00
[2026-04-18T00:51:23.475+0000] {processor.py:208} INFO - Processing /opt/airflow/dags/raw_from_api_to_s3.py took 0.081 seconds
[2026-04-18T00:51:53.840+0000] {processor.py:186} INFO - Started process (PID=33267) to work on /opt/airflow/dags/raw_from_api_to_s3.py
[2026-04-18T00:51:53.841+0000] {processor.py:914} INFO - Processing file /opt/airflow/dags/raw_from_api_to_s3.py for tasks to queue
[2026-04-18T00:51:53.844+0000] {logging_mixin.py:190} INFO - [2026-04-18T00:51:53.843+0000] {dagbag.py:588} INFO - Filling up the DagBag from /opt/airflow/dags/raw_from_api_to_s3.py
[2026-04-18T00:51:53.891+0000] {processor.py:925} INFO - DAG(s) 'raw_from_api_to_s3' retrieved from /opt/airflow/dags/raw_from_api_to_s3.py
[2026-04-18T00:51:53.899+0000] {logging_mixin.py:190} INFO - [2026-04-18T00:51:53.899+0000] {dag.py:3239} INFO - Sync 1 DAGs
[2026-04-18T00:51:53.908+0000] {logging_mixin.py:190} INFO - [2026-04-18T00:51:53.908+0000] {dag.py:4180} INFO - Setting next_dagrun for raw_from_api_to_s3 to 2026-04-18 00:00:00+00:00, run_after=2026-04-19 00:00:00+00:00
[2026-04-18T00:51:53.915+0000] {processor.py:208} INFO - Processing /opt/airflow/dags/raw_from_api_to_s3.py took 0.081 seconds
[2026-04-18T00:52:24.157+0000] {processor.py:186} INFO - Started process (PID=33281) to work on /opt/airflow/dags/raw_from_api_to_s3.py
[2026-04-18T00:52:24.158+0000] {processor.py:914} INFO - Processing file /opt/airflow/dags/raw_from_api_to_s3.py for tasks to queue
[2026-04-18T00:52:24.161+0000] {logging_mixin.py:190} INFO - [2026-04-18T00:52:24.160+0000] {dagbag.py:588} INFO - Filling up the DagBag from /opt/airflow/dags/raw_from_api_to_s3.py
[2026-04-18T00:52:24.215+0000] {processor.py:925} INFO - DAG(s) 'raw_from_api_to_s3' retrieved from /opt/airflow/dags/raw_from_api_to_s3.py
[2026-04-18T00:52:24.222+0000] {logging_mixin.py:190} INFO - [2026-04-18T00:52:24.222+0000] {dag.py:3239} INFO - Sync 1 DAGs
[2026-04-18T00:52:24.231+0000] {logging_mixin.py:190} INFO - [2026-04-18T00:52:24.231+0000] {dag.py:4180} INFO - Setting next_dagrun for raw_from_api_to_s3 to 2026-04-18 00:00:00+00:00, run_after=2026-04-19 00:00:00+00:00
[2026-04-18T00:52:24.238+0000] {processor.py:208} INFO - Processing /opt/airflow/dags/raw_from_api_to_s3.py took 0.089 seconds
[2026-04-18T00:52:54.554+0000] {processor.py:186} INFO - Started process (PID=33295) to work on /opt/airflow/dags/raw_from_api_to_s3.py
[2026-04-18T00:52:54.555+0000] {processor.py:914} INFO - Processing file /opt/airflow/dags/raw_from_api_to_s3.py for tasks to queue
[2026-04-18T00:52:54.558+0000] {logging_mixin.py:190} INFO - [2026-04-18T00:52:54.558+0000] {dagbag.py:588} INFO - Filling up the DagBag from /opt/airflow/dags/raw_from_api_to_s3.py
[2026-04-18T00:52:54.620+0000] {processor.py:925} INFO - DAG(s) 'raw_from_api_to_s3' retrieved from /opt/airflow/dags/raw_from_api_to_s3.py
[2026-04-18T00:52:54.628+0000] {logging_mixin.py:190} INFO - [2026-04-18T00:52:54.628+0000] {dag.py:3239} INFO - Sync 1 DAGs
[2026-04-18T00:52:54.638+0000] {logging_mixin.py:190} INFO - [2026-04-18T00:52:54.638+0000] {dag.py:4180} INFO - Setting next_dagrun for raw_from_api_to_s3 to 2026-04-18 00:00:00+00:00, run_after=2026-04-19 00:00:00+00:00
[2026-04-18T00:52:54.645+0000] {processor.py:208} INFO - Processing /opt/airflow/dags/raw_from_api_to_s3.py took 0.098 seconds
[2026-04-18T00:53:24.918+0000] {processor.py:186} INFO - Started process (PID=33309) to work on /opt/airflow/dags/raw_from_api_to_s3.py
[2026-04-18T00:53:24.919+0000] {processor.py:914} INFO - Processing file /opt/airflow/dags/raw_from_api_to_s3.py for tasks to queue
[2026-04-18T00:53:24.920+0000] {logging_mixin.py:190} INFO - [2026-04-18T00:53:24.920+0000] {dagbag.py:588} INFO - Filling up the DagBag from /opt/airflow/dags/raw_from_api_to_s3.py
[2026-04-18T00:53:24.955+0000] {processor.py:925} INFO - DAG(s) 'raw_from_api_to_s3' retrieved from /opt/airflow/dags/raw_from_api_to_s3.py
[2026-04-18T00:53:24.961+0000] {logging_mixin.py:190} INFO - [2026-04-18T00:53:24.961+0000] {dag.py:3239} INFO - Sync 1 DAGs
[2026-04-18T00:53:24.971+0000] {logging_mixin.py:190} INFO - [2026-04-18T00:53:24.971+0000] {dag.py:4180} INFO - Setting next_dagrun for raw_from_api_to_s3 to 2026-04-18 00:00:00+00:00, run_after=2026-04-19 00:00:00+00:00
[2026-04-18T00:53:24.978+0000] {processor.py:208} INFO - Processing /opt/airflow/dags/raw_from_api_to_s3.py took 0.062 seconds
[2026-04-18T00:53:55.251+0000] {processor.py:186} INFO - Started process (PID=33323) to work on /opt/airflow/dags/raw_from_api_to_s3.py
[2026-04-18T00:53:55.251+0000] {processor.py:914} INFO - Processing file /opt/airflow/dags/raw_from_api_to_s3.py for tasks to queue
[2026-04-18T00:53:55.253+0000] {logging_mixin.py:190} INFO - [2026-04-18T00:53:55.253+0000] {dagbag.py:588} INFO - Filling up the DagBag from /opt/airflow/dags/raw_from_api_to_s3.py
[2026-04-18T00:53:55.290+0000] {processor.py:925} INFO - DAG(s) 'raw_from_api_to_s3' retrieved from /opt/airflow/dags/raw_from_api_to_s3.py
[2026-04-18T00:53:55.298+0000] {logging_mixin.py:190} INFO - [2026-04-18T00:53:55.297+0000] {dag.py:3239} INFO - Sync 1 DAGs
[2026-04-18T00:53:55.307+0000] {logging_mixin.py:190} INFO - [2026-04-18T00:53:55.307+0000] {dag.py:4180} INFO - Setting next_dagrun for raw_from_api_to_s3 to 2026-04-18 00:00:00+00:00, run_after=2026-04-19 00:00:00+00:00
[2026-04-18T00:53:55.314+0000] {processor.py:208} INFO - Processing /opt/airflow/dags/raw_from_api_to_s3.py took 0.067 seconds
[2026-04-18T00:54:25.567+0000] {processor.py:186} INFO - Started process (PID=33337) to work on /opt/airflow/dags/raw_from_api_to_s3.py
[2026-04-18T00:54:25.568+0000] {processor.py:914} INFO - Processing file /opt/airflow/dags/raw_from_api_to_s3.py for tasks to queue
[2026-04-18T00:54:25.570+0000] {logging_mixin.py:190} INFO - [2026-04-18T00:54:25.570+0000] {dagbag.py:588} INFO - Filling up the DagBag from /opt/airflow/dags/raw_from_api_to_s3.py
[2026-04-18T00:54:25.622+0000] {processor.py:925} INFO - DAG(s) 'raw_from_api_to_s3' retrieved from /opt/airflow/dags/raw_from_api_to_s3.py
[2026-04-18T00:54:25.629+0000] {logging_mixin.py:190} INFO - [2026-04-18T00:54:25.628+0000] {dag.py:3239} INFO - Sync 1 DAGs
[2026-04-18T00:54:25.638+0000] {logging_mixin.py:190} INFO - [2026-04-18T00:54:25.637+0000] {dag.py:4180} INFO - Setting next_dagrun for raw_from_api_to_s3 to 2026-04-18 00:00:00+00:00, run_after=2026-04-19 00:00:00+00:00
[2026-04-18T00:54:25.644+0000] {processor.py:208} INFO - Processing /opt/airflow/dags/raw_from_api_to_s3.py took 0.083 seconds
[2026-04-18T00:54:55.889+0000] {processor.py:186} INFO - Started process (PID=33351) to work on /opt/airflow/dags/raw_from_api_to_s3.py
[2026-04-18T00:54:55.890+0000] {processor.py:914} INFO - Processing file /opt/airflow/dags/raw_from_api_to_s3.py for tasks to queue
[2026-04-18T00:54:55.892+0000] {logging_mixin.py:190} INFO - [2026-04-18T00:54:55.892+0000] {dagbag.py:588} INFO - Filling up the DagBag from /opt/airflow/dags/raw_from_api_to_s3.py
[2026-04-18T00:54:55.956+0000] {processor.py:925} INFO - DAG(s) 'raw_from_api_to_s3' retrieved from /opt/airflow/dags/raw_from_api_to_s3.py
[2026-04-18T00:54:55.967+0000] {logging_mixin.py:190} INFO - [2026-04-18T00:54:55.967+0000] {dag.py:3239} INFO - Sync 1 DAGs
[2026-04-18T00:54:55.982+0000] {logging_mixin.py:190} INFO - [2026-04-18T00:54:55.982+0000] {dag.py:4180} INFO - Setting next_dagrun for raw_from_api_to_s3 to 2026-04-18 00:00:00+00:00, run_after=2026-04-19 00:00:00+00:00
[2026-04-18T00:54:55.995+0000] {processor.py:208} INFO - Processing /opt/airflow/dags/raw_from_api_to_s3.py took 0.109 seconds
[2026-04-18T00:55:26.276+0000] {processor.py:186} INFO - Started process (PID=33365) to work on /opt/airflow/dags/raw_from_api_to_s3.py
[2026-04-18T00:55:26.277+0000] {processor.py:914} INFO - Processing file /opt/airflow/dags/raw_from_api_to_s3.py for tasks to queue
[2026-04-18T00:55:26.280+0000] {logging_mixin.py:190} INFO - [2026-04-18T00:55:26.279+0000] {dagbag.py:588} INFO - Filling up the DagBag from /opt/airflow/dags/raw_from_api_to_s3.py
[2026-04-18T00:55:26.330+0000] {processor.py:925} INFO - DAG(s) 'raw_from_api_to_s3' retrieved from /opt/airflow/dags/raw_from_api_to_s3.py
[2026-04-18T00:55:26.337+0000] {logging_mixin.py:190} INFO - [2026-04-18T00:55:26.337+0000] {dag.py:3239} INFO - Sync 1 DAGs
[2026-04-18T00:55:26.347+0000] {logging_mixin.py:190} INFO - [2026-04-18T00:55:26.347+0000] {dag.py:4180} INFO - Setting next_dagrun for raw_from_api_to_s3 to 2026-04-18 00:00:00+00:00, run_after=2026-04-19 00:00:00+00:00
[2026-04-18T00:55:26.354+0000] {processor.py:208} INFO - Processing /opt/airflow/dags/raw_from_api_to_s3.py took 0.085 seconds
[2026-04-18T00:55:56.657+0000] {processor.py:186} INFO - Started process (PID=33379) to work on /opt/airflow/dags/raw_from_api_to_s3.py
[2026-04-18T00:55:56.658+0000] {processor.py:914} INFO - Processing file /opt/airflow/dags/raw_from_api_to_s3.py for tasks to queue
[2026-04-18T00:55:56.661+0000] {logging_mixin.py:190} INFO - [2026-04-18T00:55:56.661+0000] {dagbag.py:588} INFO - Filling up the DagBag from /opt/airflow/dags/raw_from_api_to_s3.py
[2026-04-18T00:55:56.716+0000] {processor.py:925} INFO - DAG(s) 'raw_from_api_to_s3' retrieved from /opt/airflow/dags/raw_from_api_to_s3.py
[2026-04-18T00:55:56.723+0000] {logging_mixin.py:190} INFO - [2026-04-18T00:55:56.723+0000] {dag.py:3239} INFO - Sync 1 DAGs
[2026-04-18T00:55:56.734+0000] {logging_mixin.py:190} INFO - [2026-04-18T00:55:56.734+0000] {dag.py:4180} INFO - Setting next_dagrun for raw_from_api_to_s3 to 2026-04-18 00:00:00+00:00, run_after=2026-04-19 00:00:00+00:00
[2026-04-18T00:55:56.741+0000] {processor.py:208} INFO - Processing /opt/airflow/dags/raw_from_api_to_s3.py took 0.092 seconds
[2026-04-18T00:56:27.063+0000] {processor.py:186} INFO - Started process (PID=33393) to work on /opt/airflow/dags/raw_from_api_to_s3.py
[2026-04-18T00:56:27.064+0000] {processor.py:914} INFO - Processing file /opt/airflow/dags/raw_from_api_to_s3.py for tasks to queue
[2026-04-18T00:56:27.067+0000] {logging_mixin.py:190} INFO - [2026-04-18T00:56:27.067+0000] {dagbag.py:588} INFO - Filling up the DagBag from /opt/airflow/dags/raw_from_api_to_s3.py
[2026-04-18T00:56:27.122+0000] {processor.py:925} INFO - DAG(s) 'raw_from_api_to_s3' retrieved from /opt/airflow/dags/raw_from_api_to_s3.py
[2026-04-18T00:56:27.130+0000] {logging_mixin.py:190} INFO - [2026-04-18T00:56:27.130+0000] {dag.py:3239} INFO - Sync 1 DAGs
[2026-04-18T00:56:27.140+0000] {logging_mixin.py:190} INFO - [2026-04-18T00:56:27.139+0000] {dag.py:4180} INFO - Setting next_dagrun for raw_from_api_to_s3 to 2026-04-18 00:00:00+00:00, run_after=2026-04-19 00:00:00+00:00
[2026-04-18T00:56:27.146+0000] {processor.py:208} INFO - Processing /opt/airflow/dags/raw_from_api_to_s3.py took 0.090 seconds
[2026-04-18T00:56:57.443+0000] {processor.py:186} INFO - Started process (PID=33407) to work on /opt/airflow/dags/raw_from_api_to_s3.py
[2026-04-18T00:56:57.444+0000] {processor.py:914} INFO - Processing file /opt/airflow/dags/raw_from_api_to_s3.py for tasks to queue
[2026-04-18T00:56:57.447+0000] {logging_mixin.py:190} INFO - [2026-04-18T00:56:57.447+0000] {dagbag.py:588} INFO - Filling up the DagBag from /opt/airflow/dags/raw_from_api_to_s3.py
[2026-04-18T00:56:57.503+0000] {processor.py:925} INFO - DAG(s) 'raw_from_api_to_s3' retrieved from /opt/airflow/dags/raw_from_api_to_s3.py
[2026-04-18T00:56:57.511+0000] {logging_mixin.py:190} INFO - [2026-04-18T00:56:57.511+0000] {dag.py:3239} INFO - Sync 1 DAGs
[2026-04-18T00:56:57.521+0000] {logging_mixin.py:190} INFO - [2026-04-18T00:56:57.521+0000] {dag.py:4180} INFO - Setting next_dagrun for raw_from_api_to_s3 to 2026-04-18 00:00:00+00:00, run_after=2026-04-19 00:00:00+00:00
[2026-04-18T00:56:57.528+0000] {processor.py:208} INFO - Processing /opt/airflow/dags/raw_from_api_to_s3.py took 0.091 seconds
[2026-04-18T00:57:27.825+0000] {processor.py:186} INFO - Started process (PID=33421) to work on /opt/airflow/dags/raw_from_api_to_s3.py
[2026-04-18T00:57:27.826+0000] {processor.py:914} INFO - Processing file /opt/airflow/dags/raw_from_api_to_s3.py for tasks to queue
[2026-04-18T00:57:27.829+0000] {logging_mixin.py:190} INFO - [2026-04-18T00:57:27.829+0000] {dagbag.py:588} INFO - Filling up the DagBag from /opt/airflow/dags/raw_from_api_to_s3.py
[2026-04-18T00:57:27.882+0000] {processor.py:925} INFO - DAG(s) 'raw_from_api_to_s3' retrieved from /opt/airflow/dags/raw_from_api_to_s3.py
[2026-04-18T00:57:27.889+0000] {logging_mixin.py:190} INFO - [2026-04-18T00:57:27.889+0000] {dag.py:3239} INFO - Sync 1 DAGs
[2026-04-18T00:57:27.899+0000] {logging_mixin.py:190} INFO - [2026-04-18T00:57:27.899+0000] {dag.py:4180} INFO - Setting next_dagrun for raw_from_api_to_s3 to 2026-04-18 00:00:00+00:00, run_after=2026-04-19 00:00:00+00:00
[2026-04-18T00:57:27.906+0000] {processor.py:208} INFO - Processing /opt/airflow/dags/raw_from_api_to_s3.py took 0.089 seconds
[2026-04-18T00:57:58.203+0000] {processor.py:186} INFO - Started process (PID=33435) to work on /opt/airflow/dags/raw_from_api_to_s3.py
[2026-04-18T00:57:58.204+0000] {processor.py:914} INFO - Processing file /opt/airflow/dags/raw_from_api_to_s3.py for tasks to queue
[2026-04-18T00:57:58.207+0000] {logging_mixin.py:190} INFO - [2026-04-18T00:57:58.207+0000] {dagbag.py:588} INFO - Filling up the DagBag from /opt/airflow/dags/raw_from_api_to_s3.py
[2026-04-18T00:57:58.267+0000] {processor.py:925} INFO - DAG(s) 'raw_from_api_to_s3' retrieved from /opt/airflow/dags/raw_from_api_to_s3.py
[2026-04-18T00:57:58.275+0000] {logging_mixin.py:190} INFO - [2026-04-18T00:57:58.275+0000] {dag.py:3239} INFO - Sync 1 DAGs
[2026-04-18T00:57:58.285+0000] {logging_mixin.py:190} INFO - [2026-04-18T00:57:58.285+0000] {dag.py:4180} INFO - Setting next_dagrun for raw_from_api_to_s3 to 2026-04-18 00:00:00+00:00, run_after=2026-04-19 00:00:00+00:00
[2026-04-18T00:57:58.292+0000] {processor.py:208} INFO - Processing /opt/airflow/dags/raw_from_api_to_s3.py took 0.095 seconds
[2026-04-18T00:58:28.554+0000] {processor.py:186} INFO - Started process (PID=33449) to work on /opt/airflow/dags/raw_from_api_to_s3.py
[2026-04-18T00:58:28.555+0000] {processor.py:914} INFO - Processing file /opt/airflow/dags/raw_from_api_to_s3.py for tasks to queue
[2026-04-18T00:58:28.557+0000] {logging_mixin.py:190} INFO - [2026-04-18T00:58:28.557+0000] {dagbag.py:588} INFO - Filling up the DagBag from /opt/airflow/dags/raw_from_api_to_s3.py
[2026-04-18T00:58:28.611+0000] {processor.py:925} INFO - DAG(s) 'raw_from_api_to_s3' retrieved from /opt/airflow/dags/raw_from_api_to_s3.py
[2026-04-18T00:58:28.618+0000] {logging_mixin.py:190} INFO - [2026-04-18T00:58:28.618+0000] {dag.py:3239} INFO - Sync 1 DAGs
[2026-04-18T00:58:28.629+0000] {logging_mixin.py:190} INFO - [2026-04-18T00:58:28.629+0000] {dag.py:4180} INFO - Setting next_dagrun for raw_from_api_to_s3 to 2026-04-18 00:00:00+00:00, run_after=2026-04-19 00:00:00+00:00
[2026-04-18T00:58:28.636+0000] {processor.py:208} INFO - Processing /opt/airflow/dags/raw_from_api_to_s3.py took 0.090 seconds
[2026-04-18T00:58:58.902+0000] {processor.py:186} INFO - Started process (PID=33462) to work on /opt/airflow/dags/raw_from_api_to_s3.py
[2026-04-18T00:58:58.903+0000] {processor.py:914} INFO - Processing file /opt/airflow/dags/raw_from_api_to_s3.py for tasks to queue
[2026-04-18T00:58:58.906+0000] {logging_mixin.py:190} INFO - [2026-04-18T00:58:58.906+0000] {dagbag.py:588} INFO - Filling up the DagBag from /opt/airflow/dags/raw_from_api_to_s3.py
[2026-04-18T00:58:58.959+0000] {processor.py:925} INFO - DAG(s) 'raw_from_api_to_s3' retrieved from /opt/airflow/dags/raw_from_api_to_s3.py
[2026-04-18T00:58:58.966+0000] {logging_mixin.py:190} INFO - [2026-04-18T00:58:58.966+0000] {dag.py:3239} INFO - Sync 1 DAGs
[2026-04-18T00:58:58.975+0000] {logging_mixin.py:190} INFO - [2026-04-18T00:58:58.975+0000] {dag.py:4180} INFO - Setting next_dagrun for raw_from_api_to_s3 to 2026-04-18 00:00:00+00:00, run_after=2026-04-19 00:00:00+00:00
[2026-04-18T00:58:58.982+0000] {processor.py:208} INFO - Processing /opt/airflow/dags/raw_from_api_to_s3.py took 0.087 seconds
[2026-04-18T00:59:29.284+0000] {processor.py:186} INFO - Started process (PID=33476) to work on /opt/airflow/dags/raw_from_api_to_s3.py
[2026-04-18T00:59:29.285+0000] {processor.py:914} INFO - Processing file /opt/airflow/dags/raw_from_api_to_s3.py for tasks to queue
[2026-04-18T00:59:29.288+0000] {logging_mixin.py:190} INFO - [2026-04-18T00:59:29.287+0000] {dagbag.py:588} INFO - Filling up the DagBag from /opt/airflow/dags/raw_from_api_to_s3.py
[2026-04-18T00:59:29.337+0000] {processor.py:925} INFO - DAG(s) 'raw_from_api_to_s3' retrieved from /opt/airflow/dags/raw_from_api_to_s3.py
[2026-04-18T00:59:29.344+0000] {logging_mixin.py:190} INFO - [2026-04-18T00:59:29.344+0000] {dag.py:3239} INFO - Sync 1 DAGs
[2026-04-18T00:59:29.355+0000] {logging_mixin.py:190} INFO - [2026-04-18T00:59:29.355+0000] {dag.py:4180} INFO - Setting next_dagrun for raw_from_api_to_s3 to 2026-04-18 00:00:00+00:00, run_after=2026-04-19 00:00:00+00:00
[2026-04-18T00:59:29.361+0000] {processor.py:208} INFO - Processing /opt/airflow/dags/raw_from_api_to_s3.py took 0.085 seconds
[2026-04-18T00:59:59.656+0000] {processor.py:186} INFO - Started process (PID=33490) to work on /opt/airflow/dags/raw_from_api_to_s3.py
[2026-04-18T00:59:59.657+0000] {processor.py:914} INFO - Processing file /opt/airflow/dags/raw_from_api_to_s3.py for tasks to queue
[2026-04-18T00:59:59.661+0000] {logging_mixin.py:190} INFO - [2026-04-18T00:59:59.660+0000] {dagbag.py:588} INFO - Filling up the DagBag from /opt/airflow/dags/raw_from_api_to_s3.py
[2026-04-18T00:59:59.727+0000] {processor.py:925} INFO - DAG(s) 'raw_from_api_to_s3' retrieved from /opt/airflow/dags/raw_from_api_to_s3.py
[2026-04-18T00:59:59.735+0000] {logging_mixin.py:190} INFO - [2026-04-18T00:59:59.735+0000] {dag.py:3239} INFO - Sync 1 DAGs
[2026-04-18T00:59:59.745+0000] {logging_mixin.py:190} INFO - [2026-04-18T00:59:59.745+0000] {dag.py:4180} INFO - Setting next_dagrun for raw_from_api_to_s3 to 2026-04-18 00:00:00+00:00, run_after=2026-04-19 00:00:00+00:00
[2026-04-18T00:59:59.752+0000] {processor.py:208} INFO - Processing /opt/airflow/dags/raw_from_api_to_s3.py took 0.104 seconds
[2026-04-18T01:00:30.008+0000] {processor.py:186} INFO - Started process (PID=33504) to work on /opt/airflow/dags/raw_from_api_to_s3.py
[2026-04-18T01:00:30.009+0000] {processor.py:914} INFO - Processing file /opt/airflow/dags/raw_from_api_to_s3.py for tasks to queue
[2026-04-18T01:00:30.012+0000] {logging_mixin.py:190} INFO - [2026-04-18T01:00:30.012+0000] {dagbag.py:588} INFO - Filling up the DagBag from /opt/airflow/dags/raw_from_api_to_s3.py
[2026-04-18T01:00:30.063+0000] {processor.py:925} INFO - DAG(s) 'raw_from_api_to_s3' retrieved from /opt/airflow/dags/raw_from_api_to_s3.py
[2026-04-18T01:00:30.070+0000] {logging_mixin.py:190} INFO - [2026-04-18T01:00:30.070+0000] {dag.py:3239} INFO - Sync 1 DAGs
[2026-04-18T01:00:30.079+0000] {logging_mixin.py:190} INFO - [2026-04-18T01:00:30.079+0000] {dag.py:4180} INFO - Setting next_dagrun for raw_from_api_to_s3 to 2026-04-18 00:00:00+00:00, run_after=2026-04-19 00:00:00+00:00
[2026-04-18T01:00:30.086+0000] {processor.py:208} INFO - Processing /opt/airflow/dags/raw_from_api_to_s3.py took 0.084 seconds
[2026-04-18T01:01:00.326+0000] {processor.py:186} INFO - Started process (PID=33518) to work on /opt/airflow/dags/raw_from_api_to_s3.py
[2026-04-18T01:01:00.328+0000] {processor.py:914} INFO - Processing file /opt/airflow/dags/raw_from_api_to_s3.py for tasks to queue
[2026-04-18T01:01:00.334+0000] {logging_mixin.py:190} INFO - [2026-04-18T01:01:00.333+0000] {dagbag.py:588} INFO - Filling up the DagBag from /opt/airflow/dags/raw_from_api_to_s3.py
[2026-04-18T01:01:00.405+0000] {processor.py:925} INFO - DAG(s) 'raw_from_api_to_s3' retrieved from /opt/airflow/dags/raw_from_api_to_s3.py
[2026-04-18T01:01:00.415+0000] {logging_mixin.py:190} INFO - [2026-04-18T01:01:00.415+0000] {dag.py:3239} INFO - Sync 1 DAGs
[2026-04-18T01:01:00.429+0000] {logging_mixin.py:190} INFO - [2026-04-18T01:01:00.429+0000] {dag.py:4180} INFO - Setting next_dagrun for raw_from_api_to_s3 to 2026-04-18 00:00:00+00:00, run_after=2026-04-19 00:00:00+00:00
[2026-04-18T01:01:00.437+0000] {processor.py:208} INFO - Processing /opt/airflow/dags/raw_from_api_to_s3.py took 0.125 seconds
[2026-04-18T01:01:30.736+0000] {processor.py:186} INFO - Started process (PID=33532) to work on /opt/airflow/dags/raw_from_api_to_s3.py
[2026-04-18T01:01:30.737+0000] {processor.py:914} INFO - Processing file /opt/airflow/dags/raw_from_api_to_s3.py for tasks to queue
[2026-04-18T01:01:30.739+0000] {logging_mixin.py:190} INFO - [2026-04-18T01:01:30.739+0000] {dagbag.py:588} INFO - Filling up the DagBag from /opt/airflow/dags/raw_from_api_to_s3.py
[2026-04-18T01:01:30.781+0000] {processor.py:925} INFO - DAG(s) 'raw_from_api_to_s3' retrieved from /opt/airflow/dags/raw_from_api_to_s3.py
[2026-04-18T01:01:30.788+0000] {logging_mixin.py:190} INFO - [2026-04-18T01:01:30.788+0000] {dag.py:3239} INFO - Sync 1 DAGs
[2026-04-18T01:01:30.799+0000] {logging_mixin.py:190} INFO - [2026-04-18T01:01:30.799+0000] {dag.py:4180} INFO - Setting next_dagrun for raw_from_api_to_s3 to 2026-04-18 00:00:00+00:00, run_after=2026-04-19 00:00:00+00:00
[2026-04-18T01:01:30.805+0000] {processor.py:208} INFO - Processing /opt/airflow/dags/raw_from_api_to_s3.py took 0.072 seconds
[2026-04-18T01:02:01.129+0000] {processor.py:186} INFO - Started process (PID=33546) to work on /opt/airflow/dags/raw_from_api_to_s3.py
[2026-04-18T01:02:01.131+0000] {processor.py:914} INFO - Processing file /opt/airflow/dags/raw_from_api_to_s3.py for tasks to queue
[2026-04-18T01:02:01.134+0000] {logging_mixin.py:190} INFO - [2026-04-18T01:02:01.133+0000] {dagbag.py:588} INFO - Filling up the DagBag from /opt/airflow/dags/raw_from_api_to_s3.py
[2026-04-18T01:02:01.225+0000] {processor.py:925} INFO - DAG(s) 'raw_from_api_to_s3' retrieved from /opt/airflow/dags/raw_from_api_to_s3.py
[2026-04-18T01:02:01.240+0000] {logging_mixin.py:190} INFO - [2026-04-18T01:02:01.240+0000] {dag.py:3239} INFO - Sync 1 DAGs
[2026-04-18T01:02:01.254+0000] {logging_mixin.py:190} INFO - [2026-04-18T01:02:01.254+0000] {dag.py:4180} INFO - Setting next_dagrun for raw_from_api_to_s3 to 2026-04-18 00:00:00+00:00, run_after=2026-04-19 00:00:00+00:00
[2026-04-18T01:02:01.263+0000] {processor.py:208} INFO - Processing /opt/airflow/dags/raw_from_api_to_s3.py took 0.144 seconds
[2026-04-18T01:02:31.493+0000] {processor.py:186} INFO - Started process (PID=33567) to work on /opt/airflow/dags/raw_from_api_to_s3.py
[2026-04-18T01:02:31.495+0000] {processor.py:914} INFO - Processing file /opt/airflow/dags/raw_from_api_to_s3.py for tasks to queue
[2026-04-18T01:02:31.497+0000] {logging_mixin.py:190} INFO - [2026-04-18T01:02:31.497+0000] {dagbag.py:588} INFO - Filling up the DagBag from /opt/airflow/dags/raw_from_api_to_s3.py
[2026-04-18T01:02:31.553+0000] {processor.py:925} INFO - DAG(s) 'raw_from_api_to_s3' retrieved from /opt/airflow/dags/raw_from_api_to_s3.py
[2026-04-18T01:02:31.561+0000] {logging_mixin.py:190} INFO - [2026-04-18T01:02:31.561+0000] {dag.py:3239} INFO - Sync 1 DAGs
[2026-04-18T01:02:31.570+0000] {logging_mixin.py:190} INFO - [2026-04-18T01:02:31.570+0000] {dag.py:4180} INFO - Setting next_dagrun for raw_from_api_to_s3 to 2026-04-18 00:00:00+00:00, run_after=2026-04-19 00:00:00+00:00
[2026-04-18T01:02:31.577+0000] {processor.py:208} INFO - Processing /opt/airflow/dags/raw_from_api_to_s3.py took 0.092 seconds
[2026-04-18T01:03:01.909+0000] {processor.py:186} INFO - Started process (PID=33581) to work on /opt/airflow/dags/raw_from_api_to_s3.py
[2026-04-18T01:03:01.911+0000] {processor.py:914} INFO - Processing file /opt/airflow/dags/raw_from_api_to_s3.py for tasks to queue
[2026-04-18T01:03:01.915+0000] {logging_mixin.py:190} INFO - [2026-04-18T01:03:01.914+0000] {dagbag.py:588} INFO - Filling up the DagBag from /opt/airflow/dags/raw_from_api_to_s3.py
[2026-04-18T01:03:01.968+0000] {processor.py:925} INFO - DAG(s) 'raw_from_api_to_s3' retrieved from /opt/airflow/dags/raw_from_api_to_s3.py
[2026-04-18T01:03:01.976+0000] {logging_mixin.py:190} INFO - [2026-04-18T01:03:01.976+0000] {dag.py:3239} INFO - Sync 1 DAGs
[2026-04-18T01:03:01.985+0000] {logging_mixin.py:190} INFO - [2026-04-18T01:03:01.985+0000] {dag.py:4180} INFO - Setting next_dagrun for raw_from_api_to_s3 to 2026-04-18 00:00:00+00:00, run_after=2026-04-19 00:00:00+00:00
[2026-04-18T01:03:01.992+0000] {processor.py:208} INFO - Processing /opt/airflow/dags/raw_from_api_to_s3.py took 0.091 seconds
[2026-04-18T01:03:32.222+0000] {processor.py:186} INFO - Started process (PID=33595) to work on /opt/airflow/dags/raw_from_api_to_s3.py
[2026-04-18T01:03:32.223+0000] {processor.py:914} INFO - Processing file /opt/airflow/dags/raw_from_api_to_s3.py for tasks to queue
[2026-04-18T01:03:32.226+0000] {logging_mixin.py:190} INFO - [2026-04-18T01:03:32.226+0000] {dagbag.py:588} INFO - Filling up the DagBag from /opt/airflow/dags/raw_from_api_to_s3.py
[2026-04-18T01:03:32.271+0000] {processor.py:925} INFO - DAG(s) 'raw_from_api_to_s3' retrieved from /opt/airflow/dags/raw_from_api_to_s3.py
[2026-04-18T01:03:32.277+0000] {logging_mixin.py:190} INFO - [2026-04-18T01:03:32.277+0000] {dag.py:3239} INFO - Sync 1 DAGs
[2026-04-18T01:03:32.286+0000] {logging_mixin.py:190} INFO - [2026-04-18T01:03:32.286+0000] {dag.py:4180} INFO - Setting next_dagrun for raw_from_api_to_s3 to 2026-04-18 00:00:00+00:00, run_after=2026-04-19 00:00:00+00:00
[2026-04-18T01:03:32.293+0000] {processor.py:208} INFO - Processing /opt/airflow/dags/raw_from_api_to_s3.py took 0.078 seconds
[2026-04-18T01:04:02.540+0000] {processor.py:186} INFO - Started process (PID=33609) to work on /opt/airflow/dags/raw_from_api_to_s3.py
[2026-04-18T01:04:02.541+0000] {processor.py:914} INFO - Processing file /opt/airflow/dags/raw_from_api_to_s3.py for tasks to queue
[2026-04-18T01:04:02.543+0000] {logging_mixin.py:190} INFO - [2026-04-18T01:04:02.543+0000] {dagbag.py:588} INFO - Filling up the DagBag from /opt/airflow/dags/raw_from_api_to_s3.py
[2026-04-18T01:04:02.597+0000] {processor.py:925} INFO - DAG(s) 'raw_from_api_to_s3' retrieved from /opt/airflow/dags/raw_from_api_to_s3.py
[2026-04-18T01:04:02.606+0000] {logging_mixin.py:190} INFO - [2026-04-18T01:04:02.606+0000] {dag.py:3239} INFO - Sync 1 DAGs
[2026-04-18T01:04:02.617+0000] {logging_mixin.py:190} INFO - [2026-04-18T01:04:02.617+0000] {dag.py:4180} INFO - Setting next_dagrun for raw_from_api_to_s3 to 2026-04-18 00:00:00+00:00, run_after=2026-04-19 00:00:00+00:00
[2026-04-18T01:04:02.626+0000] {processor.py:208} INFO - Processing /opt/airflow/dags/raw_from_api_to_s3.py took 0.091 seconds
[2026-04-18T01:04:32.866+0000] {processor.py:186} INFO - Started process (PID=33623) to work on /opt/airflow/dags/raw_from_api_to_s3.py
[2026-04-18T01:04:32.867+0000] {processor.py:914} INFO - Processing file /opt/airflow/dags/raw_from_api_to_s3.py for tasks to queue
[2026-04-18T01:04:32.869+0000] {logging_mixin.py:190} INFO - [2026-04-18T01:04:32.869+0000] {dagbag.py:588} INFO - Filling up the DagBag from /opt/airflow/dags/raw_from_api_to_s3.py
[2026-04-18T01:04:32.918+0000] {processor.py:925} INFO - DAG(s) 'raw_from_api_to_s3' retrieved from /opt/airflow/dags/raw_from_api_to_s3.py
[2026-04-18T01:04:32.926+0000] {logging_mixin.py:190} INFO - [2026-04-18T01:04:32.925+0000] {dag.py:3239} INFO - Sync 1 DAGs
[2026-04-18T01:04:32.935+0000] {logging_mixin.py:190} INFO - [2026-04-18T01:04:32.935+0000] {dag.py:4180} INFO - Setting next_dagrun for raw_from_api_to_s3 to 2026-04-18 00:00:00+00:00, run_after=2026-04-19 00:00:00+00:00
[2026-04-18T01:04:32.941+0000] {processor.py:208} INFO - Processing /opt/airflow/dags/raw_from_api_to_s3.py took 0.083 seconds
[2026-04-18T01:05:03.175+0000] {processor.py:186} INFO - Started process (PID=33637) to work on /opt/airflow/dags/raw_from_api_to_s3.py
[2026-04-18T01:05:03.176+0000] {processor.py:914} INFO - Processing file /opt/airflow/dags/raw_from_api_to_s3.py for tasks to queue
[2026-04-18T01:05:03.180+0000] {logging_mixin.py:190} INFO - [2026-04-18T01:05:03.179+0000] {dagbag.py:588} INFO - Filling up the DagBag from /opt/airflow/dags/raw_from_api_to_s3.py
[2026-04-18T01:05:03.238+0000] {processor.py:925} INFO - DAG(s) 'raw_from_api_to_s3' retrieved from /opt/airflow/dags/raw_from_api_to_s3.py
[2026-04-18T01:05:03.245+0000] {logging_mixin.py:190} INFO - [2026-04-18T01:05:03.245+0000] {dag.py:3239} INFO - Sync 1 DAGs
[2026-04-18T01:05:03.255+0000] {logging_mixin.py:190} INFO - [2026-04-18T01:05:03.254+0000] {dag.py:4180} INFO - Setting next_dagrun for raw_from_api_to_s3 to 2026-04-18 00:00:00+00:00, run_after=2026-04-19 00:00:00+00:00
[2026-04-18T01:05:03.261+0000] {processor.py:208} INFO - Processing /opt/airflow/dags/raw_from_api_to_s3.py took 0.095 seconds
[2026-04-18T01:05:33.616+0000] {processor.py:186} INFO - Started process (PID=33651) to work on /opt/airflow/dags/raw_from_api_to_s3.py
[2026-04-18T01:05:33.617+0000] {processor.py:914} INFO - Processing file /opt/airflow/dags/raw_from_api_to_s3.py for tasks to queue
[2026-04-18T01:05:33.620+0000] {logging_mixin.py:190} INFO - [2026-04-18T01:05:33.620+0000] {dagbag.py:588} INFO - Filling up the DagBag from /opt/airflow/dags/raw_from_api_to_s3.py
[2026-04-18T01:05:33.674+0000] {processor.py:925} INFO - DAG(s) 'raw_from_api_to_s3' retrieved from /opt/airflow/dags/raw_from_api_to_s3.py
[2026-04-18T01:05:33.681+0000] {logging_mixin.py:190} INFO - [2026-04-18T01:05:33.681+0000] {dag.py:3239} INFO - Sync 1 DAGs
[2026-04-18T01:05:33.690+0000] {logging_mixin.py:190} INFO - [2026-04-18T01:05:33.690+0000] {dag.py:4180} INFO - Setting next_dagrun for raw_from_api_to_s3 to 2026-04-18 00:00:00+00:00, run_after=2026-04-19 00:00:00+00:00
[2026-04-18T01:05:33.696+0000] {processor.py:208} INFO - Processing /opt/airflow/dags/raw_from_api_to_s3.py took 0.088 seconds
[2026-04-18T01:06:03.988+0000] {processor.py:186} INFO - Started process (PID=33665) to work on /opt/airflow/dags/raw_from_api_to_s3.py
[2026-04-18T01:06:03.989+0000] {processor.py:914} INFO - Processing file /opt/airflow/dags/raw_from_api_to_s3.py for tasks to queue
[2026-04-18T01:06:03.992+0000] {logging_mixin.py:190} INFO - [2026-04-18T01:06:03.991+0000] {dagbag.py:588} INFO - Filling up the DagBag from /opt/airflow/dags/raw_from_api_to_s3.py
[2026-04-18T01:06:04.047+0000] {processor.py:925} INFO - DAG(s) 'raw_from_api_to_s3' retrieved from /opt/airflow/dags/raw_from_api_to_s3.py
[2026-04-18T01:06:04.057+0000] {logging_mixin.py:190} INFO - [2026-04-18T01:06:04.057+0000] {dag.py:3239} INFO - Sync 1 DAGs
[2026-04-18T01:06:04.067+0000] {logging_mixin.py:190} INFO - [2026-04-18T01:06:04.067+0000] {dag.py:4180} INFO - Setting next_dagrun for raw_from_api_to_s3 to 2026-04-18 00:00:00+00:00, run_after=2026-04-19 00:00:00+00:00
[2026-04-18T01:06:04.073+0000] {processor.py:208} INFO - Processing /opt/airflow/dags/raw_from_api_to_s3.py took 0.093 seconds
[2026-04-18T01:06:34.336+0000] {processor.py:186} INFO - Started process (PID=33679) to work on /opt/airflow/dags/raw_from_api_to_s3.py
[2026-04-18T01:06:34.338+0000] {processor.py:914} INFO - Processing file /opt/airflow/dags/raw_from_api_to_s3.py for tasks to queue
[2026-04-18T01:06:34.341+0000] {logging_mixin.py:190} INFO - [2026-04-18T01:06:34.340+0000] {dagbag.py:588} INFO - Filling up the DagBag from /opt/airflow/dags/raw_from_api_to_s3.py
[2026-04-18T01:06:34.387+0000] {processor.py:925} INFO - DAG(s) 'raw_from_api_to_s3' retrieved from /opt/airflow/dags/raw_from_api_to_s3.py
[2026-04-18T01:06:34.393+0000] {logging_mixin.py:190} INFO - [2026-04-18T01:06:34.393+0000] {dag.py:3239} INFO - Sync 1 DAGs
[2026-04-18T01:06:34.403+0000] {logging_mixin.py:190} INFO - [2026-04-18T01:06:34.403+0000] {dag.py:4180} INFO - Setting next_dagrun for raw_from_api_to_s3 to 2026-04-18 00:00:00+00:00, run_after=2026-04-19 00:00:00+00:00
[2026-04-18T01:06:34.409+0000] {processor.py:208} INFO - Processing /opt/airflow/dags/raw_from_api_to_s3.py took 0.079 seconds
[2026-04-18T01:07:04.735+0000] {processor.py:186} INFO - Started process (PID=33693) to work on /opt/airflow/dags/raw_from_api_to_s3.py
[2026-04-18T01:07:04.736+0000] {processor.py:914} INFO - Processing file /opt/airflow/dags/raw_from_api_to_s3.py for tasks to queue
[2026-04-18T01:07:04.739+0000] {logging_mixin.py:190} INFO - [2026-04-18T01:07:04.739+0000] {dagbag.py:588} INFO - Filling up the DagBag from /opt/airflow/dags/raw_from_api_to_s3.py
[2026-04-18T01:07:04.795+0000] {processor.py:925} INFO - DAG(s) 'raw_from_api_to_s3' retrieved from /opt/airflow/dags/raw_from_api_to_s3.py
[2026-04-18T01:07:04.802+0000] {logging_mixin.py:190} INFO - [2026-04-18T01:07:04.802+0000] {dag.py:3239} INFO - Sync 1 DAGs
[2026-04-18T01:07:04.811+0000] {logging_mixin.py:190} INFO - [2026-04-18T01:07:04.811+0000] {dag.py:4180} INFO - Setting next_dagrun for raw_from_api_to_s3 to 2026-04-18 00:00:00+00:00, run_after=2026-04-19 00:00:00+00:00
[2026-04-18T01:07:04.818+0000] {processor.py:208} INFO - Processing /opt/airflow/dags/raw_from_api_to_s3.py took 0.091 seconds
[2026-04-18T01:07:35.103+0000] {processor.py:186} INFO - Started process (PID=33707) to work on /opt/airflow/dags/raw_from_api_to_s3.py
[2026-04-18T01:07:35.104+0000] {processor.py:914} INFO - Processing file /opt/airflow/dags/raw_from_api_to_s3.py for tasks to queue
[2026-04-18T01:07:35.107+0000] {logging_mixin.py:190} INFO - [2026-04-18T01:07:35.107+0000] {dagbag.py:588} INFO - Filling up the DagBag from /opt/airflow/dags/raw_from_api_to_s3.py
[2026-04-18T01:07:35.164+0000] {processor.py:925} INFO - DAG(s) 'raw_from_api_to_s3' retrieved from /opt/airflow/dags/raw_from_api_to_s3.py
[2026-04-18T01:07:35.173+0000] {logging_mixin.py:190} INFO - [2026-04-18T01:07:35.173+0000] {dag.py:3239} INFO - Sync 1 DAGs
[2026-04-18T01:07:35.183+0000] {logging_mixin.py:190} INFO - [2026-04-18T01:07:35.183+0000] {dag.py:4180} INFO - Setting next_dagrun for raw_from_api_to_s3 to 2026-04-18 00:00:00+00:00, run_after=2026-04-19 00:00:00+00:00
[2026-04-18T01:07:35.190+0000] {processor.py:208} INFO - Processing /opt/airflow/dags/raw_from_api_to_s3.py took 0.094 seconds
[2026-04-18T01:08:05.491+0000] {processor.py:186} INFO - Started process (PID=33721) to work on /opt/airflow/dags/raw_from_api_to_s3.py
[2026-04-18T01:08:05.492+0000] {processor.py:914} INFO - Processing file /opt/airflow/dags/raw_from_api_to_s3.py for tasks to queue
[2026-04-18T01:08:05.495+0000] {logging_mixin.py:190} INFO - [2026-04-18T01:08:05.495+0000] {dagbag.py:588} INFO - Filling up the DagBag from /opt/airflow/dags/raw_from_api_to_s3.py
[2026-04-18T01:08:05.545+0000] {processor.py:925} INFO - DAG(s) 'raw_from_api_to_s3' retrieved from /opt/airflow/dags/raw_from_api_to_s3.py
[2026-04-18T01:08:05.552+0000] {logging_mixin.py:190} INFO - [2026-04-18T01:08:05.552+0000] {dag.py:3239} INFO - Sync 1 DAGs
[2026-04-18T01:08:05.563+0000] {logging_mixin.py:190} INFO - [2026-04-18T01:08:05.563+0000] {dag.py:4180} INFO - Setting next_dagrun for raw_from_api_to_s3 to 2026-04-18 00:00:00+00:00, run_after=2026-04-19 00:00:00+00:00
[2026-04-18T01:08:05.570+0000] {processor.py:208} INFO - Processing /opt/airflow/dags/raw_from_api_to_s3.py took 0.086 seconds
[2026-04-18T01:08:35.818+0000] {processor.py:186} INFO - Started process (PID=33735) to work on /opt/airflow/dags/raw_from_api_to_s3.py
[2026-04-18T01:08:35.818+0000] {processor.py:914} INFO - Processing file /opt/airflow/dags/raw_from_api_to_s3.py for tasks to queue
[2026-04-18T01:08:35.820+0000] {logging_mixin.py:190} INFO - [2026-04-18T01:08:35.819+0000] {dagbag.py:588} INFO - Filling up the DagBag from /opt/airflow/dags/raw_from_api_to_s3.py
[2026-04-18T01:08:35.857+0000] {processor.py:925} INFO - DAG(s) 'raw_from_api_to_s3' retrieved from /opt/airflow/dags/raw_from_api_to_s3.py
[2026-04-18T01:08:35.864+0000] {logging_mixin.py:190} INFO - [2026-04-18T01:08:35.864+0000] {dag.py:3239} INFO - Sync 1 DAGs
[2026-04-18T01:08:35.872+0000] {logging_mixin.py:190} INFO - [2026-04-18T01:08:35.872+0000] {dag.py:4180} INFO - Setting next_dagrun for raw_from_api_to_s3 to 2026-04-18 00:00:00+00:00, run_after=2026-04-19 00:00:00+00:00
[2026-04-18T01:08:35.878+0000] {processor.py:208} INFO - Processing /opt/airflow/dags/raw_from_api_to_s3.py took 0.064 seconds
[2026-04-18T01:09:06.151+0000] {processor.py:186} INFO - Started process (PID=33749) to work on /opt/airflow/dags/raw_from_api_to_s3.py
[2026-04-18T01:09:06.152+0000] {processor.py:914} INFO - Processing file /opt/airflow/dags/raw_from_api_to_s3.py for tasks to queue
[2026-04-18T01:09:06.156+0000] {logging_mixin.py:190} INFO - [2026-04-18T01:09:06.155+0000] {dagbag.py:588} INFO - Filling up the DagBag from /opt/airflow/dags/raw_from_api_to_s3.py
[2026-04-18T01:09:06.211+0000] {processor.py:925} INFO - DAG(s) 'raw_from_api_to_s3' retrieved from /opt/airflow/dags/raw_from_api_to_s3.py
[2026-04-18T01:09:06.218+0000] {logging_mixin.py:190} INFO - [2026-04-18T01:09:06.218+0000] {dag.py:3239} INFO - Sync 1 DAGs
[2026-04-18T01:09:06.227+0000] {logging_mixin.py:190} INFO - [2026-04-18T01:09:06.227+0000] {dag.py:4180} INFO - Setting next_dagrun for raw_from_api_to_s3 to 2026-04-18 00:00:00+00:00, run_after=2026-04-19 00:00:00+00:00
[2026-04-18T01:09:06.235+0000] {processor.py:208} INFO - Processing /opt/airflow/dags/raw_from_api_to_s3.py took 0.092 seconds
[2026-04-18T01:09:36.445+0000] {processor.py:186} INFO - Started process (PID=33763) to work on /opt/airflow/dags/raw_from_api_to_s3.py
[2026-04-18T01:09:36.446+0000] {processor.py:914} INFO - Processing file /opt/airflow/dags/raw_from_api_to_s3.py for tasks to queue
[2026-04-18T01:09:36.449+0000] {logging_mixin.py:190} INFO - [2026-04-18T01:09:36.448+0000] {dagbag.py:588} INFO - Filling up the DagBag from /opt/airflow/dags/raw_from_api_to_s3.py
[2026-04-18T01:09:36.504+0000] {processor.py:925} INFO - DAG(s) 'raw_from_api_to_s3' retrieved from /opt/airflow/dags/raw_from_api_to_s3.py
[2026-04-18T01:09:36.513+0000] {logging_mixin.py:190} INFO - [2026-04-18T01:09:36.513+0000] {dag.py:3239} INFO - Sync 1 DAGs
[2026-04-18T01:09:36.524+0000] {logging_mixin.py:190} INFO - [2026-04-18T01:09:36.524+0000] {dag.py:4180} INFO - Setting next_dagrun for raw_from_api_to_s3 to 2026-04-18 00:00:00+00:00, run_after=2026-04-19 00:00:00+00:00
[2026-04-18T01:09:36.531+0000] {processor.py:208} INFO - Processing /opt/airflow/dags/raw_from_api_to_s3.py took 0.092 seconds
[2026-04-18T01:10:06.763+0000] {processor.py:186} INFO - Started process (PID=33776) to work on /opt/airflow/dags/raw_from_api_to_s3.py
[2026-04-18T01:10:06.764+0000] {processor.py:914} INFO - Processing file /opt/airflow/dags/raw_from_api_to_s3.py for tasks to queue
[2026-04-18T01:10:06.765+0000] {logging_mixin.py:190} INFO - [2026-04-18T01:10:06.765+0000] {dagbag.py:588} INFO - Filling up the DagBag from /opt/airflow/dags/raw_from_api_to_s3.py
[2026-04-18T01:10:06.804+0000] {processor.py:925} INFO - DAG(s) 'raw_from_api_to_s3' retrieved from /opt/airflow/dags/raw_from_api_to_s3.py
[2026-04-18T01:10:06.811+0000] {logging_mixin.py:190} INFO - [2026-04-18T01:10:06.811+0000] {dag.py:3239} INFO - Sync 1 DAGs
[2026-04-18T01:10:06.821+0000] {logging_mixin.py:190} INFO - [2026-04-18T01:10:06.821+0000] {dag.py:4180} INFO - Setting next_dagrun for raw_from_api_to_s3 to 2026-04-18 00:00:00+00:00, run_after=2026-04-19 00:00:00+00:00
[2026-04-18T01:10:06.828+0000] {processor.py:208} INFO - Processing /opt/airflow/dags/raw_from_api_to_s3.py took 0.068 seconds
[2026-04-18T01:10:37.180+0000] {processor.py:186} INFO - Started process (PID=33790) to work on /opt/airflow/dags/raw_from_api_to_s3.py
[2026-04-18T01:10:37.181+0000] {processor.py:914} INFO - Processing file /opt/airflow/dags/raw_from_api_to_s3.py for tasks to queue
[2026-04-18T01:10:37.184+0000] {logging_mixin.py:190} INFO - [2026-04-18T01:10:37.184+0000] {dagbag.py:588} INFO - Filling up the DagBag from /opt/airflow/dags/raw_from_api_to_s3.py
[2026-04-18T01:10:37.239+0000] {processor.py:925} INFO - DAG(s) 'raw_from_api_to_s3' retrieved from /opt/airflow/dags/raw_from_api_to_s3.py
[2026-04-18T01:10:37.247+0000] {logging_mixin.py:190} INFO - [2026-04-18T01:10:37.246+0000] {dag.py:3239} INFO - Sync 1 DAGs
[2026-04-18T01:10:37.256+0000] {logging_mixin.py:190} INFO - [2026-04-18T01:10:37.256+0000] {dag.py:4180} INFO - Setting next_dagrun for raw_from_api_to_s3 to 2026-04-18 00:00:00+00:00, run_after=2026-04-19 00:00:00+00:00
[2026-04-18T01:10:37.264+0000] {processor.py:208} INFO - Processing /opt/airflow/dags/raw_from_api_to_s3.py took 0.091 seconds
[2026-04-18T01:11:07.552+0000] {processor.py:186} INFO - Started process (PID=33804) to work on /opt/airflow/dags/raw_from_api_to_s3.py
[2026-04-18T01:11:07.554+0000] {processor.py:914} INFO - Processing file /opt/airflow/dags/raw_from_api_to_s3.py for tasks to queue
[2026-04-18T01:11:07.557+0000] {logging_mixin.py:190} INFO - [2026-04-18T01:11:07.556+0000] {dagbag.py:588} INFO - Filling up the DagBag from /opt/airflow/dags/raw_from_api_to_s3.py
[2026-04-18T01:11:07.607+0000] {processor.py:925} INFO - DAG(s) 'raw_from_api_to_s3' retrieved from /opt/airflow/dags/raw_from_api_to_s3.py
[2026-04-18T01:11:07.614+0000] {logging_mixin.py:190} INFO - [2026-04-18T01:11:07.614+0000] {dag.py:3239} INFO - Sync 1 DAGs
[2026-04-18T01:11:07.623+0000] {logging_mixin.py:190} INFO - [2026-04-18T01:11:07.623+0000] {dag.py:4180} INFO - Setting next_dagrun for raw_from_api_to_s3 to 2026-04-18 00:00:00+00:00, run_after=2026-04-19 00:00:00+00:00
[2026-04-18T01:11:07.629+0000] {processor.py:208} INFO - Processing /opt/airflow/dags/raw_from_api_to_s3.py took 0.083 seconds
[2026-04-18T01:11:37.875+0000] {processor.py:186} INFO - Started process (PID=33818) to work on /opt/airflow/dags/raw_from_api_to_s3.py
[2026-04-18T01:11:37.877+0000] {processor.py:914} INFO - Processing file /opt/airflow/dags/raw_from_api_to_s3.py for tasks to queue
[2026-04-18T01:11:37.880+0000] {logging_mixin.py:190} INFO - [2026-04-18T01:11:37.879+0000] {dagbag.py:588} INFO - Filling up the DagBag from /opt/airflow/dags/raw_from_api_to_s3.py
[2026-04-18T01:11:37.944+0000] {processor.py:925} INFO - DAG(s) 'raw_from_api_to_s3' retrieved from /opt/airflow/dags/raw_from_api_to_s3.py
[2026-04-18T01:11:37.952+0000] {logging_mixin.py:190} INFO - [2026-04-18T01:11:37.952+0000] {dag.py:3239} INFO - Sync 1 DAGs
[2026-04-18T01:11:37.962+0000] {logging_mixin.py:190} INFO - [2026-04-18T01:11:37.962+0000] {dag.py:4180} INFO - Setting next_dagrun for raw_from_api_to_s3 to 2026-04-18 00:00:00+00:00, run_after=2026-04-19 00:00:00+00:00
[2026-04-18T01:11:37.970+0000] {processor.py:208} INFO - Processing /opt/airflow/dags/raw_from_api_to_s3.py took 0.102 seconds
[2026-04-18T01:12:08.289+0000] {processor.py:186} INFO - Started process (PID=33832) to work on /opt/airflow/dags/raw_from_api_to_s3.py
[2026-04-18T01:12:08.290+0000] {processor.py:914} INFO - Processing file /opt/airflow/dags/raw_from_api_to_s3.py for tasks to queue
[2026-04-18T01:12:08.293+0000] {logging_mixin.py:190} INFO - [2026-04-18T01:12:08.293+0000] {dagbag.py:588} INFO - Filling up the DagBag from /opt/airflow/dags/raw_from_api_to_s3.py
[2026-04-18T01:12:08.349+0000] {processor.py:925} INFO - DAG(s) 'raw_from_api_to_s3' retrieved from /opt/airflow/dags/raw_from_api_to_s3.py
[2026-04-18T01:12:08.356+0000] {logging_mixin.py:190} INFO - [2026-04-18T01:12:08.356+0000] {dag.py:3239} INFO - Sync 1 DAGs
[2026-04-18T01:12:08.366+0000] {logging_mixin.py:190} INFO - [2026-04-18T01:12:08.366+0000] {dag.py:4180} INFO - Setting next_dagrun for raw_from_api_to_s3 to 2026-04-18 00:00:00+00:00, run_after=2026-04-19 00:00:00+00:00
[2026-04-18T01:12:08.373+0000] {processor.py:208} INFO - Processing /opt/airflow/dags/raw_from_api_to_s3.py took 0.091 seconds
[2026-04-18T01:12:38.659+0000] {processor.py:186} INFO - Started process (PID=33846) to work on /opt/airflow/dags/raw_from_api_to_s3.py
[2026-04-18T01:12:38.660+0000] {processor.py:914} INFO - Processing file /opt/airflow/dags/raw_from_api_to_s3.py for tasks to queue
[2026-04-18T01:12:38.662+0000] {logging_mixin.py:190} INFO - [2026-04-18T01:12:38.661+0000] {dagbag.py:588} INFO - Filling up the DagBag from /opt/airflow/dags/raw_from_api_to_s3.py
[2026-04-18T01:12:38.701+0000] {processor.py:925} INFO - DAG(s) 'raw_from_api_to_s3' retrieved from /opt/airflow/dags/raw_from_api_to_s3.py
[2026-04-18T01:12:38.709+0000] {logging_mixin.py:190} INFO - [2026-04-18T01:12:38.708+0000] {dag.py:3239} INFO - Sync 1 DAGs
[2026-04-18T01:12:38.719+0000] {logging_mixin.py:190} INFO - [2026-04-18T01:12:38.719+0000] {dag.py:4180} INFO - Setting next_dagrun for raw_from_api_to_s3 to 2026-04-18 00:00:00+00:00, run_after=2026-04-19 00:00:00+00:00
[2026-04-18T01:12:38.726+0000] {processor.py:208} INFO - Processing /opt/airflow/dags/raw_from_api_to_s3.py took 0.070 seconds
[2026-04-18T01:13:09.033+0000] {processor.py:186} INFO - Started process (PID=33860) to work on /opt/airflow/dags/raw_from_api_to_s3.py
[2026-04-18T01:13:09.034+0000] {processor.py:914} INFO - Processing file /opt/airflow/dags/raw_from_api_to_s3.py for tasks to queue
[2026-04-18T01:13:09.037+0000] {logging_mixin.py:190} INFO - [2026-04-18T01:13:09.037+0000] {dagbag.py:588} INFO - Filling up the DagBag from /opt/airflow/dags/raw_from_api_to_s3.py
[2026-04-18T01:13:09.097+0000] {processor.py:925} INFO - DAG(s) 'raw_from_api_to_s3' retrieved from /opt/airflow/dags/raw_from_api_to_s3.py
[2026-04-18T01:13:09.107+0000] {logging_mixin.py:190} INFO - [2026-04-18T01:13:09.106+0000] {dag.py:3239} INFO - Sync 1 DAGs
[2026-04-18T01:13:09.117+0000] {logging_mixin.py:190} INFO - [2026-04-18T01:13:09.117+0000] {dag.py:4180} INFO - Setting next_dagrun for raw_from_api_to_s3 to 2026-04-18 00:00:00+00:00, run_after=2026-04-19 00:00:00+00:00
[2026-04-18T01:13:09.124+0000] {processor.py:208} INFO - Processing /opt/airflow/dags/raw_from_api_to_s3.py took 0.098 seconds
[2026-04-18T01:13:39.369+0000] {processor.py:186} INFO - Started process (PID=33874) to work on /opt/airflow/dags/raw_from_api_to_s3.py
[2026-04-18T01:13:39.371+0000] {processor.py:914} INFO - Processing file /opt/airflow/dags/raw_from_api_to_s3.py for tasks to queue
[2026-04-18T01:13:39.374+0000] {logging_mixin.py:190} INFO - [2026-04-18T01:13:39.373+0000] {dagbag.py:588} INFO - Filling up the DagBag from /opt/airflow/dags/raw_from_api_to_s3.py
[2026-04-18T01:13:39.425+0000] {processor.py:925} INFO - DAG(s) 'raw_from_api_to_s3' retrieved from /opt/airflow/dags/raw_from_api_to_s3.py
[2026-04-18T01:13:39.432+0000] {logging_mixin.py:190} INFO - [2026-04-18T01:13:39.431+0000] {dag.py:3239} INFO - Sync 1 DAGs
[2026-04-18T01:13:39.441+0000] {logging_mixin.py:190} INFO - [2026-04-18T01:13:39.440+0000] {dag.py:4180} INFO - Setting next_dagrun for raw_from_api_to_s3 to 2026-04-18 00:00:00+00:00, run_after=2026-04-19 00:00:00+00:00
[2026-04-18T01:13:39.447+0000] {processor.py:208} INFO - Processing /opt/airflow/dags/raw_from_api_to_s3.py took 0.086 seconds
[2026-04-18T01:14:09.704+0000] {processor.py:186} INFO - Started process (PID=33888) to work on /opt/airflow/dags/raw_from_api_to_s3.py
[2026-04-18T01:14:09.704+0000] {processor.py:914} INFO - Processing file /opt/airflow/dags/raw_from_api_to_s3.py for tasks to queue
[2026-04-18T01:14:09.708+0000] {logging_mixin.py:190} INFO - [2026-04-18T01:14:09.707+0000] {dagbag.py:588} INFO - Filling up the DagBag from /opt/airflow/dags/raw_from_api_to_s3.py
[2026-04-18T01:14:09.762+0000] {processor.py:925} INFO - DAG(s) 'raw_from_api_to_s3' retrieved from /opt/airflow/dags/raw_from_api_to_s3.py
[2026-04-18T01:14:09.769+0000] {logging_mixin.py:190} INFO - [2026-04-18T01:14:09.769+0000] {dag.py:3239} INFO - Sync 1 DAGs
[2026-04-18T01:14:09.778+0000] {logging_mixin.py:190} INFO - [2026-04-18T01:14:09.778+0000] {dag.py:4180} INFO - Setting next_dagrun for raw_from_api_to_s3 to 2026-04-18 00:00:00+00:00, run_after=2026-04-19 00:00:00+00:00
[2026-04-18T01:14:09.784+0000] {processor.py:208} INFO - Processing /opt/airflow/dags/raw_from_api_to_s3.py took 0.088 seconds
[2026-04-18T01:14:39.988+0000] {processor.py:186} INFO - Started process (PID=33902) to work on /opt/airflow/dags/raw_from_api_to_s3.py
[2026-04-18T01:14:39.989+0000] {processor.py:914} INFO - Processing file /opt/airflow/dags/raw_from_api_to_s3.py for tasks to queue
[2026-04-18T01:14:39.992+0000] {logging_mixin.py:190} INFO - [2026-04-18T01:14:39.992+0000] {dagbag.py:588} INFO - Filling up the DagBag from /opt/airflow/dags/raw_from_api_to_s3.py
[2026-04-18T01:14:40.040+0000] {processor.py:925} INFO - DAG(s) 'raw_from_api_to_s3' retrieved from /opt/airflow/dags/raw_from_api_to_s3.py
[2026-04-18T01:14:40.048+0000] {logging_mixin.py:190} INFO - [2026-04-18T01:14:40.048+0000] {dag.py:3239} INFO - Sync 1 DAGs
[2026-04-18T01:14:40.058+0000] {logging_mixin.py:190} INFO - [2026-04-18T01:14:40.058+0000] {dag.py:4180} INFO - Setting next_dagrun for raw_from_api_to_s3 to 2026-04-18 00:00:00+00:00, run_after=2026-04-19 00:00:00+00:00
[2026-04-18T01:14:40.064+0000] {processor.py:208} INFO - Processing /opt/airflow/dags/raw_from_api_to_s3.py took 0.084 seconds
[2026-04-18T01:15:10.406+0000] {processor.py:186} INFO - Started process (PID=33916) to work on /opt/airflow/dags/raw_from_api_to_s3.py
[2026-04-18T01:15:10.407+0000] {processor.py:914} INFO - Processing file /opt/airflow/dags/raw_from_api_to_s3.py for tasks to queue
[2026-04-18T01:15:10.411+0000] {logging_mixin.py:190} INFO - [2026-04-18T01:15:10.411+0000] {dagbag.py:588} INFO - Filling up the DagBag from /opt/airflow/dags/raw_from_api_to_s3.py
[2026-04-18T01:15:10.477+0000] {processor.py:925} INFO - DAG(s) 'raw_from_api_to_s3' retrieved from /opt/airflow/dags/raw_from_api_to_s3.py
[2026-04-18T01:15:10.486+0000] {logging_mixin.py:190} INFO - [2026-04-18T01:15:10.486+0000] {dag.py:3239} INFO - Sync 1 DAGs
[2026-04-18T01:15:10.498+0000] {logging_mixin.py:190} INFO - [2026-04-18T01:15:10.498+0000] {dag.py:4180} INFO - Setting next_dagrun for raw_from_api_to_s3 to 2026-04-18 00:00:00+00:00, run_after=2026-04-19 00:00:00+00:00
[2026-04-18T01:15:10.505+0000] {processor.py:208} INFO - Processing /opt/airflow/dags/raw_from_api_to_s3.py took 0.107 seconds
[2026-04-18T01:15:40.721+0000] {processor.py:186} INFO - Started process (PID=33930) to work on /opt/airflow/dags/raw_from_api_to_s3.py
[2026-04-18T01:15:40.722+0000] {processor.py:914} INFO - Processing file /opt/airflow/dags/raw_from_api_to_s3.py for tasks to queue
[2026-04-18T01:15:40.725+0000] {logging_mixin.py:190} INFO - [2026-04-18T01:15:40.724+0000] {dagbag.py:588} INFO - Filling up the DagBag from /opt/airflow/dags/raw_from_api_to_s3.py
[2026-04-18T01:15:40.775+0000] {processor.py:925} INFO - DAG(s) 'raw_from_api_to_s3' retrieved from /opt/airflow/dags/raw_from_api_to_s3.py
[2026-04-18T01:15:40.782+0000] {logging_mixin.py:190} INFO - [2026-04-18T01:15:40.782+0000] {dag.py:3239} INFO - Sync 1 DAGs
[2026-04-18T01:15:40.791+0000] {logging_mixin.py:190} INFO - [2026-04-18T01:15:40.791+0000] {dag.py:4180} INFO - Setting next_dagrun for raw_from_api_to_s3 to 2026-04-18 00:00:00+00:00, run_after=2026-04-19 00:00:00+00:00
[2026-04-18T01:15:40.798+0000] {processor.py:208} INFO - Processing /opt/airflow/dags/raw_from_api_to_s3.py took 0.084 seconds
[2026-04-18T01:16:11.109+0000] {processor.py:186} INFO - Started process (PID=33944) to work on /opt/airflow/dags/raw_from_api_to_s3.py
[2026-04-18T01:16:11.111+0000] {processor.py:914} INFO - Processing file /opt/airflow/dags/raw_from_api_to_s3.py for tasks to queue
[2026-04-18T01:16:11.115+0000] {logging_mixin.py:190} INFO - [2026-04-18T01:16:11.114+0000] {dagbag.py:588} INFO - Filling up the DagBag from /opt/airflow/dags/raw_from_api_to_s3.py
[2026-04-18T01:16:11.173+0000] {processor.py:925} INFO - DAG(s) 'raw_from_api_to_s3' retrieved from /opt/airflow/dags/raw_from_api_to_s3.py
[2026-04-18T01:16:11.180+0000] {logging_mixin.py:190} INFO - [2026-04-18T01:16:11.180+0000] {dag.py:3239} INFO - Sync 1 DAGs
[2026-04-18T01:16:11.190+0000] {logging_mixin.py:190} INFO - [2026-04-18T01:16:11.190+0000] {dag.py:4180} INFO - Setting next_dagrun for raw_from_api_to_s3 to 2026-04-18 00:00:00+00:00, run_after=2026-04-19 00:00:00+00:00
[2026-04-18T01:16:11.196+0000] {processor.py:208} INFO - Processing /opt/airflow/dags/raw_from_api_to_s3.py took 0.096 seconds
[2026-04-18T01:16:41.478+0000] {processor.py:186} INFO - Started process (PID=33958) to work on /opt/airflow/dags/raw_from_api_to_s3.py
[2026-04-18T01:16:41.479+0000] {processor.py:914} INFO - Processing file /opt/airflow/dags/raw_from_api_to_s3.py for tasks to queue
[2026-04-18T01:16:41.482+0000] {logging_mixin.py:190} INFO - [2026-04-18T01:16:41.482+0000] {dagbag.py:588} INFO - Filling up the DagBag from /opt/airflow/dags/raw_from_api_to_s3.py
[2026-04-18T01:16:41.532+0000] {processor.py:925} INFO - DAG(s) 'raw_from_api_to_s3' retrieved from /opt/airflow/dags/raw_from_api_to_s3.py
[2026-04-18T01:16:41.539+0000] {logging_mixin.py:190} INFO - [2026-04-18T01:16:41.539+0000] {dag.py:3239} INFO - Sync 1 DAGs
[2026-04-18T01:16:41.549+0000] {logging_mixin.py:190} INFO - [2026-04-18T01:16:41.549+0000] {dag.py:4180} INFO - Setting next_dagrun for raw_from_api_to_s3 to 2026-04-18 00:00:00+00:00, run_after=2026-04-19 00:00:00+00:00
[2026-04-18T01:16:41.555+0000] {processor.py:208} INFO - Processing /opt/airflow/dags/raw_from_api_to_s3.py took 0.084 seconds
[2026-04-18T01:17:11.830+0000] {processor.py:186} INFO - Started process (PID=33971) to work on /opt/airflow/dags/raw_from_api_to_s3.py
[2026-04-18T01:17:11.831+0000] {processor.py:914} INFO - Processing file /opt/airflow/dags/raw_from_api_to_s3.py for tasks to queue
[2026-04-18T01:17:11.834+0000] {logging_mixin.py:190} INFO - [2026-04-18T01:17:11.834+0000] {dagbag.py:588} INFO - Filling up the DagBag from /opt/airflow/dags/raw_from_api_to_s3.py
[2026-04-18T01:17:11.900+0000] {processor.py:925} INFO - DAG(s) 'raw_from_api_to_s3' retrieved from /opt/airflow/dags/raw_from_api_to_s3.py
[2026-04-18T01:17:11.908+0000] {logging_mixin.py:190} INFO - [2026-04-18T01:17:11.908+0000] {dag.py:3239} INFO - Sync 1 DAGs
[2026-04-18T01:17:11.919+0000] {logging_mixin.py:190} INFO - [2026-04-18T01:17:11.919+0000] {dag.py:4180} INFO - Setting next_dagrun for raw_from_api_to_s3 to 2026-04-18 00:00:00+00:00, run_after=2026-04-19 00:00:00+00:00
[2026-04-18T01:17:11.926+0000] {processor.py:208} INFO - Processing /opt/airflow/dags/raw_from_api_to_s3.py took 0.104 seconds
[2026-04-18T01:17:42.193+0000] {processor.py:186} INFO - Started process (PID=33985) to work on /opt/airflow/dags/raw_from_api_to_s3.py
[2026-04-18T01:17:42.194+0000] {processor.py:914} INFO - Processing file /opt/airflow/dags/raw_from_api_to_s3.py for tasks to queue
[2026-04-18T01:17:42.197+0000] {logging_mixin.py:190} INFO - [2026-04-18T01:17:42.197+0000] {dagbag.py:588} INFO - Filling up the DagBag from /opt/airflow/dags/raw_from_api_to_s3.py
[2026-04-18T01:17:42.252+0000] {processor.py:925} INFO - DAG(s) 'raw_from_api_to_s3' retrieved from /opt/airflow/dags/raw_from_api_to_s3.py
[2026-04-18T01:17:42.259+0000] {logging_mixin.py:190} INFO - [2026-04-18T01:17:42.259+0000] {dag.py:3239} INFO - Sync 1 DAGs
[2026-04-18T01:17:42.269+0000] {logging_mixin.py:190} INFO - [2026-04-18T01:17:42.269+0000] {dag.py:4180} INFO - Setting next_dagrun for raw_from_api_to_s3 to 2026-04-18 00:00:00+00:00, run_after=2026-04-19 00:00:00+00:00
[2026-04-18T01:17:42.276+0000] {processor.py:208} INFO - Processing /opt/airflow/dags/raw_from_api_to_s3.py took 0.092 seconds
[2026-04-18T01:18:12.554+0000] {processor.py:186} INFO - Started process (PID=33999) to work on /opt/airflow/dags/raw_from_api_to_s3.py
[2026-04-18T01:18:12.555+0000] {processor.py:914} INFO - Processing file /opt/airflow/dags/raw_from_api_to_s3.py for tasks to queue
[2026-04-18T01:18:12.558+0000] {logging_mixin.py:190} INFO - [2026-04-18T01:18:12.558+0000] {dagbag.py:588} INFO - Filling up the DagBag from /opt/airflow/dags/raw_from_api_to_s3.py
[2026-04-18T01:18:12.610+0000] {processor.py:925} INFO - DAG(s) 'raw_from_api_to_s3' retrieved from /opt/airflow/dags/raw_from_api_to_s3.py
[2026-04-18T01:18:12.617+0000] {logging_mixin.py:190} INFO - [2026-04-18T01:18:12.617+0000] {dag.py:3239} INFO - Sync 1 DAGs
[2026-04-18T01:18:12.626+0000] {logging_mixin.py:190} INFO - [2026-04-18T01:18:12.626+0000] {dag.py:4180} INFO - Setting next_dagrun for raw_from_api_to_s3 to 2026-04-18 00:00:00+00:00, run_after=2026-04-19 00:00:00+00:00
[2026-04-18T01:18:12.632+0000] {processor.py:208} INFO - Processing /opt/airflow/dags/raw_from_api_to_s3.py took 0.086 seconds
[2026-04-18T01:18:42.883+0000] {processor.py:186} INFO - Started process (PID=34013) to work on /opt/airflow/dags/raw_from_api_to_s3.py
[2026-04-18T01:18:42.884+0000] {processor.py:914} INFO - Processing file /opt/airflow/dags/raw_from_api_to_s3.py for tasks to queue
[2026-04-18T01:18:42.887+0000] {logging_mixin.py:190} INFO - [2026-04-18T01:18:42.887+0000] {dagbag.py:588} INFO - Filling up the DagBag from /opt/airflow/dags/raw_from_api_to_s3.py
[2026-04-18T01:18:42.945+0000] {processor.py:925} INFO - DAG(s) 'raw_from_api_to_s3' retrieved from /opt/airflow/dags/raw_from_api_to_s3.py
[2026-04-18T01:18:42.954+0000] {logging_mixin.py:190} INFO - [2026-04-18T01:18:42.954+0000] {dag.py:3239} INFO - Sync 1 DAGs
[2026-04-18T01:18:42.964+0000] {logging_mixin.py:190} INFO - [2026-04-18T01:18:42.964+0000] {dag.py:4180} INFO - Setting next_dagrun for raw_from_api_to_s3 to 2026-04-18 00:00:00+00:00, run_after=2026-04-19 00:00:00+00:00
[2026-04-18T01:18:42.971+0000] {processor.py:208} INFO - Processing /opt/airflow/dags/raw_from_api_to_s3.py took 0.096 seconds
[2026-04-18T01:19:13.218+0000] {processor.py:186} INFO - Started process (PID=34027) to work on /opt/airflow/dags/raw_from_api_to_s3.py
[2026-04-18T01:19:13.218+0000] {processor.py:914} INFO - Processing file /opt/airflow/dags/raw_from_api_to_s3.py for tasks to queue
[2026-04-18T01:19:13.222+0000] {logging_mixin.py:190} INFO - [2026-04-18T01:19:13.222+0000] {dagbag.py:588} INFO - Filling up the DagBag from /opt/airflow/dags/raw_from_api_to_s3.py
[2026-04-18T01:19:13.273+0000] {processor.py:925} INFO - DAG(s) 'raw_from_api_to_s3' retrieved from /opt/airflow/dags/raw_from_api_to_s3.py
[2026-04-18T01:19:13.280+0000] {logging_mixin.py:190} INFO - [2026-04-18T01:19:13.280+0000] {dag.py:3239} INFO - Sync 1 DAGs
[2026-04-18T01:19:13.290+0000] {logging_mixin.py:190} INFO - [2026-04-18T01:19:13.290+0000] {dag.py:4180} INFO - Setting next_dagrun for raw_from_api_to_s3 to 2026-04-18 00:00:00+00:00, run_after=2026-04-19 00:00:00+00:00
[2026-04-18T01:19:13.296+0000] {processor.py:208} INFO - Processing /opt/airflow/dags/raw_from_api_to_s3.py took 0.086 seconds
[2026-04-18T01:19:43.577+0000] {processor.py:186} INFO - Started process (PID=34041) to work on /opt/airflow/dags/raw_from_api_to_s3.py
[2026-04-18T01:19:43.578+0000] {processor.py:914} INFO - Processing file /opt/airflow/dags/raw_from_api_to_s3.py for tasks to queue
[2026-04-18T01:19:43.581+0000] {logging_mixin.py:190} INFO - [2026-04-18T01:19:43.581+0000] {dagbag.py:588} INFO - Filling up the DagBag from /opt/airflow/dags/raw_from_api_to_s3.py
[2026-04-18T01:19:43.633+0000] {processor.py:925} INFO - DAG(s) 'raw_from_api_to_s3' retrieved from /opt/airflow/dags/raw_from_api_to_s3.py
[2026-04-18T01:19:43.641+0000] {logging_mixin.py:190} INFO - [2026-04-18T01:19:43.641+0000] {dag.py:3239} INFO - Sync 1 DAGs
[2026-04-18T01:19:43.650+0000] {logging_mixin.py:190} INFO - [2026-04-18T01:19:43.650+0000] {dag.py:4180} INFO - Setting next_dagrun for raw_from_api_to_s3 to 2026-04-18 00:00:00+00:00, run_after=2026-04-19 00:00:00+00:00
[2026-04-18T01:19:43.657+0000] {processor.py:208} INFO - Processing /opt/airflow/dags/raw_from_api_to_s3.py took 0.087 seconds
[2026-04-18T01:20:13.876+0000] {processor.py:186} INFO - Started process (PID=34055) to work on /opt/airflow/dags/raw_from_api_to_s3.py
[2026-04-18T01:20:13.877+0000] {processor.py:914} INFO - Processing file /opt/airflow/dags/raw_from_api_to_s3.py for tasks to queue
[2026-04-18T01:20:13.879+0000] {logging_mixin.py:190} INFO - [2026-04-18T01:20:13.879+0000] {dagbag.py:588} INFO - Filling up the DagBag from /opt/airflow/dags/raw_from_api_to_s3.py
[2026-04-18T01:20:13.928+0000] {processor.py:925} INFO - DAG(s) 'raw_from_api_to_s3' retrieved from /opt/airflow/dags/raw_from_api_to_s3.py
[2026-04-18T01:20:13.934+0000] {logging_mixin.py:190} INFO - [2026-04-18T01:20:13.934+0000] {dag.py:3239} INFO - Sync 1 DAGs
[2026-04-18T01:20:13.944+0000] {logging_mixin.py:190} INFO - [2026-04-18T01:20:13.944+0000] {dag.py:4180} INFO - Setting next_dagrun for raw_from_api_to_s3 to 2026-04-18 00:00:00+00:00, run_after=2026-04-19 00:00:00+00:00
[2026-04-18T01:20:13.950+0000] {processor.py:208} INFO - Processing /opt/airflow/dags/raw_from_api_to_s3.py took 0.082 seconds
[2026-04-18T01:20:44.226+0000] {processor.py:186} INFO - Started process (PID=34069) to work on /opt/airflow/dags/raw_from_api_to_s3.py
[2026-04-18T01:20:44.227+0000] {processor.py:914} INFO - Processing file /opt/airflow/dags/raw_from_api_to_s3.py for tasks to queue
[2026-04-18T01:20:44.230+0000] {logging_mixin.py:190} INFO - [2026-04-18T01:20:44.229+0000] {dagbag.py:588} INFO - Filling up the DagBag from /opt/airflow/dags/raw_from_api_to_s3.py
[2026-04-18T01:20:44.291+0000] {processor.py:925} INFO - DAG(s) 'raw_from_api_to_s3' retrieved from /opt/airflow/dags/raw_from_api_to_s3.py
[2026-04-18T01:20:44.299+0000] {logging_mixin.py:190} INFO - [2026-04-18T01:20:44.299+0000] {dag.py:3239} INFO - Sync 1 DAGs
[2026-04-18T01:20:44.314+0000] {logging_mixin.py:190} INFO - [2026-04-18T01:20:44.314+0000] {dag.py:4180} INFO - Setting next_dagrun for raw_from_api_to_s3 to 2026-04-18 00:00:00+00:00, run_after=2026-04-19 00:00:00+00:00
[2026-04-18T01:20:44.321+0000] {processor.py:208} INFO - Processing /opt/airflow/dags/raw_from_api_to_s3.py took 0.102 seconds
[2026-04-18T01:21:14.534+0000] {processor.py:186} INFO - Started process (PID=34083) to work on /opt/airflow/dags/raw_from_api_to_s3.py
[2026-04-18T01:21:14.535+0000] {processor.py:914} INFO - Processing file /opt/airflow/dags/raw_from_api_to_s3.py for tasks to queue
[2026-04-18T01:21:14.539+0000] {logging_mixin.py:190} INFO - [2026-04-18T01:21:14.539+0000] {dagbag.py:588} INFO - Filling up the DagBag from /opt/airflow/dags/raw_from_api_to_s3.py
[2026-04-18T01:21:14.594+0000] {processor.py:925} INFO - DAG(s) 'raw_from_api_to_s3' retrieved from /opt/airflow/dags/raw_from_api_to_s3.py
[2026-04-18T01:21:14.602+0000] {logging_mixin.py:190} INFO - [2026-04-18T01:21:14.602+0000] {dag.py:3239} INFO - Sync 1 DAGs
[2026-04-18T01:21:14.611+0000] {logging_mixin.py:190} INFO - [2026-04-18T01:21:14.611+0000] {dag.py:4180} INFO - Setting next_dagrun for raw_from_api_to_s3 to 2026-04-18 00:00:00+00:00, run_after=2026-04-19 00:00:00+00:00
[2026-04-18T01:21:14.618+0000] {processor.py:208} INFO - Processing /opt/airflow/dags/raw_from_api_to_s3.py took 0.092 seconds
[2026-04-18T01:21:44.966+0000] {processor.py:186} INFO - Started process (PID=34097) to work on /opt/airflow/dags/raw_from_api_to_s3.py
[2026-04-18T01:21:44.967+0000] {processor.py:914} INFO - Processing file /opt/airflow/dags/raw_from_api_to_s3.py for tasks to queue
[2026-04-18T01:21:44.970+0000] {logging_mixin.py:190} INFO - [2026-04-18T01:21:44.969+0000] {dagbag.py:588} INFO - Filling up the DagBag from /opt/airflow/dags/raw_from_api_to_s3.py
[2026-04-18T01:21:45.021+0000] {processor.py:925} INFO - DAG(s) 'raw_from_api_to_s3' retrieved from /opt/airflow/dags/raw_from_api_to_s3.py
[2026-04-18T01:21:45.028+0000] {logging_mixin.py:190} INFO - [2026-04-18T01:21:45.028+0000] {dag.py:3239} INFO - Sync 1 DAGs
[2026-04-18T01:21:45.037+0000] {logging_mixin.py:190} INFO - [2026-04-18T01:21:45.037+0000] {dag.py:4180} INFO - Setting next_dagrun for raw_from_api_to_s3 to 2026-04-18 00:00:00+00:00, run_after=2026-04-19 00:00:00+00:00
[2026-04-18T01:21:45.044+0000] {processor.py:208} INFO - Processing /opt/airflow/dags/raw_from_api_to_s3.py took 0.085 seconds
[2026-04-18T01:22:15.327+0000] {processor.py:186} INFO - Started process (PID=34111) to work on /opt/airflow/dags/raw_from_api_to_s3.py
[2026-04-18T01:22:15.328+0000] {processor.py:914} INFO - Processing file /opt/airflow/dags/raw_from_api_to_s3.py for tasks to queue
[2026-04-18T01:22:15.330+0000] {logging_mixin.py:190} INFO - [2026-04-18T01:22:15.330+0000] {dagbag.py:588} INFO - Filling up the DagBag from /opt/airflow/dags/raw_from_api_to_s3.py
[2026-04-18T01:22:15.387+0000] {processor.py:925} INFO - DAG(s) 'raw_from_api_to_s3' retrieved from /opt/airflow/dags/raw_from_api_to_s3.py
[2026-04-18T01:22:15.395+0000] {logging_mixin.py:190} INFO - [2026-04-18T01:22:15.395+0000] {dag.py:3239} INFO - Sync 1 DAGs
[2026-04-18T01:22:15.405+0000] {logging_mixin.py:190} INFO - [2026-04-18T01:22:15.405+0000] {dag.py:4180} INFO - Setting next_dagrun for raw_from_api_to_s3 to 2026-04-18 00:00:00+00:00, run_after=2026-04-19 00:00:00+00:00
[2026-04-18T01:22:15.413+0000] {processor.py:208} INFO - Processing /opt/airflow/dags/raw_from_api_to_s3.py took 0.094 seconds
[2026-04-18T01:22:45.685+0000] {processor.py:186} INFO - Started process (PID=34125) to work on /opt/airflow/dags/raw_from_api_to_s3.py
[2026-04-18T01:22:45.686+0000] {processor.py:914} INFO - Processing file /opt/airflow/dags/raw_from_api_to_s3.py for tasks to queue
[2026-04-18T01:22:45.690+0000] {logging_mixin.py:190} INFO - [2026-04-18T01:22:45.690+0000] {dagbag.py:588} INFO - Filling up the DagBag from /opt/airflow/dags/raw_from_api_to_s3.py
[2026-04-18T01:22:45.745+0000] {processor.py:925} INFO - DAG(s) 'raw_from_api_to_s3' retrieved from /opt/airflow/dags/raw_from_api_to_s3.py
[2026-04-18T01:22:45.753+0000] {logging_mixin.py:190} INFO - [2026-04-18T01:22:45.753+0000] {dag.py:3239} INFO - Sync 1 DAGs
[2026-04-18T01:22:45.763+0000] {logging_mixin.py:190} INFO - [2026-04-18T01:22:45.763+0000] {dag.py:4180} INFO - Setting next_dagrun for raw_from_api_to_s3 to 2026-04-18 00:00:00+00:00, run_after=2026-04-19 00:00:00+00:00
[2026-04-18T01:22:45.770+0000] {processor.py:208} INFO - Processing /opt/airflow/dags/raw_from_api_to_s3.py took 0.094 seconds
[2026-04-18T01:23:16.049+0000] {processor.py:186} INFO - Started process (PID=34139) to work on /opt/airflow/dags/raw_from_api_to_s3.py
[2026-04-18T01:23:16.050+0000] {processor.py:914} INFO - Processing file /opt/airflow/dags/raw_from_api_to_s3.py for tasks to queue
[2026-04-18T01:23:16.054+0000] {logging_mixin.py:190} INFO - [2026-04-18T01:23:16.053+0000] {dagbag.py:588} INFO - Filling up the DagBag from /opt/airflow/dags/raw_from_api_to_s3.py
[2026-04-18T01:23:16.104+0000] {processor.py:925} INFO - DAG(s) 'raw_from_api_to_s3' retrieved from /opt/airflow/dags/raw_from_api_to_s3.py
[2026-04-18T01:23:16.110+0000] {logging_mixin.py:190} INFO - [2026-04-18T01:23:16.110+0000] {dag.py:3239} INFO - Sync 1 DAGs
[2026-04-18T01:23:16.119+0000] {logging_mixin.py:190} INFO - [2026-04-18T01:23:16.119+0000] {dag.py:4180} INFO - Setting next_dagrun for raw_from_api_to_s3 to 2026-04-18 00:00:00+00:00, run_after=2026-04-19 00:00:00+00:00
[2026-04-18T01:23:16.126+0000] {processor.py:208} INFO - Processing /opt/airflow/dags/raw_from_api_to_s3.py took 0.084 seconds
[2026-04-18T01:23:46.402+0000] {processor.py:186} INFO - Started process (PID=34153) to work on /opt/airflow/dags/raw_from_api_to_s3.py
[2026-04-18T01:23:46.403+0000] {processor.py:914} INFO - Processing file /opt/airflow/dags/raw_from_api_to_s3.py for tasks to queue
[2026-04-18T01:23:46.406+0000] {logging_mixin.py:190} INFO - [2026-04-18T01:23:46.405+0000] {dagbag.py:588} INFO - Filling up the DagBag from /opt/airflow/dags/raw_from_api_to_s3.py
[2026-04-18T01:23:46.460+0000] {processor.py:925} INFO - DAG(s) 'raw_from_api_to_s3' retrieved from /opt/airflow/dags/raw_from_api_to_s3.py
[2026-04-18T01:23:46.468+0000] {logging_mixin.py:190} INFO - [2026-04-18T01:23:46.468+0000] {dag.py:3239} INFO - Sync 1 DAGs
[2026-04-18T01:23:46.479+0000] {logging_mixin.py:190} INFO - [2026-04-18T01:23:46.479+0000] {dag.py:4180} INFO - Setting next_dagrun for raw_from_api_to_s3 to 2026-04-18 00:00:00+00:00, run_after=2026-04-19 00:00:00+00:00
[2026-04-18T01:23:46.486+0000] {processor.py:208} INFO - Processing /opt/airflow/dags/raw_from_api_to_s3.py took 0.090 seconds
[2026-04-18T01:24:16.793+0000] {processor.py:186} INFO - Started process (PID=34167) to work on /opt/airflow/dags/raw_from_api_to_s3.py
[2026-04-18T01:24:16.794+0000] {processor.py:914} INFO - Processing file /opt/airflow/dags/raw_from_api_to_s3.py for tasks to queue
[2026-04-18T01:24:16.796+0000] {logging_mixin.py:190} INFO - [2026-04-18T01:24:16.796+0000] {dagbag.py:588} INFO - Filling up the DagBag from /opt/airflow/dags/raw_from_api_to_s3.py
[2026-04-18T01:24:16.844+0000] {processor.py:925} INFO - DAG(s) 'raw_from_api_to_s3' retrieved from /opt/airflow/dags/raw_from_api_to_s3.py
[2026-04-18T01:24:16.850+0000] {logging_mixin.py:190} INFO - [2026-04-18T01:24:16.850+0000] {dag.py:3239} INFO - Sync 1 DAGs
[2026-04-18T01:24:16.859+0000] {logging_mixin.py:190} INFO - [2026-04-18T01:24:16.859+0000] {dag.py:4180} INFO - Setting next_dagrun for raw_from_api_to_s3 to 2026-04-18 00:00:00+00:00, run_after=2026-04-19 00:00:00+00:00
[2026-04-18T01:24:16.865+0000] {processor.py:208} INFO - Processing /opt/airflow/dags/raw_from_api_to_s3.py took 0.078 seconds
[2026-04-18T01:24:47.131+0000] {processor.py:186} INFO - Started process (PID=34181) to work on /opt/airflow/dags/raw_from_api_to_s3.py
[2026-04-18T01:24:47.132+0000] {processor.py:914} INFO - Processing file /opt/airflow/dags/raw_from_api_to_s3.py for tasks to queue
[2026-04-18T01:24:47.136+0000] {logging_mixin.py:190} INFO - [2026-04-18T01:24:47.136+0000] {dagbag.py:588} INFO - Filling up the DagBag from /opt/airflow/dags/raw_from_api_to_s3.py
[2026-04-18T01:24:47.193+0000] {processor.py:925} INFO - DAG(s) 'raw_from_api_to_s3' retrieved from /opt/airflow/dags/raw_from_api_to_s3.py
[2026-04-18T01:24:47.200+0000] {logging_mixin.py:190} INFO - [2026-04-18T01:24:47.200+0000] {dag.py:3239} INFO - Sync 1 DAGs
[2026-04-18T01:24:47.210+0000] {logging_mixin.py:190} INFO - [2026-04-18T01:24:47.210+0000] {dag.py:4180} INFO - Setting next_dagrun for raw_from_api_to_s3 to 2026-04-18 00:00:00+00:00, run_after=2026-04-19 00:00:00+00:00
[2026-04-18T01:24:47.217+0000] {processor.py:208} INFO - Processing /opt/airflow/dags/raw_from_api_to_s3.py took 0.094 seconds
[2026-04-18T01:25:17.439+0000] {processor.py:186} INFO - Started process (PID=34195) to work on /opt/airflow/dags/raw_from_api_to_s3.py
[2026-04-18T01:25:17.440+0000] {processor.py:914} INFO - Processing file /opt/airflow/dags/raw_from_api_to_s3.py for tasks to queue
[2026-04-18T01:25:17.443+0000] {logging_mixin.py:190} INFO - [2026-04-18T01:25:17.443+0000] {dagbag.py:588} INFO - Filling up the DagBag from /opt/airflow/dags/raw_from_api_to_s3.py
[2026-04-18T01:25:17.493+0000] {processor.py:925} INFO - DAG(s) 'raw_from_api_to_s3' retrieved from /opt/airflow/dags/raw_from_api_to_s3.py
[2026-04-18T01:25:17.500+0000] {logging_mixin.py:190} INFO - [2026-04-18T01:25:17.500+0000] {dag.py:3239} INFO - Sync 1 DAGs
[2026-04-18T01:25:17.509+0000] {logging_mixin.py:190} INFO - [2026-04-18T01:25:17.509+0000] {dag.py:4180} INFO - Setting next_dagrun for raw_from_api_to_s3 to 2026-04-18 00:00:00+00:00, run_after=2026-04-19 00:00:00+00:00
[2026-04-18T01:25:17.516+0000] {processor.py:208} INFO - Processing /opt/airflow/dags/raw_from_api_to_s3.py took 0.083 seconds
[2026-04-18T01:25:47.764+0000] {processor.py:186} INFO - Started process (PID=34209) to work on /opt/airflow/dags/raw_from_api_to_s3.py
[2026-04-18T01:25:47.765+0000] {processor.py:914} INFO - Processing file /opt/airflow/dags/raw_from_api_to_s3.py for tasks to queue
[2026-04-18T01:25:47.768+0000] {logging_mixin.py:190} INFO - [2026-04-18T01:25:47.767+0000] {dagbag.py:588} INFO - Filling up the DagBag from /opt/airflow/dags/raw_from_api_to_s3.py
[2026-04-18T01:25:47.825+0000] {processor.py:925} INFO - DAG(s) 'raw_from_api_to_s3' retrieved from /opt/airflow/dags/raw_from_api_to_s3.py
[2026-04-18T01:25:47.833+0000] {logging_mixin.py:190} INFO - [2026-04-18T01:25:47.833+0000] {dag.py:3239} INFO - Sync 1 DAGs
[2026-04-18T01:25:47.844+0000] {logging_mixin.py:190} INFO - [2026-04-18T01:25:47.843+0000] {dag.py:4180} INFO - Setting next_dagrun for raw_from_api_to_s3 to 2026-04-18 00:00:00+00:00, run_after=2026-04-19 00:00:00+00:00
[2026-04-18T01:25:47.850+0000] {processor.py:208} INFO - Processing /opt/airflow/dags/raw_from_api_to_s3.py took 0.094 seconds
[2026-04-18T01:26:18.173+0000] {processor.py:186} INFO - Started process (PID=34223) to work on /opt/airflow/dags/raw_from_api_to_s3.py
[2026-04-18T01:26:18.174+0000] {processor.py:914} INFO - Processing file /opt/airflow/dags/raw_from_api_to_s3.py for tasks to queue
[2026-04-18T01:26:18.176+0000] {logging_mixin.py:190} INFO - [2026-04-18T01:26:18.175+0000] {dagbag.py:588} INFO - Filling up the DagBag from /opt/airflow/dags/raw_from_api_to_s3.py
[2026-04-18T01:26:18.229+0000] {processor.py:925} INFO - DAG(s) 'raw_from_api_to_s3' retrieved from /opt/airflow/dags/raw_from_api_to_s3.py
[2026-04-18T01:26:18.240+0000] {logging_mixin.py:190} INFO - [2026-04-18T01:26:18.240+0000] {dag.py:3239} INFO - Sync 1 DAGs
[2026-04-18T01:26:18.257+0000] {logging_mixin.py:190} INFO - [2026-04-18T01:26:18.256+0000] {dag.py:4180} INFO - Setting next_dagrun for raw_from_api_to_s3 to 2026-04-18 00:00:00+00:00, run_after=2026-04-19 00:00:00+00:00
[2026-04-18T01:26:18.265+0000] {processor.py:208} INFO - Processing /opt/airflow/dags/raw_from_api_to_s3.py took 0.097 seconds
[2026-04-18T01:26:48.508+0000] {processor.py:186} INFO - Started process (PID=34237) to work on /opt/airflow/dags/raw_from_api_to_s3.py
[2026-04-18T01:26:48.508+0000] {processor.py:914} INFO - Processing file /opt/airflow/dags/raw_from_api_to_s3.py for tasks to queue
[2026-04-18T01:26:48.510+0000] {logging_mixin.py:190} INFO - [2026-04-18T01:26:48.510+0000] {dagbag.py:588} INFO - Filling up the DagBag from /opt/airflow/dags/raw_from_api_to_s3.py
[2026-04-18T01:26:48.552+0000] {processor.py:925} INFO - DAG(s) 'raw_from_api_to_s3' retrieved from /opt/airflow/dags/raw_from_api_to_s3.py
[2026-04-18T01:26:48.560+0000] {logging_mixin.py:190} INFO - [2026-04-18T01:26:48.559+0000] {dag.py:3239} INFO - Sync 1 DAGs
[2026-04-18T01:26:48.572+0000] {logging_mixin.py:190} INFO - [2026-04-18T01:26:48.571+0000] {dag.py:4180} INFO - Setting next_dagrun for raw_from_api_to_s3 to 2026-04-18 00:00:00+00:00, run_after=2026-04-19 00:00:00+00:00
[2026-04-18T01:26:48.578+0000] {processor.py:208} INFO - Processing /opt/airflow/dags/raw_from_api_to_s3.py took 0.074 seconds
[2026-04-18T01:27:18.929+0000] {processor.py:186} INFO - Started process (PID=34251) to work on /opt/airflow/dags/raw_from_api_to_s3.py
[2026-04-18T01:27:18.930+0000] {processor.py:914} INFO - Processing file /opt/airflow/dags/raw_from_api_to_s3.py for tasks to queue
[2026-04-18T01:27:18.932+0000] {logging_mixin.py:190} INFO - [2026-04-18T01:27:18.932+0000] {dagbag.py:588} INFO - Filling up the DagBag from /opt/airflow/dags/raw_from_api_to_s3.py
[2026-04-18T01:27:18.987+0000] {processor.py:925} INFO - DAG(s) 'raw_from_api_to_s3' retrieved from /opt/airflow/dags/raw_from_api_to_s3.py
[2026-04-18T01:27:18.995+0000] {logging_mixin.py:190} INFO - [2026-04-18T01:27:18.995+0000] {dag.py:3239} INFO - Sync 1 DAGs
[2026-04-18T01:27:19.005+0000] {logging_mixin.py:190} INFO - [2026-04-18T01:27:19.005+0000] {dag.py:4180} INFO - Setting next_dagrun for raw_from_api_to_s3 to 2026-04-18 00:00:00+00:00, run_after=2026-04-19 00:00:00+00:00
[2026-04-18T01:27:19.011+0000] {processor.py:208} INFO - Processing /opt/airflow/dags/raw_from_api_to_s3.py took 0.090 seconds
[2026-04-18T01:27:49.291+0000] {processor.py:186} INFO - Started process (PID=34265) to work on /opt/airflow/dags/raw_from_api_to_s3.py
[2026-04-18T01:27:49.292+0000] {processor.py:914} INFO - Processing file /opt/airflow/dags/raw_from_api_to_s3.py for tasks to queue
[2026-04-18T01:27:49.295+0000] {logging_mixin.py:190} INFO - [2026-04-18T01:27:49.295+0000] {dagbag.py:588} INFO - Filling up the DagBag from /opt/airflow/dags/raw_from_api_to_s3.py
[2026-04-18T01:27:49.354+0000] {processor.py:925} INFO - DAG(s) 'raw_from_api_to_s3' retrieved from /opt/airflow/dags/raw_from_api_to_s3.py
[2026-04-18T01:27:49.361+0000] {logging_mixin.py:190} INFO - [2026-04-18T01:27:49.361+0000] {dag.py:3239} INFO - Sync 1 DAGs
[2026-04-18T01:27:49.371+0000] {logging_mixin.py:190} INFO - [2026-04-18T01:27:49.371+0000] {dag.py:4180} INFO - Setting next_dagrun for raw_from_api_to_s3 to 2026-04-18 00:00:00+00:00, run_after=2026-04-19 00:00:00+00:00
[2026-04-18T01:27:49.377+0000] {processor.py:208} INFO - Processing /opt/airflow/dags/raw_from_api_to_s3.py took 0.094 seconds
[2026-04-18T01:28:19.632+0000] {processor.py:186} INFO - Started process (PID=34279) to work on /opt/airflow/dags/raw_from_api_to_s3.py
[2026-04-18T01:28:19.633+0000] {processor.py:914} INFO - Processing file /opt/airflow/dags/raw_from_api_to_s3.py for tasks to queue
[2026-04-18T01:28:19.636+0000] {logging_mixin.py:190} INFO - [2026-04-18T01:28:19.636+0000] {dagbag.py:588} INFO - Filling up the DagBag from /opt/airflow/dags/raw_from_api_to_s3.py
[2026-04-18T01:28:19.681+0000] {processor.py:925} INFO - DAG(s) 'raw_from_api_to_s3' retrieved from /opt/airflow/dags/raw_from_api_to_s3.py
[2026-04-18T01:28:19.688+0000] {logging_mixin.py:190} INFO - [2026-04-18T01:28:19.688+0000] {dag.py:3239} INFO - Sync 1 DAGs
[2026-04-18T01:28:19.697+0000] {logging_mixin.py:190} INFO - [2026-04-18T01:28:19.697+0000] {dag.py:4180} INFO - Setting next_dagrun for raw_from_api_to_s3 to 2026-04-18 00:00:00+00:00, run_after=2026-04-19 00:00:00+00:00
[2026-04-18T01:28:19.704+0000] {processor.py:208} INFO - Processing /opt/airflow/dags/raw_from_api_to_s3.py took 0.079 seconds
[2026-04-18T01:28:50.034+0000] {processor.py:186} INFO - Started process (PID=34293) to work on /opt/airflow/dags/raw_from_api_to_s3.py
[2026-04-18T01:28:50.035+0000] {processor.py:914} INFO - Processing file /opt/airflow/dags/raw_from_api_to_s3.py for tasks to queue
[2026-04-18T01:28:50.038+0000] {logging_mixin.py:190} INFO - [2026-04-18T01:28:50.038+0000] {dagbag.py:588} INFO - Filling up the DagBag from /opt/airflow/dags/raw_from_api_to_s3.py
[2026-04-18T01:28:50.092+0000] {processor.py:925} INFO - DAG(s) 'raw_from_api_to_s3' retrieved from /opt/airflow/dags/raw_from_api_to_s3.py
[2026-04-18T01:28:50.100+0000] {logging_mixin.py:190} INFO - [2026-04-18T01:28:50.100+0000] {dag.py:3239} INFO - Sync 1 DAGs
[2026-04-18T01:28:50.110+0000] {logging_mixin.py:190} INFO - [2026-04-18T01:28:50.110+0000] {dag.py:4180} INFO - Setting next_dagrun for raw_from_api_to_s3 to 2026-04-18 00:00:00+00:00, run_after=2026-04-19 00:00:00+00:00
[2026-04-18T01:28:50.117+0000] {processor.py:208} INFO - Processing /opt/airflow/dags/raw_from_api_to_s3.py took 0.089 seconds
[2026-04-18T01:29:20.367+0000] {processor.py:186} INFO - Started process (PID=34307) to work on /opt/airflow/dags/raw_from_api_to_s3.py
[2026-04-18T01:29:20.368+0000] {processor.py:914} INFO - Processing file /opt/airflow/dags/raw_from_api_to_s3.py for tasks to queue
[2026-04-18T01:29:20.371+0000] {logging_mixin.py:190} INFO - [2026-04-18T01:29:20.370+0000] {dagbag.py:588} INFO - Filling up the DagBag from /opt/airflow/dags/raw_from_api_to_s3.py
[2026-04-18T01:29:20.415+0000] {processor.py:925} INFO - DAG(s) 'raw_from_api_to_s3' retrieved from /opt/airflow/dags/raw_from_api_to_s3.py
[2026-04-18T01:29:20.422+0000] {logging_mixin.py:190} INFO - [2026-04-18T01:29:20.422+0000] {dag.py:3239} INFO - Sync 1 DAGs
[2026-04-18T01:29:20.431+0000] {logging_mixin.py:190} INFO - [2026-04-18T01:29:20.431+0000] {dag.py:4180} INFO - Setting next_dagrun for raw_from_api_to_s3 to 2026-04-18 00:00:00+00:00, run_after=2026-04-19 00:00:00+00:00
[2026-04-18T01:29:20.437+0000] {processor.py:208} INFO - Processing /opt/airflow/dags/raw_from_api_to_s3.py took 0.077 seconds
[2026-04-18T01:29:50.671+0000] {processor.py:186} INFO - Started process (PID=34321) to work on /opt/airflow/dags/raw_from_api_to_s3.py
[2026-04-18T01:29:50.672+0000] {processor.py:914} INFO - Processing file /opt/airflow/dags/raw_from_api_to_s3.py for tasks to queue
[2026-04-18T01:29:50.675+0000] {logging_mixin.py:190} INFO - [2026-04-18T01:29:50.674+0000] {dagbag.py:588} INFO - Filling up the DagBag from /opt/airflow/dags/raw_from_api_to_s3.py
[2026-04-18T01:29:50.724+0000] {processor.py:925} INFO - DAG(s) 'raw_from_api_to_s3' retrieved from /opt/airflow/dags/raw_from_api_to_s3.py
[2026-04-18T01:29:50.732+0000] {logging_mixin.py:190} INFO - [2026-04-18T01:29:50.732+0000] {dag.py:3239} INFO - Sync 1 DAGs
[2026-04-18T01:29:50.741+0000] {logging_mixin.py:190} INFO - [2026-04-18T01:29:50.741+0000] {dag.py:4180} INFO - Setting next_dagrun for raw_from_api_to_s3 to 2026-04-18 00:00:00+00:00, run_after=2026-04-19 00:00:00+00:00
[2026-04-18T01:29:50.747+0000] {processor.py:208} INFO - Processing /opt/airflow/dags/raw_from_api_to_s3.py took 0.083 seconds
[2026-04-18T01:30:20.998+0000] {processor.py:186} INFO - Started process (PID=34335) to work on /opt/airflow/dags/raw_from_api_to_s3.py
[2026-04-18T01:30:20.999+0000] {processor.py:914} INFO - Processing file /opt/airflow/dags/raw_from_api_to_s3.py for tasks to queue
[2026-04-18T01:30:21.000+0000] {logging_mixin.py:190} INFO - [2026-04-18T01:30:21.000+0000] {dagbag.py:588} INFO - Filling up the DagBag from /opt/airflow/dags/raw_from_api_to_s3.py
[2026-04-18T01:30:21.035+0000] {processor.py:925} INFO - DAG(s) 'raw_from_api_to_s3' retrieved from /opt/airflow/dags/raw_from_api_to_s3.py
[2026-04-18T01:30:21.041+0000] {logging_mixin.py:190} INFO - [2026-04-18T01:30:21.041+0000] {dag.py:3239} INFO - Sync 1 DAGs
[2026-04-18T01:30:21.051+0000] {logging_mixin.py:190} INFO - [2026-04-18T01:30:21.051+0000] {dag.py:4180} INFO - Setting next_dagrun for raw_from_api_to_s3 to 2026-04-18 00:00:00+00:00, run_after=2026-04-19 00:00:00+00:00
[2026-04-18T01:30:21.058+0000] {processor.py:208} INFO - Processing /opt/airflow/dags/raw_from_api_to_s3.py took 0.063 seconds
[2026-04-18T01:30:51.305+0000] {processor.py:186} INFO - Started process (PID=34349) to work on /opt/airflow/dags/raw_from_api_to_s3.py
[2026-04-18T01:30:51.306+0000] {processor.py:914} INFO - Processing file /opt/airflow/dags/raw_from_api_to_s3.py for tasks to queue
[2026-04-18T01:30:51.309+0000] {logging_mixin.py:190} INFO - [2026-04-18T01:30:51.309+0000] {dagbag.py:588} INFO - Filling up the DagBag from /opt/airflow/dags/raw_from_api_to_s3.py
[2026-04-18T01:30:51.356+0000] {processor.py:925} INFO - DAG(s) 'raw_from_api_to_s3' retrieved from /opt/airflow/dags/raw_from_api_to_s3.py
[2026-04-18T01:30:51.363+0000] {logging_mixin.py:190} INFO - [2026-04-18T01:30:51.363+0000] {dag.py:3239} INFO - Sync 1 DAGs
[2026-04-18T01:30:51.372+0000] {logging_mixin.py:190} INFO - [2026-04-18T01:30:51.372+0000] {dag.py:4180} INFO - Setting next_dagrun for raw_from_api_to_s3 to 2026-04-18 00:00:00+00:00, run_after=2026-04-19 00:00:00+00:00
[2026-04-18T01:30:51.379+0000] {processor.py:208} INFO - Processing /opt/airflow/dags/raw_from_api_to_s3.py took 0.080 seconds
[2026-04-18T01:31:21.608+0000] {processor.py:186} INFO - Started process (PID=34363) to work on /opt/airflow/dags/raw_from_api_to_s3.py
[2026-04-18T01:31:21.608+0000] {processor.py:914} INFO - Processing file /opt/airflow/dags/raw_from_api_to_s3.py for tasks to queue
[2026-04-18T01:31:21.611+0000] {logging_mixin.py:190} INFO - [2026-04-18T01:31:21.611+0000] {dagbag.py:588} INFO - Filling up the DagBag from /opt/airflow/dags/raw_from_api_to_s3.py
[2026-04-18T01:31:21.660+0000] {processor.py:925} INFO - DAG(s) 'raw_from_api_to_s3' retrieved from /opt/airflow/dags/raw_from_api_to_s3.py
[2026-04-18T01:31:21.667+0000] {logging_mixin.py:190} INFO - [2026-04-18T01:31:21.667+0000] {dag.py:3239} INFO - Sync 1 DAGs
[2026-04-18T01:31:21.676+0000] {logging_mixin.py:190} INFO - [2026-04-18T01:31:21.676+0000] {dag.py:4180} INFO - Setting next_dagrun for raw_from_api_to_s3 to 2026-04-18 00:00:00+00:00, run_after=2026-04-19 00:00:00+00:00
[2026-04-18T01:31:21.683+0000] {processor.py:208} INFO - Processing /opt/airflow/dags/raw_from_api_to_s3.py took 0.082 seconds
[2026-04-18T01:31:52.037+0000] {processor.py:186} INFO - Started process (PID=34377) to work on /opt/airflow/dags/raw_from_api_to_s3.py
[2026-04-18T01:31:52.038+0000] {processor.py:914} INFO - Processing file /opt/airflow/dags/raw_from_api_to_s3.py for tasks to queue
[2026-04-18T01:31:52.040+0000] {logging_mixin.py:190} INFO - [2026-04-18T01:31:52.040+0000] {dagbag.py:588} INFO - Filling up the DagBag from /opt/airflow/dags/raw_from_api_to_s3.py
[2026-04-18T01:31:52.096+0000] {processor.py:925} INFO - DAG(s) 'raw_from_api_to_s3' retrieved from /opt/airflow/dags/raw_from_api_to_s3.py
[2026-04-18T01:31:52.104+0000] {logging_mixin.py:190} INFO - [2026-04-18T01:31:52.104+0000] {dag.py:3239} INFO - Sync 1 DAGs
[2026-04-18T01:31:52.115+0000] {logging_mixin.py:190} INFO - [2026-04-18T01:31:52.115+0000] {dag.py:4180} INFO - Setting next_dagrun for raw_from_api_to_s3 to 2026-04-18 00:00:00+00:00, run_after=2026-04-19 00:00:00+00:00
[2026-04-18T01:31:52.122+0000] {processor.py:208} INFO - Processing /opt/airflow/dags/raw_from_api_to_s3.py took 0.091 seconds
[2026-04-18T01:32:22.388+0000] {processor.py:186} INFO - Started process (PID=34391) to work on /opt/airflow/dags/raw_from_api_to_s3.py
[2026-04-18T01:32:22.388+0000] {processor.py:914} INFO - Processing file /opt/airflow/dags/raw_from_api_to_s3.py for tasks to queue
[2026-04-18T01:32:22.390+0000] {logging_mixin.py:190} INFO - [2026-04-18T01:32:22.390+0000] {dagbag.py:588} INFO - Filling up the DagBag from /opt/airflow/dags/raw_from_api_to_s3.py
[2026-04-18T01:32:22.434+0000] {processor.py:925} INFO - DAG(s) 'raw_from_api_to_s3' retrieved from /opt/airflow/dags/raw_from_api_to_s3.py
[2026-04-18T01:32:22.442+0000] {logging_mixin.py:190} INFO - [2026-04-18T01:32:22.441+0000] {dag.py:3239} INFO - Sync 1 DAGs
[2026-04-18T01:32:22.450+0000] {logging_mixin.py:190} INFO - [2026-04-18T01:32:22.450+0000] {dag.py:4180} INFO - Setting next_dagrun for raw_from_api_to_s3 to 2026-04-18 00:00:00+00:00, run_after=2026-04-19 00:00:00+00:00
[2026-04-18T01:32:22.456+0000] {processor.py:208} INFO - Processing /opt/airflow/dags/raw_from_api_to_s3.py took 0.075 seconds
[2026-04-18T01:32:52.814+0000] {processor.py:186} INFO - Started process (PID=34405) to work on /opt/airflow/dags/raw_from_api_to_s3.py
[2026-04-18T01:32:52.815+0000] {processor.py:914} INFO - Processing file /opt/airflow/dags/raw_from_api_to_s3.py for tasks to queue
[2026-04-18T01:32:52.819+0000] {logging_mixin.py:190} INFO - [2026-04-18T01:32:52.818+0000] {dagbag.py:588} INFO - Filling up the DagBag from /opt/airflow/dags/raw_from_api_to_s3.py
[2026-04-18T01:32:52.875+0000] {processor.py:925} INFO - DAG(s) 'raw_from_api_to_s3' retrieved from /opt/airflow/dags/raw_from_api_to_s3.py
[2026-04-18T01:32:52.882+0000] {logging_mixin.py:190} INFO - [2026-04-18T01:32:52.882+0000] {dag.py:3239} INFO - Sync 1 DAGs
[2026-04-18T01:32:52.892+0000] {logging_mixin.py:190} INFO - [2026-04-18T01:32:52.892+0000] {dag.py:4180} INFO - Setting next_dagrun for raw_from_api_to_s3 to 2026-04-18 00:00:00+00:00, run_after=2026-04-19 00:00:00+00:00
[2026-04-18T01:32:52.899+0000] {processor.py:208} INFO - Processing /opt/airflow/dags/raw_from_api_to_s3.py took 0.095 seconds
[2026-04-18T01:33:23.161+0000] {processor.py:186} INFO - Started process (PID=34419) to work on /opt/airflow/dags/raw_from_api_to_s3.py
[2026-04-18T01:33:23.162+0000] {processor.py:914} INFO - Processing file /opt/airflow/dags/raw_from_api_to_s3.py for tasks to queue
[2026-04-18T01:33:23.166+0000] {logging_mixin.py:190} INFO - [2026-04-18T01:33:23.165+0000] {dagbag.py:588} INFO - Filling up the DagBag from /opt/airflow/dags/raw_from_api_to_s3.py
[2026-04-18T01:33:23.219+0000] {processor.py:925} INFO - DAG(s) 'raw_from_api_to_s3' retrieved from /opt/airflow/dags/raw_from_api_to_s3.py
[2026-04-18T01:33:23.225+0000] {logging_mixin.py:190} INFO - [2026-04-18T01:33:23.225+0000] {dag.py:3239} INFO - Sync 1 DAGs
[2026-04-18T01:33:23.234+0000] {logging_mixin.py:190} INFO - [2026-04-18T01:33:23.234+0000] {dag.py:4180} INFO - Setting next_dagrun for raw_from_api_to_s3 to 2026-04-18 00:00:00+00:00, run_after=2026-04-19 00:00:00+00:00
[2026-04-18T01:33:23.240+0000] {processor.py:208} INFO - Processing /opt/airflow/dags/raw_from_api_to_s3.py took 0.087 seconds
[2026-04-18T01:33:53.522+0000] {processor.py:186} INFO - Started process (PID=34433) to work on /opt/airflow/dags/raw_from_api_to_s3.py
[2026-04-18T01:33:53.523+0000] {processor.py:914} INFO - Processing file /opt/airflow/dags/raw_from_api_to_s3.py for tasks to queue
[2026-04-18T01:33:53.526+0000] {logging_mixin.py:190} INFO - [2026-04-18T01:33:53.525+0000] {dagbag.py:588} INFO - Filling up the DagBag from /opt/airflow/dags/raw_from_api_to_s3.py
[2026-04-18T01:33:53.572+0000] {processor.py:925} INFO - DAG(s) 'raw_from_api_to_s3' retrieved from /opt/airflow/dags/raw_from_api_to_s3.py
[2026-04-18T01:33:53.579+0000] {logging_mixin.py:190} INFO - [2026-04-18T01:33:53.578+0000] {dag.py:3239} INFO - Sync 1 DAGs
[2026-04-18T01:33:53.587+0000] {logging_mixin.py:190} INFO - [2026-04-18T01:33:53.587+0000] {dag.py:4180} INFO - Setting next_dagrun for raw_from_api_to_s3 to 2026-04-18 00:00:00+00:00, run_after=2026-04-19 00:00:00+00:00
[2026-04-18T01:33:53.594+0000] {processor.py:208} INFO - Processing /opt/airflow/dags/raw_from_api_to_s3.py took 0.080 seconds
[2026-04-18T01:34:23.922+0000] {processor.py:186} INFO - Started process (PID=34447) to work on /opt/airflow/dags/raw_from_api_to_s3.py
[2026-04-18T01:34:23.923+0000] {processor.py:914} INFO - Processing file /opt/airflow/dags/raw_from_api_to_s3.py for tasks to queue
[2026-04-18T01:34:23.926+0000] {logging_mixin.py:190} INFO - [2026-04-18T01:34:23.926+0000] {dagbag.py:588} INFO - Filling up the DagBag from /opt/airflow/dags/raw_from_api_to_s3.py
[2026-04-18T01:34:23.983+0000] {processor.py:925} INFO - DAG(s) 'raw_from_api_to_s3' retrieved from /opt/airflow/dags/raw_from_api_to_s3.py
[2026-04-18T01:34:23.991+0000] {logging_mixin.py:190} INFO - [2026-04-18T01:34:23.991+0000] {dag.py:3239} INFO - Sync 1 DAGs
[2026-04-18T01:34:24.001+0000] {logging_mixin.py:190} INFO - [2026-04-18T01:34:24.001+0000] {dag.py:4180} INFO - Setting next_dagrun for raw_from_api_to_s3 to 2026-04-18 00:00:00+00:00, run_after=2026-04-19 00:00:00+00:00
[2026-04-18T01:34:24.008+0000] {processor.py:208} INFO - Processing /opt/airflow/dags/raw_from_api_to_s3.py took 0.094 seconds
[2026-04-18T01:34:54.297+0000] {processor.py:186} INFO - Started process (PID=34461) to work on /opt/airflow/dags/raw_from_api_to_s3.py
[2026-04-18T01:34:54.298+0000] {processor.py:914} INFO - Processing file /opt/airflow/dags/raw_from_api_to_s3.py for tasks to queue
[2026-04-18T01:34:54.301+0000] {logging_mixin.py:190} INFO - [2026-04-18T01:34:54.301+0000] {dagbag.py:588} INFO - Filling up the DagBag from /opt/airflow/dags/raw_from_api_to_s3.py
[2026-04-18T01:34:54.356+0000] {processor.py:925} INFO - DAG(s) 'raw_from_api_to_s3' retrieved from /opt/airflow/dags/raw_from_api_to_s3.py
[2026-04-18T01:34:54.363+0000] {logging_mixin.py:190} INFO - [2026-04-18T01:34:54.363+0000] {dag.py:3239} INFO - Sync 1 DAGs
[2026-04-18T01:34:54.373+0000] {logging_mixin.py:190} INFO - [2026-04-18T01:34:54.373+0000] {dag.py:4180} INFO - Setting next_dagrun for raw_from_api_to_s3 to 2026-04-18 00:00:00+00:00, run_after=2026-04-19 00:00:00+00:00
[2026-04-18T01:34:54.380+0000] {processor.py:208} INFO - Processing /opt/airflow/dags/raw_from_api_to_s3.py took 0.090 seconds
[2026-04-18T01:35:24.627+0000] {processor.py:186} INFO - Started process (PID=34475) to work on /opt/airflow/dags/raw_from_api_to_s3.py
[2026-04-18T01:35:24.628+0000] {processor.py:914} INFO - Processing file /opt/airflow/dags/raw_from_api_to_s3.py for tasks to queue
[2026-04-18T01:35:24.631+0000] {logging_mixin.py:190} INFO - [2026-04-18T01:35:24.630+0000] {dagbag.py:588} INFO - Filling up the DagBag from /opt/airflow/dags/raw_from_api_to_s3.py
[2026-04-18T01:35:24.679+0000] {processor.py:925} INFO - DAG(s) 'raw_from_api_to_s3' retrieved from /opt/airflow/dags/raw_from_api_to_s3.py
[2026-04-18T01:35:24.687+0000] {logging_mixin.py:190} INFO - [2026-04-18T01:35:24.687+0000] {dag.py:3239} INFO - Sync 1 DAGs
[2026-04-18T01:35:24.697+0000] {logging_mixin.py:190} INFO - [2026-04-18T01:35:24.696+0000] {dag.py:4180} INFO - Setting next_dagrun for raw_from_api_to_s3 to 2026-04-18 00:00:00+00:00, run_after=2026-04-19 00:00:00+00:00
[2026-04-18T01:35:24.703+0000] {processor.py:208} INFO - Processing /opt/airflow/dags/raw_from_api_to_s3.py took 0.083 seconds
[2026-04-18T01:35:54.969+0000] {processor.py:186} INFO - Started process (PID=34489) to work on /opt/airflow/dags/raw_from_api_to_s3.py
[2026-04-18T01:35:54.971+0000] {processor.py:914} INFO - Processing file /opt/airflow/dags/raw_from_api_to_s3.py for tasks to queue
[2026-04-18T01:35:54.974+0000] {logging_mixin.py:190} INFO - [2026-04-18T01:35:54.973+0000] {dagbag.py:588} INFO - Filling up the DagBag from /opt/airflow/dags/raw_from_api_to_s3.py
[2026-04-18T01:35:55.030+0000] {processor.py:925} INFO - DAG(s) 'raw_from_api_to_s3' retrieved from /opt/airflow/dags/raw_from_api_to_s3.py
[2026-04-18T01:35:55.039+0000] {logging_mixin.py:190} INFO - [2026-04-18T01:35:55.039+0000] {dag.py:3239} INFO - Sync 1 DAGs
[2026-04-18T01:35:55.049+0000] {logging_mixin.py:190} INFO - [2026-04-18T01:35:55.049+0000] {dag.py:4180} INFO - Setting next_dagrun for raw_from_api_to_s3 to 2026-04-18 00:00:00+00:00, run_after=2026-04-19 00:00:00+00:00
[2026-04-18T01:35:55.057+0000] {processor.py:208} INFO - Processing /opt/airflow/dags/raw_from_api_to_s3.py took 0.095 seconds
[2026-04-18T01:36:25.269+0000] {processor.py:186} INFO - Started process (PID=34503) to work on /opt/airflow/dags/raw_from_api_to_s3.py
[2026-04-18T01:36:25.269+0000] {processor.py:914} INFO - Processing file /opt/airflow/dags/raw_from_api_to_s3.py for tasks to queue
[2026-04-18T01:36:25.271+0000] {logging_mixin.py:190} INFO - [2026-04-18T01:36:25.271+0000] {dagbag.py:588} INFO - Filling up the DagBag from /opt/airflow/dags/raw_from_api_to_s3.py
[2026-04-18T01:36:25.312+0000] {processor.py:925} INFO - DAG(s) 'raw_from_api_to_s3' retrieved from /opt/airflow/dags/raw_from_api_to_s3.py
[2026-04-18T01:36:25.319+0000] {logging_mixin.py:190} INFO - [2026-04-18T01:36:25.319+0000] {dag.py:3239} INFO - Sync 1 DAGs
[2026-04-18T01:36:25.328+0000] {logging_mixin.py:190} INFO - [2026-04-18T01:36:25.328+0000] {dag.py:4180} INFO - Setting next_dagrun for raw_from_api_to_s3 to 2026-04-18 00:00:00+00:00, run_after=2026-04-19 00:00:00+00:00
[2026-04-18T01:36:25.335+0000] {processor.py:208} INFO - Processing /opt/airflow/dags/raw_from_api_to_s3.py took 0.070 seconds
[2026-04-18T01:36:55.579+0000] {processor.py:186} INFO - Started process (PID=34517) to work on /opt/airflow/dags/raw_from_api_to_s3.py
[2026-04-18T01:36:55.580+0000] {processor.py:914} INFO - Processing file /opt/airflow/dags/raw_from_api_to_s3.py for tasks to queue
[2026-04-18T01:36:55.583+0000] {logging_mixin.py:190} INFO - [2026-04-18T01:36:55.582+0000] {dagbag.py:588} INFO - Filling up the DagBag from /opt/airflow/dags/raw_from_api_to_s3.py
[2026-04-18T01:36:55.639+0000] {processor.py:925} INFO - DAG(s) 'raw_from_api_to_s3' retrieved from /opt/airflow/dags/raw_from_api_to_s3.py
[2026-04-18T01:36:55.647+0000] {logging_mixin.py:190} INFO - [2026-04-18T01:36:55.647+0000] {dag.py:3239} INFO - Sync 1 DAGs
[2026-04-18T01:36:55.657+0000] {logging_mixin.py:190} INFO - [2026-04-18T01:36:55.657+0000] {dag.py:4180} INFO - Setting next_dagrun for raw_from_api_to_s3 to 2026-04-18 00:00:00+00:00, run_after=2026-04-19 00:00:00+00:00
[2026-04-18T01:36:55.664+0000] {processor.py:208} INFO - Processing /opt/airflow/dags/raw_from_api_to_s3.py took 0.093 seconds
[2026-04-18T01:37:25.973+0000] {processor.py:186} INFO - Started process (PID=34531) to work on /opt/airflow/dags/raw_from_api_to_s3.py
[2026-04-18T01:37:25.974+0000] {processor.py:914} INFO - Processing file /opt/airflow/dags/raw_from_api_to_s3.py for tasks to queue
[2026-04-18T01:37:25.977+0000] {logging_mixin.py:190} INFO - [2026-04-18T01:37:25.976+0000] {dagbag.py:588} INFO - Filling up the DagBag from /opt/airflow/dags/raw_from_api_to_s3.py
[2026-04-18T01:37:26.040+0000] {processor.py:925} INFO - DAG(s) 'raw_from_api_to_s3' retrieved from /opt/airflow/dags/raw_from_api_to_s3.py
[2026-04-18T01:37:26.048+0000] {logging_mixin.py:190} INFO - [2026-04-18T01:37:26.048+0000] {dag.py:3239} INFO - Sync 1 DAGs
[2026-04-18T01:37:26.062+0000] {logging_mixin.py:190} INFO - [2026-04-18T01:37:26.062+0000] {dag.py:4180} INFO - Setting next_dagrun for raw_from_api_to_s3 to 2026-04-18 00:00:00+00:00, run_after=2026-04-19 00:00:00+00:00
[2026-04-18T01:37:26.069+0000] {processor.py:208} INFO - Processing /opt/airflow/dags/raw_from_api_to_s3.py took 0.105 seconds
[2026-04-18T01:37:56.298+0000] {processor.py:186} INFO - Started process (PID=34545) to work on /opt/airflow/dags/raw_from_api_to_s3.py
[2026-04-18T01:37:56.299+0000] {processor.py:914} INFO - Processing file /opt/airflow/dags/raw_from_api_to_s3.py for tasks to queue
[2026-04-18T01:37:56.303+0000] {logging_mixin.py:190} INFO - [2026-04-18T01:37:56.303+0000] {dagbag.py:588} INFO - Filling up the DagBag from /opt/airflow/dags/raw_from_api_to_s3.py
[2026-04-18T01:37:56.369+0000] {processor.py:925} INFO - DAG(s) 'raw_from_api_to_s3' retrieved from /opt/airflow/dags/raw_from_api_to_s3.py
[2026-04-18T01:37:56.377+0000] {logging_mixin.py:190} INFO - [2026-04-18T01:37:56.377+0000] {dag.py:3239} INFO - Sync 1 DAGs
[2026-04-18T01:37:56.387+0000] {logging_mixin.py:190} INFO - [2026-04-18T01:37:56.387+0000] {dag.py:4180} INFO - Setting next_dagrun for raw_from_api_to_s3 to 2026-04-18 00:00:00+00:00, run_after=2026-04-19 00:00:00+00:00
[2026-04-18T01:37:56.394+0000] {processor.py:208} INFO - Processing /opt/airflow/dags/raw_from_api_to_s3.py took 0.105 seconds
[2026-04-18T01:38:26.714+0000] {processor.py:186} INFO - Started process (PID=34559) to work on /opt/airflow/dags/raw_from_api_to_s3.py
[2026-04-18T01:38:26.715+0000] {processor.py:914} INFO - Processing file /opt/airflow/dags/raw_from_api_to_s3.py for tasks to queue
[2026-04-18T01:38:26.717+0000] {logging_mixin.py:190} INFO - [2026-04-18T01:38:26.717+0000] {dagbag.py:588} INFO - Filling up the DagBag from /opt/airflow/dags/raw_from_api_to_s3.py
[2026-04-18T01:38:26.768+0000] {processor.py:925} INFO - DAG(s) 'raw_from_api_to_s3' retrieved from /opt/airflow/dags/raw_from_api_to_s3.py
[2026-04-18T01:38:26.775+0000] {logging_mixin.py:190} INFO - [2026-04-18T01:38:26.775+0000] {dag.py:3239} INFO - Sync 1 DAGs
[2026-04-18T01:38:26.785+0000] {logging_mixin.py:190} INFO - [2026-04-18T01:38:26.785+0000] {dag.py:4180} INFO - Setting next_dagrun for raw_from_api_to_s3 to 2026-04-18 00:00:00+00:00, run_after=2026-04-19 00:00:00+00:00
[2026-04-18T01:38:26.791+0000] {processor.py:208} INFO - Processing /opt/airflow/dags/raw_from_api_to_s3.py took 0.085 seconds
[2026-04-18T01:38:57.060+0000] {processor.py:186} INFO - Started process (PID=34573) to work on /opt/airflow/dags/raw_from_api_to_s3.py
[2026-04-18T01:38:57.060+0000] {processor.py:914} INFO - Processing file /opt/airflow/dags/raw_from_api_to_s3.py for tasks to queue
[2026-04-18T01:38:57.064+0000] {logging_mixin.py:190} INFO - [2026-04-18T01:38:57.064+0000] {dagbag.py:588} INFO - Filling up the DagBag from /opt/airflow/dags/raw_from_api_to_s3.py
[2026-04-18T01:38:57.125+0000] {processor.py:925} INFO - DAG(s) 'raw_from_api_to_s3' retrieved from /opt/airflow/dags/raw_from_api_to_s3.py
[2026-04-18T01:38:57.132+0000] {logging_mixin.py:190} INFO - [2026-04-18T01:38:57.132+0000] {dag.py:3239} INFO - Sync 1 DAGs
[2026-04-18T01:38:57.142+0000] {logging_mixin.py:190} INFO - [2026-04-18T01:38:57.142+0000] {dag.py:4180} INFO - Setting next_dagrun for raw_from_api_to_s3 to 2026-04-18 00:00:00+00:00, run_after=2026-04-19 00:00:00+00:00
[2026-04-18T01:38:57.149+0000] {processor.py:208} INFO - Processing /opt/airflow/dags/raw_from_api_to_s3.py took 0.096 seconds
[2026-04-18T01:39:27.429+0000] {processor.py:186} INFO - Started process (PID=34587) to work on /opt/airflow/dags/raw_from_api_to_s3.py
[2026-04-18T01:39:27.430+0000] {processor.py:914} INFO - Processing file /opt/airflow/dags/raw_from_api_to_s3.py for tasks to queue
[2026-04-18T01:39:27.434+0000] {logging_mixin.py:190} INFO - [2026-04-18T01:39:27.433+0000] {dagbag.py:588} INFO - Filling up the DagBag from /opt/airflow/dags/raw_from_api_to_s3.py
[2026-04-18T01:39:27.492+0000] {processor.py:925} INFO - DAG(s) 'raw_from_api_to_s3' retrieved from /opt/airflow/dags/raw_from_api_to_s3.py
[2026-04-18T01:39:27.500+0000] {logging_mixin.py:190} INFO - [2026-04-18T01:39:27.500+0000] {dag.py:3239} INFO - Sync 1 DAGs
[2026-04-18T01:39:27.510+0000] {logging_mixin.py:190} INFO - [2026-04-18T01:39:27.510+0000] {dag.py:4180} INFO - Setting next_dagrun for raw_from_api_to_s3 to 2026-04-18 00:00:00+00:00, run_after=2026-04-19 00:00:00+00:00
[2026-04-18T01:39:27.517+0000] {processor.py:208} INFO - Processing /opt/airflow/dags/raw_from_api_to_s3.py took 0.096 seconds
[2026-04-18T01:39:57.787+0000] {processor.py:186} INFO - Started process (PID=34601) to work on /opt/airflow/dags/raw_from_api_to_s3.py
[2026-04-18T01:39:57.788+0000] {processor.py:914} INFO - Processing file /opt/airflow/dags/raw_from_api_to_s3.py for tasks to queue
[2026-04-18T01:39:57.791+0000] {logging_mixin.py:190} INFO - [2026-04-18T01:39:57.791+0000] {dagbag.py:588} INFO - Filling up the DagBag from /opt/airflow/dags/raw_from_api_to_s3.py
[2026-04-18T01:39:57.839+0000] {processor.py:925} INFO - DAG(s) 'raw_from_api_to_s3' retrieved from /opt/airflow/dags/raw_from_api_to_s3.py
[2026-04-18T01:39:57.846+0000] {logging_mixin.py:190} INFO - [2026-04-18T01:39:57.846+0000] {dag.py:3239} INFO - Sync 1 DAGs
[2026-04-18T01:39:57.855+0000] {logging_mixin.py:190} INFO - [2026-04-18T01:39:57.855+0000] {dag.py:4180} INFO - Setting next_dagrun for raw_from_api_to_s3 to 2026-04-18 00:00:00+00:00, run_after=2026-04-19 00:00:00+00:00
[2026-04-18T01:39:57.862+0000] {processor.py:208} INFO - Processing /opt/airflow/dags/raw_from_api_to_s3.py took 0.081 seconds
[2026-04-18T01:40:28.113+0000] {processor.py:186} INFO - Started process (PID=34615) to work on /opt/airflow/dags/raw_from_api_to_s3.py
[2026-04-18T01:40:28.115+0000] {processor.py:914} INFO - Processing file /opt/airflow/dags/raw_from_api_to_s3.py for tasks to queue
[2026-04-18T01:40:28.117+0000] {logging_mixin.py:190} INFO - [2026-04-18T01:40:28.117+0000] {dagbag.py:588} INFO - Filling up the DagBag from /opt/airflow/dags/raw_from_api_to_s3.py
[2026-04-18T01:40:28.170+0000] {processor.py:925} INFO - DAG(s) 'raw_from_api_to_s3' retrieved from /opt/airflow/dags/raw_from_api_to_s3.py
[2026-04-18T01:40:28.177+0000] {logging_mixin.py:190} INFO - [2026-04-18T01:40:28.177+0000] {dag.py:3239} INFO - Sync 1 DAGs
[2026-04-18T01:40:28.186+0000] {logging_mixin.py:190} INFO - [2026-04-18T01:40:28.186+0000] {dag.py:4180} INFO - Setting next_dagrun for raw_from_api_to_s3 to 2026-04-18 00:00:00+00:00, run_after=2026-04-19 00:00:00+00:00
[2026-04-18T01:40:28.193+0000] {processor.py:208} INFO - Processing /opt/airflow/dags/raw_from_api_to_s3.py took 0.087 seconds
[2026-04-18T01:40:58.517+0000] {processor.py:186} INFO - Started process (PID=34629) to work on /opt/airflow/dags/raw_from_api_to_s3.py
[2026-04-18T01:40:58.518+0000] {processor.py:914} INFO - Processing file /opt/airflow/dags/raw_from_api_to_s3.py for tasks to queue
[2026-04-18T01:40:58.521+0000] {logging_mixin.py:190} INFO - [2026-04-18T01:40:58.521+0000] {dagbag.py:588} INFO - Filling up the DagBag from /opt/airflow/dags/raw_from_api_to_s3.py
[2026-04-18T01:40:58.574+0000] {processor.py:925} INFO - DAG(s) 'raw_from_api_to_s3' retrieved from /opt/airflow/dags/raw_from_api_to_s3.py
[2026-04-18T01:40:58.582+0000] {logging_mixin.py:190} INFO - [2026-04-18T01:40:58.582+0000] {dag.py:3239} INFO - Sync 1 DAGs
[2026-04-18T01:40:58.591+0000] {logging_mixin.py:190} INFO - [2026-04-18T01:40:58.591+0000] {dag.py:4180} INFO - Setting next_dagrun for raw_from_api_to_s3 to 2026-04-18 00:00:00+00:00, run_after=2026-04-19 00:00:00+00:00
[2026-04-18T01:40:58.597+0000] {processor.py:208} INFO - Processing /opt/airflow/dags/raw_from_api_to_s3.py took 0.088 seconds
[2026-04-18T01:41:28.874+0000] {processor.py:186} INFO - Started process (PID=34643) to work on /opt/airflow/dags/raw_from_api_to_s3.py
[2026-04-18T01:41:28.875+0000] {processor.py:914} INFO - Processing file /opt/airflow/dags/raw_from_api_to_s3.py for tasks to queue
[2026-04-18T01:41:28.879+0000] {logging_mixin.py:190} INFO - [2026-04-18T01:41:28.879+0000] {dagbag.py:588} INFO - Filling up the DagBag from /opt/airflow/dags/raw_from_api_to_s3.py
[2026-04-18T01:41:28.923+0000] {processor.py:925} INFO - DAG(s) 'raw_from_api_to_s3' retrieved from /opt/airflow/dags/raw_from_api_to_s3.py
[2026-04-18T01:41:28.930+0000] {logging_mixin.py:190} INFO - [2026-04-18T01:41:28.930+0000] {dag.py:3239} INFO - Sync 1 DAGs
[2026-04-18T01:41:28.939+0000] {logging_mixin.py:190} INFO - [2026-04-18T01:41:28.939+0000] {dag.py:4180} INFO - Setting next_dagrun for raw_from_api_to_s3 to 2026-04-18 00:00:00+00:00, run_after=2026-04-19 00:00:00+00:00
[2026-04-18T01:41:28.945+0000] {processor.py:208} INFO - Processing /opt/airflow/dags/raw_from_api_to_s3.py took 0.078 seconds
[2026-04-18T01:41:59.186+0000] {processor.py:186} INFO - Started process (PID=34657) to work on /opt/airflow/dags/raw_from_api_to_s3.py
[2026-04-18T01:41:59.187+0000] {processor.py:914} INFO - Processing file /opt/airflow/dags/raw_from_api_to_s3.py for tasks to queue
[2026-04-18T01:41:59.190+0000] {logging_mixin.py:190} INFO - [2026-04-18T01:41:59.190+0000] {dagbag.py:588} INFO - Filling up the DagBag from /opt/airflow/dags/raw_from_api_to_s3.py
[2026-04-18T01:41:59.246+0000] {processor.py:925} INFO - DAG(s) 'raw_from_api_to_s3' retrieved from /opt/airflow/dags/raw_from_api_to_s3.py
[2026-04-18T01:41:59.254+0000] {logging_mixin.py:190} INFO - [2026-04-18T01:41:59.254+0000] {dag.py:3239} INFO - Sync 1 DAGs
[2026-04-18T01:41:59.264+0000] {logging_mixin.py:190} INFO - [2026-04-18T01:41:59.263+0000] {dag.py:4180} INFO - Setting next_dagrun for raw_from_api_to_s3 to 2026-04-18 00:00:00+00:00, run_after=2026-04-19 00:00:00+00:00
[2026-04-18T01:41:59.271+0000] {processor.py:208} INFO - Processing /opt/airflow/dags/raw_from_api_to_s3.py took 0.092 seconds
[2026-04-18T01:42:29.595+0000] {processor.py:186} INFO - Started process (PID=34671) to work on /opt/airflow/dags/raw_from_api_to_s3.py
[2026-04-18T01:42:29.596+0000] {processor.py:914} INFO - Processing file /opt/airflow/dags/raw_from_api_to_s3.py for tasks to queue
[2026-04-18T01:42:29.598+0000] {logging_mixin.py:190} INFO - [2026-04-18T01:42:29.598+0000] {dagbag.py:588} INFO - Filling up the DagBag from /opt/airflow/dags/raw_from_api_to_s3.py
[2026-04-18T01:42:29.649+0000] {processor.py:925} INFO - DAG(s) 'raw_from_api_to_s3' retrieved from /opt/airflow/dags/raw_from_api_to_s3.py
[2026-04-18T01:42:29.656+0000] {logging_mixin.py:190} INFO - [2026-04-18T01:42:29.656+0000] {dag.py:3239} INFO - Sync 1 DAGs
[2026-04-18T01:42:29.666+0000] {logging_mixin.py:190} INFO - [2026-04-18T01:42:29.666+0000] {dag.py:4180} INFO - Setting next_dagrun for raw_from_api_to_s3 to 2026-04-18 00:00:00+00:00, run_after=2026-04-19 00:00:00+00:00
[2026-04-18T01:42:29.672+0000] {processor.py:208} INFO - Processing /opt/airflow/dags/raw_from_api_to_s3.py took 0.084 seconds
[2026-04-18T01:42:59.913+0000] {processor.py:186} INFO - Started process (PID=34685) to work on /opt/airflow/dags/raw_from_api_to_s3.py
[2026-04-18T01:42:59.913+0000] {processor.py:914} INFO - Processing file /opt/airflow/dags/raw_from_api_to_s3.py for tasks to queue
[2026-04-18T01:42:59.917+0000] {logging_mixin.py:190} INFO - [2026-04-18T01:42:59.917+0000] {dagbag.py:588} INFO - Filling up the DagBag from /opt/airflow/dags/raw_from_api_to_s3.py
[2026-04-18T01:42:59.983+0000] {processor.py:925} INFO - DAG(s) 'raw_from_api_to_s3' retrieved from /opt/airflow/dags/raw_from_api_to_s3.py
[2026-04-18T01:42:59.992+0000] {logging_mixin.py:190} INFO - [2026-04-18T01:42:59.992+0000] {dag.py:3239} INFO - Sync 1 DAGs
[2026-04-18T01:43:00.013+0000] {logging_mixin.py:190} INFO - [2026-04-18T01:43:00.013+0000] {dag.py:4180} INFO - Setting next_dagrun for raw_from_api_to_s3 to 2026-04-18 00:00:00+00:00, run_after=2026-04-19 00:00:00+00:00
[2026-04-18T01:43:00.026+0000] {processor.py:208} INFO - Processing /opt/airflow/dags/raw_from_api_to_s3.py took 0.118 seconds
[2026-04-18T01:43:30.278+0000] {processor.py:186} INFO - Started process (PID=34699) to work on /opt/airflow/dags/raw_from_api_to_s3.py
[2026-04-18T01:43:30.279+0000] {processor.py:914} INFO - Processing file /opt/airflow/dags/raw_from_api_to_s3.py for tasks to queue
[2026-04-18T01:43:30.282+0000] {logging_mixin.py:190} INFO - [2026-04-18T01:43:30.282+0000] {dagbag.py:588} INFO - Filling up the DagBag from /opt/airflow/dags/raw_from_api_to_s3.py
[2026-04-18T01:43:30.338+0000] {processor.py:925} INFO - DAG(s) 'raw_from_api_to_s3' retrieved from /opt/airflow/dags/raw_from_api_to_s3.py
[2026-04-18T01:43:30.346+0000] {logging_mixin.py:190} INFO - [2026-04-18T01:43:30.346+0000] {dag.py:3239} INFO - Sync 1 DAGs
[2026-04-18T01:43:30.356+0000] {logging_mixin.py:190} INFO - [2026-04-18T01:43:30.355+0000] {dag.py:4180} INFO - Setting next_dagrun for raw_from_api_to_s3 to 2026-04-18 00:00:00+00:00, run_after=2026-04-19 00:00:00+00:00
[2026-04-18T01:43:30.362+0000] {processor.py:208} INFO - Processing /opt/airflow/dags/raw_from_api_to_s3.py took 0.092 seconds
[2026-04-18T01:44:00.621+0000] {processor.py:186} INFO - Started process (PID=34713) to work on /opt/airflow/dags/raw_from_api_to_s3.py
[2026-04-18T01:44:00.622+0000] {processor.py:914} INFO - Processing file /opt/airflow/dags/raw_from_api_to_s3.py for tasks to queue
[2026-04-18T01:44:00.625+0000] {logging_mixin.py:190} INFO - [2026-04-18T01:44:00.625+0000] {dagbag.py:588} INFO - Filling up the DagBag from /opt/airflow/dags/raw_from_api_to_s3.py
[2026-04-18T01:44:00.677+0000] {processor.py:925} INFO - DAG(s) 'raw_from_api_to_s3' retrieved from /opt/airflow/dags/raw_from_api_to_s3.py
[2026-04-18T01:44:00.685+0000] {logging_mixin.py:190} INFO - [2026-04-18T01:44:00.685+0000] {dag.py:3239} INFO - Sync 1 DAGs
[2026-04-18T01:44:00.694+0000] {logging_mixin.py:190} INFO - [2026-04-18T01:44:00.694+0000] {dag.py:4180} INFO - Setting next_dagrun for raw_from_api_to_s3 to 2026-04-18 00:00:00+00:00, run_after=2026-04-19 00:00:00+00:00
[2026-04-18T01:44:00.701+0000] {processor.py:208} INFO - Processing /opt/airflow/dags/raw_from_api_to_s3.py took 0.086 seconds
[2026-04-18T01:44:31.009+0000] {processor.py:186} INFO - Started process (PID=34727) to work on /opt/airflow/dags/raw_from_api_to_s3.py
[2026-04-18T01:44:31.009+0000] {processor.py:914} INFO - Processing file /opt/airflow/dags/raw_from_api_to_s3.py for tasks to queue
[2026-04-18T01:44:31.012+0000] {logging_mixin.py:190} INFO - [2026-04-18T01:44:31.012+0000] {dagbag.py:588} INFO - Filling up the DagBag from /opt/airflow/dags/raw_from_api_to_s3.py
[2026-04-18T01:44:31.067+0000] {processor.py:925} INFO - DAG(s) 'raw_from_api_to_s3' retrieved from /opt/airflow/dags/raw_from_api_to_s3.py
[2026-04-18T01:44:31.075+0000] {logging_mixin.py:190} INFO - [2026-04-18T01:44:31.075+0000] {dag.py:3239} INFO - Sync 1 DAGs
[2026-04-18T01:44:31.087+0000] {logging_mixin.py:190} INFO - [2026-04-18T01:44:31.087+0000] {dag.py:4180} INFO - Setting next_dagrun for raw_from_api_to_s3 to 2026-04-18 00:00:00+00:00, run_after=2026-04-19 00:00:00+00:00
[2026-04-18T01:44:31.094+0000] {processor.py:208} INFO - Processing /opt/airflow/dags/raw_from_api_to_s3.py took 0.093 seconds
[2026-04-18T01:45:01.320+0000] {processor.py:186} INFO - Started process (PID=34741) to work on /opt/airflow/dags/raw_from_api_to_s3.py
[2026-04-18T01:45:01.321+0000] {processor.py:914} INFO - Processing file /opt/airflow/dags/raw_from_api_to_s3.py for tasks to queue
[2026-04-18T01:45:01.325+0000] {logging_mixin.py:190} INFO - [2026-04-18T01:45:01.324+0000] {dagbag.py:588} INFO - Filling up the DagBag from /opt/airflow/dags/raw_from_api_to_s3.py
[2026-04-18T01:45:01.374+0000] {processor.py:925} INFO - DAG(s) 'raw_from_api_to_s3' retrieved from /opt/airflow/dags/raw_from_api_to_s3.py
[2026-04-18T01:45:01.382+0000] {logging_mixin.py:190} INFO - [2026-04-18T01:45:01.382+0000] {dag.py:3239} INFO - Sync 1 DAGs
[2026-04-18T01:45:01.392+0000] {logging_mixin.py:190} INFO - [2026-04-18T01:45:01.392+0000] {dag.py:4180} INFO - Setting next_dagrun for raw_from_api_to_s3 to 2026-04-18 00:00:00+00:00, run_after=2026-04-19 00:00:00+00:00
[2026-04-18T01:45:01.398+0000] {processor.py:208} INFO - Processing /opt/airflow/dags/raw_from_api_to_s3.py took 0.085 seconds
[2026-04-18T01:45:31.646+0000] {processor.py:186} INFO - Started process (PID=34755) to work on /opt/airflow/dags/raw_from_api_to_s3.py
[2026-04-18T01:45:31.647+0000] {processor.py:914} INFO - Processing file /opt/airflow/dags/raw_from_api_to_s3.py for tasks to queue
[2026-04-18T01:45:31.649+0000] {logging_mixin.py:190} INFO - [2026-04-18T01:45:31.649+0000] {dagbag.py:588} INFO - Filling up the DagBag from /opt/airflow/dags/raw_from_api_to_s3.py
[2026-04-18T01:45:31.699+0000] {processor.py:925} INFO - DAG(s) 'raw_from_api_to_s3' retrieved from /opt/airflow/dags/raw_from_api_to_s3.py
[2026-04-18T01:45:31.707+0000] {logging_mixin.py:190} INFO - [2026-04-18T01:45:31.707+0000] {dag.py:3239} INFO - Sync 1 DAGs
[2026-04-18T01:45:31.717+0000] {logging_mixin.py:190} INFO - [2026-04-18T01:45:31.717+0000] {dag.py:4180} INFO - Setting next_dagrun for raw_from_api_to_s3 to 2026-04-18 00:00:00+00:00, run_after=2026-04-19 00:00:00+00:00
[2026-04-18T01:45:31.724+0000] {processor.py:208} INFO - Processing /opt/airflow/dags/raw_from_api_to_s3.py took 0.085 seconds
[2026-04-18T01:46:01.974+0000] {processor.py:186} INFO - Started process (PID=34769) to work on /opt/airflow/dags/raw_from_api_to_s3.py
[2026-04-18T01:46:01.975+0000] {processor.py:914} INFO - Processing file /opt/airflow/dags/raw_from_api_to_s3.py for tasks to queue
[2026-04-18T01:46:01.978+0000] {logging_mixin.py:190} INFO - [2026-04-18T01:46:01.978+0000] {dagbag.py:588} INFO - Filling up the DagBag from /opt/airflow/dags/raw_from_api_to_s3.py
[2026-04-18T01:46:02.025+0000] {processor.py:925} INFO - DAG(s) 'raw_from_api_to_s3' retrieved from /opt/airflow/dags/raw_from_api_to_s3.py
[2026-04-18T01:46:02.032+0000] {logging_mixin.py:190} INFO - [2026-04-18T01:46:02.032+0000] {dag.py:3239} INFO - Sync 1 DAGs
[2026-04-18T01:46:02.041+0000] {logging_mixin.py:190} INFO - [2026-04-18T01:46:02.041+0000] {dag.py:4180} INFO - Setting next_dagrun for raw_from_api_to_s3 to 2026-04-18 00:00:00+00:00, run_after=2026-04-19 00:00:00+00:00
[2026-04-18T01:46:02.047+0000] {processor.py:208} INFO - Processing /opt/airflow/dags/raw_from_api_to_s3.py took 0.082 seconds
[2026-04-18T01:46:32.302+0000] {processor.py:186} INFO - Started process (PID=34783) to work on /opt/airflow/dags/raw_from_api_to_s3.py
[2026-04-18T01:46:32.303+0000] {processor.py:914} INFO - Processing file /opt/airflow/dags/raw_from_api_to_s3.py for tasks to queue
[2026-04-18T01:46:32.307+0000] {logging_mixin.py:190} INFO - [2026-04-18T01:46:32.306+0000] {dagbag.py:588} INFO - Filling up the DagBag from /opt/airflow/dags/raw_from_api_to_s3.py
[2026-04-18T01:46:32.360+0000] {processor.py:925} INFO - DAG(s) 'raw_from_api_to_s3' retrieved from /opt/airflow/dags/raw_from_api_to_s3.py
[2026-04-18T01:46:32.367+0000] {logging_mixin.py:190} INFO - [2026-04-18T01:46:32.367+0000] {dag.py:3239} INFO - Sync 1 DAGs
[2026-04-18T01:46:32.377+0000] {logging_mixin.py:190} INFO - [2026-04-18T01:46:32.376+0000] {dag.py:4180} INFO - Setting next_dagrun for raw_from_api_to_s3 to 2026-04-18 00:00:00+00:00, run_after=2026-04-19 00:00:00+00:00
[2026-04-18T01:46:32.383+0000] {processor.py:208} INFO - Processing /opt/airflow/dags/raw_from_api_to_s3.py took 0.087 seconds
[2026-04-18T01:47:02.709+0000] {processor.py:186} INFO - Started process (PID=34797) to work on /opt/airflow/dags/raw_from_api_to_s3.py
[2026-04-18T01:47:02.710+0000] {processor.py:914} INFO - Processing file /opt/airflow/dags/raw_from_api_to_s3.py for tasks to queue
[2026-04-18T01:47:02.714+0000] {logging_mixin.py:190} INFO - [2026-04-18T01:47:02.713+0000] {dagbag.py:588} INFO - Filling up the DagBag from /opt/airflow/dags/raw_from_api_to_s3.py
[2026-04-18T01:47:02.771+0000] {processor.py:925} INFO - DAG(s) 'raw_from_api_to_s3' retrieved from /opt/airflow/dags/raw_from_api_to_s3.py
[2026-04-18T01:47:02.779+0000] {logging_mixin.py:190} INFO - [2026-04-18T01:47:02.779+0000] {dag.py:3239} INFO - Sync 1 DAGs
[2026-04-18T01:47:02.789+0000] {logging_mixin.py:190} INFO - [2026-04-18T01:47:02.789+0000] {dag.py:4180} INFO - Setting next_dagrun for raw_from_api_to_s3 to 2026-04-18 00:00:00+00:00, run_after=2026-04-19 00:00:00+00:00
[2026-04-18T01:47:02.796+0000] {processor.py:208} INFO - Processing /opt/airflow/dags/raw_from_api_to_s3.py took 0.094 seconds
[2026-04-18T01:47:32.991+0000] {processor.py:186} INFO - Started process (PID=34811) to work on /opt/airflow/dags/raw_from_api_to_s3.py
[2026-04-18T01:47:32.993+0000] {processor.py:914} INFO - Processing file /opt/airflow/dags/raw_from_api_to_s3.py for tasks to queue
[2026-04-18T01:47:32.996+0000] {logging_mixin.py:190} INFO - [2026-04-18T01:47:32.996+0000] {dagbag.py:588} INFO - Filling up the DagBag from /opt/airflow/dags/raw_from_api_to_s3.py
[2026-04-18T01:47:33.056+0000] {processor.py:925} INFO - DAG(s) 'raw_from_api_to_s3' retrieved from /opt/airflow/dags/raw_from_api_to_s3.py
[2026-04-18T01:47:33.063+0000] {logging_mixin.py:190} INFO - [2026-04-18T01:47:33.063+0000] {dag.py:3239} INFO - Sync 1 DAGs
[2026-04-18T01:47:33.072+0000] {logging_mixin.py:190} INFO - [2026-04-18T01:47:33.072+0000] {dag.py:4180} INFO - Setting next_dagrun for raw_from_api_to_s3 to 2026-04-18 00:00:00+00:00, run_after=2026-04-19 00:00:00+00:00
[2026-04-18T01:47:33.079+0000] {processor.py:208} INFO - Processing /opt/airflow/dags/raw_from_api_to_s3.py took 0.096 seconds
[2026-04-18T01:48:03.386+0000] {processor.py:186} INFO - Started process (PID=34825) to work on /opt/airflow/dags/raw_from_api_to_s3.py
[2026-04-18T01:48:03.387+0000] {processor.py:914} INFO - Processing file /opt/airflow/dags/raw_from_api_to_s3.py for tasks to queue
[2026-04-18T01:48:03.388+0000] {logging_mixin.py:190} INFO - [2026-04-18T01:48:03.388+0000] {dagbag.py:588} INFO - Filling up the DagBag from /opt/airflow/dags/raw_from_api_to_s3.py
[2026-04-18T01:48:03.428+0000] {processor.py:925} INFO - DAG(s) 'raw_from_api_to_s3' retrieved from /opt/airflow/dags/raw_from_api_to_s3.py
[2026-04-18T01:48:03.435+0000] {logging_mixin.py:190} INFO - [2026-04-18T01:48:03.435+0000] {dag.py:3239} INFO - Sync 1 DAGs
[2026-04-18T01:48:03.444+0000] {logging_mixin.py:190} INFO - [2026-04-18T01:48:03.444+0000] {dag.py:4180} INFO - Setting next_dagrun for raw_from_api_to_s3 to 2026-04-18 00:00:00+00:00, run_after=2026-04-19 00:00:00+00:00
[2026-04-18T01:48:03.451+0000] {processor.py:208} INFO - Processing /opt/airflow/dags/raw_from_api_to_s3.py took 0.068 seconds
[2026-04-18T01:48:33.751+0000] {processor.py:186} INFO - Started process (PID=34839) to work on /opt/airflow/dags/raw_from_api_to_s3.py
[2026-04-18T01:48:33.752+0000] {processor.py:914} INFO - Processing file /opt/airflow/dags/raw_from_api_to_s3.py for tasks to queue
[2026-04-18T01:48:33.754+0000] {logging_mixin.py:190} INFO - [2026-04-18T01:48:33.753+0000] {dagbag.py:588} INFO - Filling up the DagBag from /opt/airflow/dags/raw_from_api_to_s3.py
[2026-04-18T01:48:33.795+0000] {processor.py:925} INFO - DAG(s) 'raw_from_api_to_s3' retrieved from /opt/airflow/dags/raw_from_api_to_s3.py
[2026-04-18T01:48:33.803+0000] {logging_mixin.py:190} INFO - [2026-04-18T01:48:33.802+0000] {dag.py:3239} INFO - Sync 1 DAGs
[2026-04-18T01:48:33.813+0000] {logging_mixin.py:190} INFO - [2026-04-18T01:48:33.812+0000] {dag.py:4180} INFO - Setting next_dagrun for raw_from_api_to_s3 to 2026-04-18 00:00:00+00:00, run_after=2026-04-19 00:00:00+00:00
[2026-04-18T01:48:33.820+0000] {processor.py:208} INFO - Processing /opt/airflow/dags/raw_from_api_to_s3.py took 0.072 seconds
[2026-04-18T01:49:04.156+0000] {processor.py:186} INFO - Started process (PID=34853) to work on /opt/airflow/dags/raw_from_api_to_s3.py
[2026-04-18T01:49:04.158+0000] {processor.py:914} INFO - Processing file /opt/airflow/dags/raw_from_api_to_s3.py for tasks to queue
[2026-04-18T01:49:04.161+0000] {logging_mixin.py:190} INFO - [2026-04-18T01:49:04.161+0000] {dagbag.py:588} INFO - Filling up the DagBag from /opt/airflow/dags/raw_from_api_to_s3.py
[2026-04-18T01:49:04.229+0000] {processor.py:925} INFO - DAG(s) 'raw_from_api_to_s3' retrieved from /opt/airflow/dags/raw_from_api_to_s3.py
[2026-04-18T01:49:04.238+0000] {logging_mixin.py:190} INFO - [2026-04-18T01:49:04.238+0000] {dag.py:3239} INFO - Sync 1 DAGs
[2026-04-18T01:49:04.249+0000] {logging_mixin.py:190} INFO - [2026-04-18T01:49:04.249+0000] {dag.py:4180} INFO - Setting next_dagrun for raw_from_api_to_s3 to 2026-04-18 00:00:00+00:00, run_after=2026-04-19 00:00:00+00:00
[2026-04-18T01:49:04.256+0000] {processor.py:208} INFO - Processing /opt/airflow/dags/raw_from_api_to_s3.py took 0.107 seconds
[2026-04-18T01:49:34.500+0000] {processor.py:186} INFO - Started process (PID=34867) to work on /opt/airflow/dags/raw_from_api_to_s3.py
[2026-04-18T01:49:34.501+0000] {processor.py:914} INFO - Processing file /opt/airflow/dags/raw_from_api_to_s3.py for tasks to queue
[2026-04-18T01:49:34.504+0000] {logging_mixin.py:190} INFO - [2026-04-18T01:49:34.504+0000] {dagbag.py:588} INFO - Filling up the DagBag from /opt/airflow/dags/raw_from_api_to_s3.py
[2026-04-18T01:49:34.555+0000] {processor.py:925} INFO - DAG(s) 'raw_from_api_to_s3' retrieved from /opt/airflow/dags/raw_from_api_to_s3.py
[2026-04-18T01:49:34.562+0000] {logging_mixin.py:190} INFO - [2026-04-18T01:49:34.562+0000] {dag.py:3239} INFO - Sync 1 DAGs
[2026-04-18T01:49:34.572+0000] {logging_mixin.py:190} INFO - [2026-04-18T01:49:34.572+0000] {dag.py:4180} INFO - Setting next_dagrun for raw_from_api_to_s3 to 2026-04-18 00:00:00+00:00, run_after=2026-04-19 00:00:00+00:00
[2026-04-18T01:49:34.579+0000] {processor.py:208} INFO - Processing /opt/airflow/dags/raw_from_api_to_s3.py took 0.088 seconds
[2026-04-18T01:50:04.849+0000] {processor.py:186} INFO - Started process (PID=34881) to work on /opt/airflow/dags/raw_from_api_to_s3.py
[2026-04-18T01:50:04.850+0000] {processor.py:914} INFO - Processing file /opt/airflow/dags/raw_from_api_to_s3.py for tasks to queue
[2026-04-18T01:50:04.853+0000] {logging_mixin.py:190} INFO - [2026-04-18T01:50:04.852+0000] {dagbag.py:588} INFO - Filling up the DagBag from /opt/airflow/dags/raw_from_api_to_s3.py
[2026-04-18T01:50:04.904+0000] {processor.py:925} INFO - DAG(s) 'raw_from_api_to_s3' retrieved from /opt/airflow/dags/raw_from_api_to_s3.py
[2026-04-18T01:50:04.911+0000] {logging_mixin.py:190} INFO - [2026-04-18T01:50:04.911+0000] {dag.py:3239} INFO - Sync 1 DAGs
[2026-04-18T01:50:04.921+0000] {logging_mixin.py:190} INFO - [2026-04-18T01:50:04.920+0000] {dag.py:4180} INFO - Setting next_dagrun for raw_from_api_to_s3 to 2026-04-18 00:00:00+00:00, run_after=2026-04-19 00:00:00+00:00
[2026-04-18T01:50:04.928+0000] {processor.py:208} INFO - Processing /opt/airflow/dags/raw_from_api_to_s3.py took 0.086 seconds
[2026-04-18T01:50:35.191+0000] {processor.py:186} INFO - Started process (PID=34895) to work on /opt/airflow/dags/raw_from_api_to_s3.py
[2026-04-18T01:50:35.192+0000] {processor.py:914} INFO - Processing file /opt/airflow/dags/raw_from_api_to_s3.py for tasks to queue
[2026-04-18T01:50:35.194+0000] {logging_mixin.py:190} INFO - [2026-04-18T01:50:35.194+0000] {dagbag.py:588} INFO - Filling up the DagBag from /opt/airflow/dags/raw_from_api_to_s3.py
[2026-04-18T01:50:35.243+0000] {processor.py:925} INFO - DAG(s) 'raw_from_api_to_s3' retrieved from /opt/airflow/dags/raw_from_api_to_s3.py
[2026-04-18T01:50:35.250+0000] {logging_mixin.py:190} INFO - [2026-04-18T01:50:35.250+0000] {dag.py:3239} INFO - Sync 1 DAGs
[2026-04-18T01:50:35.260+0000] {logging_mixin.py:190} INFO - [2026-04-18T01:50:35.260+0000] {dag.py:4180} INFO - Setting next_dagrun for raw_from_api_to_s3 to 2026-04-18 00:00:00+00:00, run_after=2026-04-19 00:00:00+00:00
[2026-04-18T01:50:35.267+0000] {processor.py:208} INFO - Processing /opt/airflow/dags/raw_from_api_to_s3.py took 0.084 seconds
[2026-04-18T01:51:05.578+0000] {processor.py:186} INFO - Started process (PID=34909) to work on /opt/airflow/dags/raw_from_api_to_s3.py
[2026-04-18T01:51:05.579+0000] {processor.py:914} INFO - Processing file /opt/airflow/dags/raw_from_api_to_s3.py for tasks to queue
[2026-04-18T01:51:05.582+0000] {logging_mixin.py:190} INFO - [2026-04-18T01:51:05.582+0000] {dagbag.py:588} INFO - Filling up the DagBag from /opt/airflow/dags/raw_from_api_to_s3.py
[2026-04-18T01:51:05.641+0000] {processor.py:925} INFO - DAG(s) 'raw_from_api_to_s3' retrieved from /opt/airflow/dags/raw_from_api_to_s3.py
[2026-04-18T01:51:05.649+0000] {logging_mixin.py:190} INFO - [2026-04-18T01:51:05.649+0000] {dag.py:3239} INFO - Sync 1 DAGs
[2026-04-18T01:51:05.659+0000] {logging_mixin.py:190} INFO - [2026-04-18T01:51:05.659+0000] {dag.py:4180} INFO - Setting next_dagrun for raw_from_api_to_s3 to 2026-04-18 00:00:00+00:00, run_after=2026-04-19 00:00:00+00:00
[2026-04-18T01:51:05.666+0000] {processor.py:208} INFO - Processing /opt/airflow/dags/raw_from_api_to_s3.py took 0.096 seconds
[2026-04-18T01:51:35.947+0000] {processor.py:186} INFO - Started process (PID=34923) to work on /opt/airflow/dags/raw_from_api_to_s3.py
[2026-04-18T01:51:35.949+0000] {processor.py:914} INFO - Processing file /opt/airflow/dags/raw_from_api_to_s3.py for tasks to queue
[2026-04-18T01:51:35.952+0000] {logging_mixin.py:190} INFO - [2026-04-18T01:51:35.952+0000] {dagbag.py:588} INFO - Filling up the DagBag from /opt/airflow/dags/raw_from_api_to_s3.py
[2026-04-18T01:51:36.009+0000] {processor.py:925} INFO - DAG(s) 'raw_from_api_to_s3' retrieved from /opt/airflow/dags/raw_from_api_to_s3.py
[2026-04-18T01:51:36.016+0000] {logging_mixin.py:190} INFO - [2026-04-18T01:51:36.016+0000] {dag.py:3239} INFO - Sync 1 DAGs
[2026-04-18T01:51:36.026+0000] {logging_mixin.py:190} INFO - [2026-04-18T01:51:36.026+0000] {dag.py:4180} INFO - Setting next_dagrun for raw_from_api_to_s3 to 2026-04-18 00:00:00+00:00, run_after=2026-04-19 00:00:00+00:00
[2026-04-18T01:51:36.033+0000] {processor.py:208} INFO - Processing /opt/airflow/dags/raw_from_api_to_s3.py took 0.095 seconds
[2026-04-18T01:52:06.281+0000] {processor.py:186} INFO - Started process (PID=34937) to work on /opt/airflow/dags/raw_from_api_to_s3.py
[2026-04-18T01:52:06.282+0000] {processor.py:914} INFO - Processing file /opt/airflow/dags/raw_from_api_to_s3.py for tasks to queue
[2026-04-18T01:52:06.284+0000] {logging_mixin.py:190} INFO - [2026-04-18T01:52:06.284+0000] {dagbag.py:588} INFO - Filling up the DagBag from /opt/airflow/dags/raw_from_api_to_s3.py
[2026-04-18T01:52:06.332+0000] {processor.py:925} INFO - DAG(s) 'raw_from_api_to_s3' retrieved from /opt/airflow/dags/raw_from_api_to_s3.py
[2026-04-18T01:52:06.339+0000] {logging_mixin.py:190} INFO - [2026-04-18T01:52:06.339+0000] {dag.py:3239} INFO - Sync 1 DAGs
[2026-04-18T01:52:06.348+0000] {logging_mixin.py:190} INFO - [2026-04-18T01:52:06.348+0000] {dag.py:4180} INFO - Setting next_dagrun for raw_from_api_to_s3 to 2026-04-18 00:00:00+00:00, run_after=2026-04-19 00:00:00+00:00
[2026-04-18T01:52:06.354+0000] {processor.py:208} INFO - Processing /opt/airflow/dags/raw_from_api_to_s3.py took 0.081 seconds
[2026-04-18T01:52:36.628+0000] {processor.py:186} INFO - Started process (PID=34951) to work on /opt/airflow/dags/raw_from_api_to_s3.py
[2026-04-18T01:52:36.629+0000] {processor.py:914} INFO - Processing file /opt/airflow/dags/raw_from_api_to_s3.py for tasks to queue
[2026-04-18T01:52:36.632+0000] {logging_mixin.py:190} INFO - [2026-04-18T01:52:36.632+0000] {dagbag.py:588} INFO - Filling up the DagBag from /opt/airflow/dags/raw_from_api_to_s3.py
[2026-04-18T01:52:36.685+0000] {processor.py:925} INFO - DAG(s) 'raw_from_api_to_s3' retrieved from /opt/airflow/dags/raw_from_api_to_s3.py
[2026-04-18T01:52:36.693+0000] {logging_mixin.py:190} INFO - [2026-04-18T01:52:36.693+0000] {dag.py:3239} INFO - Sync 1 DAGs
[2026-04-18T01:52:36.702+0000] {logging_mixin.py:190} INFO - [2026-04-18T01:52:36.702+0000] {dag.py:4180} INFO - Setting next_dagrun for raw_from_api_to_s3 to 2026-04-18 00:00:00+00:00, run_after=2026-04-19 00:00:00+00:00
[2026-04-18T01:52:36.708+0000] {processor.py:208} INFO - Processing /opt/airflow/dags/raw_from_api_to_s3.py took 0.088 seconds
[2026-04-18T01:53:06.950+0000] {processor.py:186} INFO - Started process (PID=34965) to work on /opt/airflow/dags/raw_from_api_to_s3.py
[2026-04-18T01:53:06.951+0000] {processor.py:914} INFO - Processing file /opt/airflow/dags/raw_from_api_to_s3.py for tasks to queue
[2026-04-18T01:53:06.954+0000] {logging_mixin.py:190} INFO - [2026-04-18T01:53:06.954+0000] {dagbag.py:588} INFO - Filling up the DagBag from /opt/airflow/dags/raw_from_api_to_s3.py
[2026-04-18T01:53:07.016+0000] {processor.py:925} INFO - DAG(s) 'raw_from_api_to_s3' retrieved from /opt/airflow/dags/raw_from_api_to_s3.py
[2026-04-18T01:53:07.025+0000] {logging_mixin.py:190} INFO - [2026-04-18T01:53:07.025+0000] {dag.py:3239} INFO - Sync 1 DAGs
[2026-04-18T01:53:07.035+0000] {logging_mixin.py:190} INFO - [2026-04-18T01:53:07.035+0000] {dag.py:4180} INFO - Setting next_dagrun for raw_from_api_to_s3 to 2026-04-18 00:00:00+00:00, run_after=2026-04-19 00:00:00+00:00
[2026-04-18T01:53:07.042+0000] {processor.py:208} INFO - Processing /opt/airflow/dags/raw_from_api_to_s3.py took 0.099 seconds
[2026-04-18T01:53:37.304+0000] {processor.py:186} INFO - Started process (PID=34979) to work on /opt/airflow/dags/raw_from_api_to_s3.py
[2026-04-18T01:53:37.305+0000] {processor.py:914} INFO - Processing file /opt/airflow/dags/raw_from_api_to_s3.py for tasks to queue
[2026-04-18T01:53:37.309+0000] {logging_mixin.py:190} INFO - [2026-04-18T01:53:37.308+0000] {dagbag.py:588} INFO - Filling up the DagBag from /opt/airflow/dags/raw_from_api_to_s3.py
[2026-04-18T01:53:37.364+0000] {processor.py:925} INFO - DAG(s) 'raw_from_api_to_s3' retrieved from /opt/airflow/dags/raw_from_api_to_s3.py
[2026-04-18T01:53:37.371+0000] {logging_mixin.py:190} INFO - [2026-04-18T01:53:37.371+0000] {dag.py:3239} INFO - Sync 1 DAGs
[2026-04-18T01:53:37.381+0000] {logging_mixin.py:190} INFO - [2026-04-18T01:53:37.381+0000] {dag.py:4180} INFO - Setting next_dagrun for raw_from_api_to_s3 to 2026-04-18 00:00:00+00:00, run_after=2026-04-19 00:00:00+00:00
[2026-04-18T01:53:37.388+0000] {processor.py:208} INFO - Processing /opt/airflow/dags/raw_from_api_to_s3.py took 0.093 seconds
[2026-04-18T01:54:07.692+0000] {processor.py:186} INFO - Started process (PID=34993) to work on /opt/airflow/dags/raw_from_api_to_s3.py
[2026-04-18T01:54:07.693+0000] {processor.py:914} INFO - Processing file /opt/airflow/dags/raw_from_api_to_s3.py for tasks to queue
[2026-04-18T01:54:07.696+0000] {logging_mixin.py:190} INFO - [2026-04-18T01:54:07.696+0000] {dagbag.py:588} INFO - Filling up the DagBag from /opt/airflow/dags/raw_from_api_to_s3.py
[2026-04-18T01:54:07.745+0000] {processor.py:925} INFO - DAG(s) 'raw_from_api_to_s3' retrieved from /opt/airflow/dags/raw_from_api_to_s3.py
[2026-04-18T01:54:07.752+0000] {logging_mixin.py:190} INFO - [2026-04-18T01:54:07.752+0000] {dag.py:3239} INFO - Sync 1 DAGs
[2026-04-18T01:54:07.762+0000] {logging_mixin.py:190} INFO - [2026-04-18T01:54:07.762+0000] {dag.py:4180} INFO - Setting next_dagrun for raw_from_api_to_s3 to 2026-04-18 00:00:00+00:00, run_after=2026-04-19 00:00:00+00:00
[2026-04-18T01:54:07.769+0000] {processor.py:208} INFO - Processing /opt/airflow/dags/raw_from_api_to_s3.py took 0.083 seconds
[2026-04-18T01:54:38.065+0000] {processor.py:186} INFO - Started process (PID=35007) to work on /opt/airflow/dags/raw_from_api_to_s3.py
[2026-04-18T01:54:38.065+0000] {processor.py:914} INFO - Processing file /opt/airflow/dags/raw_from_api_to_s3.py for tasks to queue
[2026-04-18T01:54:38.068+0000] {logging_mixin.py:190} INFO - [2026-04-18T01:54:38.067+0000] {dagbag.py:588} INFO - Filling up the DagBag from /opt/airflow/dags/raw_from_api_to_s3.py
[2026-04-18T01:54:38.120+0000] {processor.py:925} INFO - DAG(s) 'raw_from_api_to_s3' retrieved from /opt/airflow/dags/raw_from_api_to_s3.py
[2026-04-18T01:54:38.128+0000] {logging_mixin.py:190} INFO - [2026-04-18T01:54:38.128+0000] {dag.py:3239} INFO - Sync 1 DAGs
[2026-04-18T01:54:38.138+0000] {logging_mixin.py:190} INFO - [2026-04-18T01:54:38.138+0000] {dag.py:4180} INFO - Setting next_dagrun for raw_from_api_to_s3 to 2026-04-18 00:00:00+00:00, run_after=2026-04-19 00:00:00+00:00
[2026-04-18T01:54:38.145+0000] {processor.py:208} INFO - Processing /opt/airflow/dags/raw_from_api_to_s3.py took 0.086 seconds
[2026-04-18T01:55:08.384+0000] {processor.py:186} INFO - Started process (PID=35027) to work on /opt/airflow/dags/raw_from_api_to_s3.py
[2026-04-18T01:55:08.385+0000] {processor.py:914} INFO - Processing file /opt/airflow/dags/raw_from_api_to_s3.py for tasks to queue
[2026-04-18T01:55:08.388+0000] {logging_mixin.py:190} INFO - [2026-04-18T01:55:08.388+0000] {dagbag.py:588} INFO - Filling up the DagBag from /opt/airflow/dags/raw_from_api_to_s3.py
[2026-04-18T01:55:08.441+0000] {processor.py:925} INFO - DAG(s) 'raw_from_api_to_s3' retrieved from /opt/airflow/dags/raw_from_api_to_s3.py
[2026-04-18T01:55:08.449+0000] {logging_mixin.py:190} INFO - [2026-04-18T01:55:08.449+0000] {dag.py:3239} INFO - Sync 1 DAGs
[2026-04-18T01:55:08.458+0000] {logging_mixin.py:190} INFO - [2026-04-18T01:55:08.458+0000] {dag.py:4180} INFO - Setting next_dagrun for raw_from_api_to_s3 to 2026-04-18 00:00:00+00:00, run_after=2026-04-19 00:00:00+00:00
[2026-04-18T01:55:08.465+0000] {processor.py:208} INFO - Processing /opt/airflow/dags/raw_from_api_to_s3.py took 0.087 seconds
[2026-04-18T01:55:38.737+0000] {processor.py:186} INFO - Started process (PID=35041) to work on /opt/airflow/dags/raw_from_api_to_s3.py
[2026-04-18T01:55:38.739+0000] {processor.py:914} INFO - Processing file /opt/airflow/dags/raw_from_api_to_s3.py for tasks to queue
[2026-04-18T01:55:38.742+0000] {logging_mixin.py:190} INFO - [2026-04-18T01:55:38.742+0000] {dagbag.py:588} INFO - Filling up the DagBag from /opt/airflow/dags/raw_from_api_to_s3.py
[2026-04-18T01:55:38.794+0000] {processor.py:925} INFO - DAG(s) 'raw_from_api_to_s3' retrieved from /opt/airflow/dags/raw_from_api_to_s3.py
[2026-04-18T01:55:38.802+0000] {logging_mixin.py:190} INFO - [2026-04-18T01:55:38.802+0000] {dag.py:3239} INFO - Sync 1 DAGs
[2026-04-18T01:55:38.811+0000] {logging_mixin.py:190} INFO - [2026-04-18T01:55:38.811+0000] {dag.py:4180} INFO - Setting next_dagrun for raw_from_api_to_s3 to 2026-04-18 00:00:00+00:00, run_after=2026-04-19 00:00:00+00:00
[2026-04-18T01:55:38.818+0000] {processor.py:208} INFO - Processing /opt/airflow/dags/raw_from_api_to_s3.py took 0.090 seconds
[2026-04-18T01:56:09.126+0000] {processor.py:186} INFO - Started process (PID=35055) to work on /opt/airflow/dags/raw_from_api_to_s3.py
[2026-04-18T01:56:09.127+0000] {processor.py:914} INFO - Processing file /opt/airflow/dags/raw_from_api_to_s3.py for tasks to queue
[2026-04-18T01:56:09.129+0000] {logging_mixin.py:190} INFO - [2026-04-18T01:56:09.129+0000] {dagbag.py:588} INFO - Filling up the DagBag from /opt/airflow/dags/raw_from_api_to_s3.py
[2026-04-18T01:56:09.180+0000] {processor.py:925} INFO - DAG(s) 'raw_from_api_to_s3' retrieved from /opt/airflow/dags/raw_from_api_to_s3.py
[2026-04-18T01:56:09.187+0000] {logging_mixin.py:190} INFO - [2026-04-18T01:56:09.187+0000] {dag.py:3239} INFO - Sync 1 DAGs
[2026-04-18T01:56:09.197+0000] {logging_mixin.py:190} INFO - [2026-04-18T01:56:09.197+0000] {dag.py:4180} INFO - Setting next_dagrun for raw_from_api_to_s3 to 2026-04-18 00:00:00+00:00, run_after=2026-04-19 00:00:00+00:00
[2026-04-18T01:56:09.203+0000] {processor.py:208} INFO - Processing /opt/airflow/dags/raw_from_api_to_s3.py took 0.083 seconds
[2026-04-18T01:56:39.534+0000] {processor.py:186} INFO - Started process (PID=35069) to work on /opt/airflow/dags/raw_from_api_to_s3.py
[2026-04-18T01:56:39.536+0000] {processor.py:914} INFO - Processing file /opt/airflow/dags/raw_from_api_to_s3.py for tasks to queue
[2026-04-18T01:56:39.539+0000] {logging_mixin.py:190} INFO - [2026-04-18T01:56:39.538+0000] {dagbag.py:588} INFO - Filling up the DagBag from /opt/airflow/dags/raw_from_api_to_s3.py
[2026-04-18T01:56:39.596+0000] {processor.py:925} INFO - DAG(s) 'raw_from_api_to_s3' retrieved from /opt/airflow/dags/raw_from_api_to_s3.py
[2026-04-18T01:56:39.604+0000] {logging_mixin.py:190} INFO - [2026-04-18T01:56:39.604+0000] {dag.py:3239} INFO - Sync 1 DAGs
[2026-04-18T01:56:39.617+0000] {logging_mixin.py:190} INFO - [2026-04-18T01:56:39.617+0000] {dag.py:4180} INFO - Setting next_dagrun for raw_from_api_to_s3 to 2026-04-18 00:00:00+00:00, run_after=2026-04-19 00:00:00+00:00
[2026-04-18T01:56:39.624+0000] {processor.py:208} INFO - Processing /opt/airflow/dags/raw_from_api_to_s3.py took 0.097 seconds
[2026-04-18T01:57:09.872+0000] {processor.py:186} INFO - Started process (PID=35083) to work on /opt/airflow/dags/raw_from_api_to_s3.py
[2026-04-18T01:57:09.873+0000] {processor.py:914} INFO - Processing file /opt/airflow/dags/raw_from_api_to_s3.py for tasks to queue
[2026-04-18T01:57:09.876+0000] {logging_mixin.py:190} INFO - [2026-04-18T01:57:09.875+0000] {dagbag.py:588} INFO - Filling up the DagBag from /opt/airflow/dags/raw_from_api_to_s3.py
[2026-04-18T01:57:09.927+0000] {processor.py:925} INFO - DAG(s) 'raw_from_api_to_s3' retrieved from /opt/airflow/dags/raw_from_api_to_s3.py
[2026-04-18T01:57:09.934+0000] {logging_mixin.py:190} INFO - [2026-04-18T01:57:09.934+0000] {dag.py:3239} INFO - Sync 1 DAGs
[2026-04-18T01:57:09.943+0000] {logging_mixin.py:190} INFO - [2026-04-18T01:57:09.943+0000] {dag.py:4180} INFO - Setting next_dagrun for raw_from_api_to_s3 to 2026-04-18 00:00:00+00:00, run_after=2026-04-19 00:00:00+00:00
[2026-04-18T01:57:09.950+0000] {processor.py:208} INFO - Processing /opt/airflow/dags/raw_from_api_to_s3.py took 0.084 seconds
[2026-04-18T01:57:40.229+0000] {processor.py:186} INFO - Started process (PID=35097) to work on /opt/airflow/dags/raw_from_api_to_s3.py
[2026-04-18T01:57:40.229+0000] {processor.py:914} INFO - Processing file /opt/airflow/dags/raw_from_api_to_s3.py for tasks to queue
[2026-04-18T01:57:40.232+0000] {logging_mixin.py:190} INFO - [2026-04-18T01:57:40.231+0000] {dagbag.py:588} INFO - Filling up the DagBag from /opt/airflow/dags/raw_from_api_to_s3.py
[2026-04-18T01:57:40.276+0000] {processor.py:925} INFO - DAG(s) 'raw_from_api_to_s3' retrieved from /opt/airflow/dags/raw_from_api_to_s3.py
[2026-04-18T01:57:40.284+0000] {logging_mixin.py:190} INFO - [2026-04-18T01:57:40.284+0000] {dag.py:3239} INFO - Sync 1 DAGs
[2026-04-18T01:57:40.293+0000] {logging_mixin.py:190} INFO - [2026-04-18T01:57:40.293+0000] {dag.py:4180} INFO - Setting next_dagrun for raw_from_api_to_s3 to 2026-04-18 00:00:00+00:00, run_after=2026-04-19 00:00:00+00:00
[2026-04-18T01:57:40.300+0000] {processor.py:208} INFO - Processing /opt/airflow/dags/raw_from_api_to_s3.py took 0.076 seconds
[2026-04-18T01:58:10.578+0000] {processor.py:186} INFO - Started process (PID=35111) to work on /opt/airflow/dags/raw_from_api_to_s3.py
[2026-04-18T01:58:10.579+0000] {processor.py:914} INFO - Processing file /opt/airflow/dags/raw_from_api_to_s3.py for tasks to queue
[2026-04-18T01:58:10.582+0000] {logging_mixin.py:190} INFO - [2026-04-18T01:58:10.581+0000] {dagbag.py:588} INFO - Filling up the DagBag from /opt/airflow/dags/raw_from_api_to_s3.py
[2026-04-18T01:58:10.639+0000] {processor.py:925} INFO - DAG(s) 'raw_from_api_to_s3' retrieved from /opt/airflow/dags/raw_from_api_to_s3.py
[2026-04-18T01:58:10.648+0000] {logging_mixin.py:190} INFO - [2026-04-18T01:58:10.648+0000] {dag.py:3239} INFO - Sync 1 DAGs
[2026-04-18T01:58:10.657+0000] {logging_mixin.py:190} INFO - [2026-04-18T01:58:10.657+0000] {dag.py:4180} INFO - Setting next_dagrun for raw_from_api_to_s3 to 2026-04-18 00:00:00+00:00, run_after=2026-04-19 00:00:00+00:00
[2026-04-18T01:58:10.664+0000] {processor.py:208} INFO - Processing /opt/airflow/dags/raw_from_api_to_s3.py took 0.092 seconds
[2026-04-18T01:58:40.867+0000] {processor.py:186} INFO - Started process (PID=35125) to work on /opt/airflow/dags/raw_from_api_to_s3.py
[2026-04-18T01:58:40.868+0000] {processor.py:914} INFO - Processing file /opt/airflow/dags/raw_from_api_to_s3.py for tasks to queue
[2026-04-18T01:58:40.871+0000] {logging_mixin.py:190} INFO - [2026-04-18T01:58:40.870+0000] {dagbag.py:588} INFO - Filling up the DagBag from /opt/airflow/dags/raw_from_api_to_s3.py
[2026-04-18T01:58:40.923+0000] {processor.py:925} INFO - DAG(s) 'raw_from_api_to_s3' retrieved from /opt/airflow/dags/raw_from_api_to_s3.py
[2026-04-18T01:58:40.930+0000] {logging_mixin.py:190} INFO - [2026-04-18T01:58:40.930+0000] {dag.py:3239} INFO - Sync 1 DAGs
[2026-04-18T01:58:40.939+0000] {logging_mixin.py:190} INFO - [2026-04-18T01:58:40.939+0000] {dag.py:4180} INFO - Setting next_dagrun for raw_from_api_to_s3 to 2026-04-18 00:00:00+00:00, run_after=2026-04-19 00:00:00+00:00
[2026-04-18T01:58:40.946+0000] {processor.py:208} INFO - Processing /opt/airflow/dags/raw_from_api_to_s3.py took 0.086 seconds
[2026-04-18T01:59:11.233+0000] {processor.py:186} INFO - Started process (PID=35139) to work on /opt/airflow/dags/raw_from_api_to_s3.py
[2026-04-18T01:59:11.233+0000] {processor.py:914} INFO - Processing file /opt/airflow/dags/raw_from_api_to_s3.py for tasks to queue
[2026-04-18T01:59:11.235+0000] {logging_mixin.py:190} INFO - [2026-04-18T01:59:11.235+0000] {dagbag.py:588} INFO - Filling up the DagBag from /opt/airflow/dags/raw_from_api_to_s3.py
[2026-04-18T01:59:11.283+0000] {processor.py:925} INFO - DAG(s) 'raw_from_api_to_s3' retrieved from /opt/airflow/dags/raw_from_api_to_s3.py
[2026-04-18T01:59:11.292+0000] {logging_mixin.py:190} INFO - [2026-04-18T01:59:11.291+0000] {dag.py:3239} INFO - Sync 1 DAGs
[2026-04-18T01:59:11.304+0000] {logging_mixin.py:190} INFO - [2026-04-18T01:59:11.304+0000] {dag.py:4180} INFO - Setting next_dagrun for raw_from_api_to_s3 to 2026-04-18 00:00:00+00:00, run_after=2026-04-19 00:00:00+00:00
[2026-04-18T01:59:11.312+0000] {processor.py:208} INFO - Processing /opt/airflow/dags/raw_from_api_to_s3.py took 0.082 seconds
[2026-04-18T01:59:41.623+0000] {processor.py:186} INFO - Started process (PID=35153) to work on /opt/airflow/dags/raw_from_api_to_s3.py
[2026-04-18T01:59:41.624+0000] {processor.py:914} INFO - Processing file /opt/airflow/dags/raw_from_api_to_s3.py for tasks to queue
[2026-04-18T01:59:41.627+0000] {logging_mixin.py:190} INFO - [2026-04-18T01:59:41.626+0000] {dagbag.py:588} INFO - Filling up the DagBag from /opt/airflow/dags/raw_from_api_to_s3.py
[2026-04-18T01:59:41.686+0000] {processor.py:925} INFO - DAG(s) 'raw_from_api_to_s3' retrieved from /opt/airflow/dags/raw_from_api_to_s3.py
[2026-04-18T01:59:41.694+0000] {logging_mixin.py:190} INFO - [2026-04-18T01:59:41.694+0000] {dag.py:3239} INFO - Sync 1 DAGs
[2026-04-18T01:59:41.705+0000] {logging_mixin.py:190} INFO - [2026-04-18T01:59:41.705+0000] {dag.py:4180} INFO - Setting next_dagrun for raw_from_api_to_s3 to 2026-04-18 00:00:00+00:00, run_after=2026-04-19 00:00:00+00:00
[2026-04-18T01:59:41.712+0000] {processor.py:208} INFO - Processing /opt/airflow/dags/raw_from_api_to_s3.py took 0.097 seconds
[2026-04-18T02:00:11.966+0000] {processor.py:186} INFO - Started process (PID=35167) to work on /opt/airflow/dags/raw_from_api_to_s3.py
[2026-04-18T02:00:11.968+0000] {processor.py:914} INFO - Processing file /opt/airflow/dags/raw_from_api_to_s3.py for tasks to queue
[2026-04-18T02:00:11.971+0000] {logging_mixin.py:190} INFO - [2026-04-18T02:00:11.970+0000] {dagbag.py:588} INFO - Filling up the DagBag from /opt/airflow/dags/raw_from_api_to_s3.py
[2026-04-18T02:00:12.021+0000] {processor.py:925} INFO - DAG(s) 'raw_from_api_to_s3' retrieved from /opt/airflow/dags/raw_from_api_to_s3.py
[2026-04-18T02:00:12.028+0000] {logging_mixin.py:190} INFO - [2026-04-18T02:00:12.028+0000] {dag.py:3239} INFO - Sync 1 DAGs
[2026-04-18T02:00:12.037+0000] {logging_mixin.py:190} INFO - [2026-04-18T02:00:12.037+0000] {dag.py:4180} INFO - Setting next_dagrun for raw_from_api_to_s3 to 2026-04-18 00:00:00+00:00, run_after=2026-04-19 00:00:00+00:00
[2026-04-18T02:00:12.044+0000] {processor.py:208} INFO - Processing /opt/airflow/dags/raw_from_api_to_s3.py took 0.085 seconds
[2026-04-18T02:00:42.299+0000] {processor.py:186} INFO - Started process (PID=35181) to work on /opt/airflow/dags/raw_from_api_to_s3.py
[2026-04-18T02:00:42.300+0000] {processor.py:914} INFO - Processing file /opt/airflow/dags/raw_from_api_to_s3.py for tasks to queue
[2026-04-18T02:00:42.302+0000] {logging_mixin.py:190} INFO - [2026-04-18T02:00:42.302+0000] {dagbag.py:588} INFO - Filling up the DagBag from /opt/airflow/dags/raw_from_api_to_s3.py
[2026-04-18T02:00:42.354+0000] {processor.py:925} INFO - DAG(s) 'raw_from_api_to_s3' retrieved from /opt/airflow/dags/raw_from_api_to_s3.py
[2026-04-18T02:00:42.361+0000] {logging_mixin.py:190} INFO - [2026-04-18T02:00:42.361+0000] {dag.py:3239} INFO - Sync 1 DAGs
[2026-04-18T02:00:42.370+0000] {logging_mixin.py:190} INFO - [2026-04-18T02:00:42.370+0000] {dag.py:4180} INFO - Setting next_dagrun for raw_from_api_to_s3 to 2026-04-18 00:00:00+00:00, run_after=2026-04-19 00:00:00+00:00
[2026-04-18T02:00:42.377+0000] {processor.py:208} INFO - Processing /opt/airflow/dags/raw_from_api_to_s3.py took 0.085 seconds
[2026-04-18T02:01:12.656+0000] {processor.py:186} INFO - Started process (PID=35195) to work on /opt/airflow/dags/raw_from_api_to_s3.py
[2026-04-18T02:01:12.657+0000] {processor.py:914} INFO - Processing file /opt/airflow/dags/raw_from_api_to_s3.py for tasks to queue
[2026-04-18T02:01:12.660+0000] {logging_mixin.py:190} INFO - [2026-04-18T02:01:12.659+0000] {dagbag.py:588} INFO - Filling up the DagBag from /opt/airflow/dags/raw_from_api_to_s3.py
[2026-04-18T02:01:12.718+0000] {processor.py:925} INFO - DAG(s) 'raw_from_api_to_s3' retrieved from /opt/airflow/dags/raw_from_api_to_s3.py
[2026-04-18T02:01:12.725+0000] {logging_mixin.py:190} INFO - [2026-04-18T02:01:12.725+0000] {dag.py:3239} INFO - Sync 1 DAGs
[2026-04-18T02:01:12.734+0000] {logging_mixin.py:190} INFO - [2026-04-18T02:01:12.734+0000] {dag.py:4180} INFO - Setting next_dagrun for raw_from_api_to_s3 to 2026-04-18 00:00:00+00:00, run_after=2026-04-19 00:00:00+00:00
[2026-04-18T02:01:12.741+0000] {processor.py:208} INFO - Processing /opt/airflow/dags/raw_from_api_to_s3.py took 0.093 seconds
[2026-04-18T02:01:43.040+0000] {processor.py:186} INFO - Started process (PID=35209) to work on /opt/airflow/dags/raw_from_api_to_s3.py
[2026-04-18T02:01:43.041+0000] {processor.py:914} INFO - Processing file /opt/airflow/dags/raw_from_api_to_s3.py for tasks to queue
[2026-04-18T02:01:43.044+0000] {logging_mixin.py:190} INFO - [2026-04-18T02:01:43.043+0000] {dagbag.py:588} INFO - Filling up the DagBag from /opt/airflow/dags/raw_from_api_to_s3.py
[2026-04-18T02:01:43.088+0000] {processor.py:925} INFO - DAG(s) 'raw_from_api_to_s3' retrieved from /opt/airflow/dags/raw_from_api_to_s3.py
[2026-04-18T02:01:43.095+0000] {logging_mixin.py:190} INFO - [2026-04-18T02:01:43.095+0000] {dag.py:3239} INFO - Sync 1 DAGs
[2026-04-18T02:01:43.105+0000] {logging_mixin.py:190} INFO - [2026-04-18T02:01:43.105+0000] {dag.py:4180} INFO - Setting next_dagrun for raw_from_api_to_s3 to 2026-04-18 00:00:00+00:00, run_after=2026-04-19 00:00:00+00:00
[2026-04-18T02:01:43.112+0000] {processor.py:208} INFO - Processing /opt/airflow/dags/raw_from_api_to_s3.py took 0.078 seconds
[2026-04-18T02:02:13.463+0000] {processor.py:186} INFO - Started process (PID=35223) to work on /opt/airflow/dags/raw_from_api_to_s3.py
[2026-04-18T02:02:13.464+0000] {processor.py:914} INFO - Processing file /opt/airflow/dags/raw_from_api_to_s3.py for tasks to queue
[2026-04-18T02:02:13.468+0000] {logging_mixin.py:190} INFO - [2026-04-18T02:02:13.467+0000] {dagbag.py:588} INFO - Filling up the DagBag from /opt/airflow/dags/raw_from_api_to_s3.py
[2026-04-18T02:02:13.525+0000] {processor.py:925} INFO - DAG(s) 'raw_from_api_to_s3' retrieved from /opt/airflow/dags/raw_from_api_to_s3.py
[2026-04-18T02:02:13.532+0000] {logging_mixin.py:190} INFO - [2026-04-18T02:02:13.532+0000] {dag.py:3239} INFO - Sync 1 DAGs
[2026-04-18T02:02:13.541+0000] {logging_mixin.py:190} INFO - [2026-04-18T02:02:13.541+0000] {dag.py:4180} INFO - Setting next_dagrun for raw_from_api_to_s3 to 2026-04-18 00:00:00+00:00, run_after=2026-04-19 00:00:00+00:00
[2026-04-18T02:02:13.548+0000] {processor.py:208} INFO - Processing /opt/airflow/dags/raw_from_api_to_s3.py took 0.092 seconds
[2026-04-18T02:02:43.794+0000] {processor.py:186} INFO - Started process (PID=35237) to work on /opt/airflow/dags/raw_from_api_to_s3.py
[2026-04-18T02:02:43.795+0000] {processor.py:914} INFO - Processing file /opt/airflow/dags/raw_from_api_to_s3.py for tasks to queue
[2026-04-18T02:02:43.797+0000] {logging_mixin.py:190} INFO - [2026-04-18T02:02:43.797+0000] {dagbag.py:588} INFO - Filling up the DagBag from /opt/airflow/dags/raw_from_api_to_s3.py
[2026-04-18T02:02:43.843+0000] {processor.py:925} INFO - DAG(s) 'raw_from_api_to_s3' retrieved from /opt/airflow/dags/raw_from_api_to_s3.py
[2026-04-18T02:02:43.850+0000] {logging_mixin.py:190} INFO - [2026-04-18T02:02:43.850+0000] {dag.py:3239} INFO - Sync 1 DAGs
[2026-04-18T02:02:43.860+0000] {logging_mixin.py:190} INFO - [2026-04-18T02:02:43.860+0000] {dag.py:4180} INFO - Setting next_dagrun for raw_from_api_to_s3 to 2026-04-18 00:00:00+00:00, run_after=2026-04-19 00:00:00+00:00
[2026-04-18T02:02:43.867+0000] {processor.py:208} INFO - Processing /opt/airflow/dags/raw_from_api_to_s3.py took 0.080 seconds
[2026-04-18T02:03:14.165+0000] {processor.py:186} INFO - Started process (PID=35250) to work on /opt/airflow/dags/raw_from_api_to_s3.py
[2026-04-18T02:03:14.166+0000] {processor.py:914} INFO - Processing file /opt/airflow/dags/raw_from_api_to_s3.py for tasks to queue
[2026-04-18T02:03:14.168+0000] {logging_mixin.py:190} INFO - [2026-04-18T02:03:14.168+0000] {dagbag.py:588} INFO - Filling up the DagBag from /opt/airflow/dags/raw_from_api_to_s3.py
[2026-04-18T02:03:14.222+0000] {processor.py:925} INFO - DAG(s) 'raw_from_api_to_s3' retrieved from /opt/airflow/dags/raw_from_api_to_s3.py
[2026-04-18T02:03:14.230+0000] {logging_mixin.py:190} INFO - [2026-04-18T02:03:14.230+0000] {dag.py:3239} INFO - Sync 1 DAGs
[2026-04-18T02:03:14.240+0000] {logging_mixin.py:190} INFO - [2026-04-18T02:03:14.240+0000] {dag.py:4180} INFO - Setting next_dagrun for raw_from_api_to_s3 to 2026-04-18 00:00:00+00:00, run_after=2026-04-19 00:00:00+00:00
[2026-04-18T02:03:14.247+0000] {processor.py:208} INFO - Processing /opt/airflow/dags/raw_from_api_to_s3.py took 0.091 seconds
[2026-04-18T02:03:44.474+0000] {processor.py:186} INFO - Started process (PID=35264) to work on /opt/airflow/dags/raw_from_api_to_s3.py
[2026-04-18T02:03:44.475+0000] {processor.py:914} INFO - Processing file /opt/airflow/dags/raw_from_api_to_s3.py for tasks to queue
[2026-04-18T02:03:44.476+0000] {logging_mixin.py:190} INFO - [2026-04-18T02:03:44.476+0000] {dagbag.py:588} INFO - Filling up the DagBag from /opt/airflow/dags/raw_from_api_to_s3.py
[2026-04-18T02:03:44.516+0000] {processor.py:925} INFO - DAG(s) 'raw_from_api_to_s3' retrieved from /opt/airflow/dags/raw_from_api_to_s3.py
[2026-04-18T02:03:44.522+0000] {logging_mixin.py:190} INFO - [2026-04-18T02:03:44.522+0000] {dag.py:3239} INFO - Sync 1 DAGs
[2026-04-18T02:03:44.531+0000] {logging_mixin.py:190} INFO - [2026-04-18T02:03:44.531+0000] {dag.py:4180} INFO - Setting next_dagrun for raw_from_api_to_s3 to 2026-04-18 00:00:00+00:00, run_after=2026-04-19 00:00:00+00:00
[2026-04-18T02:03:44.537+0000] {processor.py:208} INFO - Processing /opt/airflow/dags/raw_from_api_to_s3.py took 0.067 seconds
[2026-04-18T02:04:14.835+0000] {processor.py:186} INFO - Started process (PID=35278) to work on /opt/airflow/dags/raw_from_api_to_s3.py
[2026-04-18T02:04:14.836+0000] {processor.py:914} INFO - Processing file /opt/airflow/dags/raw_from_api_to_s3.py for tasks to queue
[2026-04-18T02:04:14.839+0000] {logging_mixin.py:190} INFO - [2026-04-18T02:04:14.839+0000] {dagbag.py:588} INFO - Filling up the DagBag from /opt/airflow/dags/raw_from_api_to_s3.py
[2026-04-18T02:04:14.892+0000] {processor.py:925} INFO - DAG(s) 'raw_from_api_to_s3' retrieved from /opt/airflow/dags/raw_from_api_to_s3.py
[2026-04-18T02:04:14.900+0000] {logging_mixin.py:190} INFO - [2026-04-18T02:04:14.900+0000] {dag.py:3239} INFO - Sync 1 DAGs
[2026-04-18T02:04:14.909+0000] {logging_mixin.py:190} INFO - [2026-04-18T02:04:14.909+0000] {dag.py:4180} INFO - Setting next_dagrun for raw_from_api_to_s3 to 2026-04-18 00:00:00+00:00, run_after=2026-04-19 00:00:00+00:00
[2026-04-18T02:04:14.916+0000] {processor.py:208} INFO - Processing /opt/airflow/dags/raw_from_api_to_s3.py took 0.088 seconds
[2026-04-18T02:04:45.236+0000] {processor.py:186} INFO - Started process (PID=35292) to work on /opt/airflow/dags/raw_from_api_to_s3.py
[2026-04-18T02:04:45.237+0000] {processor.py:914} INFO - Processing file /opt/airflow/dags/raw_from_api_to_s3.py for tasks to queue
[2026-04-18T02:04:45.241+0000] {logging_mixin.py:190} INFO - [2026-04-18T02:04:45.241+0000] {dagbag.py:588} INFO - Filling up the DagBag from /opt/airflow/dags/raw_from_api_to_s3.py
[2026-04-18T02:04:45.299+0000] {processor.py:925} INFO - DAG(s) 'raw_from_api_to_s3' retrieved from /opt/airflow/dags/raw_from_api_to_s3.py
[2026-04-18T02:04:45.306+0000] {logging_mixin.py:190} INFO - [2026-04-18T02:04:45.306+0000] {dag.py:3239} INFO - Sync 1 DAGs
[2026-04-18T02:04:45.315+0000] {logging_mixin.py:190} INFO - [2026-04-18T02:04:45.315+0000] {dag.py:4180} INFO - Setting next_dagrun for raw_from_api_to_s3 to 2026-04-18 00:00:00+00:00, run_after=2026-04-19 00:00:00+00:00
[2026-04-18T02:04:45.322+0000] {processor.py:208} INFO - Processing /opt/airflow/dags/raw_from_api_to_s3.py took 0.092 seconds
[2026-04-18T02:05:15.587+0000] {processor.py:186} INFO - Started process (PID=35306) to work on /opt/airflow/dags/raw_from_api_to_s3.py
[2026-04-18T02:05:15.588+0000] {processor.py:914} INFO - Processing file /opt/airflow/dags/raw_from_api_to_s3.py for tasks to queue
[2026-04-18T02:05:15.591+0000] {logging_mixin.py:190} INFO - [2026-04-18T02:05:15.591+0000] {dagbag.py:588} INFO - Filling up the DagBag from /opt/airflow/dags/raw_from_api_to_s3.py
[2026-04-18T02:05:15.646+0000] {processor.py:925} INFO - DAG(s) 'raw_from_api_to_s3' retrieved from /opt/airflow/dags/raw_from_api_to_s3.py
[2026-04-18T02:05:15.654+0000] {logging_mixin.py:190} INFO - [2026-04-18T02:05:15.654+0000] {dag.py:3239} INFO - Sync 1 DAGs
[2026-04-18T02:05:15.664+0000] {logging_mixin.py:190} INFO - [2026-04-18T02:05:15.664+0000] {dag.py:4180} INFO - Setting next_dagrun for raw_from_api_to_s3 to 2026-04-18 00:00:00+00:00, run_after=2026-04-19 00:00:00+00:00
[2026-04-18T02:05:15.670+0000] {processor.py:208} INFO - Processing /opt/airflow/dags/raw_from_api_to_s3.py took 0.090 seconds
[2026-04-18T02:05:45.916+0000] {processor.py:186} INFO - Started process (PID=35320) to work on /opt/airflow/dags/raw_from_api_to_s3.py
[2026-04-18T02:05:45.917+0000] {processor.py:914} INFO - Processing file /opt/airflow/dags/raw_from_api_to_s3.py for tasks to queue
[2026-04-18T02:05:45.920+0000] {logging_mixin.py:190} INFO - [2026-04-18T02:05:45.920+0000] {dagbag.py:588} INFO - Filling up the DagBag from /opt/airflow/dags/raw_from_api_to_s3.py
[2026-04-18T02:05:45.975+0000] {processor.py:925} INFO - DAG(s) 'raw_from_api_to_s3' retrieved from /opt/airflow/dags/raw_from_api_to_s3.py
[2026-04-18T02:05:45.982+0000] {logging_mixin.py:190} INFO - [2026-04-18T02:05:45.982+0000] {dag.py:3239} INFO - Sync 1 DAGs
[2026-04-18T02:05:45.991+0000] {logging_mixin.py:190} INFO - [2026-04-18T02:05:45.991+0000] {dag.py:4180} INFO - Setting next_dagrun for raw_from_api_to_s3 to 2026-04-18 00:00:00+00:00, run_after=2026-04-19 00:00:00+00:00
[2026-04-18T02:05:45.998+0000] {processor.py:208} INFO - Processing /opt/airflow/dags/raw_from_api_to_s3.py took 0.091 seconds
[2026-04-18T02:06:16.225+0000] {processor.py:186} INFO - Started process (PID=35334) to work on /opt/airflow/dags/raw_from_api_to_s3.py
[2026-04-18T02:06:16.226+0000] {processor.py:914} INFO - Processing file /opt/airflow/dags/raw_from_api_to_s3.py for tasks to queue
[2026-04-18T02:06:16.227+0000] {logging_mixin.py:190} INFO - [2026-04-18T02:06:16.227+0000] {dagbag.py:588} INFO - Filling up the DagBag from /opt/airflow/dags/raw_from_api_to_s3.py
[2026-04-18T02:06:16.262+0000] {processor.py:925} INFO - DAG(s) 'raw_from_api_to_s3' retrieved from /opt/airflow/dags/raw_from_api_to_s3.py
[2026-04-18T02:06:16.269+0000] {logging_mixin.py:190} INFO - [2026-04-18T02:06:16.269+0000] {dag.py:3239} INFO - Sync 1 DAGs
[2026-04-18T02:06:16.278+0000] {logging_mixin.py:190} INFO - [2026-04-18T02:06:16.278+0000] {dag.py:4180} INFO - Setting next_dagrun for raw_from_api_to_s3 to 2026-04-18 00:00:00+00:00, run_after=2026-04-19 00:00:00+00:00
[2026-04-18T02:06:16.285+0000] {processor.py:208} INFO - Processing /opt/airflow/dags/raw_from_api_to_s3.py took 0.062 seconds
[2026-04-18T02:06:46.629+0000] {processor.py:186} INFO - Started process (PID=35348) to work on /opt/airflow/dags/raw_from_api_to_s3.py
[2026-04-18T02:06:46.630+0000] {processor.py:914} INFO - Processing file /opt/airflow/dags/raw_from_api_to_s3.py for tasks to queue
[2026-04-18T02:06:46.632+0000] {logging_mixin.py:190} INFO - [2026-04-18T02:06:46.632+0000] {dagbag.py:588} INFO - Filling up the DagBag from /opt/airflow/dags/raw_from_api_to_s3.py
[2026-04-18T02:06:46.680+0000] {processor.py:925} INFO - DAG(s) 'raw_from_api_to_s3' retrieved from /opt/airflow/dags/raw_from_api_to_s3.py
[2026-04-18T02:06:46.688+0000] {logging_mixin.py:190} INFO - [2026-04-18T02:06:46.688+0000] {dag.py:3239} INFO - Sync 1 DAGs
[2026-04-18T02:06:46.698+0000] {logging_mixin.py:190} INFO - [2026-04-18T02:06:46.698+0000] {dag.py:4180} INFO - Setting next_dagrun for raw_from_api_to_s3 to 2026-04-18 00:00:00+00:00, run_after=2026-04-19 00:00:00+00:00
[2026-04-18T02:06:46.705+0000] {processor.py:208} INFO - Processing /opt/airflow/dags/raw_from_api_to_s3.py took 0.081 seconds
[2026-04-18T02:07:17.018+0000] {processor.py:186} INFO - Started process (PID=35362) to work on /opt/airflow/dags/raw_from_api_to_s3.py
[2026-04-18T02:07:17.019+0000] {processor.py:914} INFO - Processing file /opt/airflow/dags/raw_from_api_to_s3.py for tasks to queue
[2026-04-18T02:07:17.022+0000] {logging_mixin.py:190} INFO - [2026-04-18T02:07:17.022+0000] {dagbag.py:588} INFO - Filling up the DagBag from /opt/airflow/dags/raw_from_api_to_s3.py
[2026-04-18T02:07:17.078+0000] {processor.py:925} INFO - DAG(s) 'raw_from_api_to_s3' retrieved from /opt/airflow/dags/raw_from_api_to_s3.py
[2026-04-18T02:07:17.086+0000] {logging_mixin.py:190} INFO - [2026-04-18T02:07:17.086+0000] {dag.py:3239} INFO - Sync 1 DAGs
[2026-04-18T02:07:17.096+0000] {logging_mixin.py:190} INFO - [2026-04-18T02:07:17.096+0000] {dag.py:4180} INFO - Setting next_dagrun for raw_from_api_to_s3 to 2026-04-18 00:00:00+00:00, run_after=2026-04-19 00:00:00+00:00
[2026-04-18T02:07:17.103+0000] {processor.py:208} INFO - Processing /opt/airflow/dags/raw_from_api_to_s3.py took 0.091 seconds
[2026-04-18T02:07:47.340+0000] {processor.py:186} INFO - Started process (PID=35376) to work on /opt/airflow/dags/raw_from_api_to_s3.py
[2026-04-18T02:07:47.341+0000] {processor.py:914} INFO - Processing file /opt/airflow/dags/raw_from_api_to_s3.py for tasks to queue
[2026-04-18T02:07:47.345+0000] {logging_mixin.py:190} INFO - [2026-04-18T02:07:47.344+0000] {dagbag.py:588} INFO - Filling up the DagBag from /opt/airflow/dags/raw_from_api_to_s3.py
[2026-04-18T02:07:47.402+0000] {processor.py:925} INFO - DAG(s) 'raw_from_api_to_s3' retrieved from /opt/airflow/dags/raw_from_api_to_s3.py
[2026-04-18T02:07:47.410+0000] {logging_mixin.py:190} INFO - [2026-04-18T02:07:47.410+0000] {dag.py:3239} INFO - Sync 1 DAGs
[2026-04-18T02:07:47.420+0000] {logging_mixin.py:190} INFO - [2026-04-18T02:07:47.420+0000] {dag.py:4180} INFO - Setting next_dagrun for raw_from_api_to_s3 to 2026-04-18 00:00:00+00:00, run_after=2026-04-19 00:00:00+00:00
[2026-04-18T02:07:47.426+0000] {processor.py:208} INFO - Processing /opt/airflow/dags/raw_from_api_to_s3.py took 0.096 seconds
[2026-04-18T02:08:17.722+0000] {processor.py:186} INFO - Started process (PID=35390) to work on /opt/airflow/dags/raw_from_api_to_s3.py
[2026-04-18T02:08:17.723+0000] {processor.py:914} INFO - Processing file /opt/airflow/dags/raw_from_api_to_s3.py for tasks to queue
[2026-04-18T02:08:17.726+0000] {logging_mixin.py:190} INFO - [2026-04-18T02:08:17.725+0000] {dagbag.py:588} INFO - Filling up the DagBag from /opt/airflow/dags/raw_from_api_to_s3.py
[2026-04-18T02:08:17.774+0000] {processor.py:925} INFO - DAG(s) 'raw_from_api_to_s3' retrieved from /opt/airflow/dags/raw_from_api_to_s3.py
[2026-04-18T02:08:17.782+0000] {logging_mixin.py:190} INFO - [2026-04-18T02:08:17.781+0000] {dag.py:3239} INFO - Sync 1 DAGs
[2026-04-18T02:08:17.791+0000] {logging_mixin.py:190} INFO - [2026-04-18T02:08:17.791+0000] {dag.py:4180} INFO - Setting next_dagrun for raw_from_api_to_s3 to 2026-04-18 00:00:00+00:00, run_after=2026-04-19 00:00:00+00:00
[2026-04-18T02:08:17.797+0000] {processor.py:208} INFO - Processing /opt/airflow/dags/raw_from_api_to_s3.py took 0.082 seconds
[2026-04-18T02:08:48.087+0000] {processor.py:186} INFO - Started process (PID=35404) to work on /opt/airflow/dags/raw_from_api_to_s3.py
[2026-04-18T02:08:48.088+0000] {processor.py:914} INFO - Processing file /opt/airflow/dags/raw_from_api_to_s3.py for tasks to queue
[2026-04-18T02:08:48.092+0000] {logging_mixin.py:190} INFO - [2026-04-18T02:08:48.091+0000] {dagbag.py:588} INFO - Filling up the DagBag from /opt/airflow/dags/raw_from_api_to_s3.py
[2026-04-18T02:08:48.158+0000] {processor.py:925} INFO - DAG(s) 'raw_from_api_to_s3' retrieved from /opt/airflow/dags/raw_from_api_to_s3.py
[2026-04-18T02:08:48.166+0000] {logging_mixin.py:190} INFO - [2026-04-18T02:08:48.166+0000] {dag.py:3239} INFO - Sync 1 DAGs
[2026-04-18T02:08:48.176+0000] {logging_mixin.py:190} INFO - [2026-04-18T02:08:48.176+0000] {dag.py:4180} INFO - Setting next_dagrun for raw_from_api_to_s3 to 2026-04-18 00:00:00+00:00, run_after=2026-04-19 00:00:00+00:00
[2026-04-18T02:08:48.183+0000] {processor.py:208} INFO - Processing /opt/airflow/dags/raw_from_api_to_s3.py took 0.104 seconds
[2026-04-18T02:09:18.422+0000] {processor.py:186} INFO - Started process (PID=35418) to work on /opt/airflow/dags/raw_from_api_to_s3.py
[2026-04-18T02:09:18.423+0000] {processor.py:914} INFO - Processing file /opt/airflow/dags/raw_from_api_to_s3.py for tasks to queue
[2026-04-18T02:09:18.427+0000] {logging_mixin.py:190} INFO - [2026-04-18T02:09:18.426+0000] {dagbag.py:588} INFO - Filling up the DagBag from /opt/airflow/dags/raw_from_api_to_s3.py
[2026-04-18T02:09:18.476+0000] {processor.py:925} INFO - DAG(s) 'raw_from_api_to_s3' retrieved from /opt/airflow/dags/raw_from_api_to_s3.py
[2026-04-18T02:09:18.483+0000] {logging_mixin.py:190} INFO - [2026-04-18T02:09:18.483+0000] {dag.py:3239} INFO - Sync 1 DAGs
[2026-04-18T02:09:18.492+0000] {logging_mixin.py:190} INFO - [2026-04-18T02:09:18.492+0000] {dag.py:4180} INFO - Setting next_dagrun for raw_from_api_to_s3 to 2026-04-18 00:00:00+00:00, run_after=2026-04-19 00:00:00+00:00
[2026-04-18T02:09:18.498+0000] {processor.py:208} INFO - Processing /opt/airflow/dags/raw_from_api_to_s3.py took 0.086 seconds
[2026-04-18T02:09:48.833+0000] {processor.py:186} INFO - Started process (PID=35432) to work on /opt/airflow/dags/raw_from_api_to_s3.py
[2026-04-18T02:09:48.834+0000] {processor.py:914} INFO - Processing file /opt/airflow/dags/raw_from_api_to_s3.py for tasks to queue
[2026-04-18T02:09:48.837+0000] {logging_mixin.py:190} INFO - [2026-04-18T02:09:48.837+0000] {dagbag.py:588} INFO - Filling up the DagBag from /opt/airflow/dags/raw_from_api_to_s3.py
[2026-04-18T02:09:48.890+0000] {processor.py:925} INFO - DAG(s) 'raw_from_api_to_s3' retrieved from /opt/airflow/dags/raw_from_api_to_s3.py
[2026-04-18T02:09:48.897+0000] {logging_mixin.py:190} INFO - [2026-04-18T02:09:48.897+0000] {dag.py:3239} INFO - Sync 1 DAGs
[2026-04-18T02:09:48.908+0000] {logging_mixin.py:190} INFO - [2026-04-18T02:09:48.908+0000] {dag.py:4180} INFO - Setting next_dagrun for raw_from_api_to_s3 to 2026-04-18 00:00:00+00:00, run_after=2026-04-19 00:00:00+00:00
[2026-04-18T02:09:48.914+0000] {processor.py:208} INFO - Processing /opt/airflow/dags/raw_from_api_to_s3.py took 0.088 seconds
[2026-04-18T02:10:19.213+0000] {processor.py:186} INFO - Started process (PID=35446) to work on /opt/airflow/dags/raw_from_api_to_s3.py
[2026-04-18T02:10:19.214+0000] {processor.py:914} INFO - Processing file /opt/airflow/dags/raw_from_api_to_s3.py for tasks to queue
[2026-04-18T02:10:19.217+0000] {logging_mixin.py:190} INFO - [2026-04-18T02:10:19.216+0000] {dagbag.py:588} INFO - Filling up the DagBag from /opt/airflow/dags/raw_from_api_to_s3.py
[2026-04-18T02:10:19.263+0000] {processor.py:925} INFO - DAG(s) 'raw_from_api_to_s3' retrieved from /opt/airflow/dags/raw_from_api_to_s3.py
[2026-04-18T02:10:19.270+0000] {logging_mixin.py:190} INFO - [2026-04-18T02:10:19.270+0000] {dag.py:3239} INFO - Sync 1 DAGs
[2026-04-18T02:10:19.280+0000] {logging_mixin.py:190} INFO - [2026-04-18T02:10:19.280+0000] {dag.py:4180} INFO - Setting next_dagrun for raw_from_api_to_s3 to 2026-04-18 00:00:00+00:00, run_after=2026-04-19 00:00:00+00:00
[2026-04-18T02:10:19.286+0000] {processor.py:208} INFO - Processing /opt/airflow/dags/raw_from_api_to_s3.py took 0.079 seconds
[2026-04-18T02:10:49.587+0000] {processor.py:186} INFO - Started process (PID=35460) to work on /opt/airflow/dags/raw_from_api_to_s3.py
[2026-04-18T02:10:49.589+0000] {processor.py:914} INFO - Processing file /opt/airflow/dags/raw_from_api_to_s3.py for tasks to queue
[2026-04-18T02:10:49.591+0000] {logging_mixin.py:190} INFO - [2026-04-18T02:10:49.591+0000] {dagbag.py:588} INFO - Filling up the DagBag from /opt/airflow/dags/raw_from_api_to_s3.py
[2026-04-18T02:10:49.651+0000] {processor.py:925} INFO - DAG(s) 'raw_from_api_to_s3' retrieved from /opt/airflow/dags/raw_from_api_to_s3.py
[2026-04-18T02:10:49.662+0000] {logging_mixin.py:190} INFO - [2026-04-18T02:10:49.662+0000] {dag.py:3239} INFO - Sync 1 DAGs
[2026-04-18T02:10:49.672+0000] {logging_mixin.py:190} INFO - [2026-04-18T02:10:49.672+0000] {dag.py:4180} INFO - Setting next_dagrun for raw_from_api_to_s3 to 2026-04-18 00:00:00+00:00, run_after=2026-04-19 00:00:00+00:00
[2026-04-18T02:10:49.679+0000] {processor.py:208} INFO - Processing /opt/airflow/dags/raw_from_api_to_s3.py took 0.099 seconds
[2026-04-18T02:11:19.936+0000] {processor.py:186} INFO - Started process (PID=35474) to work on /opt/airflow/dags/raw_from_api_to_s3.py
[2026-04-18T02:11:19.937+0000] {processor.py:914} INFO - Processing file /opt/airflow/dags/raw_from_api_to_s3.py for tasks to queue
[2026-04-18T02:11:19.940+0000] {logging_mixin.py:190} INFO - [2026-04-18T02:11:19.940+0000] {dagbag.py:588} INFO - Filling up the DagBag from /opt/airflow/dags/raw_from_api_to_s3.py
[2026-04-18T02:11:19.995+0000] {processor.py:925} INFO - DAG(s) 'raw_from_api_to_s3' retrieved from /opt/airflow/dags/raw_from_api_to_s3.py
[2026-04-18T02:11:20.003+0000] {logging_mixin.py:190} INFO - [2026-04-18T02:11:20.003+0000] {dag.py:3239} INFO - Sync 1 DAGs
[2026-04-18T02:11:20.012+0000] {logging_mixin.py:190} INFO - [2026-04-18T02:11:20.012+0000] {dag.py:4180} INFO - Setting next_dagrun for raw_from_api_to_s3 to 2026-04-18 00:00:00+00:00, run_after=2026-04-19 00:00:00+00:00
[2026-04-18T02:11:20.018+0000] {processor.py:208} INFO - Processing /opt/airflow/dags/raw_from_api_to_s3.py took 0.090 seconds
[2026-04-18T02:11:50.271+0000] {processor.py:186} INFO - Started process (PID=35488) to work on /opt/airflow/dags/raw_from_api_to_s3.py
[2026-04-18T02:11:50.272+0000] {processor.py:914} INFO - Processing file /opt/airflow/dags/raw_from_api_to_s3.py for tasks to queue
[2026-04-18T02:11:50.274+0000] {logging_mixin.py:190} INFO - [2026-04-18T02:11:50.274+0000] {dagbag.py:588} INFO - Filling up the DagBag from /opt/airflow/dags/raw_from_api_to_s3.py
[2026-04-18T02:11:50.317+0000] {processor.py:925} INFO - DAG(s) 'raw_from_api_to_s3' retrieved from /opt/airflow/dags/raw_from_api_to_s3.py
[2026-04-18T02:11:50.323+0000] {logging_mixin.py:190} INFO - [2026-04-18T02:11:50.323+0000] {dag.py:3239} INFO - Sync 1 DAGs
[2026-04-18T02:11:50.332+0000] {logging_mixin.py:190} INFO - [2026-04-18T02:11:50.332+0000] {dag.py:4180} INFO - Setting next_dagrun for raw_from_api_to_s3 to 2026-04-18 00:00:00+00:00, run_after=2026-04-19 00:00:00+00:00
[2026-04-18T02:11:50.338+0000] {processor.py:208} INFO - Processing /opt/airflow/dags/raw_from_api_to_s3.py took 0.072 seconds
[2026-04-18T02:12:20.663+0000] {processor.py:186} INFO - Started process (PID=35502) to work on /opt/airflow/dags/raw_from_api_to_s3.py
[2026-04-18T02:12:20.664+0000] {processor.py:914} INFO - Processing file /opt/airflow/dags/raw_from_api_to_s3.py for tasks to queue
[2026-04-18T02:12:20.667+0000] {logging_mixin.py:190} INFO - [2026-04-18T02:12:20.667+0000] {dagbag.py:588} INFO - Filling up the DagBag from /opt/airflow/dags/raw_from_api_to_s3.py
[2026-04-18T02:12:20.718+0000] {processor.py:925} INFO - DAG(s) 'raw_from_api_to_s3' retrieved from /opt/airflow/dags/raw_from_api_to_s3.py
[2026-04-18T02:12:20.725+0000] {logging_mixin.py:190} INFO - [2026-04-18T02:12:20.725+0000] {dag.py:3239} INFO - Sync 1 DAGs
[2026-04-18T02:12:20.734+0000] {logging_mixin.py:190} INFO - [2026-04-18T02:12:20.734+0000] {dag.py:4180} INFO - Setting next_dagrun for raw_from_api_to_s3 to 2026-04-18 00:00:00+00:00, run_after=2026-04-19 00:00:00+00:00
[2026-04-18T02:12:20.742+0000] {processor.py:208} INFO - Processing /opt/airflow/dags/raw_from_api_to_s3.py took 0.085 seconds
[2026-04-18T02:12:51.017+0000] {processor.py:186} INFO - Started process (PID=35516) to work on /opt/airflow/dags/raw_from_api_to_s3.py
[2026-04-18T02:12:51.019+0000] {processor.py:914} INFO - Processing file /opt/airflow/dags/raw_from_api_to_s3.py for tasks to queue
[2026-04-18T02:12:51.022+0000] {logging_mixin.py:190} INFO - [2026-04-18T02:12:51.021+0000] {dagbag.py:588} INFO - Filling up the DagBag from /opt/airflow/dags/raw_from_api_to_s3.py
[2026-04-18T02:12:51.077+0000] {processor.py:925} INFO - DAG(s) 'raw_from_api_to_s3' retrieved from /opt/airflow/dags/raw_from_api_to_s3.py
[2026-04-18T02:12:51.085+0000] {logging_mixin.py:190} INFO - [2026-04-18T02:12:51.085+0000] {dag.py:3239} INFO - Sync 1 DAGs
[2026-04-18T02:12:51.097+0000] {logging_mixin.py:190} INFO - [2026-04-18T02:12:51.097+0000] {dag.py:4180} INFO - Setting next_dagrun for raw_from_api_to_s3 to 2026-04-18 00:00:00+00:00, run_after=2026-04-19 00:00:00+00:00
[2026-04-18T02:12:51.104+0000] {processor.py:208} INFO - Processing /opt/airflow/dags/raw_from_api_to_s3.py took 0.095 seconds
[2026-04-18T02:13:21.368+0000] {processor.py:186} INFO - Started process (PID=35530) to work on /opt/airflow/dags/raw_from_api_to_s3.py
[2026-04-18T02:13:21.369+0000] {processor.py:914} INFO - Processing file /opt/airflow/dags/raw_from_api_to_s3.py for tasks to queue
[2026-04-18T02:13:21.371+0000] {logging_mixin.py:190} INFO - [2026-04-18T02:13:21.371+0000] {dagbag.py:588} INFO - Filling up the DagBag from /opt/airflow/dags/raw_from_api_to_s3.py
[2026-04-18T02:13:21.416+0000] {processor.py:925} INFO - DAG(s) 'raw_from_api_to_s3' retrieved from /opt/airflow/dags/raw_from_api_to_s3.py
[2026-04-18T02:13:21.423+0000] {logging_mixin.py:190} INFO - [2026-04-18T02:13:21.422+0000] {dag.py:3239} INFO - Sync 1 DAGs
[2026-04-18T02:13:21.431+0000] {logging_mixin.py:190} INFO - [2026-04-18T02:13:21.431+0000] {dag.py:4180} INFO - Setting next_dagrun for raw_from_api_to_s3 to 2026-04-18 00:00:00+00:00, run_after=2026-04-19 00:00:00+00:00
[2026-04-18T02:13:21.438+0000] {processor.py:208} INFO - Processing /opt/airflow/dags/raw_from_api_to_s3.py took 0.075 seconds
[2026-04-18T02:13:51.702+0000] {processor.py:186} INFO - Started process (PID=35544) to work on /opt/airflow/dags/raw_from_api_to_s3.py
[2026-04-18T02:13:51.703+0000] {processor.py:914} INFO - Processing file /opt/airflow/dags/raw_from_api_to_s3.py for tasks to queue
[2026-04-18T02:13:51.707+0000] {logging_mixin.py:190} INFO - [2026-04-18T02:13:51.706+0000] {dagbag.py:588} INFO - Filling up the DagBag from /opt/airflow/dags/raw_from_api_to_s3.py
[2026-04-18T02:13:51.757+0000] {processor.py:925} INFO - DAG(s) 'raw_from_api_to_s3' retrieved from /opt/airflow/dags/raw_from_api_to_s3.py
[2026-04-18T02:13:51.764+0000] {logging_mixin.py:190} INFO - [2026-04-18T02:13:51.764+0000] {dag.py:3239} INFO - Sync 1 DAGs
[2026-04-18T02:13:51.772+0000] {logging_mixin.py:190} INFO - [2026-04-18T02:13:51.772+0000] {dag.py:4180} INFO - Setting next_dagrun for raw_from_api_to_s3 to 2026-04-18 00:00:00+00:00, run_after=2026-04-19 00:00:00+00:00
[2026-04-18T02:13:51.778+0000] {processor.py:208} INFO - Processing /opt/airflow/dags/raw_from_api_to_s3.py took 0.084 seconds
[2026-04-18T02:14:22.039+0000] {processor.py:186} INFO - Started process (PID=35558) to work on /opt/airflow/dags/raw_from_api_to_s3.py
[2026-04-18T02:14:22.040+0000] {processor.py:914} INFO - Processing file /opt/airflow/dags/raw_from_api_to_s3.py for tasks to queue
[2026-04-18T02:14:22.043+0000] {logging_mixin.py:190} INFO - [2026-04-18T02:14:22.042+0000] {dagbag.py:588} INFO - Filling up the DagBag from /opt/airflow/dags/raw_from_api_to_s3.py
[2026-04-18T02:14:22.095+0000] {processor.py:925} INFO - DAG(s) 'raw_from_api_to_s3' retrieved from /opt/airflow/dags/raw_from_api_to_s3.py
[2026-04-18T02:14:22.103+0000] {logging_mixin.py:190} INFO - [2026-04-18T02:14:22.103+0000] {dag.py:3239} INFO - Sync 1 DAGs
[2026-04-18T02:14:22.112+0000] {logging_mixin.py:190} INFO - [2026-04-18T02:14:22.112+0000] {dag.py:4180} INFO - Setting next_dagrun for raw_from_api_to_s3 to 2026-04-18 00:00:00+00:00, run_after=2026-04-19 00:00:00+00:00
[2026-04-18T02:14:22.118+0000] {processor.py:208} INFO - Processing /opt/airflow/dags/raw_from_api_to_s3.py took 0.086 seconds
[2026-04-18T02:14:52.463+0000] {processor.py:186} INFO - Started process (PID=35572) to work on /opt/airflow/dags/raw_from_api_to_s3.py
[2026-04-18T02:14:52.464+0000] {processor.py:914} INFO - Processing file /opt/airflow/dags/raw_from_api_to_s3.py for tasks to queue
[2026-04-18T02:14:52.467+0000] {logging_mixin.py:190} INFO - [2026-04-18T02:14:52.467+0000] {dagbag.py:588} INFO - Filling up the DagBag from /opt/airflow/dags/raw_from_api_to_s3.py
[2026-04-18T02:14:52.525+0000] {processor.py:925} INFO - DAG(s) 'raw_from_api_to_s3' retrieved from /opt/airflow/dags/raw_from_api_to_s3.py
[2026-04-18T02:14:52.533+0000] {logging_mixin.py:190} INFO - [2026-04-18T02:14:52.533+0000] {dag.py:3239} INFO - Sync 1 DAGs
[2026-04-18T02:14:52.543+0000] {logging_mixin.py:190} INFO - [2026-04-18T02:14:52.543+0000] {dag.py:4180} INFO - Setting next_dagrun for raw_from_api_to_s3 to 2026-04-18 00:00:00+00:00, run_after=2026-04-19 00:00:00+00:00
[2026-04-18T02:14:52.551+0000] {processor.py:208} INFO - Processing /opt/airflow/dags/raw_from_api_to_s3.py took 0.096 seconds
[2026-04-18T02:15:22.820+0000] {processor.py:186} INFO - Started process (PID=35586) to work on /opt/airflow/dags/raw_from_api_to_s3.py
[2026-04-18T02:15:22.821+0000] {processor.py:914} INFO - Processing file /opt/airflow/dags/raw_from_api_to_s3.py for tasks to queue
[2026-04-18T02:15:22.822+0000] {logging_mixin.py:190} INFO - [2026-04-18T02:15:22.822+0000] {dagbag.py:588} INFO - Filling up the DagBag from /opt/airflow/dags/raw_from_api_to_s3.py
[2026-04-18T02:15:22.871+0000] {processor.py:925} INFO - DAG(s) 'raw_from_api_to_s3' retrieved from /opt/airflow/dags/raw_from_api_to_s3.py
[2026-04-18T02:15:22.881+0000] {logging_mixin.py:190} INFO - [2026-04-18T02:15:22.881+0000] {dag.py:3239} INFO - Sync 1 DAGs
[2026-04-18T02:15:22.894+0000] {logging_mixin.py:190} INFO - [2026-04-18T02:15:22.894+0000] {dag.py:4180} INFO - Setting next_dagrun for raw_from_api_to_s3 to 2026-04-18 00:00:00+00:00, run_after=2026-04-19 00:00:00+00:00
[2026-04-18T02:15:22.904+0000] {processor.py:208} INFO - Processing /opt/airflow/dags/raw_from_api_to_s3.py took 0.088 seconds
[2026-04-18T02:15:53.158+0000] {processor.py:186} INFO - Started process (PID=35600) to work on /opt/airflow/dags/raw_from_api_to_s3.py
[2026-04-18T02:15:53.159+0000] {processor.py:914} INFO - Processing file /opt/airflow/dags/raw_from_api_to_s3.py for tasks to queue
[2026-04-18T02:15:53.160+0000] {logging_mixin.py:190} INFO - [2026-04-18T02:15:53.160+0000] {dagbag.py:588} INFO - Filling up the DagBag from /opt/airflow/dags/raw_from_api_to_s3.py
[2026-04-18T02:15:53.210+0000] {processor.py:925} INFO - DAG(s) 'raw_from_api_to_s3' retrieved from /opt/airflow/dags/raw_from_api_to_s3.py
[2026-04-18T02:15:53.218+0000] {logging_mixin.py:190} INFO - [2026-04-18T02:15:53.218+0000] {dag.py:3239} INFO - Sync 1 DAGs
[2026-04-18T02:15:53.230+0000] {logging_mixin.py:190} INFO - [2026-04-18T02:15:53.230+0000] {dag.py:4180} INFO - Setting next_dagrun for raw_from_api_to_s3 to 2026-04-18 00:00:00+00:00, run_after=2026-04-19 00:00:00+00:00
[2026-04-18T02:15:53.236+0000] {processor.py:208} INFO - Processing /opt/airflow/dags/raw_from_api_to_s3.py took 0.082 seconds
[2026-04-18T02:16:23.487+0000] {processor.py:186} INFO - Started process (PID=35614) to work on /opt/airflow/dags/raw_from_api_to_s3.py
[2026-04-18T02:16:23.488+0000] {processor.py:914} INFO - Processing file /opt/airflow/dags/raw_from_api_to_s3.py for tasks to queue
[2026-04-18T02:16:23.491+0000] {logging_mixin.py:190} INFO - [2026-04-18T02:16:23.491+0000] {dagbag.py:588} INFO - Filling up the DagBag from /opt/airflow/dags/raw_from_api_to_s3.py
[2026-04-18T02:16:23.546+0000] {processor.py:925} INFO - DAG(s) 'raw_from_api_to_s3' retrieved from /opt/airflow/dags/raw_from_api_to_s3.py
[2026-04-18T02:16:23.553+0000] {logging_mixin.py:190} INFO - [2026-04-18T02:16:23.553+0000] {dag.py:3239} INFO - Sync 1 DAGs
[2026-04-18T02:16:23.562+0000] {logging_mixin.py:190} INFO - [2026-04-18T02:16:23.562+0000] {dag.py:4180} INFO - Setting next_dagrun for raw_from_api_to_s3 to 2026-04-18 00:00:00+00:00, run_after=2026-04-19 00:00:00+00:00
[2026-04-18T02:16:23.569+0000] {processor.py:208} INFO - Processing /opt/airflow/dags/raw_from_api_to_s3.py took 0.088 seconds
[2026-04-18T02:16:53.896+0000] {processor.py:186} INFO - Started process (PID=35628) to work on /opt/airflow/dags/raw_from_api_to_s3.py
[2026-04-18T02:16:53.897+0000] {processor.py:914} INFO - Processing file /opt/airflow/dags/raw_from_api_to_s3.py for tasks to queue
[2026-04-18T02:16:53.899+0000] {logging_mixin.py:190} INFO - [2026-04-18T02:16:53.899+0000] {dagbag.py:588} INFO - Filling up the DagBag from /opt/airflow/dags/raw_from_api_to_s3.py
[2026-04-18T02:16:53.954+0000] {processor.py:925} INFO - DAG(s) 'raw_from_api_to_s3' retrieved from /opt/airflow/dags/raw_from_api_to_s3.py
[2026-04-18T02:16:53.966+0000] {logging_mixin.py:190} INFO - [2026-04-18T02:16:53.965+0000] {dag.py:3239} INFO - Sync 1 DAGs
[2026-04-18T02:16:53.975+0000] {logging_mixin.py:190} INFO - [2026-04-18T02:16:53.975+0000] {dag.py:4180} INFO - Setting next_dagrun for raw_from_api_to_s3 to 2026-04-18 00:00:00+00:00, run_after=2026-04-19 00:00:00+00:00
[2026-04-18T02:16:53.982+0000] {processor.py:208} INFO - Processing /opt/airflow/dags/raw_from_api_to_s3.py took 0.093 seconds
[2026-04-18T02:17:24.305+0000] {processor.py:186} INFO - Started process (PID=35642) to work on /opt/airflow/dags/raw_from_api_to_s3.py
[2026-04-18T02:17:24.307+0000] {processor.py:914} INFO - Processing file /opt/airflow/dags/raw_from_api_to_s3.py for tasks to queue
[2026-04-18T02:17:24.309+0000] {logging_mixin.py:190} INFO - [2026-04-18T02:17:24.309+0000] {dagbag.py:588} INFO - Filling up the DagBag from /opt/airflow/dags/raw_from_api_to_s3.py
[2026-04-18T02:17:24.360+0000] {processor.py:925} INFO - DAG(s) 'raw_from_api_to_s3' retrieved from /opt/airflow/dags/raw_from_api_to_s3.py
[2026-04-18T02:17:24.367+0000] {logging_mixin.py:190} INFO - [2026-04-18T02:17:24.367+0000] {dag.py:3239} INFO - Sync 1 DAGs
[2026-04-18T02:17:24.375+0000] {logging_mixin.py:190} INFO - [2026-04-18T02:17:24.375+0000] {dag.py:4180} INFO - Setting next_dagrun for raw_from_api_to_s3 to 2026-04-18 00:00:00+00:00, run_after=2026-04-19 00:00:00+00:00
[2026-04-18T02:17:24.382+0000] {processor.py:208} INFO - Processing /opt/airflow/dags/raw_from_api_to_s3.py took 0.083 seconds
[2026-04-18T02:17:54.604+0000] {processor.py:186} INFO - Started process (PID=35656) to work on /opt/airflow/dags/raw_from_api_to_s3.py
[2026-04-18T02:17:54.605+0000] {processor.py:914} INFO - Processing file /opt/airflow/dags/raw_from_api_to_s3.py for tasks to queue
[2026-04-18T02:17:54.608+0000] {logging_mixin.py:190} INFO - [2026-04-18T02:17:54.608+0000] {dagbag.py:588} INFO - Filling up the DagBag from /opt/airflow/dags/raw_from_api_to_s3.py
[2026-04-18T02:17:54.655+0000] {processor.py:925} INFO - DAG(s) 'raw_from_api_to_s3' retrieved from /opt/airflow/dags/raw_from_api_to_s3.py
[2026-04-18T02:17:54.662+0000] {logging_mixin.py:190} INFO - [2026-04-18T02:17:54.662+0000] {dag.py:3239} INFO - Sync 1 DAGs
[2026-04-18T02:17:54.672+0000] {logging_mixin.py:190} INFO - [2026-04-18T02:17:54.672+0000] {dag.py:4180} INFO - Setting next_dagrun for raw_from_api_to_s3 to 2026-04-18 00:00:00+00:00, run_after=2026-04-19 00:00:00+00:00
[2026-04-18T02:17:54.679+0000] {processor.py:208} INFO - Processing /opt/airflow/dags/raw_from_api_to_s3.py took 0.082 seconds
[2026-04-18T02:18:24.950+0000] {processor.py:186} INFO - Started process (PID=35670) to work on /opt/airflow/dags/raw_from_api_to_s3.py
[2026-04-18T02:18:24.951+0000] {processor.py:914} INFO - Processing file /opt/airflow/dags/raw_from_api_to_s3.py for tasks to queue
[2026-04-18T02:18:24.954+0000] {logging_mixin.py:190} INFO - [2026-04-18T02:18:24.954+0000] {dagbag.py:588} INFO - Filling up the DagBag from /opt/airflow/dags/raw_from_api_to_s3.py
[2026-04-18T02:18:25.000+0000] {processor.py:925} INFO - DAG(s) 'raw_from_api_to_s3' retrieved from /opt/airflow/dags/raw_from_api_to_s3.py
[2026-04-18T02:18:25.008+0000] {logging_mixin.py:190} INFO - [2026-04-18T02:18:25.007+0000] {dag.py:3239} INFO - Sync 1 DAGs
[2026-04-18T02:18:25.017+0000] {logging_mixin.py:190} INFO - [2026-04-18T02:18:25.017+0000] {dag.py:4180} INFO - Setting next_dagrun for raw_from_api_to_s3 to 2026-04-18 00:00:00+00:00, run_after=2026-04-19 00:00:00+00:00
[2026-04-18T02:18:25.024+0000] {processor.py:208} INFO - Processing /opt/airflow/dags/raw_from_api_to_s3.py took 0.080 seconds
[2026-04-18T02:18:55.257+0000] {processor.py:186} INFO - Started process (PID=35684) to work on /opt/airflow/dags/raw_from_api_to_s3.py
[2026-04-18T02:18:55.257+0000] {processor.py:914} INFO - Processing file /opt/airflow/dags/raw_from_api_to_s3.py for tasks to queue
[2026-04-18T02:18:55.260+0000] {logging_mixin.py:190} INFO - [2026-04-18T02:18:55.260+0000] {dagbag.py:588} INFO - Filling up the DagBag from /opt/airflow/dags/raw_from_api_to_s3.py
[2026-04-18T02:18:55.313+0000] {processor.py:925} INFO - DAG(s) 'raw_from_api_to_s3' retrieved from /opt/airflow/dags/raw_from_api_to_s3.py
[2026-04-18T02:18:55.321+0000] {logging_mixin.py:190} INFO - [2026-04-18T02:18:55.321+0000] {dag.py:3239} INFO - Sync 1 DAGs
[2026-04-18T02:18:55.333+0000] {logging_mixin.py:190} INFO - [2026-04-18T02:18:55.333+0000] {dag.py:4180} INFO - Setting next_dagrun for raw_from_api_to_s3 to 2026-04-18 00:00:00+00:00, run_after=2026-04-19 00:00:00+00:00
[2026-04-18T02:18:55.340+0000] {processor.py:208} INFO - Processing /opt/airflow/dags/raw_from_api_to_s3.py took 0.090 seconds
[2026-04-18T02:19:25.665+0000] {processor.py:186} INFO - Started process (PID=35698) to work on /opt/airflow/dags/raw_from_api_to_s3.py
[2026-04-18T02:19:25.665+0000] {processor.py:914} INFO - Processing file /opt/airflow/dags/raw_from_api_to_s3.py for tasks to queue
[2026-04-18T02:19:25.668+0000] {logging_mixin.py:190} INFO - [2026-04-18T02:19:25.668+0000] {dagbag.py:588} INFO - Filling up the DagBag from /opt/airflow/dags/raw_from_api_to_s3.py
[2026-04-18T02:19:25.722+0000] {processor.py:925} INFO - DAG(s) 'raw_from_api_to_s3' retrieved from /opt/airflow/dags/raw_from_api_to_s3.py
[2026-04-18T02:19:25.730+0000] {logging_mixin.py:190} INFO - [2026-04-18T02:19:25.730+0000] {dag.py:3239} INFO - Sync 1 DAGs
[2026-04-18T02:19:25.740+0000] {logging_mixin.py:190} INFO - [2026-04-18T02:19:25.739+0000] {dag.py:4180} INFO - Setting next_dagrun for raw_from_api_to_s3 to 2026-04-18 00:00:00+00:00, run_after=2026-04-19 00:00:00+00:00
[2026-04-18T02:19:25.746+0000] {processor.py:208} INFO - Processing /opt/airflow/dags/raw_from_api_to_s3.py took 0.088 seconds
[2026-04-18T02:19:55.978+0000] {processor.py:186} INFO - Started process (PID=35712) to work on /opt/airflow/dags/raw_from_api_to_s3.py
[2026-04-18T02:19:55.979+0000] {processor.py:914} INFO - Processing file /opt/airflow/dags/raw_from_api_to_s3.py for tasks to queue
[2026-04-18T02:19:55.982+0000] {logging_mixin.py:190} INFO - [2026-04-18T02:19:55.982+0000] {dagbag.py:588} INFO - Filling up the DagBag from /opt/airflow/dags/raw_from_api_to_s3.py
[2026-04-18T02:19:56.036+0000] {processor.py:925} INFO - DAG(s) 'raw_from_api_to_s3' retrieved from /opt/airflow/dags/raw_from_api_to_s3.py
[2026-04-18T02:19:56.043+0000] {logging_mixin.py:190} INFO - [2026-04-18T02:19:56.042+0000] {dag.py:3239} INFO - Sync 1 DAGs
[2026-04-18T02:19:56.052+0000] {logging_mixin.py:190} INFO - [2026-04-18T02:19:56.051+0000] {dag.py:4180} INFO - Setting next_dagrun for raw_from_api_to_s3 to 2026-04-18 00:00:00+00:00, run_after=2026-04-19 00:00:00+00:00
[2026-04-18T02:19:56.059+0000] {processor.py:208} INFO - Processing /opt/airflow/dags/raw_from_api_to_s3.py took 0.086 seconds
[2026-04-18T02:20:26.340+0000] {processor.py:186} INFO - Started process (PID=35725) to work on /opt/airflow/dags/raw_from_api_to_s3.py
[2026-04-18T02:20:26.341+0000] {processor.py:914} INFO - Processing file /opt/airflow/dags/raw_from_api_to_s3.py for tasks to queue
[2026-04-18T02:20:26.343+0000] {logging_mixin.py:190} INFO - [2026-04-18T02:20:26.343+0000] {dagbag.py:588} INFO - Filling up the DagBag from /opt/airflow/dags/raw_from_api_to_s3.py
[2026-04-18T02:20:26.388+0000] {processor.py:925} INFO - DAG(s) 'raw_from_api_to_s3' retrieved from /opt/airflow/dags/raw_from_api_to_s3.py
[2026-04-18T02:20:26.395+0000] {logging_mixin.py:190} INFO - [2026-04-18T02:20:26.395+0000] {dag.py:3239} INFO - Sync 1 DAGs
[2026-04-18T02:20:26.404+0000] {logging_mixin.py:190} INFO - [2026-04-18T02:20:26.404+0000] {dag.py:4180} INFO - Setting next_dagrun for raw_from_api_to_s3 to 2026-04-18 00:00:00+00:00, run_after=2026-04-19 00:00:00+00:00
[2026-04-18T02:20:26.411+0000] {processor.py:208} INFO - Processing /opt/airflow/dags/raw_from_api_to_s3.py took 0.078 seconds
[2026-04-18T02:20:56.733+0000] {processor.py:186} INFO - Started process (PID=35739) to work on /opt/airflow/dags/raw_from_api_to_s3.py
[2026-04-18T02:20:56.734+0000] {processor.py:914} INFO - Processing file /opt/airflow/dags/raw_from_api_to_s3.py for tasks to queue
[2026-04-18T02:20:56.737+0000] {logging_mixin.py:190} INFO - [2026-04-18T02:20:56.737+0000] {dagbag.py:588} INFO - Filling up the DagBag from /opt/airflow/dags/raw_from_api_to_s3.py
[2026-04-18T02:20:56.794+0000] {processor.py:925} INFO - DAG(s) 'raw_from_api_to_s3' retrieved from /opt/airflow/dags/raw_from_api_to_s3.py
[2026-04-18T02:20:56.805+0000] {logging_mixin.py:190} INFO - [2026-04-18T02:20:56.805+0000] {dag.py:3239} INFO - Sync 1 DAGs
[2026-04-18T02:20:56.815+0000] {logging_mixin.py:190} INFO - [2026-04-18T02:20:56.815+0000] {dag.py:4180} INFO - Setting next_dagrun for raw_from_api_to_s3 to 2026-04-18 00:00:00+00:00, run_after=2026-04-19 00:00:00+00:00
[2026-04-18T02:20:56.822+0000] {processor.py:208} INFO - Processing /opt/airflow/dags/raw_from_api_to_s3.py took 0.096 seconds
[2026-04-18T02:21:27.104+0000] {processor.py:186} INFO - Started process (PID=35753) to work on /opt/airflow/dags/raw_from_api_to_s3.py
[2026-04-18T02:21:27.105+0000] {processor.py:914} INFO - Processing file /opt/airflow/dags/raw_from_api_to_s3.py for tasks to queue
[2026-04-18T02:21:27.107+0000] {logging_mixin.py:190} INFO - [2026-04-18T02:21:27.107+0000] {dagbag.py:588} INFO - Filling up the DagBag from /opt/airflow/dags/raw_from_api_to_s3.py
[2026-04-18T02:21:27.154+0000] {processor.py:925} INFO - DAG(s) 'raw_from_api_to_s3' retrieved from /opt/airflow/dags/raw_from_api_to_s3.py
[2026-04-18T02:21:27.161+0000] {logging_mixin.py:190} INFO - [2026-04-18T02:21:27.161+0000] {dag.py:3239} INFO - Sync 1 DAGs
[2026-04-18T02:21:27.171+0000] {logging_mixin.py:190} INFO - [2026-04-18T02:21:27.171+0000] {dag.py:4180} INFO - Setting next_dagrun for raw_from_api_to_s3 to 2026-04-18 00:00:00+00:00, run_after=2026-04-19 00:00:00+00:00
[2026-04-18T02:21:27.177+0000] {processor.py:208} INFO - Processing /opt/airflow/dags/raw_from_api_to_s3.py took 0.079 seconds
[2026-04-18T02:21:57.461+0000] {processor.py:186} INFO - Started process (PID=35767) to work on /opt/airflow/dags/raw_from_api_to_s3.py
[2026-04-18T02:21:57.462+0000] {processor.py:914} INFO - Processing file /opt/airflow/dags/raw_from_api_to_s3.py for tasks to queue
[2026-04-18T02:21:57.465+0000] {logging_mixin.py:190} INFO - [2026-04-18T02:21:57.464+0000] {dagbag.py:588} INFO - Filling up the DagBag from /opt/airflow/dags/raw_from_api_to_s3.py
[2026-04-18T02:21:57.517+0000] {processor.py:925} INFO - DAG(s) 'raw_from_api_to_s3' retrieved from /opt/airflow/dags/raw_from_api_to_s3.py
[2026-04-18T02:21:57.525+0000] {logging_mixin.py:190} INFO - [2026-04-18T02:21:57.524+0000] {dag.py:3239} INFO - Sync 1 DAGs
[2026-04-18T02:21:57.534+0000] {logging_mixin.py:190} INFO - [2026-04-18T02:21:57.534+0000] {dag.py:4180} INFO - Setting next_dagrun for raw_from_api_to_s3 to 2026-04-18 00:00:00+00:00, run_after=2026-04-19 00:00:00+00:00
[2026-04-18T02:21:57.540+0000] {processor.py:208} INFO - Processing /opt/airflow/dags/raw_from_api_to_s3.py took 0.086 seconds
[2026-04-18T02:22:27.783+0000] {processor.py:186} INFO - Started process (PID=35781) to work on /opt/airflow/dags/raw_from_api_to_s3.py
[2026-04-18T02:22:27.784+0000] {processor.py:914} INFO - Processing file /opt/airflow/dags/raw_from_api_to_s3.py for tasks to queue
[2026-04-18T02:22:27.787+0000] {logging_mixin.py:190} INFO - [2026-04-18T02:22:27.786+0000] {dagbag.py:588} INFO - Filling up the DagBag from /opt/airflow/dags/raw_from_api_to_s3.py
[2026-04-18T02:22:27.838+0000] {processor.py:925} INFO - DAG(s) 'raw_from_api_to_s3' retrieved from /opt/airflow/dags/raw_from_api_to_s3.py
[2026-04-18T02:22:27.845+0000] {logging_mixin.py:190} INFO - [2026-04-18T02:22:27.845+0000] {dag.py:3239} INFO - Sync 1 DAGs
[2026-04-18T02:22:27.854+0000] {logging_mixin.py:190} INFO - [2026-04-18T02:22:27.854+0000] {dag.py:4180} INFO - Setting next_dagrun for raw_from_api_to_s3 to 2026-04-18 00:00:00+00:00, run_after=2026-04-19 00:00:00+00:00
[2026-04-18T02:22:27.861+0000] {processor.py:208} INFO - Processing /opt/airflow/dags/raw_from_api_to_s3.py took 0.084 seconds
[2026-04-18T02:22:58.186+0000] {processor.py:186} INFO - Started process (PID=35795) to work on /opt/airflow/dags/raw_from_api_to_s3.py
[2026-04-18T02:22:58.187+0000] {processor.py:914} INFO - Processing file /opt/airflow/dags/raw_from_api_to_s3.py for tasks to queue
[2026-04-18T02:22:58.190+0000] {logging_mixin.py:190} INFO - [2026-04-18T02:22:58.190+0000] {dagbag.py:588} INFO - Filling up the DagBag from /opt/airflow/dags/raw_from_api_to_s3.py
[2026-04-18T02:22:58.256+0000] {processor.py:925} INFO - DAG(s) 'raw_from_api_to_s3' retrieved from /opt/airflow/dags/raw_from_api_to_s3.py
[2026-04-18T02:22:58.265+0000] {logging_mixin.py:190} INFO - [2026-04-18T02:22:58.265+0000] {dag.py:3239} INFO - Sync 1 DAGs
[2026-04-18T02:22:58.276+0000] {logging_mixin.py:190} INFO - [2026-04-18T02:22:58.276+0000] {dag.py:4180} INFO - Setting next_dagrun for raw_from_api_to_s3 to 2026-04-18 00:00:00+00:00, run_after=2026-04-19 00:00:00+00:00
[2026-04-18T02:22:58.283+0000] {processor.py:208} INFO - Processing /opt/airflow/dags/raw_from_api_to_s3.py took 0.106 seconds
[2026-04-18T02:23:28.520+0000] {processor.py:186} INFO - Started process (PID=35809) to work on /opt/airflow/dags/raw_from_api_to_s3.py
[2026-04-18T02:23:28.521+0000] {processor.py:914} INFO - Processing file /opt/airflow/dags/raw_from_api_to_s3.py for tasks to queue
[2026-04-18T02:23:28.524+0000] {logging_mixin.py:190} INFO - [2026-04-18T02:23:28.523+0000] {dagbag.py:588} INFO - Filling up the DagBag from /opt/airflow/dags/raw_from_api_to_s3.py
[2026-04-18T02:23:28.572+0000] {processor.py:925} INFO - DAG(s) 'raw_from_api_to_s3' retrieved from /opt/airflow/dags/raw_from_api_to_s3.py
[2026-04-18T02:23:28.579+0000] {logging_mixin.py:190} INFO - [2026-04-18T02:23:28.579+0000] {dag.py:3239} INFO - Sync 1 DAGs
[2026-04-18T02:23:28.588+0000] {logging_mixin.py:190} INFO - [2026-04-18T02:23:28.588+0000] {dag.py:4180} INFO - Setting next_dagrun for raw_from_api_to_s3 to 2026-04-18 00:00:00+00:00, run_after=2026-04-19 00:00:00+00:00
[2026-04-18T02:23:28.595+0000] {processor.py:208} INFO - Processing /opt/airflow/dags/raw_from_api_to_s3.py took 0.082 seconds
[2026-04-18T02:23:58.920+0000] {processor.py:186} INFO - Started process (PID=35823) to work on /opt/airflow/dags/raw_from_api_to_s3.py
[2026-04-18T02:23:58.921+0000] {processor.py:914} INFO - Processing file /opt/airflow/dags/raw_from_api_to_s3.py for tasks to queue
[2026-04-18T02:23:58.924+0000] {logging_mixin.py:190} INFO - [2026-04-18T02:23:58.924+0000] {dagbag.py:588} INFO - Filling up the DagBag from /opt/airflow/dags/raw_from_api_to_s3.py
[2026-04-18T02:23:58.973+0000] {processor.py:925} INFO - DAG(s) 'raw_from_api_to_s3' retrieved from /opt/airflow/dags/raw_from_api_to_s3.py
[2026-04-18T02:23:58.980+0000] {logging_mixin.py:190} INFO - [2026-04-18T02:23:58.980+0000] {dag.py:3239} INFO - Sync 1 DAGs
[2026-04-18T02:23:58.989+0000] {logging_mixin.py:190} INFO - [2026-04-18T02:23:58.989+0000] {dag.py:4180} INFO - Setting next_dagrun for raw_from_api_to_s3 to 2026-04-18 00:00:00+00:00, run_after=2026-04-19 00:00:00+00:00
[2026-04-18T02:23:58.995+0000] {processor.py:208} INFO - Processing /opt/airflow/dags/raw_from_api_to_s3.py took 0.083 seconds
[2026-04-18T02:24:29.263+0000] {processor.py:186} INFO - Started process (PID=35837) to work on /opt/airflow/dags/raw_from_api_to_s3.py
[2026-04-18T02:24:29.263+0000] {processor.py:914} INFO - Processing file /opt/airflow/dags/raw_from_api_to_s3.py for tasks to queue
[2026-04-18T02:24:29.265+0000] {logging_mixin.py:190} INFO - [2026-04-18T02:24:29.264+0000] {dagbag.py:588} INFO - Filling up the DagBag from /opt/airflow/dags/raw_from_api_to_s3.py
[2026-04-18T02:24:29.308+0000] {processor.py:925} INFO - DAG(s) 'raw_from_api_to_s3' retrieved from /opt/airflow/dags/raw_from_api_to_s3.py
[2026-04-18T02:24:29.317+0000] {logging_mixin.py:190} INFO - [2026-04-18T02:24:29.317+0000] {dag.py:3239} INFO - Sync 1 DAGs
[2026-04-18T02:24:29.330+0000] {logging_mixin.py:190} INFO - [2026-04-18T02:24:29.330+0000] {dag.py:4180} INFO - Setting next_dagrun for raw_from_api_to_s3 to 2026-04-18 00:00:00+00:00, run_after=2026-04-19 00:00:00+00:00
[2026-04-18T02:24:29.338+0000] {processor.py:208} INFO - Processing /opt/airflow/dags/raw_from_api_to_s3.py took 0.078 seconds
[2026-04-18T02:24:59.616+0000] {processor.py:186} INFO - Started process (PID=35851) to work on /opt/airflow/dags/raw_from_api_to_s3.py
[2026-04-18T02:24:59.617+0000] {processor.py:914} INFO - Processing file /opt/airflow/dags/raw_from_api_to_s3.py for tasks to queue
[2026-04-18T02:24:59.620+0000] {logging_mixin.py:190} INFO - [2026-04-18T02:24:59.619+0000] {dagbag.py:588} INFO - Filling up the DagBag from /opt/airflow/dags/raw_from_api_to_s3.py
[2026-04-18T02:24:59.676+0000] {processor.py:925} INFO - DAG(s) 'raw_from_api_to_s3' retrieved from /opt/airflow/dags/raw_from_api_to_s3.py
[2026-04-18T02:24:59.684+0000] {logging_mixin.py:190} INFO - [2026-04-18T02:24:59.684+0000] {dag.py:3239} INFO - Sync 1 DAGs
[2026-04-18T02:24:59.693+0000] {logging_mixin.py:190} INFO - [2026-04-18T02:24:59.693+0000] {dag.py:4180} INFO - Setting next_dagrun for raw_from_api_to_s3 to 2026-04-18 00:00:00+00:00, run_after=2026-04-19 00:00:00+00:00
[2026-04-18T02:24:59.700+0000] {processor.py:208} INFO - Processing /opt/airflow/dags/raw_from_api_to_s3.py took 0.090 seconds
[2026-04-18T02:25:29.971+0000] {processor.py:186} INFO - Started process (PID=35865) to work on /opt/airflow/dags/raw_from_api_to_s3.py
[2026-04-18T02:25:29.972+0000] {processor.py:914} INFO - Processing file /opt/airflow/dags/raw_from_api_to_s3.py for tasks to queue
[2026-04-18T02:25:29.975+0000] {logging_mixin.py:190} INFO - [2026-04-18T02:25:29.975+0000] {dagbag.py:588} INFO - Filling up the DagBag from /opt/airflow/dags/raw_from_api_to_s3.py
[2026-04-18T02:25:30.024+0000] {processor.py:925} INFO - DAG(s) 'raw_from_api_to_s3' retrieved from /opt/airflow/dags/raw_from_api_to_s3.py
[2026-04-18T02:25:30.031+0000] {logging_mixin.py:190} INFO - [2026-04-18T02:25:30.031+0000] {dag.py:3239} INFO - Sync 1 DAGs
[2026-04-18T02:25:30.040+0000] {logging_mixin.py:190} INFO - [2026-04-18T02:25:30.040+0000] {dag.py:4180} INFO - Setting next_dagrun for raw_from_api_to_s3 to 2026-04-18 00:00:00+00:00, run_after=2026-04-19 00:00:00+00:00
[2026-04-18T02:25:30.046+0000] {processor.py:208} INFO - Processing /opt/airflow/dags/raw_from_api_to_s3.py took 0.081 seconds
[2026-04-18T02:26:00.330+0000] {processor.py:186} INFO - Started process (PID=35879) to work on /opt/airflow/dags/raw_from_api_to_s3.py
[2026-04-18T02:26:00.331+0000] {processor.py:914} INFO - Processing file /opt/airflow/dags/raw_from_api_to_s3.py for tasks to queue
[2026-04-18T02:26:00.334+0000] {logging_mixin.py:190} INFO - [2026-04-18T02:26:00.334+0000] {dagbag.py:588} INFO - Filling up the DagBag from /opt/airflow/dags/raw_from_api_to_s3.py
[2026-04-18T02:26:00.389+0000] {processor.py:925} INFO - DAG(s) 'raw_from_api_to_s3' retrieved from /opt/airflow/dags/raw_from_api_to_s3.py
[2026-04-18T02:26:00.397+0000] {logging_mixin.py:190} INFO - [2026-04-18T02:26:00.397+0000] {dag.py:3239} INFO - Sync 1 DAGs
[2026-04-18T02:26:00.407+0000] {logging_mixin.py:190} INFO - [2026-04-18T02:26:00.407+0000] {dag.py:4180} INFO - Setting next_dagrun for raw_from_api_to_s3 to 2026-04-18 00:00:00+00:00, run_after=2026-04-19 00:00:00+00:00
[2026-04-18T02:26:00.413+0000] {processor.py:208} INFO - Processing /opt/airflow/dags/raw_from_api_to_s3.py took 0.092 seconds
[2026-04-18T02:26:30.691+0000] {processor.py:186} INFO - Started process (PID=35893) to work on /opt/airflow/dags/raw_from_api_to_s3.py
[2026-04-18T02:26:30.692+0000] {processor.py:914} INFO - Processing file /opt/airflow/dags/raw_from_api_to_s3.py for tasks to queue
[2026-04-18T02:26:30.695+0000] {logging_mixin.py:190} INFO - [2026-04-18T02:26:30.695+0000] {dagbag.py:588} INFO - Filling up the DagBag from /opt/airflow/dags/raw_from_api_to_s3.py
[2026-04-18T02:26:30.746+0000] {processor.py:925} INFO - DAG(s) 'raw_from_api_to_s3' retrieved from /opt/airflow/dags/raw_from_api_to_s3.py
[2026-04-18T02:26:30.753+0000] {logging_mixin.py:190} INFO - [2026-04-18T02:26:30.753+0000] {dag.py:3239} INFO - Sync 1 DAGs
[2026-04-18T02:26:30.764+0000] {logging_mixin.py:190} INFO - [2026-04-18T02:26:30.764+0000] {dag.py:4180} INFO - Setting next_dagrun for raw_from_api_to_s3 to 2026-04-18 00:00:00+00:00, run_after=2026-04-19 00:00:00+00:00
[2026-04-18T02:26:30.770+0000] {processor.py:208} INFO - Processing /opt/airflow/dags/raw_from_api_to_s3.py took 0.086 seconds
[2026-04-18T02:27:01.076+0000] {processor.py:186} INFO - Started process (PID=35907) to work on /opt/airflow/dags/raw_from_api_to_s3.py
[2026-04-18T02:27:01.078+0000] {processor.py:914} INFO - Processing file /opt/airflow/dags/raw_from_api_to_s3.py for tasks to queue
[2026-04-18T02:27:01.081+0000] {logging_mixin.py:190} INFO - [2026-04-18T02:27:01.081+0000] {dagbag.py:588} INFO - Filling up the DagBag from /opt/airflow/dags/raw_from_api_to_s3.py
[2026-04-18T02:27:01.141+0000] {processor.py:925} INFO - DAG(s) 'raw_from_api_to_s3' retrieved from /opt/airflow/dags/raw_from_api_to_s3.py
[2026-04-18T02:27:01.148+0000] {logging_mixin.py:190} INFO - [2026-04-18T02:27:01.148+0000] {dag.py:3239} INFO - Sync 1 DAGs
[2026-04-18T02:27:01.158+0000] {logging_mixin.py:190} INFO - [2026-04-18T02:27:01.158+0000] {dag.py:4180} INFO - Setting next_dagrun for raw_from_api_to_s3 to 2026-04-18 00:00:00+00:00, run_after=2026-04-19 00:00:00+00:00
[2026-04-18T02:27:01.165+0000] {processor.py:208} INFO - Processing /opt/airflow/dags/raw_from_api_to_s3.py took 0.096 seconds
[2026-04-18T02:27:31.410+0000] {processor.py:186} INFO - Started process (PID=35921) to work on /opt/airflow/dags/raw_from_api_to_s3.py
[2026-04-18T02:27:31.411+0000] {processor.py:914} INFO - Processing file /opt/airflow/dags/raw_from_api_to_s3.py for tasks to queue
[2026-04-18T02:27:31.413+0000] {logging_mixin.py:190} INFO - [2026-04-18T02:27:31.412+0000] {dagbag.py:588} INFO - Filling up the DagBag from /opt/airflow/dags/raw_from_api_to_s3.py
[2026-04-18T02:27:31.455+0000] {processor.py:925} INFO - DAG(s) 'raw_from_api_to_s3' retrieved from /opt/airflow/dags/raw_from_api_to_s3.py
[2026-04-18T02:27:31.462+0000] {logging_mixin.py:190} INFO - [2026-04-18T02:27:31.462+0000] {dag.py:3239} INFO - Sync 1 DAGs
[2026-04-18T02:27:31.471+0000] {logging_mixin.py:190} INFO - [2026-04-18T02:27:31.471+0000] {dag.py:4180} INFO - Setting next_dagrun for raw_from_api_to_s3 to 2026-04-18 00:00:00+00:00, run_after=2026-04-19 00:00:00+00:00
[2026-04-18T02:27:31.478+0000] {processor.py:208} INFO - Processing /opt/airflow/dags/raw_from_api_to_s3.py took 0.072 seconds
[2026-04-18T02:28:01.793+0000] {processor.py:186} INFO - Started process (PID=35935) to work on /opt/airflow/dags/raw_from_api_to_s3.py
[2026-04-18T02:28:01.794+0000] {processor.py:914} INFO - Processing file /opt/airflow/dags/raw_from_api_to_s3.py for tasks to queue
[2026-04-18T02:28:01.805+0000] {logging_mixin.py:190} INFO - [2026-04-18T02:28:01.805+0000] {dagbag.py:588} INFO - Filling up the DagBag from /opt/airflow/dags/raw_from_api_to_s3.py
[2026-04-18T02:28:01.868+0000] {processor.py:925} INFO - DAG(s) 'raw_from_api_to_s3' retrieved from /opt/airflow/dags/raw_from_api_to_s3.py
[2026-04-18T02:28:01.878+0000] {logging_mixin.py:190} INFO - [2026-04-18T02:28:01.878+0000] {dag.py:3239} INFO - Sync 1 DAGs
[2026-04-18T02:28:01.889+0000] {logging_mixin.py:190} INFO - [2026-04-18T02:28:01.889+0000] {dag.py:4180} INFO - Setting next_dagrun for raw_from_api_to_s3 to 2026-04-18 00:00:00+00:00, run_after=2026-04-19 00:00:00+00:00
[2026-04-18T02:28:01.896+0000] {processor.py:208} INFO - Processing /opt/airflow/dags/raw_from_api_to_s3.py took 0.111 seconds
[2026-04-18T02:28:32.160+0000] {processor.py:186} INFO - Started process (PID=35949) to work on /opt/airflow/dags/raw_from_api_to_s3.py
[2026-04-18T02:28:32.161+0000] {processor.py:914} INFO - Processing file /opt/airflow/dags/raw_from_api_to_s3.py for tasks to queue
[2026-04-18T02:28:32.163+0000] {logging_mixin.py:190} INFO - [2026-04-18T02:28:32.163+0000] {dagbag.py:588} INFO - Filling up the DagBag from /opt/airflow/dags/raw_from_api_to_s3.py
[2026-04-18T02:28:32.211+0000] {processor.py:925} INFO - DAG(s) 'raw_from_api_to_s3' retrieved from /opt/airflow/dags/raw_from_api_to_s3.py
[2026-04-18T02:28:32.218+0000] {logging_mixin.py:190} INFO - [2026-04-18T02:28:32.217+0000] {dag.py:3239} INFO - Sync 1 DAGs
[2026-04-18T02:28:32.227+0000] {logging_mixin.py:190} INFO - [2026-04-18T02:28:32.226+0000] {dag.py:4180} INFO - Setting next_dagrun for raw_from_api_to_s3 to 2026-04-18 00:00:00+00:00, run_after=2026-04-19 00:00:00+00:00
[2026-04-18T02:28:32.233+0000] {processor.py:208} INFO - Processing /opt/airflow/dags/raw_from_api_to_s3.py took 0.079 seconds
[2026-04-18T02:29:02.443+0000] {processor.py:186} INFO - Started process (PID=35963) to work on /opt/airflow/dags/raw_from_api_to_s3.py
[2026-04-18T02:29:02.444+0000] {processor.py:914} INFO - Processing file /opt/airflow/dags/raw_from_api_to_s3.py for tasks to queue
[2026-04-18T02:29:02.448+0000] {logging_mixin.py:190} INFO - [2026-04-18T02:29:02.447+0000] {dagbag.py:588} INFO - Filling up the DagBag from /opt/airflow/dags/raw_from_api_to_s3.py
[2026-04-18T02:29:02.498+0000] {processor.py:925} INFO - DAG(s) 'raw_from_api_to_s3' retrieved from /opt/airflow/dags/raw_from_api_to_s3.py
[2026-04-18T02:29:02.506+0000] {logging_mixin.py:190} INFO - [2026-04-18T02:29:02.506+0000] {dag.py:3239} INFO - Sync 1 DAGs
[2026-04-18T02:29:02.515+0000] {logging_mixin.py:190} INFO - [2026-04-18T02:29:02.515+0000] {dag.py:4180} INFO - Setting next_dagrun for raw_from_api_to_s3 to 2026-04-18 00:00:00+00:00, run_after=2026-04-19 00:00:00+00:00
[2026-04-18T02:29:02.522+0000] {processor.py:208} INFO - Processing /opt/airflow/dags/raw_from_api_to_s3.py took 0.087 seconds
[2026-04-18T02:29:32.846+0000] {processor.py:186} INFO - Started process (PID=35977) to work on /opt/airflow/dags/raw_from_api_to_s3.py
[2026-04-18T02:29:32.847+0000] {processor.py:914} INFO - Processing file /opt/airflow/dags/raw_from_api_to_s3.py for tasks to queue
[2026-04-18T02:29:32.849+0000] {logging_mixin.py:190} INFO - [2026-04-18T02:29:32.849+0000] {dagbag.py:588} INFO - Filling up the DagBag from /opt/airflow/dags/raw_from_api_to_s3.py
[2026-04-18T02:29:32.898+0000] {processor.py:925} INFO - DAG(s) 'raw_from_api_to_s3' retrieved from /opt/airflow/dags/raw_from_api_to_s3.py
[2026-04-18T02:29:32.905+0000] {logging_mixin.py:190} INFO - [2026-04-18T02:29:32.905+0000] {dag.py:3239} INFO - Sync 1 DAGs
[2026-04-18T02:29:32.914+0000] {logging_mixin.py:190} INFO - [2026-04-18T02:29:32.914+0000] {dag.py:4180} INFO - Setting next_dagrun for raw_from_api_to_s3 to 2026-04-18 00:00:00+00:00, run_after=2026-04-19 00:00:00+00:00
[2026-04-18T02:29:32.921+0000] {processor.py:208} INFO - Processing /opt/airflow/dags/raw_from_api_to_s3.py took 0.082 seconds
[2026-04-18T02:30:03.212+0000] {processor.py:186} INFO - Started process (PID=35991) to work on /opt/airflow/dags/raw_from_api_to_s3.py
[2026-04-18T02:30:03.213+0000] {processor.py:914} INFO - Processing file /opt/airflow/dags/raw_from_api_to_s3.py for tasks to queue
[2026-04-18T02:30:03.216+0000] {logging_mixin.py:190} INFO - [2026-04-18T02:30:03.216+0000] {dagbag.py:588} INFO - Filling up the DagBag from /opt/airflow/dags/raw_from_api_to_s3.py
[2026-04-18T02:30:03.275+0000] {processor.py:925} INFO - DAG(s) 'raw_from_api_to_s3' retrieved from /opt/airflow/dags/raw_from_api_to_s3.py
[2026-04-18T02:30:03.284+0000] {logging_mixin.py:190} INFO - [2026-04-18T02:30:03.283+0000] {dag.py:3239} INFO - Sync 1 DAGs
[2026-04-18T02:30:03.294+0000] {logging_mixin.py:190} INFO - [2026-04-18T02:30:03.294+0000] {dag.py:4180} INFO - Setting next_dagrun for raw_from_api_to_s3 to 2026-04-18 00:00:00+00:00, run_after=2026-04-19 00:00:00+00:00
[2026-04-18T02:30:03.301+0000] {processor.py:208} INFO - Processing /opt/airflow/dags/raw_from_api_to_s3.py took 0.097 seconds
[2026-04-18T02:30:33.581+0000] {processor.py:186} INFO - Started process (PID=36005) to work on /opt/airflow/dags/raw_from_api_to_s3.py
[2026-04-18T02:30:33.582+0000] {processor.py:914} INFO - Processing file /opt/airflow/dags/raw_from_api_to_s3.py for tasks to queue
[2026-04-18T02:30:33.585+0000] {logging_mixin.py:190} INFO - [2026-04-18T02:30:33.584+0000] {dagbag.py:588} INFO - Filling up the DagBag from /opt/airflow/dags/raw_from_api_to_s3.py
[2026-04-18T02:30:33.637+0000] {processor.py:925} INFO - DAG(s) 'raw_from_api_to_s3' retrieved from /opt/airflow/dags/raw_from_api_to_s3.py
[2026-04-18T02:30:33.644+0000] {logging_mixin.py:190} INFO - [2026-04-18T02:30:33.644+0000] {dag.py:3239} INFO - Sync 1 DAGs
[2026-04-18T02:30:33.653+0000] {logging_mixin.py:190} INFO - [2026-04-18T02:30:33.653+0000] {dag.py:4180} INFO - Setting next_dagrun for raw_from_api_to_s3 to 2026-04-18 00:00:00+00:00, run_after=2026-04-19 00:00:00+00:00
[2026-04-18T02:30:33.659+0000] {processor.py:208} INFO - Processing /opt/airflow/dags/raw_from_api_to_s3.py took 0.086 seconds
[2026-04-18T02:31:03.947+0000] {processor.py:186} INFO - Started process (PID=36019) to work on /opt/airflow/dags/raw_from_api_to_s3.py
[2026-04-18T02:31:03.948+0000] {processor.py:914} INFO - Processing file /opt/airflow/dags/raw_from_api_to_s3.py for tasks to queue
[2026-04-18T02:31:03.951+0000] {logging_mixin.py:190} INFO - [2026-04-18T02:31:03.951+0000] {dagbag.py:588} INFO - Filling up the DagBag from /opt/airflow/dags/raw_from_api_to_s3.py
[2026-04-18T02:31:04.010+0000] {processor.py:925} INFO - DAG(s) 'raw_from_api_to_s3' retrieved from /opt/airflow/dags/raw_from_api_to_s3.py
[2026-04-18T02:31:04.019+0000] {logging_mixin.py:190} INFO - [2026-04-18T02:31:04.019+0000] {dag.py:3239} INFO - Sync 1 DAGs
[2026-04-18T02:31:04.029+0000] {logging_mixin.py:190} INFO - [2026-04-18T02:31:04.029+0000] {dag.py:4180} INFO - Setting next_dagrun for raw_from_api_to_s3 to 2026-04-18 00:00:00+00:00, run_after=2026-04-19 00:00:00+00:00
[2026-04-18T02:31:04.035+0000] {processor.py:208} INFO - Processing /opt/airflow/dags/raw_from_api_to_s3.py took 0.097 seconds
[2026-04-18T02:31:34.253+0000] {processor.py:186} INFO - Started process (PID=36033) to work on /opt/airflow/dags/raw_from_api_to_s3.py
[2026-04-18T02:31:34.253+0000] {processor.py:914} INFO - Processing file /opt/airflow/dags/raw_from_api_to_s3.py for tasks to queue
[2026-04-18T02:31:34.255+0000] {logging_mixin.py:190} INFO - [2026-04-18T02:31:34.255+0000] {dagbag.py:588} INFO - Filling up the DagBag from /opt/airflow/dags/raw_from_api_to_s3.py
[2026-04-18T02:31:34.299+0000] {processor.py:925} INFO - DAG(s) 'raw_from_api_to_s3' retrieved from /opt/airflow/dags/raw_from_api_to_s3.py
[2026-04-18T02:31:34.307+0000] {logging_mixin.py:190} INFO - [2026-04-18T02:31:34.307+0000] {dag.py:3239} INFO - Sync 1 DAGs
[2026-04-18T02:31:34.318+0000] {logging_mixin.py:190} INFO - [2026-04-18T02:31:34.318+0000] {dag.py:4180} INFO - Setting next_dagrun for raw_from_api_to_s3 to 2026-04-18 00:00:00+00:00, run_after=2026-04-19 00:00:00+00:00
[2026-04-18T02:31:34.329+0000] {processor.py:208} INFO - Processing /opt/airflow/dags/raw_from_api_to_s3.py took 0.080 seconds
[2026-04-18T02:32:04.718+0000] {processor.py:186} INFO - Started process (PID=36047) to work on /opt/airflow/dags/raw_from_api_to_s3.py
[2026-04-18T02:32:04.719+0000] {processor.py:914} INFO - Processing file /opt/airflow/dags/raw_from_api_to_s3.py for tasks to queue
[2026-04-18T02:32:04.720+0000] {logging_mixin.py:190} INFO - [2026-04-18T02:32:04.720+0000] {dagbag.py:588} INFO - Filling up the DagBag from /opt/airflow/dags/raw_from_api_to_s3.py
[2026-04-18T02:32:04.758+0000] {processor.py:925} INFO - DAG(s) 'raw_from_api_to_s3' retrieved from /opt/airflow/dags/raw_from_api_to_s3.py
[2026-04-18T02:32:04.766+0000] {logging_mixin.py:190} INFO - [2026-04-18T02:32:04.765+0000] {dag.py:3239} INFO - Sync 1 DAGs
[2026-04-18T02:32:04.776+0000] {logging_mixin.py:190} INFO - [2026-04-18T02:32:04.776+0000] {dag.py:4180} INFO - Setting next_dagrun for raw_from_api_to_s3 to 2026-04-18 00:00:00+00:00, run_after=2026-04-19 00:00:00+00:00
[2026-04-18T02:32:04.783+0000] {processor.py:208} INFO - Processing /opt/airflow/dags/raw_from_api_to_s3.py took 0.067 seconds
[2026-04-18T02:32:35.095+0000] {processor.py:186} INFO - Started process (PID=36061) to work on /opt/airflow/dags/raw_from_api_to_s3.py
[2026-04-18T02:32:35.096+0000] {processor.py:914} INFO - Processing file /opt/airflow/dags/raw_from_api_to_s3.py for tasks to queue
[2026-04-18T02:32:35.099+0000] {logging_mixin.py:190} INFO - [2026-04-18T02:32:35.098+0000] {dagbag.py:588} INFO - Filling up the DagBag from /opt/airflow/dags/raw_from_api_to_s3.py
[2026-04-18T02:32:35.148+0000] {processor.py:925} INFO - DAG(s) 'raw_from_api_to_s3' retrieved from /opt/airflow/dags/raw_from_api_to_s3.py
[2026-04-18T02:32:35.155+0000] {logging_mixin.py:190} INFO - [2026-04-18T02:32:35.155+0000] {dag.py:3239} INFO - Sync 1 DAGs
[2026-04-18T02:32:35.165+0000] {logging_mixin.py:190} INFO - [2026-04-18T02:32:35.164+0000] {dag.py:4180} INFO - Setting next_dagrun for raw_from_api_to_s3 to 2026-04-18 00:00:00+00:00, run_after=2026-04-19 00:00:00+00:00
[2026-04-18T02:32:35.171+0000] {processor.py:208} INFO - Processing /opt/airflow/dags/raw_from_api_to_s3.py took 0.084 seconds
[2026-04-18T02:33:05.494+0000] {processor.py:186} INFO - Started process (PID=36075) to work on /opt/airflow/dags/raw_from_api_to_s3.py
[2026-04-18T02:33:05.496+0000] {processor.py:914} INFO - Processing file /opt/airflow/dags/raw_from_api_to_s3.py for tasks to queue
[2026-04-18T02:33:05.500+0000] {logging_mixin.py:190} INFO - [2026-04-18T02:33:05.499+0000] {dagbag.py:588} INFO - Filling up the DagBag from /opt/airflow/dags/raw_from_api_to_s3.py
[2026-04-18T02:33:05.563+0000] {processor.py:925} INFO - DAG(s) 'raw_from_api_to_s3' retrieved from /opt/airflow/dags/raw_from_api_to_s3.py
[2026-04-18T02:33:05.572+0000] {logging_mixin.py:190} INFO - [2026-04-18T02:33:05.572+0000] {dag.py:3239} INFO - Sync 1 DAGs
[2026-04-18T02:33:05.583+0000] {logging_mixin.py:190} INFO - [2026-04-18T02:33:05.583+0000] {dag.py:4180} INFO - Setting next_dagrun for raw_from_api_to_s3 to 2026-04-18 00:00:00+00:00, run_after=2026-04-19 00:00:00+00:00
[2026-04-18T02:33:05.590+0000] {processor.py:208} INFO - Processing /opt/airflow/dags/raw_from_api_to_s3.py took 0.105 seconds
[2026-04-18T02:33:35.820+0000] {processor.py:186} INFO - Started process (PID=36089) to work on /opt/airflow/dags/raw_from_api_to_s3.py
[2026-04-18T02:33:35.821+0000] {processor.py:914} INFO - Processing file /opt/airflow/dags/raw_from_api_to_s3.py for tasks to queue
[2026-04-18T02:33:35.825+0000] {logging_mixin.py:190} INFO - [2026-04-18T02:33:35.824+0000] {dagbag.py:588} INFO - Filling up the DagBag from /opt/airflow/dags/raw_from_api_to_s3.py
[2026-04-18T02:33:35.875+0000] {processor.py:925} INFO - DAG(s) 'raw_from_api_to_s3' retrieved from /opt/airflow/dags/raw_from_api_to_s3.py
[2026-04-18T02:33:35.883+0000] {logging_mixin.py:190} INFO - [2026-04-18T02:33:35.883+0000] {dag.py:3239} INFO - Sync 1 DAGs
[2026-04-18T02:33:35.892+0000] {logging_mixin.py:190} INFO - [2026-04-18T02:33:35.892+0000] {dag.py:4180} INFO - Setting next_dagrun for raw_from_api_to_s3 to 2026-04-18 00:00:00+00:00, run_after=2026-04-19 00:00:00+00:00
[2026-04-18T02:33:35.898+0000] {processor.py:208} INFO - Processing /opt/airflow/dags/raw_from_api_to_s3.py took 0.086 seconds
[2026-04-18T02:34:06.122+0000] {processor.py:186} INFO - Started process (PID=36103) to work on /opt/airflow/dags/raw_from_api_to_s3.py
[2026-04-18T02:34:06.123+0000] {processor.py:914} INFO - Processing file /opt/airflow/dags/raw_from_api_to_s3.py for tasks to queue
[2026-04-18T02:34:06.127+0000] {logging_mixin.py:190} INFO - [2026-04-18T02:34:06.126+0000] {dagbag.py:588} INFO - Filling up the DagBag from /opt/airflow/dags/raw_from_api_to_s3.py
[2026-04-18T02:34:06.177+0000] {processor.py:925} INFO - DAG(s) 'raw_from_api_to_s3' retrieved from /opt/airflow/dags/raw_from_api_to_s3.py
[2026-04-18T02:34:06.184+0000] {logging_mixin.py:190} INFO - [2026-04-18T02:34:06.184+0000] {dag.py:3239} INFO - Sync 1 DAGs
[2026-04-18T02:34:06.193+0000] {logging_mixin.py:190} INFO - [2026-04-18T02:34:06.193+0000] {dag.py:4180} INFO - Setting next_dagrun for raw_from_api_to_s3 to 2026-04-18 00:00:00+00:00, run_after=2026-04-19 00:00:00+00:00
[2026-04-18T02:34:06.200+0000] {processor.py:208} INFO - Processing /opt/airflow/dags/raw_from_api_to_s3.py took 0.087 seconds
[2026-04-18T02:34:36.484+0000] {processor.py:186} INFO - Started process (PID=36117) to work on /opt/airflow/dags/raw_from_api_to_s3.py
[2026-04-18T02:34:36.485+0000] {processor.py:914} INFO - Processing file /opt/airflow/dags/raw_from_api_to_s3.py for tasks to queue
[2026-04-18T02:34:36.488+0000] {logging_mixin.py:190} INFO - [2026-04-18T02:34:36.488+0000] {dagbag.py:588} INFO - Filling up the DagBag from /opt/airflow/dags/raw_from_api_to_s3.py
[2026-04-18T02:34:36.536+0000] {processor.py:925} INFO - DAG(s) 'raw_from_api_to_s3' retrieved from /opt/airflow/dags/raw_from_api_to_s3.py
[2026-04-18T02:34:36.543+0000] {logging_mixin.py:190} INFO - [2026-04-18T02:34:36.543+0000] {dag.py:3239} INFO - Sync 1 DAGs
[2026-04-18T02:34:36.553+0000] {logging_mixin.py:190} INFO - [2026-04-18T02:34:36.553+0000] {dag.py:4180} INFO - Setting next_dagrun for raw_from_api_to_s3 to 2026-04-18 00:00:00+00:00, run_after=2026-04-19 00:00:00+00:00
[2026-04-18T02:34:36.559+0000] {processor.py:208} INFO - Processing /opt/airflow/dags/raw_from_api_to_s3.py took 0.082 seconds
[2026-04-18T02:35:06.815+0000] {processor.py:186} INFO - Started process (PID=36130) to work on /opt/airflow/dags/raw_from_api_to_s3.py
[2026-04-18T02:35:06.816+0000] {processor.py:914} INFO - Processing file /opt/airflow/dags/raw_from_api_to_s3.py for tasks to queue
[2026-04-18T02:35:06.819+0000] {logging_mixin.py:190} INFO - [2026-04-18T02:35:06.818+0000] {dagbag.py:588} INFO - Filling up the DagBag from /opt/airflow/dags/raw_from_api_to_s3.py
[2026-04-18T02:35:06.881+0000] {processor.py:925} INFO - DAG(s) 'raw_from_api_to_s3' retrieved from /opt/airflow/dags/raw_from_api_to_s3.py
[2026-04-18T02:35:06.893+0000] {logging_mixin.py:190} INFO - [2026-04-18T02:35:06.893+0000] {dag.py:3239} INFO - Sync 1 DAGs
[2026-04-18T02:35:06.904+0000] {logging_mixin.py:190} INFO - [2026-04-18T02:35:06.904+0000] {dag.py:4180} INFO - Setting next_dagrun for raw_from_api_to_s3 to 2026-04-18 00:00:00+00:00, run_after=2026-04-19 00:00:00+00:00
[2026-04-18T02:35:06.911+0000] {processor.py:208} INFO - Processing /opt/airflow/dags/raw_from_api_to_s3.py took 0.104 seconds
[2026-04-18T02:35:37.137+0000] {processor.py:186} INFO - Started process (PID=36143) to work on /opt/airflow/dags/raw_from_api_to_s3.py
[2026-04-18T02:35:37.138+0000] {processor.py:914} INFO - Processing file /opt/airflow/dags/raw_from_api_to_s3.py for tasks to queue
[2026-04-18T02:35:37.141+0000] {logging_mixin.py:190} INFO - [2026-04-18T02:35:37.141+0000] {dagbag.py:588} INFO - Filling up the DagBag from /opt/airflow/dags/raw_from_api_to_s3.py
[2026-04-18T02:35:37.190+0000] {processor.py:925} INFO - DAG(s) 'raw_from_api_to_s3' retrieved from /opt/airflow/dags/raw_from_api_to_s3.py
[2026-04-18T02:35:37.197+0000] {logging_mixin.py:190} INFO - [2026-04-18T02:35:37.197+0000] {dag.py:3239} INFO - Sync 1 DAGs
[2026-04-18T02:35:37.206+0000] {logging_mixin.py:190} INFO - [2026-04-18T02:35:37.206+0000] {dag.py:4180} INFO - Setting next_dagrun for raw_from_api_to_s3 to 2026-04-18 00:00:00+00:00, run_after=2026-04-19 00:00:00+00:00
[2026-04-18T02:35:37.214+0000] {processor.py:208} INFO - Processing /opt/airflow/dags/raw_from_api_to_s3.py took 0.083 seconds
[2026-04-18T02:36:07.555+0000] {processor.py:186} INFO - Started process (PID=36157) to work on /opt/airflow/dags/raw_from_api_to_s3.py
[2026-04-18T02:36:07.556+0000] {processor.py:914} INFO - Processing file /opt/airflow/dags/raw_from_api_to_s3.py for tasks to queue
[2026-04-18T02:36:07.558+0000] {logging_mixin.py:190} INFO - [2026-04-18T02:36:07.558+0000] {dagbag.py:588} INFO - Filling up the DagBag from /opt/airflow/dags/raw_from_api_to_s3.py
[2026-04-18T02:36:07.604+0000] {processor.py:925} INFO - DAG(s) 'raw_from_api_to_s3' retrieved from /opt/airflow/dags/raw_from_api_to_s3.py
[2026-04-18T02:36:07.611+0000] {logging_mixin.py:190} INFO - [2026-04-18T02:36:07.611+0000] {dag.py:3239} INFO - Sync 1 DAGs
[2026-04-18T02:36:07.620+0000] {logging_mixin.py:190} INFO - [2026-04-18T02:36:07.620+0000] {dag.py:4180} INFO - Setting next_dagrun for raw_from_api_to_s3 to 2026-04-18 00:00:00+00:00, run_after=2026-04-19 00:00:00+00:00
[2026-04-18T02:36:07.626+0000] {processor.py:208} INFO - Processing /opt/airflow/dags/raw_from_api_to_s3.py took 0.077 seconds
[2026-04-18T02:36:37.955+0000] {processor.py:186} INFO - Started process (PID=36171) to work on /opt/airflow/dags/raw_from_api_to_s3.py
[2026-04-18T02:36:37.956+0000] {processor.py:914} INFO - Processing file /opt/airflow/dags/raw_from_api_to_s3.py for tasks to queue
[2026-04-18T02:36:37.960+0000] {logging_mixin.py:190} INFO - [2026-04-18T02:36:37.959+0000] {dagbag.py:588} INFO - Filling up the DagBag from /opt/airflow/dags/raw_from_api_to_s3.py
[2026-04-18T02:36:38.014+0000] {processor.py:925} INFO - DAG(s) 'raw_from_api_to_s3' retrieved from /opt/airflow/dags/raw_from_api_to_s3.py
[2026-04-18T02:36:38.021+0000] {logging_mixin.py:190} INFO - [2026-04-18T02:36:38.021+0000] {dag.py:3239} INFO - Sync 1 DAGs
[2026-04-18T02:36:38.031+0000] {logging_mixin.py:190} INFO - [2026-04-18T02:36:38.031+0000] {dag.py:4180} INFO - Setting next_dagrun for raw_from_api_to_s3 to 2026-04-18 00:00:00+00:00, run_after=2026-04-19 00:00:00+00:00
[2026-04-18T02:36:38.037+0000] {processor.py:208} INFO - Processing /opt/airflow/dags/raw_from_api_to_s3.py took 0.091 seconds
[2026-04-18T02:37:08.314+0000] {processor.py:186} INFO - Started process (PID=36185) to work on /opt/airflow/dags/raw_from_api_to_s3.py
[2026-04-18T02:37:08.315+0000] {processor.py:914} INFO - Processing file /opt/airflow/dags/raw_from_api_to_s3.py for tasks to queue
[2026-04-18T02:37:08.317+0000] {logging_mixin.py:190} INFO - [2026-04-18T02:37:08.317+0000] {dagbag.py:588} INFO - Filling up the DagBag from /opt/airflow/dags/raw_from_api_to_s3.py
[2026-04-18T02:37:08.380+0000] {processor.py:925} INFO - DAG(s) 'raw_from_api_to_s3' retrieved from /opt/airflow/dags/raw_from_api_to_s3.py
[2026-04-18T02:37:08.393+0000] {logging_mixin.py:190} INFO - [2026-04-18T02:37:08.392+0000] {dag.py:3239} INFO - Sync 1 DAGs
[2026-04-18T02:37:08.405+0000] {logging_mixin.py:190} INFO - [2026-04-18T02:37:08.405+0000] {dag.py:4180} INFO - Setting next_dagrun for raw_from_api_to_s3 to 2026-04-18 00:00:00+00:00, run_after=2026-04-19 00:00:00+00:00
[2026-04-18T02:37:08.413+0000] {processor.py:208} INFO - Processing /opt/airflow/dags/raw_from_api_to_s3.py took 0.106 seconds
[2026-04-18T02:37:38.698+0000] {processor.py:186} INFO - Started process (PID=36199) to work on /opt/airflow/dags/raw_from_api_to_s3.py
[2026-04-18T02:37:38.699+0000] {processor.py:914} INFO - Processing file /opt/airflow/dags/raw_from_api_to_s3.py for tasks to queue
[2026-04-18T02:37:38.701+0000] {logging_mixin.py:190} INFO - [2026-04-18T02:37:38.701+0000] {dagbag.py:588} INFO - Filling up the DagBag from /opt/airflow/dags/raw_from_api_to_s3.py
[2026-04-18T02:37:38.754+0000] {processor.py:925} INFO - DAG(s) 'raw_from_api_to_s3' retrieved from /opt/airflow/dags/raw_from_api_to_s3.py
[2026-04-18T02:37:38.761+0000] {logging_mixin.py:190} INFO - [2026-04-18T02:37:38.761+0000] {dag.py:3239} INFO - Sync 1 DAGs
[2026-04-18T02:37:38.771+0000] {logging_mixin.py:190} INFO - [2026-04-18T02:37:38.771+0000] {dag.py:4180} INFO - Setting next_dagrun for raw_from_api_to_s3 to 2026-04-18 00:00:00+00:00, run_after=2026-04-19 00:00:00+00:00
[2026-04-18T02:37:38.778+0000] {processor.py:208} INFO - Processing /opt/airflow/dags/raw_from_api_to_s3.py took 0.087 seconds
[2026-04-18T02:38:09.021+0000] {processor.py:186} INFO - Started process (PID=36213) to work on /opt/airflow/dags/raw_from_api_to_s3.py
[2026-04-18T02:38:09.023+0000] {processor.py:914} INFO - Processing file /opt/airflow/dags/raw_from_api_to_s3.py for tasks to queue
[2026-04-18T02:38:09.026+0000] {logging_mixin.py:190} INFO - [2026-04-18T02:38:09.026+0000] {dagbag.py:588} INFO - Filling up the DagBag from /opt/airflow/dags/raw_from_api_to_s3.py
[2026-04-18T02:38:09.081+0000] {processor.py:925} INFO - DAG(s) 'raw_from_api_to_s3' retrieved from /opt/airflow/dags/raw_from_api_to_s3.py
[2026-04-18T02:38:09.089+0000] {logging_mixin.py:190} INFO - [2026-04-18T02:38:09.088+0000] {dag.py:3239} INFO - Sync 1 DAGs
[2026-04-18T02:38:09.099+0000] {logging_mixin.py:190} INFO - [2026-04-18T02:38:09.099+0000] {dag.py:4180} INFO - Setting next_dagrun for raw_from_api_to_s3 to 2026-04-18 00:00:00+00:00, run_after=2026-04-19 00:00:00+00:00
[2026-04-18T02:38:09.107+0000] {processor.py:208} INFO - Processing /opt/airflow/dags/raw_from_api_to_s3.py took 0.095 seconds
[2026-04-18T02:38:39.416+0000] {processor.py:186} INFO - Started process (PID=36227) to work on /opt/airflow/dags/raw_from_api_to_s3.py
[2026-04-18T02:38:39.417+0000] {processor.py:914} INFO - Processing file /opt/airflow/dags/raw_from_api_to_s3.py for tasks to queue
[2026-04-18T02:38:39.419+0000] {logging_mixin.py:190} INFO - [2026-04-18T02:38:39.419+0000] {dagbag.py:588} INFO - Filling up the DagBag from /opt/airflow/dags/raw_from_api_to_s3.py
[2026-04-18T02:38:39.466+0000] {processor.py:925} INFO - DAG(s) 'raw_from_api_to_s3' retrieved from /opt/airflow/dags/raw_from_api_to_s3.py
[2026-04-18T02:38:39.473+0000] {logging_mixin.py:190} INFO - [2026-04-18T02:38:39.473+0000] {dag.py:3239} INFO - Sync 1 DAGs
[2026-04-18T02:38:39.482+0000] {logging_mixin.py:190} INFO - [2026-04-18T02:38:39.482+0000] {dag.py:4180} INFO - Setting next_dagrun for raw_from_api_to_s3 to 2026-04-18 00:00:00+00:00, run_after=2026-04-19 00:00:00+00:00
[2026-04-18T02:38:39.488+0000] {processor.py:208} INFO - Processing /opt/airflow/dags/raw_from_api_to_s3.py took 0.078 seconds
[2026-04-18T02:39:09.717+0000] {processor.py:186} INFO - Started process (PID=36241) to work on /opt/airflow/dags/raw_from_api_to_s3.py
[2026-04-18T02:39:09.718+0000] {processor.py:914} INFO - Processing file /opt/airflow/dags/raw_from_api_to_s3.py for tasks to queue
[2026-04-18T02:39:09.722+0000] {logging_mixin.py:190} INFO - [2026-04-18T02:39:09.721+0000] {dagbag.py:588} INFO - Filling up the DagBag from /opt/airflow/dags/raw_from_api_to_s3.py
[2026-04-18T02:39:09.782+0000] {processor.py:925} INFO - DAG(s) 'raw_from_api_to_s3' retrieved from /opt/airflow/dags/raw_from_api_to_s3.py
[2026-04-18T02:39:09.790+0000] {logging_mixin.py:190} INFO - [2026-04-18T02:39:09.790+0000] {dag.py:3239} INFO - Sync 1 DAGs
[2026-04-18T02:39:09.801+0000] {logging_mixin.py:190} INFO - [2026-04-18T02:39:09.801+0000] {dag.py:4180} INFO - Setting next_dagrun for raw_from_api_to_s3 to 2026-04-18 00:00:00+00:00, run_after=2026-04-19 00:00:00+00:00
[2026-04-18T02:39:09.808+0000] {processor.py:208} INFO - Processing /opt/airflow/dags/raw_from_api_to_s3.py took 0.097 seconds
[2026-04-18T02:39:40.101+0000] {processor.py:186} INFO - Started process (PID=36255) to work on /opt/airflow/dags/raw_from_api_to_s3.py
[2026-04-18T02:39:40.102+0000] {processor.py:914} INFO - Processing file /opt/airflow/dags/raw_from_api_to_s3.py for tasks to queue
[2026-04-18T02:39:40.105+0000] {logging_mixin.py:190} INFO - [2026-04-18T02:39:40.104+0000] {dagbag.py:588} INFO - Filling up the DagBag from /opt/airflow/dags/raw_from_api_to_s3.py
[2026-04-18T02:39:40.155+0000] {processor.py:925} INFO - DAG(s) 'raw_from_api_to_s3' retrieved from /opt/airflow/dags/raw_from_api_to_s3.py
[2026-04-18T02:39:40.161+0000] {logging_mixin.py:190} INFO - [2026-04-18T02:39:40.161+0000] {dag.py:3239} INFO - Sync 1 DAGs
[2026-04-18T02:39:40.170+0000] {logging_mixin.py:190} INFO - [2026-04-18T02:39:40.170+0000] {dag.py:4180} INFO - Setting next_dagrun for raw_from_api_to_s3 to 2026-04-18 00:00:00+00:00, run_after=2026-04-19 00:00:00+00:00
[2026-04-18T02:39:40.177+0000] {processor.py:208} INFO - Processing /opt/airflow/dags/raw_from_api_to_s3.py took 0.083 seconds
[2026-04-18T02:40:10.459+0000] {processor.py:186} INFO - Started process (PID=36269) to work on /opt/airflow/dags/raw_from_api_to_s3.py
[2026-04-18T02:40:10.460+0000] {processor.py:914} INFO - Processing file /opt/airflow/dags/raw_from_api_to_s3.py for tasks to queue
[2026-04-18T02:40:10.463+0000] {logging_mixin.py:190} INFO - [2026-04-18T02:40:10.463+0000] {dagbag.py:588} INFO - Filling up the DagBag from /opt/airflow/dags/raw_from_api_to_s3.py
[2026-04-18T02:40:10.512+0000] {processor.py:925} INFO - DAG(s) 'raw_from_api_to_s3' retrieved from /opt/airflow/dags/raw_from_api_to_s3.py
[2026-04-18T02:40:10.519+0000] {logging_mixin.py:190} INFO - [2026-04-18T02:40:10.519+0000] {dag.py:3239} INFO - Sync 1 DAGs
[2026-04-18T02:40:10.529+0000] {logging_mixin.py:190} INFO - [2026-04-18T02:40:10.529+0000] {dag.py:4180} INFO - Setting next_dagrun for raw_from_api_to_s3 to 2026-04-18 00:00:00+00:00, run_after=2026-04-19 00:00:00+00:00
[2026-04-18T02:40:10.535+0000] {processor.py:208} INFO - Processing /opt/airflow/dags/raw_from_api_to_s3.py took 0.084 seconds
[2026-04-18T02:40:40.825+0000] {processor.py:186} INFO - Started process (PID=36283) to work on /opt/airflow/dags/raw_from_api_to_s3.py
[2026-04-18T02:40:40.826+0000] {processor.py:914} INFO - Processing file /opt/airflow/dags/raw_from_api_to_s3.py for tasks to queue
[2026-04-18T02:40:40.830+0000] {logging_mixin.py:190} INFO - [2026-04-18T02:40:40.829+0000] {dagbag.py:588} INFO - Filling up the DagBag from /opt/airflow/dags/raw_from_api_to_s3.py
[2026-04-18T02:40:40.880+0000] {processor.py:925} INFO - DAG(s) 'raw_from_api_to_s3' retrieved from /opt/airflow/dags/raw_from_api_to_s3.py
[2026-04-18T02:40:40.887+0000] {logging_mixin.py:190} INFO - [2026-04-18T02:40:40.887+0000] {dag.py:3239} INFO - Sync 1 DAGs
[2026-04-18T02:40:40.897+0000] {logging_mixin.py:190} INFO - [2026-04-18T02:40:40.896+0000] {dag.py:4180} INFO - Setting next_dagrun for raw_from_api_to_s3 to 2026-04-18 00:00:00+00:00, run_after=2026-04-19 00:00:00+00:00
[2026-04-18T02:40:40.903+0000] {processor.py:208} INFO - Processing /opt/airflow/dags/raw_from_api_to_s3.py took 0.085 seconds
[2026-04-18T02:41:11.253+0000] {processor.py:186} INFO - Started process (PID=36297) to work on /opt/airflow/dags/raw_from_api_to_s3.py
[2026-04-18T02:41:11.255+0000] {processor.py:914} INFO - Processing file /opt/airflow/dags/raw_from_api_to_s3.py for tasks to queue
[2026-04-18T02:41:11.258+0000] {logging_mixin.py:190} INFO - [2026-04-18T02:41:11.258+0000] {dagbag.py:588} INFO - Filling up the DagBag from /opt/airflow/dags/raw_from_api_to_s3.py
[2026-04-18T02:41:11.320+0000] {processor.py:925} INFO - DAG(s) 'raw_from_api_to_s3' retrieved from /opt/airflow/dags/raw_from_api_to_s3.py
[2026-04-18T02:41:11.329+0000] {logging_mixin.py:190} INFO - [2026-04-18T02:41:11.329+0000] {dag.py:3239} INFO - Sync 1 DAGs
[2026-04-18T02:41:11.339+0000] {logging_mixin.py:190} INFO - [2026-04-18T02:41:11.339+0000] {dag.py:4180} INFO - Setting next_dagrun for raw_from_api_to_s3 to 2026-04-18 00:00:00+00:00, run_after=2026-04-19 00:00:00+00:00
[2026-04-18T02:41:11.346+0000] {processor.py:208} INFO - Processing /opt/airflow/dags/raw_from_api_to_s3.py took 0.099 seconds
[2026-04-18T02:41:41.585+0000] {processor.py:186} INFO - Started process (PID=36311) to work on /opt/airflow/dags/raw_from_api_to_s3.py
[2026-04-18T02:41:41.586+0000] {processor.py:914} INFO - Processing file /opt/airflow/dags/raw_from_api_to_s3.py for tasks to queue
[2026-04-18T02:41:41.589+0000] {logging_mixin.py:190} INFO - [2026-04-18T02:41:41.588+0000] {dagbag.py:588} INFO - Filling up the DagBag from /opt/airflow/dags/raw_from_api_to_s3.py
[2026-04-18T02:41:41.640+0000] {processor.py:925} INFO - DAG(s) 'raw_from_api_to_s3' retrieved from /opt/airflow/dags/raw_from_api_to_s3.py
[2026-04-18T02:41:41.647+0000] {logging_mixin.py:190} INFO - [2026-04-18T02:41:41.646+0000] {dag.py:3239} INFO - Sync 1 DAGs
[2026-04-18T02:41:41.655+0000] {logging_mixin.py:190} INFO - [2026-04-18T02:41:41.655+0000] {dag.py:4180} INFO - Setting next_dagrun for raw_from_api_to_s3 to 2026-04-18 00:00:00+00:00, run_after=2026-04-19 00:00:00+00:00
[2026-04-18T02:41:41.662+0000] {processor.py:208} INFO - Processing /opt/airflow/dags/raw_from_api_to_s3.py took 0.083 seconds
[2026-04-18T02:42:11.967+0000] {processor.py:186} INFO - Started process (PID=36325) to work on /opt/airflow/dags/raw_from_api_to_s3.py
[2026-04-18T02:42:11.968+0000] {processor.py:914} INFO - Processing file /opt/airflow/dags/raw_from_api_to_s3.py for tasks to queue
[2026-04-18T02:42:11.971+0000] {logging_mixin.py:190} INFO - [2026-04-18T02:42:11.970+0000] {dagbag.py:588} INFO - Filling up the DagBag from /opt/airflow/dags/raw_from_api_to_s3.py
[2026-04-18T02:42:12.023+0000] {processor.py:925} INFO - DAG(s) 'raw_from_api_to_s3' retrieved from /opt/airflow/dags/raw_from_api_to_s3.py
[2026-04-18T02:42:12.032+0000] {logging_mixin.py:190} INFO - [2026-04-18T02:42:12.031+0000] {dag.py:3239} INFO - Sync 1 DAGs
[2026-04-18T02:42:12.042+0000] {logging_mixin.py:190} INFO - [2026-04-18T02:42:12.042+0000] {dag.py:4180} INFO - Setting next_dagrun for raw_from_api_to_s3 to 2026-04-18 00:00:00+00:00, run_after=2026-04-19 00:00:00+00:00
[2026-04-18T02:42:12.051+0000] {processor.py:208} INFO - Processing /opt/airflow/dags/raw_from_api_to_s3.py took 0.089 seconds
[2026-04-18T02:42:42.338+0000] {processor.py:186} INFO - Started process (PID=36339) to work on /opt/airflow/dags/raw_from_api_to_s3.py
[2026-04-18T02:42:42.338+0000] {processor.py:914} INFO - Processing file /opt/airflow/dags/raw_from_api_to_s3.py for tasks to queue
[2026-04-18T02:42:42.340+0000] {logging_mixin.py:190} INFO - [2026-04-18T02:42:42.340+0000] {dagbag.py:588} INFO - Filling up the DagBag from /opt/airflow/dags/raw_from_api_to_s3.py
[2026-04-18T02:42:42.394+0000] {processor.py:925} INFO - DAG(s) 'raw_from_api_to_s3' retrieved from /opt/airflow/dags/raw_from_api_to_s3.py
[2026-04-18T02:42:42.402+0000] {logging_mixin.py:190} INFO - [2026-04-18T02:42:42.402+0000] {dag.py:3239} INFO - Sync 1 DAGs
[2026-04-18T02:42:42.411+0000] {logging_mixin.py:190} INFO - [2026-04-18T02:42:42.411+0000] {dag.py:4180} INFO - Setting next_dagrun for raw_from_api_to_s3 to 2026-04-18 00:00:00+00:00, run_after=2026-04-19 00:00:00+00:00
[2026-04-18T02:42:42.419+0000] {processor.py:208} INFO - Processing /opt/airflow/dags/raw_from_api_to_s3.py took 0.085 seconds
[2026-04-18T02:43:12.732+0000] {processor.py:186} INFO - Started process (PID=36353) to work on /opt/airflow/dags/raw_from_api_to_s3.py
[2026-04-18T02:43:12.733+0000] {processor.py:914} INFO - Processing file /opt/airflow/dags/raw_from_api_to_s3.py for tasks to queue
[2026-04-18T02:43:12.736+0000] {logging_mixin.py:190} INFO - [2026-04-18T02:43:12.736+0000] {dagbag.py:588} INFO - Filling up the DagBag from /opt/airflow/dags/raw_from_api_to_s3.py
[2026-04-18T02:43:12.787+0000] {processor.py:925} INFO - DAG(s) 'raw_from_api_to_s3' retrieved from /opt/airflow/dags/raw_from_api_to_s3.py
[2026-04-18T02:43:12.794+0000] {logging_mixin.py:190} INFO - [2026-04-18T02:43:12.794+0000] {dag.py:3239} INFO - Sync 1 DAGs
[2026-04-18T02:43:12.803+0000] {logging_mixin.py:190} INFO - [2026-04-18T02:43:12.803+0000] {dag.py:4180} INFO - Setting next_dagrun for raw_from_api_to_s3 to 2026-04-18 00:00:00+00:00, run_after=2026-04-19 00:00:00+00:00
[2026-04-18T02:43:12.810+0000] {processor.py:208} INFO - Processing /opt/airflow/dags/raw_from_api_to_s3.py took 0.086 seconds
[2026-04-18T02:43:43.073+0000] {processor.py:186} INFO - Started process (PID=36367) to work on /opt/airflow/dags/raw_from_api_to_s3.py
[2026-04-18T02:43:43.074+0000] {processor.py:914} INFO - Processing file /opt/airflow/dags/raw_from_api_to_s3.py for tasks to queue
[2026-04-18T02:43:43.077+0000] {logging_mixin.py:190} INFO - [2026-04-18T02:43:43.076+0000] {dagbag.py:588} INFO - Filling up the DagBag from /opt/airflow/dags/raw_from_api_to_s3.py
[2026-04-18T02:43:43.137+0000] {processor.py:925} INFO - DAG(s) 'raw_from_api_to_s3' retrieved from /opt/airflow/dags/raw_from_api_to_s3.py
[2026-04-18T02:43:43.146+0000] {logging_mixin.py:190} INFO - [2026-04-18T02:43:43.146+0000] {dag.py:3239} INFO - Sync 1 DAGs
[2026-04-18T02:43:43.156+0000] {logging_mixin.py:190} INFO - [2026-04-18T02:43:43.156+0000] {dag.py:4180} INFO - Setting next_dagrun for raw_from_api_to_s3 to 2026-04-18 00:00:00+00:00, run_after=2026-04-19 00:00:00+00:00
[2026-04-18T02:43:43.164+0000] {processor.py:208} INFO - Processing /opt/airflow/dags/raw_from_api_to_s3.py took 0.098 seconds
[2026-04-18T02:44:13.426+0000] {processor.py:186} INFO - Started process (PID=36381) to work on /opt/airflow/dags/raw_from_api_to_s3.py
[2026-04-18T02:44:13.427+0000] {processor.py:914} INFO - Processing file /opt/airflow/dags/raw_from_api_to_s3.py for tasks to queue
[2026-04-18T02:44:13.430+0000] {logging_mixin.py:190} INFO - [2026-04-18T02:44:13.430+0000] {dagbag.py:588} INFO - Filling up the DagBag from /opt/airflow/dags/raw_from_api_to_s3.py
[2026-04-18T02:44:13.477+0000] {processor.py:925} INFO - DAG(s) 'raw_from_api_to_s3' retrieved from /opt/airflow/dags/raw_from_api_to_s3.py
[2026-04-18T02:44:13.484+0000] {logging_mixin.py:190} INFO - [2026-04-18T02:44:13.484+0000] {dag.py:3239} INFO - Sync 1 DAGs
[2026-04-18T02:44:13.494+0000] {logging_mixin.py:190} INFO - [2026-04-18T02:44:13.494+0000] {dag.py:4180} INFO - Setting next_dagrun for raw_from_api_to_s3 to 2026-04-18 00:00:00+00:00, run_after=2026-04-19 00:00:00+00:00
[2026-04-18T02:44:13.500+0000] {processor.py:208} INFO - Processing /opt/airflow/dags/raw_from_api_to_s3.py took 0.081 seconds
[2026-04-18T02:44:43.796+0000] {processor.py:186} INFO - Started process (PID=36395) to work on /opt/airflow/dags/raw_from_api_to_s3.py
[2026-04-18T02:44:43.797+0000] {processor.py:914} INFO - Processing file /opt/airflow/dags/raw_from_api_to_s3.py for tasks to queue
[2026-04-18T02:44:43.800+0000] {logging_mixin.py:190} INFO - [2026-04-18T02:44:43.800+0000] {dagbag.py:588} INFO - Filling up the DagBag from /opt/airflow/dags/raw_from_api_to_s3.py
[2026-04-18T02:44:43.860+0000] {processor.py:925} INFO - DAG(s) 'raw_from_api_to_s3' retrieved from /opt/airflow/dags/raw_from_api_to_s3.py
[2026-04-18T02:44:43.867+0000] {logging_mixin.py:190} INFO - [2026-04-18T02:44:43.867+0000] {dag.py:3239} INFO - Sync 1 DAGs
[2026-04-18T02:44:43.876+0000] {logging_mixin.py:190} INFO - [2026-04-18T02:44:43.876+0000] {dag.py:4180} INFO - Setting next_dagrun for raw_from_api_to_s3 to 2026-04-18 00:00:00+00:00, run_after=2026-04-19 00:00:00+00:00
[2026-04-18T02:44:43.882+0000] {processor.py:208} INFO - Processing /opt/airflow/dags/raw_from_api_to_s3.py took 0.094 seconds
[2026-04-18T02:45:14.131+0000] {processor.py:186} INFO - Started process (PID=36409) to work on /opt/airflow/dags/raw_from_api_to_s3.py
[2026-04-18T02:45:14.132+0000] {processor.py:914} INFO - Processing file /opt/airflow/dags/raw_from_api_to_s3.py for tasks to queue
[2026-04-18T02:45:14.135+0000] {logging_mixin.py:190} INFO - [2026-04-18T02:45:14.135+0000] {dagbag.py:588} INFO - Filling up the DagBag from /opt/airflow/dags/raw_from_api_to_s3.py
[2026-04-18T02:45:14.189+0000] {processor.py:925} INFO - DAG(s) 'raw_from_api_to_s3' retrieved from /opt/airflow/dags/raw_from_api_to_s3.py
[2026-04-18T02:45:14.197+0000] {logging_mixin.py:190} INFO - [2026-04-18T02:45:14.197+0000] {dag.py:3239} INFO - Sync 1 DAGs
[2026-04-18T02:45:14.207+0000] {logging_mixin.py:190} INFO - [2026-04-18T02:45:14.207+0000] {dag.py:4180} INFO - Setting next_dagrun for raw_from_api_to_s3 to 2026-04-18 00:00:00+00:00, run_after=2026-04-19 00:00:00+00:00
[2026-04-18T02:45:14.215+0000] {processor.py:208} INFO - Processing /opt/airflow/dags/raw_from_api_to_s3.py took 0.094 seconds
[2026-04-18T02:45:44.522+0000] {processor.py:186} INFO - Started process (PID=36423) to work on /opt/airflow/dags/raw_from_api_to_s3.py
[2026-04-18T02:45:44.523+0000] {processor.py:914} INFO - Processing file /opt/airflow/dags/raw_from_api_to_s3.py for tasks to queue
[2026-04-18T02:45:44.527+0000] {logging_mixin.py:190} INFO - [2026-04-18T02:45:44.526+0000] {dagbag.py:588} INFO - Filling up the DagBag from /opt/airflow/dags/raw_from_api_to_s3.py
[2026-04-18T02:45:44.574+0000] {processor.py:925} INFO - DAG(s) 'raw_from_api_to_s3' retrieved from /opt/airflow/dags/raw_from_api_to_s3.py
[2026-04-18T02:45:44.581+0000] {logging_mixin.py:190} INFO - [2026-04-18T02:45:44.581+0000] {dag.py:3239} INFO - Sync 1 DAGs
[2026-04-18T02:45:44.590+0000] {logging_mixin.py:190} INFO - [2026-04-18T02:45:44.590+0000] {dag.py:4180} INFO - Setting next_dagrun for raw_from_api_to_s3 to 2026-04-18 00:00:00+00:00, run_after=2026-04-19 00:00:00+00:00
[2026-04-18T02:45:44.597+0000] {processor.py:208} INFO - Processing /opt/airflow/dags/raw_from_api_to_s3.py took 0.081 seconds
[2026-04-18T02:46:14.848+0000] {processor.py:186} INFO - Started process (PID=36437) to work on /opt/airflow/dags/raw_from_api_to_s3.py
[2026-04-18T02:46:14.849+0000] {processor.py:914} INFO - Processing file /opt/airflow/dags/raw_from_api_to_s3.py for tasks to queue
[2026-04-18T02:46:14.851+0000] {logging_mixin.py:190} INFO - [2026-04-18T02:46:14.851+0000] {dagbag.py:588} INFO - Filling up the DagBag from /opt/airflow/dags/raw_from_api_to_s3.py
[2026-04-18T02:46:14.910+0000] {processor.py:925} INFO - DAG(s) 'raw_from_api_to_s3' retrieved from /opt/airflow/dags/raw_from_api_to_s3.py
[2026-04-18T02:46:14.917+0000] {logging_mixin.py:190} INFO - [2026-04-18T02:46:14.917+0000] {dag.py:3239} INFO - Sync 1 DAGs
[2026-04-18T02:46:14.927+0000] {logging_mixin.py:190} INFO - [2026-04-18T02:46:14.927+0000] {dag.py:4180} INFO - Setting next_dagrun for raw_from_api_to_s3 to 2026-04-18 00:00:00+00:00, run_after=2026-04-19 00:00:00+00:00
[2026-04-18T02:46:14.933+0000] {processor.py:208} INFO - Processing /opt/airflow/dags/raw_from_api_to_s3.py took 0.092 seconds
[2026-04-18T02:46:45.310+0000] {processor.py:186} INFO - Started process (PID=36451) to work on /opt/airflow/dags/raw_from_api_to_s3.py
[2026-04-18T02:46:45.311+0000] {processor.py:914} INFO - Processing file /opt/airflow/dags/raw_from_api_to_s3.py for tasks to queue
[2026-04-18T02:46:45.315+0000] {logging_mixin.py:190} INFO - [2026-04-18T02:46:45.315+0000] {dagbag.py:588} INFO - Filling up the DagBag from /opt/airflow/dags/raw_from_api_to_s3.py
[2026-04-18T02:46:45.374+0000] {processor.py:925} INFO - DAG(s) 'raw_from_api_to_s3' retrieved from /opt/airflow/dags/raw_from_api_to_s3.py
[2026-04-18T02:46:45.384+0000] {logging_mixin.py:190} INFO - [2026-04-18T02:46:45.383+0000] {dag.py:3239} INFO - Sync 1 DAGs
[2026-04-18T02:46:45.394+0000] {logging_mixin.py:190} INFO - [2026-04-18T02:46:45.394+0000] {dag.py:4180} INFO - Setting next_dagrun for raw_from_api_to_s3 to 2026-04-18 00:00:00+00:00, run_after=2026-04-19 00:00:00+00:00
[2026-04-18T02:46:45.401+0000] {processor.py:208} INFO - Processing /opt/airflow/dags/raw_from_api_to_s3.py took 0.098 seconds
[2026-04-18T02:47:15.722+0000] {processor.py:186} INFO - Started process (PID=36470) to work on /opt/airflow/dags/raw_from_api_to_s3.py
[2026-04-18T02:47:15.723+0000] {processor.py:914} INFO - Processing file /opt/airflow/dags/raw_from_api_to_s3.py for tasks to queue
[2026-04-18T02:47:15.726+0000] {logging_mixin.py:190} INFO - [2026-04-18T02:47:15.725+0000] {dagbag.py:588} INFO - Filling up the DagBag from /opt/airflow/dags/raw_from_api_to_s3.py
[2026-04-18T02:47:15.775+0000] {processor.py:925} INFO - DAG(s) 'raw_from_api_to_s3' retrieved from /opt/airflow/dags/raw_from_api_to_s3.py
[2026-04-18T02:47:15.782+0000] {logging_mixin.py:190} INFO - [2026-04-18T02:47:15.782+0000] {dag.py:3239} INFO - Sync 1 DAGs
[2026-04-18T02:47:15.790+0000] {logging_mixin.py:190} INFO - [2026-04-18T02:47:15.790+0000] {dag.py:4180} INFO - Setting next_dagrun for raw_from_api_to_s3 to 2026-04-18 00:00:00+00:00, run_after=2026-04-19 00:00:00+00:00
[2026-04-18T02:47:15.797+0000] {processor.py:208} INFO - Processing /opt/airflow/dags/raw_from_api_to_s3.py took 0.081 seconds
[2026-04-18T02:47:46.070+0000] {processor.py:186} INFO - Started process (PID=36484) to work on /opt/airflow/dags/raw_from_api_to_s3.py
[2026-04-18T02:47:46.071+0000] {processor.py:914} INFO - Processing file /opt/airflow/dags/raw_from_api_to_s3.py for tasks to queue
[2026-04-18T02:47:46.077+0000] {logging_mixin.py:190} INFO - [2026-04-18T02:47:46.076+0000] {dagbag.py:588} INFO - Filling up the DagBag from /opt/airflow/dags/raw_from_api_to_s3.py
[2026-04-18T02:47:46.163+0000] {processor.py:925} INFO - DAG(s) 'raw_from_api_to_s3' retrieved from /opt/airflow/dags/raw_from_api_to_s3.py
[2026-04-18T02:47:46.176+0000] {logging_mixin.py:190} INFO - [2026-04-18T02:47:46.176+0000] {dag.py:3239} INFO - Sync 1 DAGs
[2026-04-18T02:47:46.190+0000] {logging_mixin.py:190} INFO - [2026-04-18T02:47:46.190+0000] {dag.py:4180} INFO - Setting next_dagrun for raw_from_api_to_s3 to 2026-04-18 00:00:00+00:00, run_after=2026-04-19 00:00:00+00:00
[2026-04-18T02:47:46.197+0000] {processor.py:208} INFO - Processing /opt/airflow/dags/raw_from_api_to_s3.py took 0.134 seconds
[2026-04-18T02:48:16.416+0000] {processor.py:186} INFO - Started process (PID=36498) to work on /opt/airflow/dags/raw_from_api_to_s3.py
[2026-04-18T02:48:16.417+0000] {processor.py:914} INFO - Processing file /opt/airflow/dags/raw_from_api_to_s3.py for tasks to queue
[2026-04-18T02:48:16.420+0000] {logging_mixin.py:190} INFO - [2026-04-18T02:48:16.420+0000] {dagbag.py:588} INFO - Filling up the DagBag from /opt/airflow/dags/raw_from_api_to_s3.py
[2026-04-18T02:48:16.465+0000] {processor.py:925} INFO - DAG(s) 'raw_from_api_to_s3' retrieved from /opt/airflow/dags/raw_from_api_to_s3.py
[2026-04-18T02:48:16.473+0000] {logging_mixin.py:190} INFO - [2026-04-18T02:48:16.473+0000] {dag.py:3239} INFO - Sync 1 DAGs
[2026-04-18T02:48:16.482+0000] {logging_mixin.py:190} INFO - [2026-04-18T02:48:16.482+0000] {dag.py:4180} INFO - Setting next_dagrun for raw_from_api_to_s3 to 2026-04-18 00:00:00+00:00, run_after=2026-04-19 00:00:00+00:00
[2026-04-18T02:48:16.489+0000] {processor.py:208} INFO - Processing /opt/airflow/dags/raw_from_api_to_s3.py took 0.081 seconds
[2026-04-18T02:48:46.770+0000] {processor.py:186} INFO - Started process (PID=36512) to work on /opt/airflow/dags/raw_from_api_to_s3.py
[2026-04-18T02:48:46.771+0000] {processor.py:914} INFO - Processing file /opt/airflow/dags/raw_from_api_to_s3.py for tasks to queue
[2026-04-18T02:48:46.773+0000] {logging_mixin.py:190} INFO - [2026-04-18T02:48:46.773+0000] {dagbag.py:588} INFO - Filling up the DagBag from /opt/airflow/dags/raw_from_api_to_s3.py
[2026-04-18T02:48:46.835+0000] {processor.py:925} INFO - DAG(s) 'raw_from_api_to_s3' retrieved from /opt/airflow/dags/raw_from_api_to_s3.py
[2026-04-18T02:48:46.845+0000] {logging_mixin.py:190} INFO - [2026-04-18T02:48:46.845+0000] {dag.py:3239} INFO - Sync 1 DAGs
[2026-04-18T02:48:46.857+0000] {logging_mixin.py:190} INFO - [2026-04-18T02:48:46.856+0000] {dag.py:4180} INFO - Setting next_dagrun for raw_from_api_to_s3 to 2026-04-18 00:00:00+00:00, run_after=2026-04-19 00:00:00+00:00
[2026-04-18T02:48:46.864+0000] {processor.py:208} INFO - Processing /opt/airflow/dags/raw_from_api_to_s3.py took 0.100 seconds
[2026-04-18T02:49:17.122+0000] {processor.py:186} INFO - Started process (PID=36526) to work on /opt/airflow/dags/raw_from_api_to_s3.py
[2026-04-18T02:49:17.123+0000] {processor.py:914} INFO - Processing file /opt/airflow/dags/raw_from_api_to_s3.py for tasks to queue
[2026-04-18T02:49:17.127+0000] {logging_mixin.py:190} INFO - [2026-04-18T02:49:17.127+0000] {dagbag.py:588} INFO - Filling up the DagBag from /opt/airflow/dags/raw_from_api_to_s3.py
[2026-04-18T02:49:17.187+0000] {processor.py:925} INFO - DAG(s) 'raw_from_api_to_s3' retrieved from /opt/airflow/dags/raw_from_api_to_s3.py
[2026-04-18T02:49:17.194+0000] {logging_mixin.py:190} INFO - [2026-04-18T02:49:17.194+0000] {dag.py:3239} INFO - Sync 1 DAGs
[2026-04-18T02:49:17.204+0000] {logging_mixin.py:190} INFO - [2026-04-18T02:49:17.204+0000] {dag.py:4180} INFO - Setting next_dagrun for raw_from_api_to_s3 to 2026-04-18 00:00:00+00:00, run_after=2026-04-19 00:00:00+00:00
[2026-04-18T02:49:17.210+0000] {processor.py:208} INFO - Processing /opt/airflow/dags/raw_from_api_to_s3.py took 0.097 seconds
[2026-04-18T02:49:47.548+0000] {processor.py:186} INFO - Started process (PID=36540) to work on /opt/airflow/dags/raw_from_api_to_s3.py
[2026-04-18T02:49:47.549+0000] {processor.py:914} INFO - Processing file /opt/airflow/dags/raw_from_api_to_s3.py for tasks to queue
[2026-04-18T02:49:47.551+0000] {logging_mixin.py:190} INFO - [2026-04-18T02:49:47.551+0000] {dagbag.py:588} INFO - Filling up the DagBag from /opt/airflow/dags/raw_from_api_to_s3.py
[2026-04-18T02:49:47.606+0000] {processor.py:925} INFO - DAG(s) 'raw_from_api_to_s3' retrieved from /opt/airflow/dags/raw_from_api_to_s3.py
[2026-04-18T02:49:47.614+0000] {logging_mixin.py:190} INFO - [2026-04-18T02:49:47.614+0000] {dag.py:3239} INFO - Sync 1 DAGs
[2026-04-18T02:49:47.623+0000] {logging_mixin.py:190} INFO - [2026-04-18T02:49:47.623+0000] {dag.py:4180} INFO - Setting next_dagrun for raw_from_api_to_s3 to 2026-04-18 00:00:00+00:00, run_after=2026-04-19 00:00:00+00:00
[2026-04-18T02:49:47.630+0000] {processor.py:208} INFO - Processing /opt/airflow/dags/raw_from_api_to_s3.py took 0.089 seconds
[2026-04-18T02:50:17.902+0000] {processor.py:186} INFO - Started process (PID=36554) to work on /opt/airflow/dags/raw_from_api_to_s3.py
[2026-04-18T02:50:17.903+0000] {processor.py:914} INFO - Processing file /opt/airflow/dags/raw_from_api_to_s3.py for tasks to queue
[2026-04-18T02:50:17.907+0000] {logging_mixin.py:190} INFO - [2026-04-18T02:50:17.906+0000] {dagbag.py:588} INFO - Filling up the DagBag from /opt/airflow/dags/raw_from_api_to_s3.py
[2026-04-18T02:50:17.962+0000] {processor.py:925} INFO - DAG(s) 'raw_from_api_to_s3' retrieved from /opt/airflow/dags/raw_from_api_to_s3.py
[2026-04-18T02:50:17.971+0000] {logging_mixin.py:190} INFO - [2026-04-18T02:50:17.970+0000] {dag.py:3239} INFO - Sync 1 DAGs
[2026-04-18T02:50:17.981+0000] {logging_mixin.py:190} INFO - [2026-04-18T02:50:17.981+0000] {dag.py:4180} INFO - Setting next_dagrun for raw_from_api_to_s3 to 2026-04-18 00:00:00+00:00, run_after=2026-04-19 00:00:00+00:00
[2026-04-18T02:50:17.988+0000] {processor.py:208} INFO - Processing /opt/airflow/dags/raw_from_api_to_s3.py took 0.096 seconds
[2026-04-18T02:50:48.270+0000] {processor.py:186} INFO - Started process (PID=36568) to work on /opt/airflow/dags/raw_from_api_to_s3.py
[2026-04-18T02:50:48.271+0000] {processor.py:914} INFO - Processing file /opt/airflow/dags/raw_from_api_to_s3.py for tasks to queue
[2026-04-18T02:50:48.274+0000] {logging_mixin.py:190} INFO - [2026-04-18T02:50:48.274+0000] {dagbag.py:588} INFO - Filling up the DagBag from /opt/airflow/dags/raw_from_api_to_s3.py
[2026-04-18T02:50:48.326+0000] {processor.py:925} INFO - DAG(s) 'raw_from_api_to_s3' retrieved from /opt/airflow/dags/raw_from_api_to_s3.py
[2026-04-18T02:50:48.334+0000] {logging_mixin.py:190} INFO - [2026-04-18T02:50:48.334+0000] {dag.py:3239} INFO - Sync 1 DAGs
[2026-04-18T02:50:48.344+0000] {logging_mixin.py:190} INFO - [2026-04-18T02:50:48.344+0000] {dag.py:4180} INFO - Setting next_dagrun for raw_from_api_to_s3 to 2026-04-18 00:00:00+00:00, run_after=2026-04-19 00:00:00+00:00
[2026-04-18T02:50:48.351+0000] {processor.py:208} INFO - Processing /opt/airflow/dags/raw_from_api_to_s3.py took 0.087 seconds
[2026-04-18T02:51:18.594+0000] {processor.py:186} INFO - Started process (PID=36582) to work on /opt/airflow/dags/raw_from_api_to_s3.py
[2026-04-18T02:51:18.595+0000] {processor.py:914} INFO - Processing file /opt/airflow/dags/raw_from_api_to_s3.py for tasks to queue
[2026-04-18T02:51:18.599+0000] {logging_mixin.py:190} INFO - [2026-04-18T02:51:18.598+0000] {dagbag.py:588} INFO - Filling up the DagBag from /opt/airflow/dags/raw_from_api_to_s3.py
[2026-04-18T02:51:18.659+0000] {processor.py:925} INFO - DAG(s) 'raw_from_api_to_s3' retrieved from /opt/airflow/dags/raw_from_api_to_s3.py
[2026-04-18T02:51:18.666+0000] {logging_mixin.py:190} INFO - [2026-04-18T02:51:18.666+0000] {dag.py:3239} INFO - Sync 1 DAGs
[2026-04-18T02:51:18.675+0000] {logging_mixin.py:190} INFO - [2026-04-18T02:51:18.675+0000] {dag.py:4180} INFO - Setting next_dagrun for raw_from_api_to_s3 to 2026-04-18 00:00:00+00:00, run_after=2026-04-19 00:00:00+00:00
[2026-04-18T02:51:18.681+0000] {processor.py:208} INFO - Processing /opt/airflow/dags/raw_from_api_to_s3.py took 0.094 seconds
[2026-04-18T02:51:48.972+0000] {processor.py:186} INFO - Started process (PID=36595) to work on /opt/airflow/dags/raw_from_api_to_s3.py
[2026-04-18T02:51:48.973+0000] {processor.py:914} INFO - Processing file /opt/airflow/dags/raw_from_api_to_s3.py for tasks to queue
[2026-04-18T02:51:48.976+0000] {logging_mixin.py:190} INFO - [2026-04-18T02:51:48.976+0000] {dagbag.py:588} INFO - Filling up the DagBag from /opt/airflow/dags/raw_from_api_to_s3.py
[2026-04-18T02:51:49.026+0000] {processor.py:925} INFO - DAG(s) 'raw_from_api_to_s3' retrieved from /opt/airflow/dags/raw_from_api_to_s3.py
[2026-04-18T02:51:49.034+0000] {logging_mixin.py:190} INFO - [2026-04-18T02:51:49.034+0000] {dag.py:3239} INFO - Sync 1 DAGs
[2026-04-18T02:51:49.044+0000] {logging_mixin.py:190} INFO - [2026-04-18T02:51:49.044+0000] {dag.py:4180} INFO - Setting next_dagrun for raw_from_api_to_s3 to 2026-04-18 00:00:00+00:00, run_after=2026-04-19 00:00:00+00:00
[2026-04-18T02:51:49.050+0000] {processor.py:208} INFO - Processing /opt/airflow/dags/raw_from_api_to_s3.py took 0.085 seconds
[2026-04-18T02:52:19.309+0000] {processor.py:186} INFO - Started process (PID=36609) to work on /opt/airflow/dags/raw_from_api_to_s3.py
[2026-04-18T02:52:19.310+0000] {processor.py:914} INFO - Processing file /opt/airflow/dags/raw_from_api_to_s3.py for tasks to queue
[2026-04-18T02:52:19.313+0000] {logging_mixin.py:190} INFO - [2026-04-18T02:52:19.312+0000] {dagbag.py:588} INFO - Filling up the DagBag from /opt/airflow/dags/raw_from_api_to_s3.py
[2026-04-18T02:52:19.367+0000] {processor.py:925} INFO - DAG(s) 'raw_from_api_to_s3' retrieved from /opt/airflow/dags/raw_from_api_to_s3.py
[2026-04-18T02:52:19.374+0000] {logging_mixin.py:190} INFO - [2026-04-18T02:52:19.374+0000] {dag.py:3239} INFO - Sync 1 DAGs
[2026-04-18T02:52:19.383+0000] {logging_mixin.py:190} INFO - [2026-04-18T02:52:19.383+0000] {dag.py:4180} INFO - Setting next_dagrun for raw_from_api_to_s3 to 2026-04-18 00:00:00+00:00, run_after=2026-04-19 00:00:00+00:00
[2026-04-18T02:52:19.389+0000] {processor.py:208} INFO - Processing /opt/airflow/dags/raw_from_api_to_s3.py took 0.087 seconds
[2026-04-18T02:52:49.746+0000] {processor.py:186} INFO - Started process (PID=36623) to work on /opt/airflow/dags/raw_from_api_to_s3.py
[2026-04-18T02:52:49.747+0000] {processor.py:914} INFO - Processing file /opt/airflow/dags/raw_from_api_to_s3.py for tasks to queue
[2026-04-18T02:52:49.751+0000] {logging_mixin.py:190} INFO - [2026-04-18T02:52:49.750+0000] {dagbag.py:588} INFO - Filling up the DagBag from /opt/airflow/dags/raw_from_api_to_s3.py
[2026-04-18T02:52:49.815+0000] {processor.py:925} INFO - DAG(s) 'raw_from_api_to_s3' retrieved from /opt/airflow/dags/raw_from_api_to_s3.py
[2026-04-18T02:52:49.827+0000] {logging_mixin.py:190} INFO - [2026-04-18T02:52:49.827+0000] {dag.py:3239} INFO - Sync 1 DAGs
[2026-04-18T02:52:49.839+0000] {logging_mixin.py:190} INFO - [2026-04-18T02:52:49.838+0000] {dag.py:4180} INFO - Setting next_dagrun for raw_from_api_to_s3 to 2026-04-18 00:00:00+00:00, run_after=2026-04-19 00:00:00+00:00
[2026-04-18T02:52:49.846+0000] {processor.py:208} INFO - Processing /opt/airflow/dags/raw_from_api_to_s3.py took 0.109 seconds
[2026-04-18T02:53:20.089+0000] {processor.py:186} INFO - Started process (PID=36637) to work on /opt/airflow/dags/raw_from_api_to_s3.py
[2026-04-18T02:53:20.090+0000] {processor.py:914} INFO - Processing file /opt/airflow/dags/raw_from_api_to_s3.py for tasks to queue
[2026-04-18T02:53:20.093+0000] {logging_mixin.py:190} INFO - [2026-04-18T02:53:20.092+0000] {dagbag.py:588} INFO - Filling up the DagBag from /opt/airflow/dags/raw_from_api_to_s3.py
[2026-04-18T02:53:20.150+0000] {processor.py:925} INFO - DAG(s) 'raw_from_api_to_s3' retrieved from /opt/airflow/dags/raw_from_api_to_s3.py
[2026-04-18T02:53:20.157+0000] {logging_mixin.py:190} INFO - [2026-04-18T02:53:20.157+0000] {dag.py:3239} INFO - Sync 1 DAGs
[2026-04-18T02:53:20.166+0000] {logging_mixin.py:190} INFO - [2026-04-18T02:53:20.165+0000] {dag.py:4180} INFO - Setting next_dagrun for raw_from_api_to_s3 to 2026-04-18 00:00:00+00:00, run_after=2026-04-19 00:00:00+00:00
[2026-04-18T02:53:20.172+0000] {processor.py:208} INFO - Processing /opt/airflow/dags/raw_from_api_to_s3.py took 0.088 seconds
[2026-04-18T02:53:50.367+0000] {processor.py:186} INFO - Started process (PID=36651) to work on /opt/airflow/dags/raw_from_api_to_s3.py
[2026-04-18T02:53:50.368+0000] {processor.py:914} INFO - Processing file /opt/airflow/dags/raw_from_api_to_s3.py for tasks to queue
[2026-04-18T02:53:50.371+0000] {logging_mixin.py:190} INFO - [2026-04-18T02:53:50.370+0000] {dagbag.py:588} INFO - Filling up the DagBag from /opt/airflow/dags/raw_from_api_to_s3.py
[2026-04-18T02:53:50.420+0000] {processor.py:925} INFO - DAG(s) 'raw_from_api_to_s3' retrieved from /opt/airflow/dags/raw_from_api_to_s3.py
[2026-04-18T02:53:50.428+0000] {logging_mixin.py:190} INFO - [2026-04-18T02:53:50.428+0000] {dag.py:3239} INFO - Sync 1 DAGs
[2026-04-18T02:53:50.438+0000] {logging_mixin.py:190} INFO - [2026-04-18T02:53:50.437+0000] {dag.py:4180} INFO - Setting next_dagrun for raw_from_api_to_s3 to 2026-04-18 00:00:00+00:00, run_after=2026-04-19 00:00:00+00:00
[2026-04-18T02:53:50.445+0000] {processor.py:208} INFO - Processing /opt/airflow/dags/raw_from_api_to_s3.py took 0.086 seconds
[2026-04-18T02:54:20.699+0000] {processor.py:186} INFO - Started process (PID=36665) to work on /opt/airflow/dags/raw_from_api_to_s3.py
[2026-04-18T02:54:20.700+0000] {processor.py:914} INFO - Processing file /opt/airflow/dags/raw_from_api_to_s3.py for tasks to queue
[2026-04-18T02:54:20.703+0000] {logging_mixin.py:190} INFO - [2026-04-18T02:54:20.703+0000] {dagbag.py:588} INFO - Filling up the DagBag from /opt/airflow/dags/raw_from_api_to_s3.py
[2026-04-18T02:54:20.751+0000] {processor.py:925} INFO - DAG(s) 'raw_from_api_to_s3' retrieved from /opt/airflow/dags/raw_from_api_to_s3.py
[2026-04-18T02:54:20.759+0000] {logging_mixin.py:190} INFO - [2026-04-18T02:54:20.759+0000] {dag.py:3239} INFO - Sync 1 DAGs
[2026-04-18T02:54:20.770+0000] {logging_mixin.py:190} INFO - [2026-04-18T02:54:20.770+0000] {dag.py:4180} INFO - Setting next_dagrun for raw_from_api_to_s3 to 2026-04-18 00:00:00+00:00, run_after=2026-04-19 00:00:00+00:00
[2026-04-18T02:54:20.777+0000] {processor.py:208} INFO - Processing /opt/airflow/dags/raw_from_api_to_s3.py took 0.085 seconds
[2026-04-18T02:54:50.960+0000] {processor.py:186} INFO - Started process (PID=36679) to work on /opt/airflow/dags/raw_from_api_to_s3.py
[2026-04-18T02:54:50.961+0000] {processor.py:914} INFO - Processing file /opt/airflow/dags/raw_from_api_to_s3.py for tasks to queue
[2026-04-18T02:54:50.964+0000] {logging_mixin.py:190} INFO - [2026-04-18T02:54:50.964+0000] {dagbag.py:588} INFO - Filling up the DagBag from /opt/airflow/dags/raw_from_api_to_s3.py
[2026-04-18T02:54:51.016+0000] {processor.py:925} INFO - DAG(s) 'raw_from_api_to_s3' retrieved from /opt/airflow/dags/raw_from_api_to_s3.py
[2026-04-18T02:54:51.023+0000] {logging_mixin.py:190} INFO - [2026-04-18T02:54:51.023+0000] {dag.py:3239} INFO - Sync 1 DAGs
[2026-04-18T02:54:51.033+0000] {logging_mixin.py:190} INFO - [2026-04-18T02:54:51.033+0000] {dag.py:4180} INFO - Setting next_dagrun for raw_from_api_to_s3 to 2026-04-18 00:00:00+00:00, run_after=2026-04-19 00:00:00+00:00
[2026-04-18T02:54:51.040+0000] {processor.py:208} INFO - Processing /opt/airflow/dags/raw_from_api_to_s3.py took 0.087 seconds
[2026-04-18T02:55:21.251+0000] {processor.py:186} INFO - Started process (PID=36693) to work on /opt/airflow/dags/raw_from_api_to_s3.py
[2026-04-18T02:55:21.252+0000] {processor.py:914} INFO - Processing file /opt/airflow/dags/raw_from_api_to_s3.py for tasks to queue
[2026-04-18T02:55:21.255+0000] {logging_mixin.py:190} INFO - [2026-04-18T02:55:21.255+0000] {dagbag.py:588} INFO - Filling up the DagBag from /opt/airflow/dags/raw_from_api_to_s3.py
[2026-04-18T02:55:21.323+0000] {processor.py:925} INFO - DAG(s) 'raw_from_api_to_s3' retrieved from /opt/airflow/dags/raw_from_api_to_s3.py
[2026-04-18T02:55:21.331+0000] {logging_mixin.py:190} INFO - [2026-04-18T02:55:21.331+0000] {dag.py:3239} INFO - Sync 1 DAGs
[2026-04-18T02:55:21.340+0000] {logging_mixin.py:190} INFO - [2026-04-18T02:55:21.340+0000] {dag.py:4180} INFO - Setting next_dagrun for raw_from_api_to_s3 to 2026-04-18 00:00:00+00:00, run_after=2026-04-19 00:00:00+00:00
[2026-04-18T02:55:21.346+0000] {processor.py:208} INFO - Processing /opt/airflow/dags/raw_from_api_to_s3.py took 0.102 seconds
[2026-04-18T02:55:51.689+0000] {processor.py:186} INFO - Started process (PID=36707) to work on /opt/airflow/dags/raw_from_api_to_s3.py
[2026-04-18T02:55:51.690+0000] {processor.py:914} INFO - Processing file /opt/airflow/dags/raw_from_api_to_s3.py for tasks to queue
[2026-04-18T02:55:51.693+0000] {logging_mixin.py:190} INFO - [2026-04-18T02:55:51.692+0000] {dagbag.py:588} INFO - Filling up the DagBag from /opt/airflow/dags/raw_from_api_to_s3.py
[2026-04-18T02:55:51.742+0000] {processor.py:925} INFO - DAG(s) 'raw_from_api_to_s3' retrieved from /opt/airflow/dags/raw_from_api_to_s3.py
[2026-04-18T02:55:51.749+0000] {logging_mixin.py:190} INFO - [2026-04-18T02:55:51.749+0000] {dag.py:3239} INFO - Sync 1 DAGs
[2026-04-18T02:55:51.758+0000] {logging_mixin.py:190} INFO - [2026-04-18T02:55:51.758+0000] {dag.py:4180} INFO - Setting next_dagrun for raw_from_api_to_s3 to 2026-04-18 00:00:00+00:00, run_after=2026-04-19 00:00:00+00:00
[2026-04-18T02:55:51.765+0000] {processor.py:208} INFO - Processing /opt/airflow/dags/raw_from_api_to_s3.py took 0.082 seconds
[2026-04-18T02:56:22.026+0000] {processor.py:186} INFO - Started process (PID=36721) to work on /opt/airflow/dags/raw_from_api_to_s3.py
[2026-04-18T02:56:22.027+0000] {processor.py:914} INFO - Processing file /opt/airflow/dags/raw_from_api_to_s3.py for tasks to queue
[2026-04-18T02:56:22.030+0000] {logging_mixin.py:190} INFO - [2026-04-18T02:56:22.030+0000] {dagbag.py:588} INFO - Filling up the DagBag from /opt/airflow/dags/raw_from_api_to_s3.py
[2026-04-18T02:56:22.086+0000] {processor.py:925} INFO - DAG(s) 'raw_from_api_to_s3' retrieved from /opt/airflow/dags/raw_from_api_to_s3.py
[2026-04-18T02:56:22.096+0000] {logging_mixin.py:190} INFO - [2026-04-18T02:56:22.096+0000] {dag.py:3239} INFO - Sync 1 DAGs
[2026-04-18T02:56:22.108+0000] {logging_mixin.py:190} INFO - [2026-04-18T02:56:22.108+0000] {dag.py:4180} INFO - Setting next_dagrun for raw_from_api_to_s3 to 2026-04-18 00:00:00+00:00, run_after=2026-04-19 00:00:00+00:00
[2026-04-18T02:56:22.115+0000] {processor.py:208} INFO - Processing /opt/airflow/dags/raw_from_api_to_s3.py took 0.097 seconds
[2026-04-18T02:56:52.366+0000] {processor.py:186} INFO - Started process (PID=36735) to work on /opt/airflow/dags/raw_from_api_to_s3.py
[2026-04-18T02:56:52.366+0000] {processor.py:914} INFO - Processing file /opt/airflow/dags/raw_from_api_to_s3.py for tasks to queue
[2026-04-18T02:56:52.368+0000] {logging_mixin.py:190} INFO - [2026-04-18T02:56:52.367+0000] {dagbag.py:588} INFO - Filling up the DagBag from /opt/airflow/dags/raw_from_api_to_s3.py
[2026-04-18T02:56:52.412+0000] {processor.py:925} INFO - DAG(s) 'raw_from_api_to_s3' retrieved from /opt/airflow/dags/raw_from_api_to_s3.py
[2026-04-18T02:56:52.419+0000] {logging_mixin.py:190} INFO - [2026-04-18T02:56:52.419+0000] {dag.py:3239} INFO - Sync 1 DAGs
[2026-04-18T02:56:52.428+0000] {logging_mixin.py:190} INFO - [2026-04-18T02:56:52.428+0000] {dag.py:4180} INFO - Setting next_dagrun for raw_from_api_to_s3 to 2026-04-18 00:00:00+00:00, run_after=2026-04-19 00:00:00+00:00
[2026-04-18T02:56:52.435+0000] {processor.py:208} INFO - Processing /opt/airflow/dags/raw_from_api_to_s3.py took 0.073 seconds
[2026-04-18T02:57:22.846+0000] {processor.py:186} INFO - Started process (PID=36749) to work on /opt/airflow/dags/raw_from_api_to_s3.py
[2026-04-18T02:57:22.847+0000] {processor.py:914} INFO - Processing file /opt/airflow/dags/raw_from_api_to_s3.py for tasks to queue
[2026-04-18T02:57:22.850+0000] {logging_mixin.py:190} INFO - [2026-04-18T02:57:22.849+0000] {dagbag.py:588} INFO - Filling up the DagBag from /opt/airflow/dags/raw_from_api_to_s3.py
[2026-04-18T02:57:22.899+0000] {processor.py:925} INFO - DAG(s) 'raw_from_api_to_s3' retrieved from /opt/airflow/dags/raw_from_api_to_s3.py
[2026-04-18T02:57:22.906+0000] {logging_mixin.py:190} INFO - [2026-04-18T02:57:22.906+0000] {dag.py:3239} INFO - Sync 1 DAGs
[2026-04-18T02:57:22.915+0000] {logging_mixin.py:190} INFO - [2026-04-18T02:57:22.915+0000] {dag.py:4180} INFO - Setting next_dagrun for raw_from_api_to_s3 to 2026-04-18 00:00:00+00:00, run_after=2026-04-19 00:00:00+00:00
[2026-04-18T02:57:22.922+0000] {processor.py:208} INFO - Processing /opt/airflow/dags/raw_from_api_to_s3.py took 0.082 seconds
[2026-04-18T02:57:53.191+0000] {processor.py:186} INFO - Started process (PID=36763) to work on /opt/airflow/dags/raw_from_api_to_s3.py
[2026-04-18T02:57:53.192+0000] {processor.py:914} INFO - Processing file /opt/airflow/dags/raw_from_api_to_s3.py for tasks to queue
[2026-04-18T02:57:53.195+0000] {logging_mixin.py:190} INFO - [2026-04-18T02:57:53.195+0000] {dagbag.py:588} INFO - Filling up the DagBag from /opt/airflow/dags/raw_from_api_to_s3.py
[2026-04-18T02:57:53.249+0000] {processor.py:925} INFO - DAG(s) 'raw_from_api_to_s3' retrieved from /opt/airflow/dags/raw_from_api_to_s3.py
[2026-04-18T02:57:53.257+0000] {logging_mixin.py:190} INFO - [2026-04-18T02:57:53.257+0000] {dag.py:3239} INFO - Sync 1 DAGs
[2026-04-18T02:57:53.267+0000] {logging_mixin.py:190} INFO - [2026-04-18T02:57:53.267+0000] {dag.py:4180} INFO - Setting next_dagrun for raw_from_api_to_s3 to 2026-04-18 00:00:00+00:00, run_after=2026-04-19 00:00:00+00:00
[2026-04-18T02:57:53.274+0000] {processor.py:208} INFO - Processing /opt/airflow/dags/raw_from_api_to_s3.py took 0.092 seconds
[2026-04-18T02:58:23.564+0000] {processor.py:186} INFO - Started process (PID=36777) to work on /opt/airflow/dags/raw_from_api_to_s3.py
[2026-04-18T02:58:23.565+0000] {processor.py:914} INFO - Processing file /opt/airflow/dags/raw_from_api_to_s3.py for tasks to queue
[2026-04-18T02:58:23.568+0000] {logging_mixin.py:190} INFO - [2026-04-18T02:58:23.567+0000] {dagbag.py:588} INFO - Filling up the DagBag from /opt/airflow/dags/raw_from_api_to_s3.py
[2026-04-18T02:58:23.621+0000] {processor.py:925} INFO - DAG(s) 'raw_from_api_to_s3' retrieved from /opt/airflow/dags/raw_from_api_to_s3.py
[2026-04-18T02:58:23.628+0000] {logging_mixin.py:190} INFO - [2026-04-18T02:58:23.628+0000] {dag.py:3239} INFO - Sync 1 DAGs
[2026-04-18T02:58:23.637+0000] {logging_mixin.py:190} INFO - [2026-04-18T02:58:23.637+0000] {dag.py:4180} INFO - Setting next_dagrun for raw_from_api_to_s3 to 2026-04-18 00:00:00+00:00, run_after=2026-04-19 00:00:00+00:00
[2026-04-18T02:58:23.643+0000] {processor.py:208} INFO - Processing /opt/airflow/dags/raw_from_api_to_s3.py took 0.086 seconds
[2026-04-18T02:58:53.952+0000] {processor.py:186} INFO - Started process (PID=36791) to work on /opt/airflow/dags/raw_from_api_to_s3.py
[2026-04-18T02:58:53.953+0000] {processor.py:914} INFO - Processing file /opt/airflow/dags/raw_from_api_to_s3.py for tasks to queue
[2026-04-18T02:58:53.956+0000] {logging_mixin.py:190} INFO - [2026-04-18T02:58:53.956+0000] {dagbag.py:588} INFO - Filling up the DagBag from /opt/airflow/dags/raw_from_api_to_s3.py
[2026-04-18T02:58:54.014+0000] {processor.py:925} INFO - DAG(s) 'raw_from_api_to_s3' retrieved from /opt/airflow/dags/raw_from_api_to_s3.py
[2026-04-18T02:58:54.021+0000] {logging_mixin.py:190} INFO - [2026-04-18T02:58:54.021+0000] {dag.py:3239} INFO - Sync 1 DAGs
[2026-04-18T02:58:54.030+0000] {logging_mixin.py:190} INFO - [2026-04-18T02:58:54.030+0000] {dag.py:4180} INFO - Setting next_dagrun for raw_from_api_to_s3 to 2026-04-18 00:00:00+00:00, run_after=2026-04-19 00:00:00+00:00
[2026-04-18T02:58:54.036+0000] {processor.py:208} INFO - Processing /opt/airflow/dags/raw_from_api_to_s3.py took 0.090 seconds
[2026-04-18T02:59:24.321+0000] {processor.py:186} INFO - Started process (PID=36805) to work on /opt/airflow/dags/raw_from_api_to_s3.py
[2026-04-18T02:59:24.323+0000] {processor.py:914} INFO - Processing file /opt/airflow/dags/raw_from_api_to_s3.py for tasks to queue
[2026-04-18T02:59:24.327+0000] {logging_mixin.py:190} INFO - [2026-04-18T02:59:24.327+0000] {dagbag.py:588} INFO - Filling up the DagBag from /opt/airflow/dags/raw_from_api_to_s3.py
[2026-04-18T02:59:24.373+0000] {processor.py:925} INFO - DAG(s) 'raw_from_api_to_s3' retrieved from /opt/airflow/dags/raw_from_api_to_s3.py
[2026-04-18T02:59:24.381+0000] {logging_mixin.py:190} INFO - [2026-04-18T02:59:24.380+0000] {dag.py:3239} INFO - Sync 1 DAGs
[2026-04-18T02:59:24.390+0000] {logging_mixin.py:190} INFO - [2026-04-18T02:59:24.390+0000] {dag.py:4180} INFO - Setting next_dagrun for raw_from_api_to_s3 to 2026-04-18 00:00:00+00:00, run_after=2026-04-19 00:00:00+00:00
[2026-04-18T02:59:24.396+0000] {processor.py:208} INFO - Processing /opt/airflow/dags/raw_from_api_to_s3.py took 0.082 seconds
[2026-04-18T02:59:54.639+0000] {processor.py:186} INFO - Started process (PID=36819) to work on /opt/airflow/dags/raw_from_api_to_s3.py
[2026-04-18T02:59:54.639+0000] {processor.py:914} INFO - Processing file /opt/airflow/dags/raw_from_api_to_s3.py for tasks to queue
[2026-04-18T02:59:54.643+0000] {logging_mixin.py:190} INFO - [2026-04-18T02:59:54.642+0000] {dagbag.py:588} INFO - Filling up the DagBag from /opt/airflow/dags/raw_from_api_to_s3.py
[2026-04-18T02:59:54.695+0000] {processor.py:925} INFO - DAG(s) 'raw_from_api_to_s3' retrieved from /opt/airflow/dags/raw_from_api_to_s3.py
[2026-04-18T02:59:54.703+0000] {logging_mixin.py:190} INFO - [2026-04-18T02:59:54.703+0000] {dag.py:3239} INFO - Sync 1 DAGs
[2026-04-18T02:59:54.714+0000] {logging_mixin.py:190} INFO - [2026-04-18T02:59:54.714+0000] {dag.py:4180} INFO - Setting next_dagrun for raw_from_api_to_s3 to 2026-04-18 00:00:00+00:00, run_after=2026-04-19 00:00:00+00:00
[2026-04-18T02:59:54.721+0000] {processor.py:208} INFO - Processing /opt/airflow/dags/raw_from_api_to_s3.py took 0.090 seconds
[2026-04-18T03:00:25.011+0000] {processor.py:186} INFO - Started process (PID=36833) to work on /opt/airflow/dags/raw_from_api_to_s3.py
[2026-04-18T03:00:25.012+0000] {processor.py:914} INFO - Processing file /opt/airflow/dags/raw_from_api_to_s3.py for tasks to queue
[2026-04-18T03:00:25.014+0000] {logging_mixin.py:190} INFO - [2026-04-18T03:00:25.014+0000] {dagbag.py:588} INFO - Filling up the DagBag from /opt/airflow/dags/raw_from_api_to_s3.py
[2026-04-18T03:00:25.065+0000] {processor.py:925} INFO - DAG(s) 'raw_from_api_to_s3' retrieved from /opt/airflow/dags/raw_from_api_to_s3.py
[2026-04-18T03:00:25.072+0000] {logging_mixin.py:190} INFO - [2026-04-18T03:00:25.072+0000] {dag.py:3239} INFO - Sync 1 DAGs
[2026-04-18T03:00:25.081+0000] {logging_mixin.py:190} INFO - [2026-04-18T03:00:25.081+0000] {dag.py:4180} INFO - Setting next_dagrun for raw_from_api_to_s3 to 2026-04-18 00:00:00+00:00, run_after=2026-04-19 00:00:00+00:00
[2026-04-18T03:00:25.087+0000] {processor.py:208} INFO - Processing /opt/airflow/dags/raw_from_api_to_s3.py took 0.083 seconds
[2026-04-18T03:00:55.364+0000] {processor.py:186} INFO - Started process (PID=36847) to work on /opt/airflow/dags/raw_from_api_to_s3.py
[2026-04-18T03:00:55.364+0000] {processor.py:914} INFO - Processing file /opt/airflow/dags/raw_from_api_to_s3.py for tasks to queue
[2026-04-18T03:00:55.366+0000] {logging_mixin.py:190} INFO - [2026-04-18T03:00:55.366+0000] {dagbag.py:588} INFO - Filling up the DagBag from /opt/airflow/dags/raw_from_api_to_s3.py
[2026-04-18T03:00:55.409+0000] {processor.py:925} INFO - DAG(s) 'raw_from_api_to_s3' retrieved from /opt/airflow/dags/raw_from_api_to_s3.py
[2026-04-18T03:00:55.416+0000] {logging_mixin.py:190} INFO - [2026-04-18T03:00:55.416+0000] {dag.py:3239} INFO - Sync 1 DAGs
[2026-04-18T03:00:55.427+0000] {logging_mixin.py:190} INFO - [2026-04-18T03:00:55.427+0000] {dag.py:4180} INFO - Setting next_dagrun for raw_from_api_to_s3 to 2026-04-18 00:00:00+00:00, run_after=2026-04-19 00:00:00+00:00
[2026-04-18T03:00:55.436+0000] {processor.py:208} INFO - Processing /opt/airflow/dags/raw_from_api_to_s3.py took 0.075 seconds
[2026-04-18T03:01:25.697+0000] {processor.py:186} INFO - Started process (PID=36861) to work on /opt/airflow/dags/raw_from_api_to_s3.py
[2026-04-18T03:01:25.698+0000] {processor.py:914} INFO - Processing file /opt/airflow/dags/raw_from_api_to_s3.py for tasks to queue
[2026-04-18T03:01:25.701+0000] {logging_mixin.py:190} INFO - [2026-04-18T03:01:25.700+0000] {dagbag.py:588} INFO - Filling up the DagBag from /opt/airflow/dags/raw_from_api_to_s3.py
[2026-04-18T03:01:25.752+0000] {processor.py:925} INFO - DAG(s) 'raw_from_api_to_s3' retrieved from /opt/airflow/dags/raw_from_api_to_s3.py
[2026-04-18T03:01:25.759+0000] {logging_mixin.py:190} INFO - [2026-04-18T03:01:25.759+0000] {dag.py:3239} INFO - Sync 1 DAGs
[2026-04-18T03:01:25.769+0000] {logging_mixin.py:190} INFO - [2026-04-18T03:01:25.768+0000] {dag.py:4180} INFO - Setting next_dagrun for raw_from_api_to_s3 to 2026-04-18 00:00:00+00:00, run_after=2026-04-19 00:00:00+00:00
[2026-04-18T03:01:25.775+0000] {processor.py:208} INFO - Processing /opt/airflow/dags/raw_from_api_to_s3.py took 0.085 seconds
[2026-04-18T03:01:56.059+0000] {processor.py:186} INFO - Started process (PID=36875) to work on /opt/airflow/dags/raw_from_api_to_s3.py
[2026-04-18T03:01:56.060+0000] {processor.py:914} INFO - Processing file /opt/airflow/dags/raw_from_api_to_s3.py for tasks to queue
[2026-04-18T03:01:56.062+0000] {logging_mixin.py:190} INFO - [2026-04-18T03:01:56.062+0000] {dagbag.py:588} INFO - Filling up the DagBag from /opt/airflow/dags/raw_from_api_to_s3.py
[2026-04-18T03:01:56.114+0000] {processor.py:925} INFO - DAG(s) 'raw_from_api_to_s3' retrieved from /opt/airflow/dags/raw_from_api_to_s3.py
[2026-04-18T03:01:56.122+0000] {logging_mixin.py:190} INFO - [2026-04-18T03:01:56.121+0000] {dag.py:3239} INFO - Sync 1 DAGs
[2026-04-18T03:01:56.132+0000] {logging_mixin.py:190} INFO - [2026-04-18T03:01:56.132+0000] {dag.py:4180} INFO - Setting next_dagrun for raw_from_api_to_s3 to 2026-04-18 00:00:00+00:00, run_after=2026-04-19 00:00:00+00:00
[2026-04-18T03:01:56.272+0000] {processor.py:208} INFO - Processing /opt/airflow/dags/raw_from_api_to_s3.py took 0.220 seconds
[2026-04-18T03:02:26.412+0000] {processor.py:186} INFO - Started process (PID=36889) to work on /opt/airflow/dags/raw_from_api_to_s3.py
[2026-04-18T03:02:26.412+0000] {processor.py:914} INFO - Processing file /opt/airflow/dags/raw_from_api_to_s3.py for tasks to queue
[2026-04-18T03:02:26.415+0000] {logging_mixin.py:190} INFO - [2026-04-18T03:02:26.415+0000] {dagbag.py:588} INFO - Filling up the DagBag from /opt/airflow/dags/raw_from_api_to_s3.py
[2026-04-18T03:02:26.466+0000] {processor.py:925} INFO - DAG(s) 'raw_from_api_to_s3' retrieved from /opt/airflow/dags/raw_from_api_to_s3.py
[2026-04-18T03:02:26.474+0000] {logging_mixin.py:190} INFO - [2026-04-18T03:02:26.474+0000] {dag.py:3239} INFO - Sync 1 DAGs
[2026-04-18T03:02:26.485+0000] {logging_mixin.py:190} INFO - [2026-04-18T03:02:26.484+0000] {dag.py:4180} INFO - Setting next_dagrun for raw_from_api_to_s3 to 2026-04-18 00:00:00+00:00, run_after=2026-04-19 00:00:00+00:00
[2026-04-18T03:02:26.491+0000] {processor.py:208} INFO - Processing /opt/airflow/dags/raw_from_api_to_s3.py took 0.087 seconds
[2026-04-18T03:02:56.789+0000] {processor.py:186} INFO - Started process (PID=36903) to work on /opt/airflow/dags/raw_from_api_to_s3.py
[2026-04-18T03:02:56.791+0000] {processor.py:914} INFO - Processing file /opt/airflow/dags/raw_from_api_to_s3.py for tasks to queue
[2026-04-18T03:02:56.794+0000] {logging_mixin.py:190} INFO - [2026-04-18T03:02:56.794+0000] {dagbag.py:588} INFO - Filling up the DagBag from /opt/airflow/dags/raw_from_api_to_s3.py
[2026-04-18T03:02:56.864+0000] {processor.py:925} INFO - DAG(s) 'raw_from_api_to_s3' retrieved from /opt/airflow/dags/raw_from_api_to_s3.py
[2026-04-18T03:02:56.871+0000] {logging_mixin.py:190} INFO - [2026-04-18T03:02:56.871+0000] {dag.py:3239} INFO - Sync 1 DAGs
[2026-04-18T03:02:56.883+0000] {logging_mixin.py:190} INFO - [2026-04-18T03:02:56.883+0000] {dag.py:4180} INFO - Setting next_dagrun for raw_from_api_to_s3 to 2026-04-18 00:00:00+00:00, run_after=2026-04-19 00:00:00+00:00
[2026-04-18T03:02:56.890+0000] {processor.py:208} INFO - Processing /opt/airflow/dags/raw_from_api_to_s3.py took 0.106 seconds
[2026-04-18T03:03:27.185+0000] {processor.py:186} INFO - Started process (PID=36917) to work on /opt/airflow/dags/raw_from_api_to_s3.py
[2026-04-18T03:03:27.186+0000] {processor.py:914} INFO - Processing file /opt/airflow/dags/raw_from_api_to_s3.py for tasks to queue
[2026-04-18T03:03:27.189+0000] {logging_mixin.py:190} INFO - [2026-04-18T03:03:27.189+0000] {dagbag.py:588} INFO - Filling up the DagBag from /opt/airflow/dags/raw_from_api_to_s3.py
[2026-04-18T03:03:27.240+0000] {processor.py:925} INFO - DAG(s) 'raw_from_api_to_s3' retrieved from /opt/airflow/dags/raw_from_api_to_s3.py
[2026-04-18T03:03:27.248+0000] {logging_mixin.py:190} INFO - [2026-04-18T03:03:27.248+0000] {dag.py:3239} INFO - Sync 1 DAGs
[2026-04-18T03:03:27.259+0000] {logging_mixin.py:190} INFO - [2026-04-18T03:03:27.258+0000] {dag.py:4180} INFO - Setting next_dagrun for raw_from_api_to_s3 to 2026-04-18 00:00:00+00:00, run_after=2026-04-19 00:00:00+00:00
[2026-04-18T03:03:27.265+0000] {processor.py:208} INFO - Processing /opt/airflow/dags/raw_from_api_to_s3.py took 0.087 seconds
[2026-04-18T03:03:57.577+0000] {processor.py:186} INFO - Started process (PID=36931) to work on /opt/airflow/dags/raw_from_api_to_s3.py
[2026-04-18T03:03:57.577+0000] {processor.py:914} INFO - Processing file /opt/airflow/dags/raw_from_api_to_s3.py for tasks to queue
[2026-04-18T03:03:57.578+0000] {logging_mixin.py:190} INFO - [2026-04-18T03:03:57.578+0000] {dagbag.py:588} INFO - Filling up the DagBag from /opt/airflow/dags/raw_from_api_to_s3.py
[2026-04-18T03:03:57.616+0000] {processor.py:925} INFO - DAG(s) 'raw_from_api_to_s3' retrieved from /opt/airflow/dags/raw_from_api_to_s3.py
[2026-04-18T03:03:57.629+0000] {logging_mixin.py:190} INFO - [2026-04-18T03:03:57.628+0000] {dag.py:3239} INFO - Sync 1 DAGs
[2026-04-18T03:03:57.647+0000] {logging_mixin.py:190} INFO - [2026-04-18T03:03:57.647+0000] {dag.py:4180} INFO - Setting next_dagrun for raw_from_api_to_s3 to 2026-04-18 00:00:00+00:00, run_after=2026-04-19 00:00:00+00:00
[2026-04-18T03:03:57.659+0000] {processor.py:208} INFO - Processing /opt/airflow/dags/raw_from_api_to_s3.py took 0.086 seconds
[2026-04-18T03:04:27.937+0000] {processor.py:186} INFO - Started process (PID=36945) to work on /opt/airflow/dags/raw_from_api_to_s3.py
[2026-04-18T03:04:27.938+0000] {processor.py:914} INFO - Processing file /opt/airflow/dags/raw_from_api_to_s3.py for tasks to queue
[2026-04-18T03:04:27.942+0000] {logging_mixin.py:190} INFO - [2026-04-18T03:04:27.942+0000] {dagbag.py:588} INFO - Filling up the DagBag from /opt/airflow/dags/raw_from_api_to_s3.py
[2026-04-18T03:04:27.998+0000] {processor.py:925} INFO - DAG(s) 'raw_from_api_to_s3' retrieved from /opt/airflow/dags/raw_from_api_to_s3.py
[2026-04-18T03:04:28.005+0000] {logging_mixin.py:190} INFO - [2026-04-18T03:04:28.005+0000] {dag.py:3239} INFO - Sync 1 DAGs
[2026-04-18T03:04:28.015+0000] {logging_mixin.py:190} INFO - [2026-04-18T03:04:28.015+0000] {dag.py:4180} INFO - Setting next_dagrun for raw_from_api_to_s3 to 2026-04-18 00:00:00+00:00, run_after=2026-04-19 00:00:00+00:00
[2026-04-18T03:04:28.021+0000] {processor.py:208} INFO - Processing /opt/airflow/dags/raw_from_api_to_s3.py took 0.091 seconds
[2026-04-18T03:04:58.304+0000] {processor.py:186} INFO - Started process (PID=36959) to work on /opt/airflow/dags/raw_from_api_to_s3.py
[2026-04-18T03:04:58.305+0000] {processor.py:914} INFO - Processing file /opt/airflow/dags/raw_from_api_to_s3.py for tasks to queue
[2026-04-18T03:04:58.308+0000] {logging_mixin.py:190} INFO - [2026-04-18T03:04:58.308+0000] {dagbag.py:588} INFO - Filling up the DagBag from /opt/airflow/dags/raw_from_api_to_s3.py
[2026-04-18T03:04:58.362+0000] {processor.py:925} INFO - DAG(s) 'raw_from_api_to_s3' retrieved from /opt/airflow/dags/raw_from_api_to_s3.py
[2026-04-18T03:04:58.371+0000] {logging_mixin.py:190} INFO - [2026-04-18T03:04:58.371+0000] {dag.py:3239} INFO - Sync 1 DAGs
[2026-04-18T03:04:58.382+0000] {logging_mixin.py:190} INFO - [2026-04-18T03:04:58.382+0000] {dag.py:4180} INFO - Setting next_dagrun for raw_from_api_to_s3 to 2026-04-18 00:00:00+00:00, run_after=2026-04-19 00:00:00+00:00
[2026-04-18T03:04:58.389+0000] {processor.py:208} INFO - Processing /opt/airflow/dags/raw_from_api_to_s3.py took 0.093 seconds
[2026-04-18T03:05:28.674+0000] {processor.py:186} INFO - Started process (PID=36973) to work on /opt/airflow/dags/raw_from_api_to_s3.py
[2026-04-18T03:05:28.676+0000] {processor.py:914} INFO - Processing file /opt/airflow/dags/raw_from_api_to_s3.py for tasks to queue
[2026-04-18T03:05:28.678+0000] {logging_mixin.py:190} INFO - [2026-04-18T03:05:28.678+0000] {dagbag.py:588} INFO - Filling up the DagBag from /opt/airflow/dags/raw_from_api_to_s3.py
[2026-04-18T03:05:28.731+0000] {processor.py:925} INFO - DAG(s) 'raw_from_api_to_s3' retrieved from /opt/airflow/dags/raw_from_api_to_s3.py
[2026-04-18T03:05:28.738+0000] {logging_mixin.py:190} INFO - [2026-04-18T03:05:28.738+0000] {dag.py:3239} INFO - Sync 1 DAGs
[2026-04-18T03:05:28.748+0000] {logging_mixin.py:190} INFO - [2026-04-18T03:05:28.748+0000] {dag.py:4180} INFO - Setting next_dagrun for raw_from_api_to_s3 to 2026-04-18 00:00:00+00:00, run_after=2026-04-19 00:00:00+00:00
[2026-04-18T03:05:28.754+0000] {processor.py:208} INFO - Processing /opt/airflow/dags/raw_from_api_to_s3.py took 0.088 seconds
[2026-04-18T03:05:59.038+0000] {processor.py:186} INFO - Started process (PID=36987) to work on /opt/airflow/dags/raw_from_api_to_s3.py
[2026-04-18T03:05:59.039+0000] {processor.py:914} INFO - Processing file /opt/airflow/dags/raw_from_api_to_s3.py for tasks to queue
[2026-04-18T03:05:59.043+0000] {logging_mixin.py:190} INFO - [2026-04-18T03:05:59.042+0000] {dagbag.py:588} INFO - Filling up the DagBag from /opt/airflow/dags/raw_from_api_to_s3.py
[2026-04-18T03:05:59.101+0000] {processor.py:925} INFO - DAG(s) 'raw_from_api_to_s3' retrieved from /opt/airflow/dags/raw_from_api_to_s3.py
[2026-04-18T03:05:59.109+0000] {logging_mixin.py:190} INFO - [2026-04-18T03:05:59.109+0000] {dag.py:3239} INFO - Sync 1 DAGs
[2026-04-18T03:05:59.118+0000] {logging_mixin.py:190} INFO - [2026-04-18T03:05:59.118+0000] {dag.py:4180} INFO - Setting next_dagrun for raw_from_api_to_s3 to 2026-04-18 00:00:00+00:00, run_after=2026-04-19 00:00:00+00:00
[2026-04-18T03:05:59.125+0000] {processor.py:208} INFO - Processing /opt/airflow/dags/raw_from_api_to_s3.py took 0.095 seconds
[2026-04-18T03:06:29.434+0000] {processor.py:186} INFO - Started process (PID=37001) to work on /opt/airflow/dags/raw_from_api_to_s3.py
[2026-04-18T03:06:29.435+0000] {processor.py:914} INFO - Processing file /opt/airflow/dags/raw_from_api_to_s3.py for tasks to queue
[2026-04-18T03:06:29.437+0000] {logging_mixin.py:190} INFO - [2026-04-18T03:06:29.437+0000] {dagbag.py:588} INFO - Filling up the DagBag from /opt/airflow/dags/raw_from_api_to_s3.py
[2026-04-18T03:06:29.487+0000] {processor.py:925} INFO - DAG(s) 'raw_from_api_to_s3' retrieved from /opt/airflow/dags/raw_from_api_to_s3.py
[2026-04-18T03:06:29.494+0000] {logging_mixin.py:190} INFO - [2026-04-18T03:06:29.494+0000] {dag.py:3239} INFO - Sync 1 DAGs
[2026-04-18T03:06:29.503+0000] {logging_mixin.py:190} INFO - [2026-04-18T03:06:29.503+0000] {dag.py:4180} INFO - Setting next_dagrun for raw_from_api_to_s3 to 2026-04-18 00:00:00+00:00, run_after=2026-04-19 00:00:00+00:00
[2026-04-18T03:06:29.510+0000] {processor.py:208} INFO - Processing /opt/airflow/dags/raw_from_api_to_s3.py took 0.082 seconds
[2026-04-18T03:06:59.772+0000] {processor.py:186} INFO - Started process (PID=37015) to work on /opt/airflow/dags/raw_from_api_to_s3.py
[2026-04-18T03:06:59.773+0000] {processor.py:914} INFO - Processing file /opt/airflow/dags/raw_from_api_to_s3.py for tasks to queue
[2026-04-18T03:06:59.777+0000] {logging_mixin.py:190} INFO - [2026-04-18T03:06:59.776+0000] {dagbag.py:588} INFO - Filling up the DagBag from /opt/airflow/dags/raw_from_api_to_s3.py
[2026-04-18T03:06:59.832+0000] {processor.py:925} INFO - DAG(s) 'raw_from_api_to_s3' retrieved from /opt/airflow/dags/raw_from_api_to_s3.py
[2026-04-18T03:06:59.840+0000] {logging_mixin.py:190} INFO - [2026-04-18T03:06:59.840+0000] {dag.py:3239} INFO - Sync 1 DAGs
[2026-04-18T03:06:59.850+0000] {logging_mixin.py:190} INFO - [2026-04-18T03:06:59.850+0000] {dag.py:4180} INFO - Setting next_dagrun for raw_from_api_to_s3 to 2026-04-18 00:00:00+00:00, run_after=2026-04-19 00:00:00+00:00
[2026-04-18T03:06:59.857+0000] {processor.py:208} INFO - Processing /opt/airflow/dags/raw_from_api_to_s3.py took 0.092 seconds
[2026-04-18T03:07:30.184+0000] {processor.py:186} INFO - Started process (PID=37029) to work on /opt/airflow/dags/raw_from_api_to_s3.py
[2026-04-18T03:07:30.185+0000] {processor.py:914} INFO - Processing file /opt/airflow/dags/raw_from_api_to_s3.py for tasks to queue
[2026-04-18T03:07:30.187+0000] {logging_mixin.py:190} INFO - [2026-04-18T03:07:30.187+0000] {dagbag.py:588} INFO - Filling up the DagBag from /opt/airflow/dags/raw_from_api_to_s3.py
[2026-04-18T03:07:30.237+0000] {processor.py:925} INFO - DAG(s) 'raw_from_api_to_s3' retrieved from /opt/airflow/dags/raw_from_api_to_s3.py
[2026-04-18T03:07:30.244+0000] {logging_mixin.py:190} INFO - [2026-04-18T03:07:30.244+0000] {dag.py:3239} INFO - Sync 1 DAGs
[2026-04-18T03:07:30.253+0000] {logging_mixin.py:190} INFO - [2026-04-18T03:07:30.253+0000] {dag.py:4180} INFO - Setting next_dagrun for raw_from_api_to_s3 to 2026-04-18 00:00:00+00:00, run_after=2026-04-19 00:00:00+00:00
[2026-04-18T03:07:30.385+0000] {processor.py:208} INFO - Processing /opt/airflow/dags/raw_from_api_to_s3.py took 0.208 seconds
[2026-04-18T03:08:00.548+0000] {processor.py:186} INFO - Started process (PID=37043) to work on /opt/airflow/dags/raw_from_api_to_s3.py
[2026-04-18T03:08:00.549+0000] {processor.py:914} INFO - Processing file /opt/airflow/dags/raw_from_api_to_s3.py for tasks to queue
[2026-04-18T03:08:00.553+0000] {logging_mixin.py:190} INFO - [2026-04-18T03:08:00.552+0000] {dagbag.py:588} INFO - Filling up the DagBag from /opt/airflow/dags/raw_from_api_to_s3.py
[2026-04-18T03:08:00.618+0000] {processor.py:925} INFO - DAG(s) 'raw_from_api_to_s3' retrieved from /opt/airflow/dags/raw_from_api_to_s3.py
[2026-04-18T03:08:00.626+0000] {logging_mixin.py:190} INFO - [2026-04-18T03:08:00.626+0000] {dag.py:3239} INFO - Sync 1 DAGs
[2026-04-18T03:08:00.638+0000] {logging_mixin.py:190} INFO - [2026-04-18T03:08:00.637+0000] {dag.py:4180} INFO - Setting next_dagrun for raw_from_api_to_s3 to 2026-04-18 00:00:00+00:00, run_after=2026-04-19 00:00:00+00:00
[2026-04-18T03:08:00.644+0000] {processor.py:208} INFO - Processing /opt/airflow/dags/raw_from_api_to_s3.py took 0.105 seconds
[2026-04-18T03:08:30.980+0000] {processor.py:186} INFO - Started process (PID=37057) to work on /opt/airflow/dags/raw_from_api_to_s3.py
[2026-04-18T03:08:30.981+0000] {processor.py:914} INFO - Processing file /opt/airflow/dags/raw_from_api_to_s3.py for tasks to queue
[2026-04-18T03:08:30.984+0000] {logging_mixin.py:190} INFO - [2026-04-18T03:08:30.983+0000] {dagbag.py:588} INFO - Filling up the DagBag from /opt/airflow/dags/raw_from_api_to_s3.py
[2026-04-18T03:08:31.037+0000] {processor.py:925} INFO - DAG(s) 'raw_from_api_to_s3' retrieved from /opt/airflow/dags/raw_from_api_to_s3.py
[2026-04-18T03:08:31.045+0000] {logging_mixin.py:190} INFO - [2026-04-18T03:08:31.045+0000] {dag.py:3239} INFO - Sync 1 DAGs
[2026-04-18T03:08:31.056+0000] {logging_mixin.py:190} INFO - [2026-04-18T03:08:31.056+0000] {dag.py:4180} INFO - Setting next_dagrun for raw_from_api_to_s3 to 2026-04-18 00:00:00+00:00, run_after=2026-04-19 00:00:00+00:00
[2026-04-18T03:08:31.062+0000] {processor.py:208} INFO - Processing /opt/airflow/dags/raw_from_api_to_s3.py took 0.091 seconds
[2026-04-18T03:09:01.358+0000] {processor.py:186} INFO - Started process (PID=37071) to work on /opt/airflow/dags/raw_from_api_to_s3.py
[2026-04-18T03:09:01.359+0000] {processor.py:914} INFO - Processing file /opt/airflow/dags/raw_from_api_to_s3.py for tasks to queue
[2026-04-18T03:09:01.363+0000] {logging_mixin.py:190} INFO - [2026-04-18T03:09:01.362+0000] {dagbag.py:588} INFO - Filling up the DagBag from /opt/airflow/dags/raw_from_api_to_s3.py
[2026-04-18T03:09:01.417+0000] {processor.py:925} INFO - DAG(s) 'raw_from_api_to_s3' retrieved from /opt/airflow/dags/raw_from_api_to_s3.py
[2026-04-18T03:09:01.424+0000] {logging_mixin.py:190} INFO - [2026-04-18T03:09:01.424+0000] {dag.py:3239} INFO - Sync 1 DAGs
[2026-04-18T03:09:01.433+0000] {logging_mixin.py:190} INFO - [2026-04-18T03:09:01.433+0000] {dag.py:4180} INFO - Setting next_dagrun for raw_from_api_to_s3 to 2026-04-18 00:00:00+00:00, run_after=2026-04-19 00:00:00+00:00
[2026-04-18T03:09:01.440+0000] {processor.py:208} INFO - Processing /opt/airflow/dags/raw_from_api_to_s3.py took 0.090 seconds
[2026-04-18T03:09:31.665+0000] {processor.py:186} INFO - Started process (PID=37085) to work on /opt/airflow/dags/raw_from_api_to_s3.py
[2026-04-18T03:09:31.666+0000] {processor.py:914} INFO - Processing file /opt/airflow/dags/raw_from_api_to_s3.py for tasks to queue
[2026-04-18T03:09:31.670+0000] {logging_mixin.py:190} INFO - [2026-04-18T03:09:31.669+0000] {dagbag.py:588} INFO - Filling up the DagBag from /opt/airflow/dags/raw_from_api_to_s3.py
[2026-04-18T03:09:31.733+0000] {processor.py:925} INFO - DAG(s) 'raw_from_api_to_s3' retrieved from /opt/airflow/dags/raw_from_api_to_s3.py
[2026-04-18T03:09:31.743+0000] {logging_mixin.py:190} INFO - [2026-04-18T03:09:31.743+0000] {dag.py:3239} INFO - Sync 1 DAGs
[2026-04-18T03:09:31.754+0000] {logging_mixin.py:190} INFO - [2026-04-18T03:09:31.754+0000] {dag.py:4180} INFO - Setting next_dagrun for raw_from_api_to_s3 to 2026-04-18 00:00:00+00:00, run_after=2026-04-19 00:00:00+00:00
[2026-04-18T03:09:31.763+0000] {processor.py:208} INFO - Processing /opt/airflow/dags/raw_from_api_to_s3.py took 0.106 seconds
[2026-04-18T03:10:02.007+0000] {processor.py:186} INFO - Started process (PID=37099) to work on /opt/airflow/dags/raw_from_api_to_s3.py
[2026-04-18T03:10:02.008+0000] {processor.py:914} INFO - Processing file /opt/airflow/dags/raw_from_api_to_s3.py for tasks to queue
[2026-04-18T03:10:02.012+0000] {logging_mixin.py:190} INFO - [2026-04-18T03:10:02.011+0000] {dagbag.py:588} INFO - Filling up the DagBag from /opt/airflow/dags/raw_from_api_to_s3.py
[2026-04-18T03:10:02.070+0000] {processor.py:925} INFO - DAG(s) 'raw_from_api_to_s3' retrieved from /opt/airflow/dags/raw_from_api_to_s3.py
[2026-04-18T03:10:02.079+0000] {logging_mixin.py:190} INFO - [2026-04-18T03:10:02.079+0000] {dag.py:3239} INFO - Sync 1 DAGs
[2026-04-18T03:10:02.090+0000] {logging_mixin.py:190} INFO - [2026-04-18T03:10:02.090+0000] {dag.py:4180} INFO - Setting next_dagrun for raw_from_api_to_s3 to 2026-04-18 00:00:00+00:00, run_after=2026-04-19 00:00:00+00:00
[2026-04-18T03:10:02.097+0000] {processor.py:208} INFO - Processing /opt/airflow/dags/raw_from_api_to_s3.py took 0.099 seconds
[2026-04-18T03:10:32.395+0000] {processor.py:186} INFO - Started process (PID=37113) to work on /opt/airflow/dags/raw_from_api_to_s3.py
[2026-04-18T03:10:32.396+0000] {processor.py:914} INFO - Processing file /opt/airflow/dags/raw_from_api_to_s3.py for tasks to queue
[2026-04-18T03:10:32.398+0000] {logging_mixin.py:190} INFO - [2026-04-18T03:10:32.398+0000] {dagbag.py:588} INFO - Filling up the DagBag from /opt/airflow/dags/raw_from_api_to_s3.py
[2026-04-18T03:10:32.446+0000] {processor.py:925} INFO - DAG(s) 'raw_from_api_to_s3' retrieved from /opt/airflow/dags/raw_from_api_to_s3.py
[2026-04-18T03:10:32.453+0000] {logging_mixin.py:190} INFO - [2026-04-18T03:10:32.453+0000] {dag.py:3239} INFO - Sync 1 DAGs
[2026-04-18T03:10:32.463+0000] {logging_mixin.py:190} INFO - [2026-04-18T03:10:32.463+0000] {dag.py:4180} INFO - Setting next_dagrun for raw_from_api_to_s3 to 2026-04-18 00:00:00+00:00, run_after=2026-04-19 00:00:00+00:00
[2026-04-18T03:10:32.587+0000] {processor.py:208} INFO - Processing /opt/airflow/dags/raw_from_api_to_s3.py took 0.198 seconds
[2026-04-18T03:11:02.761+0000] {processor.py:186} INFO - Started process (PID=37126) to work on /opt/airflow/dags/raw_from_api_to_s3.py
[2026-04-18T03:11:02.762+0000] {processor.py:914} INFO - Processing file /opt/airflow/dags/raw_from_api_to_s3.py for tasks to queue
[2026-04-18T03:11:02.765+0000] {logging_mixin.py:190} INFO - [2026-04-18T03:11:02.765+0000] {dagbag.py:588} INFO - Filling up the DagBag from /opt/airflow/dags/raw_from_api_to_s3.py
[2026-04-18T03:11:02.820+0000] {processor.py:925} INFO - DAG(s) 'raw_from_api_to_s3' retrieved from /opt/airflow/dags/raw_from_api_to_s3.py
[2026-04-18T03:11:02.827+0000] {logging_mixin.py:190} INFO - [2026-04-18T03:11:02.827+0000] {dag.py:3239} INFO - Sync 1 DAGs
[2026-04-18T03:11:02.837+0000] {logging_mixin.py:190} INFO - [2026-04-18T03:11:02.837+0000] {dag.py:4180} INFO - Setting next_dagrun for raw_from_api_to_s3 to 2026-04-18 00:00:00+00:00, run_after=2026-04-19 00:00:00+00:00
[2026-04-18T03:11:02.844+0000] {processor.py:208} INFO - Processing /opt/airflow/dags/raw_from_api_to_s3.py took 0.090 seconds
[2026-04-18T03:11:33.051+0000] {processor.py:186} INFO - Started process (PID=37140) to work on /opt/airflow/dags/raw_from_api_to_s3.py
[2026-04-18T03:11:33.052+0000] {processor.py:914} INFO - Processing file /opt/airflow/dags/raw_from_api_to_s3.py for tasks to queue
[2026-04-18T03:11:33.055+0000] {logging_mixin.py:190} INFO - [2026-04-18T03:11:33.055+0000] {dagbag.py:588} INFO - Filling up the DagBag from /opt/airflow/dags/raw_from_api_to_s3.py
[2026-04-18T03:11:33.110+0000] {processor.py:925} INFO - DAG(s) 'raw_from_api_to_s3' retrieved from /opt/airflow/dags/raw_from_api_to_s3.py
[2026-04-18T03:11:33.119+0000] {logging_mixin.py:190} INFO - [2026-04-18T03:11:33.119+0000] {dag.py:3239} INFO - Sync 1 DAGs
[2026-04-18T03:11:33.130+0000] {logging_mixin.py:190} INFO - [2026-04-18T03:11:33.130+0000] {dag.py:4180} INFO - Setting next_dagrun for raw_from_api_to_s3 to 2026-04-18 00:00:00+00:00, run_after=2026-04-19 00:00:00+00:00
[2026-04-18T03:11:33.138+0000] {processor.py:208} INFO - Processing /opt/airflow/dags/raw_from_api_to_s3.py took 0.096 seconds
[2026-04-18T03:12:03.495+0000] {processor.py:186} INFO - Started process (PID=37154) to work on /opt/airflow/dags/raw_from_api_to_s3.py
[2026-04-18T03:12:03.496+0000] {processor.py:914} INFO - Processing file /opt/airflow/dags/raw_from_api_to_s3.py for tasks to queue
[2026-04-18T03:12:03.499+0000] {logging_mixin.py:190} INFO - [2026-04-18T03:12:03.498+0000] {dagbag.py:588} INFO - Filling up the DagBag from /opt/airflow/dags/raw_from_api_to_s3.py
[2026-04-18T03:12:03.551+0000] {processor.py:925} INFO - DAG(s) 'raw_from_api_to_s3' retrieved from /opt/airflow/dags/raw_from_api_to_s3.py
[2026-04-18T03:12:03.558+0000] {logging_mixin.py:190} INFO - [2026-04-18T03:12:03.558+0000] {dag.py:3239} INFO - Sync 1 DAGs
[2026-04-18T03:12:03.567+0000] {logging_mixin.py:190} INFO - [2026-04-18T03:12:03.567+0000] {dag.py:4180} INFO - Setting next_dagrun for raw_from_api_to_s3 to 2026-04-18 00:00:00+00:00, run_after=2026-04-19 00:00:00+00:00
[2026-04-18T03:12:03.573+0000] {processor.py:208} INFO - Processing /opt/airflow/dags/raw_from_api_to_s3.py took 0.085 seconds
[2026-04-18T03:12:33.865+0000] {processor.py:186} INFO - Started process (PID=37168) to work on /opt/airflow/dags/raw_from_api_to_s3.py
[2026-04-18T03:12:33.865+0000] {processor.py:914} INFO - Processing file /opt/airflow/dags/raw_from_api_to_s3.py for tasks to queue
[2026-04-18T03:12:33.867+0000] {logging_mixin.py:190} INFO - [2026-04-18T03:12:33.867+0000] {dagbag.py:588} INFO - Filling up the DagBag from /opt/airflow/dags/raw_from_api_to_s3.py
[2026-04-18T03:12:33.908+0000] {processor.py:925} INFO - DAG(s) 'raw_from_api_to_s3' retrieved from /opt/airflow/dags/raw_from_api_to_s3.py
[2026-04-18T03:12:33.915+0000] {logging_mixin.py:190} INFO - [2026-04-18T03:12:33.915+0000] {dag.py:3239} INFO - Sync 1 DAGs
[2026-04-18T03:12:33.924+0000] {logging_mixin.py:190} INFO - [2026-04-18T03:12:33.924+0000] {dag.py:4180} INFO - Setting next_dagrun for raw_from_api_to_s3 to 2026-04-18 00:00:00+00:00, run_after=2026-04-19 00:00:00+00:00
[2026-04-18T03:12:33.930+0000] {processor.py:208} INFO - Processing /opt/airflow/dags/raw_from_api_to_s3.py took 0.071 seconds
[2026-04-18T03:13:04.227+0000] {processor.py:186} INFO - Started process (PID=37182) to work on /opt/airflow/dags/raw_from_api_to_s3.py
[2026-04-18T03:13:04.228+0000] {processor.py:914} INFO - Processing file /opt/airflow/dags/raw_from_api_to_s3.py for tasks to queue
[2026-04-18T03:13:04.231+0000] {logging_mixin.py:190} INFO - [2026-04-18T03:13:04.230+0000] {dagbag.py:588} INFO - Filling up the DagBag from /opt/airflow/dags/raw_from_api_to_s3.py
[2026-04-18T03:13:04.286+0000] {processor.py:925} INFO - DAG(s) 'raw_from_api_to_s3' retrieved from /opt/airflow/dags/raw_from_api_to_s3.py
[2026-04-18T03:13:04.293+0000] {logging_mixin.py:190} INFO - [2026-04-18T03:13:04.293+0000] {dag.py:3239} INFO - Sync 1 DAGs
[2026-04-18T03:13:04.302+0000] {logging_mixin.py:190} INFO - [2026-04-18T03:13:04.302+0000] {dag.py:4180} INFO - Setting next_dagrun for raw_from_api_to_s3 to 2026-04-18 00:00:00+00:00, run_after=2026-04-19 00:00:00+00:00
[2026-04-18T03:13:04.439+0000] {processor.py:208} INFO - Processing /opt/airflow/dags/raw_from_api_to_s3.py took 0.219 seconds
[2026-04-18T03:13:34.527+0000] {processor.py:186} INFO - Started process (PID=37196) to work on /opt/airflow/dags/raw_from_api_to_s3.py
[2026-04-18T03:13:34.528+0000] {processor.py:914} INFO - Processing file /opt/airflow/dags/raw_from_api_to_s3.py for tasks to queue
[2026-04-18T03:13:34.531+0000] {logging_mixin.py:190} INFO - [2026-04-18T03:13:34.531+0000] {dagbag.py:588} INFO - Filling up the DagBag from /opt/airflow/dags/raw_from_api_to_s3.py
[2026-04-18T03:13:34.591+0000] {processor.py:925} INFO - DAG(s) 'raw_from_api_to_s3' retrieved from /opt/airflow/dags/raw_from_api_to_s3.py
[2026-04-18T03:13:34.602+0000] {logging_mixin.py:190} INFO - [2026-04-18T03:13:34.602+0000] {dag.py:3239} INFO - Sync 1 DAGs
[2026-04-18T03:13:34.614+0000] {logging_mixin.py:190} INFO - [2026-04-18T03:13:34.614+0000] {dag.py:4180} INFO - Setting next_dagrun for raw_from_api_to_s3 to 2026-04-18 00:00:00+00:00, run_after=2026-04-19 00:00:00+00:00
[2026-04-18T03:13:34.621+0000] {processor.py:208} INFO - Processing /opt/airflow/dags/raw_from_api_to_s3.py took 0.102 seconds
[2026-04-18T03:14:04.796+0000] {processor.py:186} INFO - Started process (PID=37210) to work on /opt/airflow/dags/raw_from_api_to_s3.py
[2026-04-18T03:14:04.797+0000] {processor.py:914} INFO - Processing file /opt/airflow/dags/raw_from_api_to_s3.py for tasks to queue
[2026-04-18T03:14:04.800+0000] {logging_mixin.py:190} INFO - [2026-04-18T03:14:04.799+0000] {dagbag.py:588} INFO - Filling up the DagBag from /opt/airflow/dags/raw_from_api_to_s3.py
[2026-04-18T03:14:04.848+0000] {processor.py:925} INFO - DAG(s) 'raw_from_api_to_s3' retrieved from /opt/airflow/dags/raw_from_api_to_s3.py
[2026-04-18T03:14:04.857+0000] {logging_mixin.py:190} INFO - [2026-04-18T03:14:04.857+0000] {dag.py:3239} INFO - Sync 1 DAGs
[2026-04-18T03:14:04.866+0000] {logging_mixin.py:190} INFO - [2026-04-18T03:14:04.866+0000] {dag.py:4180} INFO - Setting next_dagrun for raw_from_api_to_s3 to 2026-04-18 00:00:00+00:00, run_after=2026-04-19 00:00:00+00:00
[2026-04-18T03:14:04.873+0000] {processor.py:208} INFO - Processing /opt/airflow/dags/raw_from_api_to_s3.py took 0.084 seconds
[2026-04-18T03:14:35.171+0000] {processor.py:186} INFO - Started process (PID=37224) to work on /opt/airflow/dags/raw_from_api_to_s3.py
[2026-04-18T03:14:35.172+0000] {processor.py:914} INFO - Processing file /opt/airflow/dags/raw_from_api_to_s3.py for tasks to queue
[2026-04-18T03:14:35.176+0000] {logging_mixin.py:190} INFO - [2026-04-18T03:14:35.175+0000] {dagbag.py:588} INFO - Filling up the DagBag from /opt/airflow/dags/raw_from_api_to_s3.py
[2026-04-18T03:14:35.229+0000] {processor.py:925} INFO - DAG(s) 'raw_from_api_to_s3' retrieved from /opt/airflow/dags/raw_from_api_to_s3.py
[2026-04-18T03:14:35.236+0000] {logging_mixin.py:190} INFO - [2026-04-18T03:14:35.236+0000] {dag.py:3239} INFO - Sync 1 DAGs
[2026-04-18T03:14:35.245+0000] {logging_mixin.py:190} INFO - [2026-04-18T03:14:35.245+0000] {dag.py:4180} INFO - Setting next_dagrun for raw_from_api_to_s3 to 2026-04-18 00:00:00+00:00, run_after=2026-04-19 00:00:00+00:00
[2026-04-18T03:14:35.251+0000] {processor.py:208} INFO - Processing /opt/airflow/dags/raw_from_api_to_s3.py took 0.089 seconds
[2026-04-18T03:15:05.510+0000] {processor.py:186} INFO - Started process (PID=37238) to work on /opt/airflow/dags/raw_from_api_to_s3.py
[2026-04-18T03:15:05.511+0000] {processor.py:914} INFO - Processing file /opt/airflow/dags/raw_from_api_to_s3.py for tasks to queue
[2026-04-18T03:15:05.514+0000] {logging_mixin.py:190} INFO - [2026-04-18T03:15:05.514+0000] {dagbag.py:588} INFO - Filling up the DagBag from /opt/airflow/dags/raw_from_api_to_s3.py
[2026-04-18T03:15:05.573+0000] {processor.py:925} INFO - DAG(s) 'raw_from_api_to_s3' retrieved from /opt/airflow/dags/raw_from_api_to_s3.py
[2026-04-18T03:15:05.581+0000] {logging_mixin.py:190} INFO - [2026-04-18T03:15:05.581+0000] {dag.py:3239} INFO - Sync 1 DAGs
[2026-04-18T03:15:05.592+0000] {logging_mixin.py:190} INFO - [2026-04-18T03:15:05.592+0000] {dag.py:4180} INFO - Setting next_dagrun for raw_from_api_to_s3 to 2026-04-18 00:00:00+00:00, run_after=2026-04-19 00:00:00+00:00
[2026-04-18T03:15:05.599+0000] {processor.py:208} INFO - Processing /opt/airflow/dags/raw_from_api_to_s3.py took 0.098 seconds
[2026-04-18T03:15:35.829+0000] {processor.py:186} INFO - Started process (PID=37252) to work on /opt/airflow/dags/raw_from_api_to_s3.py
[2026-04-18T03:15:35.830+0000] {processor.py:914} INFO - Processing file /opt/airflow/dags/raw_from_api_to_s3.py for tasks to queue
[2026-04-18T03:15:35.833+0000] {logging_mixin.py:190} INFO - [2026-04-18T03:15:35.833+0000] {dagbag.py:588} INFO - Filling up the DagBag from /opt/airflow/dags/raw_from_api_to_s3.py
[2026-04-18T03:15:35.884+0000] {processor.py:925} INFO - DAG(s) 'raw_from_api_to_s3' retrieved from /opt/airflow/dags/raw_from_api_to_s3.py
[2026-04-18T03:15:35.891+0000] {logging_mixin.py:190} INFO - [2026-04-18T03:15:35.891+0000] {dag.py:3239} INFO - Sync 1 DAGs
[2026-04-18T03:15:35.900+0000] {logging_mixin.py:190} INFO - [2026-04-18T03:15:35.900+0000] {dag.py:4180} INFO - Setting next_dagrun for raw_from_api_to_s3 to 2026-04-18 00:00:00+00:00, run_after=2026-04-19 00:00:00+00:00
[2026-04-18T03:15:35.907+0000] {processor.py:208} INFO - Processing /opt/airflow/dags/raw_from_api_to_s3.py took 0.086 seconds
[2026-04-18T03:16:06.222+0000] {processor.py:186} INFO - Started process (PID=37266) to work on /opt/airflow/dags/raw_from_api_to_s3.py
[2026-04-18T03:16:06.223+0000] {processor.py:914} INFO - Processing file /opt/airflow/dags/raw_from_api_to_s3.py for tasks to queue
[2026-04-18T03:16:06.226+0000] {logging_mixin.py:190} INFO - [2026-04-18T03:16:06.226+0000] {dagbag.py:588} INFO - Filling up the DagBag from /opt/airflow/dags/raw_from_api_to_s3.py
[2026-04-18T03:16:06.282+0000] {processor.py:925} INFO - DAG(s) 'raw_from_api_to_s3' retrieved from /opt/airflow/dags/raw_from_api_to_s3.py
[2026-04-18T03:16:06.289+0000] {logging_mixin.py:190} INFO - [2026-04-18T03:16:06.289+0000] {dag.py:3239} INFO - Sync 1 DAGs
[2026-04-18T03:16:06.299+0000] {logging_mixin.py:190} INFO - [2026-04-18T03:16:06.299+0000] {dag.py:4180} INFO - Setting next_dagrun for raw_from_api_to_s3 to 2026-04-18 00:00:00+00:00, run_after=2026-04-19 00:00:00+00:00
[2026-04-18T03:16:06.429+0000] {processor.py:208} INFO - Processing /opt/airflow/dags/raw_from_api_to_s3.py took 0.214 seconds
[2026-04-18T03:16:36.593+0000] {processor.py:186} INFO - Started process (PID=37280) to work on /opt/airflow/dags/raw_from_api_to_s3.py
[2026-04-18T03:16:36.594+0000] {processor.py:914} INFO - Processing file /opt/airflow/dags/raw_from_api_to_s3.py for tasks to queue
[2026-04-18T03:16:36.598+0000] {logging_mixin.py:190} INFO - [2026-04-18T03:16:36.598+0000] {dagbag.py:588} INFO - Filling up the DagBag from /opt/airflow/dags/raw_from_api_to_s3.py
[2026-04-18T03:16:36.668+0000] {processor.py:925} INFO - DAG(s) 'raw_from_api_to_s3' retrieved from /opt/airflow/dags/raw_from_api_to_s3.py
[2026-04-18T03:16:36.680+0000] {logging_mixin.py:190} INFO - [2026-04-18T03:16:36.680+0000] {dag.py:3239} INFO - Sync 1 DAGs
[2026-04-18T03:16:36.691+0000] {logging_mixin.py:190} INFO - [2026-04-18T03:16:36.691+0000] {dag.py:4180} INFO - Setting next_dagrun for raw_from_api_to_s3 to 2026-04-18 00:00:00+00:00, run_after=2026-04-19 00:00:00+00:00
[2026-04-18T03:16:36.699+0000] {processor.py:208} INFO - Processing /opt/airflow/dags/raw_from_api_to_s3.py took 0.115 seconds
[2026-04-18T03:17:06.941+0000] {processor.py:186} INFO - Started process (PID=37294) to work on /opt/airflow/dags/raw_from_api_to_s3.py
[2026-04-18T03:17:06.942+0000] {processor.py:914} INFO - Processing file /opt/airflow/dags/raw_from_api_to_s3.py for tasks to queue
[2026-04-18T03:17:06.945+0000] {logging_mixin.py:190} INFO - [2026-04-18T03:17:06.945+0000] {dagbag.py:588} INFO - Filling up the DagBag from /opt/airflow/dags/raw_from_api_to_s3.py
[2026-04-18T03:17:06.996+0000] {processor.py:925} INFO - DAG(s) 'raw_from_api_to_s3' retrieved from /opt/airflow/dags/raw_from_api_to_s3.py
[2026-04-18T03:17:07.003+0000] {logging_mixin.py:190} INFO - [2026-04-18T03:17:07.003+0000] {dag.py:3239} INFO - Sync 1 DAGs
[2026-04-18T03:17:07.012+0000] {logging_mixin.py:190} INFO - [2026-04-18T03:17:07.012+0000] {dag.py:4180} INFO - Setting next_dagrun for raw_from_api_to_s3 to 2026-04-18 00:00:00+00:00, run_after=2026-04-19 00:00:00+00:00
[2026-04-18T03:17:07.018+0000] {processor.py:208} INFO - Processing /opt/airflow/dags/raw_from_api_to_s3.py took 0.085 seconds
[2026-04-18T03:17:37.333+0000] {processor.py:186} INFO - Started process (PID=37308) to work on /opt/airflow/dags/raw_from_api_to_s3.py
[2026-04-18T03:17:37.334+0000] {processor.py:914} INFO - Processing file /opt/airflow/dags/raw_from_api_to_s3.py for tasks to queue
[2026-04-18T03:17:37.337+0000] {logging_mixin.py:190} INFO - [2026-04-18T03:17:37.336+0000] {dagbag.py:588} INFO - Filling up the DagBag from /opt/airflow/dags/raw_from_api_to_s3.py
[2026-04-18T03:17:37.392+0000] {processor.py:925} INFO - DAG(s) 'raw_from_api_to_s3' retrieved from /opt/airflow/dags/raw_from_api_to_s3.py
[2026-04-18T03:17:37.399+0000] {logging_mixin.py:190} INFO - [2026-04-18T03:17:37.399+0000] {dag.py:3239} INFO - Sync 1 DAGs
[2026-04-18T03:17:37.408+0000] {logging_mixin.py:190} INFO - [2026-04-18T03:17:37.408+0000] {dag.py:4180} INFO - Setting next_dagrun for raw_from_api_to_s3 to 2026-04-18 00:00:00+00:00, run_after=2026-04-19 00:00:00+00:00
[2026-04-18T03:17:37.414+0000] {processor.py:208} INFO - Processing /opt/airflow/dags/raw_from_api_to_s3.py took 0.088 seconds
[2026-04-18T03:18:07.697+0000] {processor.py:186} INFO - Started process (PID=37322) to work on /opt/airflow/dags/raw_from_api_to_s3.py
[2026-04-18T03:18:07.698+0000] {processor.py:914} INFO - Processing file /opt/airflow/dags/raw_from_api_to_s3.py for tasks to queue
[2026-04-18T03:18:07.702+0000] {logging_mixin.py:190} INFO - [2026-04-18T03:18:07.701+0000] {dagbag.py:588} INFO - Filling up the DagBag from /opt/airflow/dags/raw_from_api_to_s3.py
[2026-04-18T03:18:07.761+0000] {processor.py:925} INFO - DAG(s) 'raw_from_api_to_s3' retrieved from /opt/airflow/dags/raw_from_api_to_s3.py
[2026-04-18T03:18:07.769+0000] {logging_mixin.py:190} INFO - [2026-04-18T03:18:07.769+0000] {dag.py:3239} INFO - Sync 1 DAGs
[2026-04-18T03:18:07.780+0000] {logging_mixin.py:190} INFO - [2026-04-18T03:18:07.780+0000] {dag.py:4180} INFO - Setting next_dagrun for raw_from_api_to_s3 to 2026-04-18 00:00:00+00:00, run_after=2026-04-19 00:00:00+00:00
[2026-04-18T03:18:07.789+0000] {processor.py:208} INFO - Processing /opt/airflow/dags/raw_from_api_to_s3.py took 0.106 seconds
[2026-04-18T03:18:37.983+0000] {processor.py:186} INFO - Started process (PID=37336) to work on /opt/airflow/dags/raw_from_api_to_s3.py
[2026-04-18T03:18:37.984+0000] {processor.py:914} INFO - Processing file /opt/airflow/dags/raw_from_api_to_s3.py for tasks to queue
[2026-04-18T03:18:37.987+0000] {logging_mixin.py:190} INFO - [2026-04-18T03:18:37.986+0000] {dagbag.py:588} INFO - Filling up the DagBag from /opt/airflow/dags/raw_from_api_to_s3.py
[2026-04-18T03:18:38.047+0000] {processor.py:925} INFO - DAG(s) 'raw_from_api_to_s3' retrieved from /opt/airflow/dags/raw_from_api_to_s3.py
[2026-04-18T03:18:38.053+0000] {logging_mixin.py:190} INFO - [2026-04-18T03:18:38.053+0000] {dag.py:3239} INFO - Sync 1 DAGs
[2026-04-18T03:18:38.062+0000] {logging_mixin.py:190} INFO - [2026-04-18T03:18:38.062+0000] {dag.py:4180} INFO - Setting next_dagrun for raw_from_api_to_s3 to 2026-04-18 00:00:00+00:00, run_after=2026-04-19 00:00:00+00:00
[2026-04-18T03:18:38.200+0000] {processor.py:208} INFO - Processing /opt/airflow/dags/raw_from_api_to_s3.py took 0.225 seconds
[2026-04-18T03:19:08.410+0000] {processor.py:186} INFO - Started process (PID=37350) to work on /opt/airflow/dags/raw_from_api_to_s3.py
[2026-04-18T03:19:08.411+0000] {processor.py:914} INFO - Processing file /opt/airflow/dags/raw_from_api_to_s3.py for tasks to queue
[2026-04-18T03:19:08.413+0000] {logging_mixin.py:190} INFO - [2026-04-18T03:19:08.413+0000] {dagbag.py:588} INFO - Filling up the DagBag from /opt/airflow/dags/raw_from_api_to_s3.py
[2026-04-18T03:19:08.468+0000] {processor.py:925} INFO - DAG(s) 'raw_from_api_to_s3' retrieved from /opt/airflow/dags/raw_from_api_to_s3.py
[2026-04-18T03:19:08.481+0000] {logging_mixin.py:190} INFO - [2026-04-18T03:19:08.481+0000] {dag.py:3239} INFO - Sync 1 DAGs
[2026-04-18T03:19:08.502+0000] {logging_mixin.py:190} INFO - [2026-04-18T03:19:08.502+0000] {dag.py:4180} INFO - Setting next_dagrun for raw_from_api_to_s3 to 2026-04-18 00:00:00+00:00, run_after=2026-04-19 00:00:00+00:00
[2026-04-18T03:19:08.511+0000] {processor.py:208} INFO - Processing /opt/airflow/dags/raw_from_api_to_s3.py took 0.106 seconds
[2026-04-18T03:19:38.780+0000] {processor.py:186} INFO - Started process (PID=37364) to work on /opt/airflow/dags/raw_from_api_to_s3.py
[2026-04-18T03:19:38.780+0000] {processor.py:914} INFO - Processing file /opt/airflow/dags/raw_from_api_to_s3.py for tasks to queue
[2026-04-18T03:19:38.781+0000] {logging_mixin.py:190} INFO - [2026-04-18T03:19:38.781+0000] {dagbag.py:588} INFO - Filling up the DagBag from /opt/airflow/dags/raw_from_api_to_s3.py
[2026-04-18T03:19:38.826+0000] {processor.py:925} INFO - DAG(s) 'raw_from_api_to_s3' retrieved from /opt/airflow/dags/raw_from_api_to_s3.py
[2026-04-18T03:19:38.834+0000] {logging_mixin.py:190} INFO - [2026-04-18T03:19:38.834+0000] {dag.py:3239} INFO - Sync 1 DAGs
[2026-04-18T03:19:38.846+0000] {logging_mixin.py:190} INFO - [2026-04-18T03:19:38.846+0000] {dag.py:4180} INFO - Setting next_dagrun for raw_from_api_to_s3 to 2026-04-18 00:00:00+00:00, run_after=2026-04-19 00:00:00+00:00
[2026-04-18T03:19:38.853+0000] {processor.py:208} INFO - Processing /opt/airflow/dags/raw_from_api_to_s3.py took 0.077 seconds
[2026-04-18T03:20:09.088+0000] {processor.py:186} INFO - Started process (PID=37378) to work on /opt/airflow/dags/raw_from_api_to_s3.py
[2026-04-18T03:20:09.088+0000] {processor.py:914} INFO - Processing file /opt/airflow/dags/raw_from_api_to_s3.py for tasks to queue
[2026-04-18T03:20:09.091+0000] {logging_mixin.py:190} INFO - [2026-04-18T03:20:09.091+0000] {dagbag.py:588} INFO - Filling up the DagBag from /opt/airflow/dags/raw_from_api_to_s3.py
[2026-04-18T03:20:09.146+0000] {processor.py:925} INFO - DAG(s) 'raw_from_api_to_s3' retrieved from /opt/airflow/dags/raw_from_api_to_s3.py
[2026-04-18T03:20:09.155+0000] {logging_mixin.py:190} INFO - [2026-04-18T03:20:09.155+0000] {dag.py:3239} INFO - Sync 1 DAGs
[2026-04-18T03:20:09.166+0000] {logging_mixin.py:190} INFO - [2026-04-18T03:20:09.166+0000] {dag.py:4180} INFO - Setting next_dagrun for raw_from_api_to_s3 to 2026-04-18 00:00:00+00:00, run_after=2026-04-19 00:00:00+00:00
[2026-04-18T03:20:09.173+0000] {processor.py:208} INFO - Processing /opt/airflow/dags/raw_from_api_to_s3.py took 0.092 seconds
[2026-04-18T03:20:39.525+0000] {processor.py:186} INFO - Started process (PID=37392) to work on /opt/airflow/dags/raw_from_api_to_s3.py
[2026-04-18T03:20:39.526+0000] {processor.py:914} INFO - Processing file /opt/airflow/dags/raw_from_api_to_s3.py for tasks to queue
[2026-04-18T03:20:39.529+0000] {logging_mixin.py:190} INFO - [2026-04-18T03:20:39.529+0000] {dagbag.py:588} INFO - Filling up the DagBag from /opt/airflow/dags/raw_from_api_to_s3.py
[2026-04-18T03:20:39.586+0000] {processor.py:925} INFO - DAG(s) 'raw_from_api_to_s3' retrieved from /opt/airflow/dags/raw_from_api_to_s3.py
[2026-04-18T03:20:39.595+0000] {logging_mixin.py:190} INFO - [2026-04-18T03:20:39.595+0000] {dag.py:3239} INFO - Sync 1 DAGs
[2026-04-18T03:20:39.605+0000] {logging_mixin.py:190} INFO - [2026-04-18T03:20:39.605+0000] {dag.py:4180} INFO - Setting next_dagrun for raw_from_api_to_s3 to 2026-04-18 00:00:00+00:00, run_after=2026-04-19 00:00:00+00:00
[2026-04-18T03:20:39.612+0000] {processor.py:208} INFO - Processing /opt/airflow/dags/raw_from_api_to_s3.py took 0.096 seconds
[2026-04-18T03:21:09.892+0000] {processor.py:186} INFO - Started process (PID=37406) to work on /opt/airflow/dags/raw_from_api_to_s3.py
[2026-04-18T03:21:09.893+0000] {processor.py:914} INFO - Processing file /opt/airflow/dags/raw_from_api_to_s3.py for tasks to queue
[2026-04-18T03:21:09.896+0000] {logging_mixin.py:190} INFO - [2026-04-18T03:21:09.895+0000] {dagbag.py:588} INFO - Filling up the DagBag from /opt/airflow/dags/raw_from_api_to_s3.py
[2026-04-18T03:21:09.956+0000] {processor.py:925} INFO - DAG(s) 'raw_from_api_to_s3' retrieved from /opt/airflow/dags/raw_from_api_to_s3.py
[2026-04-18T03:21:09.964+0000] {logging_mixin.py:190} INFO - [2026-04-18T03:21:09.963+0000] {dag.py:3239} INFO - Sync 1 DAGs
[2026-04-18T03:21:09.974+0000] {logging_mixin.py:190} INFO - [2026-04-18T03:21:09.974+0000] {dag.py:4180} INFO - Setting next_dagrun for raw_from_api_to_s3 to 2026-04-18 00:00:00+00:00, run_after=2026-04-19 00:00:00+00:00
[2026-04-18T03:21:09.981+0000] {processor.py:208} INFO - Processing /opt/airflow/dags/raw_from_api_to_s3.py took 0.097 seconds
[2026-04-18T03:21:40.279+0000] {processor.py:186} INFO - Started process (PID=37420) to work on /opt/airflow/dags/raw_from_api_to_s3.py
[2026-04-18T03:21:40.280+0000] {processor.py:914} INFO - Processing file /opt/airflow/dags/raw_from_api_to_s3.py for tasks to queue
[2026-04-18T03:21:40.285+0000] {logging_mixin.py:190} INFO - [2026-04-18T03:21:40.284+0000] {dagbag.py:588} INFO - Filling up the DagBag from /opt/airflow/dags/raw_from_api_to_s3.py
[2026-04-18T03:21:40.364+0000] {processor.py:925} INFO - DAG(s) 'raw_from_api_to_s3' retrieved from /opt/airflow/dags/raw_from_api_to_s3.py
[2026-04-18T03:21:40.373+0000] {logging_mixin.py:190} INFO - [2026-04-18T03:21:40.373+0000] {dag.py:3239} INFO - Sync 1 DAGs
[2026-04-18T03:21:40.385+0000] {logging_mixin.py:190} INFO - [2026-04-18T03:21:40.385+0000] {dag.py:4180} INFO - Setting next_dagrun for raw_from_api_to_s3 to 2026-04-18 00:00:00+00:00, run_after=2026-04-19 00:00:00+00:00
[2026-04-18T03:21:40.529+0000] {processor.py:208} INFO - Processing /opt/airflow/dags/raw_from_api_to_s3.py took 0.259 seconds
[2026-04-18T03:22:10.612+0000] {processor.py:186} INFO - Started process (PID=37434) to work on /opt/airflow/dags/raw_from_api_to_s3.py
[2026-04-18T03:22:10.613+0000] {processor.py:914} INFO - Processing file /opt/airflow/dags/raw_from_api_to_s3.py for tasks to queue
[2026-04-18T03:22:10.616+0000] {logging_mixin.py:190} INFO - [2026-04-18T03:22:10.615+0000] {dagbag.py:588} INFO - Filling up the DagBag from /opt/airflow/dags/raw_from_api_to_s3.py
[2026-04-18T03:22:10.671+0000] {processor.py:925} INFO - DAG(s) 'raw_from_api_to_s3' retrieved from /opt/airflow/dags/raw_from_api_to_s3.py
[2026-04-18T03:22:10.678+0000] {logging_mixin.py:190} INFO - [2026-04-18T03:22:10.678+0000] {dag.py:3239} INFO - Sync 1 DAGs
[2026-04-18T03:22:10.689+0000] {logging_mixin.py:190} INFO - [2026-04-18T03:22:10.689+0000] {dag.py:4180} INFO - Setting next_dagrun for raw_from_api_to_s3 to 2026-04-18 00:00:00+00:00, run_after=2026-04-19 00:00:00+00:00
[2026-04-18T03:22:10.697+0000] {processor.py:208} INFO - Processing /opt/airflow/dags/raw_from_api_to_s3.py took 0.093 seconds
[2026-04-18T03:22:40.960+0000] {processor.py:186} INFO - Started process (PID=37448) to work on /opt/airflow/dags/raw_from_api_to_s3.py
[2026-04-18T03:22:40.961+0000] {processor.py:914} INFO - Processing file /opt/airflow/dags/raw_from_api_to_s3.py for tasks to queue
[2026-04-18T03:22:40.965+0000] {logging_mixin.py:190} INFO - [2026-04-18T03:22:40.964+0000] {dagbag.py:588} INFO - Filling up the DagBag from /opt/airflow/dags/raw_from_api_to_s3.py
[2026-04-18T03:22:41.029+0000] {processor.py:925} INFO - DAG(s) 'raw_from_api_to_s3' retrieved from /opt/airflow/dags/raw_from_api_to_s3.py
[2026-04-18T03:22:41.038+0000] {logging_mixin.py:190} INFO - [2026-04-18T03:22:41.038+0000] {dag.py:3239} INFO - Sync 1 DAGs
[2026-04-18T03:22:41.048+0000] {logging_mixin.py:190} INFO - [2026-04-18T03:22:41.048+0000] {dag.py:4180} INFO - Setting next_dagrun for raw_from_api_to_s3 to 2026-04-18 00:00:00+00:00, run_after=2026-04-19 00:00:00+00:00
[2026-04-18T03:22:41.055+0000] {processor.py:208} INFO - Processing /opt/airflow/dags/raw_from_api_to_s3.py took 0.104 seconds
[2026-04-18T03:23:11.351+0000] {processor.py:186} INFO - Started process (PID=37462) to work on /opt/airflow/dags/raw_from_api_to_s3.py
[2026-04-18T03:23:11.352+0000] {processor.py:914} INFO - Processing file /opt/airflow/dags/raw_from_api_to_s3.py for tasks to queue
[2026-04-18T03:23:11.354+0000] {logging_mixin.py:190} INFO - [2026-04-18T03:23:11.353+0000] {dagbag.py:588} INFO - Filling up the DagBag from /opt/airflow/dags/raw_from_api_to_s3.py
[2026-04-18T03:23:11.404+0000] {processor.py:925} INFO - DAG(s) 'raw_from_api_to_s3' retrieved from /opt/airflow/dags/raw_from_api_to_s3.py
[2026-04-18T03:23:11.411+0000] {logging_mixin.py:190} INFO - [2026-04-18T03:23:11.411+0000] {dag.py:3239} INFO - Sync 1 DAGs
[2026-04-18T03:23:11.421+0000] {logging_mixin.py:190} INFO - [2026-04-18T03:23:11.421+0000] {dag.py:4180} INFO - Setting next_dagrun for raw_from_api_to_s3 to 2026-04-18 00:00:00+00:00, run_after=2026-04-19 00:00:00+00:00
[2026-04-18T03:23:11.429+0000] {processor.py:208} INFO - Processing /opt/airflow/dags/raw_from_api_to_s3.py took 0.082 seconds
[2026-04-18T03:23:41.694+0000] {processor.py:186} INFO - Started process (PID=37476) to work on /opt/airflow/dags/raw_from_api_to_s3.py
[2026-04-18T03:23:41.695+0000] {processor.py:914} INFO - Processing file /opt/airflow/dags/raw_from_api_to_s3.py for tasks to queue
[2026-04-18T03:23:41.698+0000] {logging_mixin.py:190} INFO - [2026-04-18T03:23:41.698+0000] {dagbag.py:588} INFO - Filling up the DagBag from /opt/airflow/dags/raw_from_api_to_s3.py
[2026-04-18T03:23:41.763+0000] {processor.py:925} INFO - DAG(s) 'raw_from_api_to_s3' retrieved from /opt/airflow/dags/raw_from_api_to_s3.py
[2026-04-18T03:23:41.772+0000] {logging_mixin.py:190} INFO - [2026-04-18T03:23:41.772+0000] {dag.py:3239} INFO - Sync 1 DAGs
[2026-04-18T03:23:41.782+0000] {logging_mixin.py:190} INFO - [2026-04-18T03:23:41.782+0000] {dag.py:4180} INFO - Setting next_dagrun for raw_from_api_to_s3 to 2026-04-18 00:00:00+00:00, run_after=2026-04-19 00:00:00+00:00
[2026-04-18T03:23:41.789+0000] {processor.py:208} INFO - Processing /opt/airflow/dags/raw_from_api_to_s3.py took 0.102 seconds
[2026-04-18T03:24:12.040+0000] {processor.py:186} INFO - Started process (PID=37490) to work on /opt/airflow/dags/raw_from_api_to_s3.py
[2026-04-18T03:24:12.041+0000] {processor.py:914} INFO - Processing file /opt/airflow/dags/raw_from_api_to_s3.py for tasks to queue
[2026-04-18T03:24:12.044+0000] {logging_mixin.py:190} INFO - [2026-04-18T03:24:12.044+0000] {dagbag.py:588} INFO - Filling up the DagBag from /opt/airflow/dags/raw_from_api_to_s3.py
[2026-04-18T03:24:12.096+0000] {processor.py:925} INFO - DAG(s) 'raw_from_api_to_s3' retrieved from /opt/airflow/dags/raw_from_api_to_s3.py
[2026-04-18T03:24:12.103+0000] {logging_mixin.py:190} INFO - [2026-04-18T03:24:12.103+0000] {dag.py:3239} INFO - Sync 1 DAGs
[2026-04-18T03:24:12.113+0000] {logging_mixin.py:190} INFO - [2026-04-18T03:24:12.113+0000] {dag.py:4180} INFO - Setting next_dagrun for raw_from_api_to_s3 to 2026-04-18 00:00:00+00:00, run_after=2026-04-19 00:00:00+00:00
[2026-04-18T03:24:12.250+0000] {processor.py:208} INFO - Processing /opt/airflow/dags/raw_from_api_to_s3.py took 0.218 seconds
[2026-04-18T03:24:42.416+0000] {processor.py:186} INFO - Started process (PID=37504) to work on /opt/airflow/dags/raw_from_api_to_s3.py
[2026-04-18T03:24:42.417+0000] {processor.py:914} INFO - Processing file /opt/airflow/dags/raw_from_api_to_s3.py for tasks to queue
[2026-04-18T03:24:42.424+0000] {logging_mixin.py:190} INFO - [2026-04-18T03:24:42.423+0000] {dagbag.py:588} INFO - Filling up the DagBag from /opt/airflow/dags/raw_from_api_to_s3.py
[2026-04-18T03:24:42.487+0000] {processor.py:925} INFO - DAG(s) 'raw_from_api_to_s3' retrieved from /opt/airflow/dags/raw_from_api_to_s3.py
[2026-04-18T03:24:42.495+0000] {logging_mixin.py:190} INFO - [2026-04-18T03:24:42.495+0000] {dag.py:3239} INFO - Sync 1 DAGs
[2026-04-18T03:24:42.578+0000] {logging_mixin.py:190} INFO - [2026-04-18T03:24:42.578+0000] {dag.py:4180} INFO - Setting next_dagrun for raw_from_api_to_s3 to 2026-04-18 00:00:00+00:00, run_after=2026-04-19 00:00:00+00:00
[2026-04-18T03:24:42.585+0000] {processor.py:208} INFO - Processing /opt/airflow/dags/raw_from_api_to_s3.py took 0.178 seconds
[2026-04-18T03:25:12.888+0000] {processor.py:186} INFO - Started process (PID=37518) to work on /opt/airflow/dags/raw_from_api_to_s3.py
[2026-04-18T03:25:12.889+0000] {processor.py:914} INFO - Processing file /opt/airflow/dags/raw_from_api_to_s3.py for tasks to queue
[2026-04-18T03:25:12.892+0000] {logging_mixin.py:190} INFO - [2026-04-18T03:25:12.891+0000] {dagbag.py:588} INFO - Filling up the DagBag from /opt/airflow/dags/raw_from_api_to_s3.py
[2026-04-18T03:25:12.936+0000] {processor.py:925} INFO - DAG(s) 'raw_from_api_to_s3' retrieved from /opt/airflow/dags/raw_from_api_to_s3.py
[2026-04-18T03:25:12.943+0000] {logging_mixin.py:190} INFO - [2026-04-18T03:25:12.943+0000] {dag.py:3239} INFO - Sync 1 DAGs
[2026-04-18T03:25:12.953+0000] {logging_mixin.py:190} INFO - [2026-04-18T03:25:12.953+0000] {dag.py:4180} INFO - Setting next_dagrun for raw_from_api_to_s3 to 2026-04-18 00:00:00+00:00, run_after=2026-04-19 00:00:00+00:00
[2026-04-18T03:25:12.960+0000] {processor.py:208} INFO - Processing /opt/airflow/dags/raw_from_api_to_s3.py took 0.077 seconds
[2026-04-18T03:25:43.200+0000] {processor.py:186} INFO - Started process (PID=37532) to work on /opt/airflow/dags/raw_from_api_to_s3.py
[2026-04-18T03:25:43.201+0000] {processor.py:914} INFO - Processing file /opt/airflow/dags/raw_from_api_to_s3.py for tasks to queue
[2026-04-18T03:25:43.204+0000] {logging_mixin.py:190} INFO - [2026-04-18T03:25:43.204+0000] {dagbag.py:588} INFO - Filling up the DagBag from /opt/airflow/dags/raw_from_api_to_s3.py
[2026-04-18T03:25:43.260+0000] {processor.py:925} INFO - DAG(s) 'raw_from_api_to_s3' retrieved from /opt/airflow/dags/raw_from_api_to_s3.py
[2026-04-18T03:25:43.269+0000] {logging_mixin.py:190} INFO - [2026-04-18T03:25:43.269+0000] {dag.py:3239} INFO - Sync 1 DAGs
[2026-04-18T03:25:43.278+0000] {logging_mixin.py:190} INFO - [2026-04-18T03:25:43.278+0000] {dag.py:4180} INFO - Setting next_dagrun for raw_from_api_to_s3 to 2026-04-18 00:00:00+00:00, run_after=2026-04-19 00:00:00+00:00
[2026-04-18T03:25:43.285+0000] {processor.py:208} INFO - Processing /opt/airflow/dags/raw_from_api_to_s3.py took 0.092 seconds
[2026-04-18T03:26:13.565+0000] {processor.py:186} INFO - Started process (PID=37546) to work on /opt/airflow/dags/raw_from_api_to_s3.py
[2026-04-18T03:26:13.566+0000] {processor.py:914} INFO - Processing file /opt/airflow/dags/raw_from_api_to_s3.py for tasks to queue
[2026-04-18T03:26:13.569+0000] {logging_mixin.py:190} INFO - [2026-04-18T03:26:13.568+0000] {dagbag.py:588} INFO - Filling up the DagBag from /opt/airflow/dags/raw_from_api_to_s3.py
[2026-04-18T03:26:13.615+0000] {processor.py:925} INFO - DAG(s) 'raw_from_api_to_s3' retrieved from /opt/airflow/dags/raw_from_api_to_s3.py
[2026-04-18T03:26:13.622+0000] {logging_mixin.py:190} INFO - [2026-04-18T03:26:13.622+0000] {dag.py:3239} INFO - Sync 1 DAGs
[2026-04-18T03:26:13.632+0000] {logging_mixin.py:190} INFO - [2026-04-18T03:26:13.632+0000] {dag.py:4180} INFO - Setting next_dagrun for raw_from_api_to_s3 to 2026-04-18 00:00:00+00:00, run_after=2026-04-19 00:00:00+00:00
[2026-04-18T03:26:13.639+0000] {processor.py:208} INFO - Processing /opt/airflow/dags/raw_from_api_to_s3.py took 0.080 seconds
[2026-04-18T03:26:43.901+0000] {processor.py:186} INFO - Started process (PID=37560) to work on /opt/airflow/dags/raw_from_api_to_s3.py
[2026-04-18T03:26:43.902+0000] {processor.py:914} INFO - Processing file /opt/airflow/dags/raw_from_api_to_s3.py for tasks to queue
[2026-04-18T03:26:43.907+0000] {logging_mixin.py:190} INFO - [2026-04-18T03:26:43.906+0000] {dagbag.py:588} INFO - Filling up the DagBag from /opt/airflow/dags/raw_from_api_to_s3.py
[2026-04-18T03:26:43.984+0000] {processor.py:925} INFO - DAG(s) 'raw_from_api_to_s3' retrieved from /opt/airflow/dags/raw_from_api_to_s3.py
[2026-04-18T03:26:43.996+0000] {logging_mixin.py:190} INFO - [2026-04-18T03:26:43.996+0000] {dag.py:3239} INFO - Sync 1 DAGs
[2026-04-18T03:26:44.006+0000] {logging_mixin.py:190} INFO - [2026-04-18T03:26:44.006+0000] {dag.py:4180} INFO - Setting next_dagrun for raw_from_api_to_s3 to 2026-04-18 00:00:00+00:00, run_after=2026-04-19 00:00:00+00:00
[2026-04-18T03:26:44.013+0000] {processor.py:208} INFO - Processing /opt/airflow/dags/raw_from_api_to_s3.py took 0.120 seconds
[2026-04-18T03:27:14.309+0000] {processor.py:186} INFO - Started process (PID=37574) to work on /opt/airflow/dags/raw_from_api_to_s3.py
[2026-04-18T03:27:14.310+0000] {processor.py:914} INFO - Processing file /opt/airflow/dags/raw_from_api_to_s3.py for tasks to queue
[2026-04-18T03:27:14.313+0000] {logging_mixin.py:190} INFO - [2026-04-18T03:27:14.312+0000] {dagbag.py:588} INFO - Filling up the DagBag from /opt/airflow/dags/raw_from_api_to_s3.py
[2026-04-18T03:27:14.360+0000] {processor.py:925} INFO - DAG(s) 'raw_from_api_to_s3' retrieved from /opt/airflow/dags/raw_from_api_to_s3.py
[2026-04-18T03:27:14.367+0000] {logging_mixin.py:190} INFO - [2026-04-18T03:27:14.367+0000] {dag.py:3239} INFO - Sync 1 DAGs
[2026-04-18T03:27:14.491+0000] {logging_mixin.py:190} INFO - [2026-04-18T03:27:14.491+0000] {dag.py:4180} INFO - Setting next_dagrun for raw_from_api_to_s3 to 2026-04-18 00:00:00+00:00, run_after=2026-04-19 00:00:00+00:00
[2026-04-18T03:27:14.497+0000] {processor.py:208} INFO - Processing /opt/airflow/dags/raw_from_api_to_s3.py took 0.195 seconds
[2026-04-18T03:27:44.669+0000] {processor.py:186} INFO - Started process (PID=37588) to work on /opt/airflow/dags/raw_from_api_to_s3.py
[2026-04-18T03:27:44.670+0000] {processor.py:914} INFO - Processing file /opt/airflow/dags/raw_from_api_to_s3.py for tasks to queue
[2026-04-18T03:27:44.674+0000] {logging_mixin.py:190} INFO - [2026-04-18T03:27:44.674+0000] {dagbag.py:588} INFO - Filling up the DagBag from /opt/airflow/dags/raw_from_api_to_s3.py
[2026-04-18T03:27:44.738+0000] {processor.py:925} INFO - DAG(s) 'raw_from_api_to_s3' retrieved from /opt/airflow/dags/raw_from_api_to_s3.py
[2026-04-18T03:27:44.747+0000] {logging_mixin.py:190} INFO - [2026-04-18T03:27:44.747+0000] {dag.py:3239} INFO - Sync 1 DAGs
[2026-04-18T03:27:44.757+0000] {logging_mixin.py:190} INFO - [2026-04-18T03:27:44.757+0000] {dag.py:4180} INFO - Setting next_dagrun for raw_from_api_to_s3 to 2026-04-18 00:00:00+00:00, run_after=2026-04-19 00:00:00+00:00
[2026-04-18T03:27:44.765+0000] {processor.py:208} INFO - Processing /opt/airflow/dags/raw_from_api_to_s3.py took 0.105 seconds
[2026-04-18T03:28:14.979+0000] {processor.py:186} INFO - Started process (PID=37602) to work on /opt/airflow/dags/raw_from_api_to_s3.py
[2026-04-18T03:28:14.980+0000] {processor.py:914} INFO - Processing file /opt/airflow/dags/raw_from_api_to_s3.py for tasks to queue
[2026-04-18T03:28:14.983+0000] {logging_mixin.py:190} INFO - [2026-04-18T03:28:14.982+0000] {dagbag.py:588} INFO - Filling up the DagBag from /opt/airflow/dags/raw_from_api_to_s3.py
[2026-04-18T03:28:15.034+0000] {processor.py:925} INFO - DAG(s) 'raw_from_api_to_s3' retrieved from /opt/airflow/dags/raw_from_api_to_s3.py
[2026-04-18T03:28:15.041+0000] {logging_mixin.py:190} INFO - [2026-04-18T03:28:15.041+0000] {dag.py:3239} INFO - Sync 1 DAGs
[2026-04-18T03:28:15.050+0000] {logging_mixin.py:190} INFO - [2026-04-18T03:28:15.050+0000] {dag.py:4180} INFO - Setting next_dagrun for raw_from_api_to_s3 to 2026-04-18 00:00:00+00:00, run_after=2026-04-19 00:00:00+00:00
[2026-04-18T03:28:15.056+0000] {processor.py:208} INFO - Processing /opt/airflow/dags/raw_from_api_to_s3.py took 0.085 seconds
[2026-04-18T03:28:45.359+0000] {processor.py:186} INFO - Started process (PID=37616) to work on /opt/airflow/dags/raw_from_api_to_s3.py
[2026-04-18T03:28:45.360+0000] {processor.py:914} INFO - Processing file /opt/airflow/dags/raw_from_api_to_s3.py for tasks to queue
[2026-04-18T03:28:45.363+0000] {logging_mixin.py:190} INFO - [2026-04-18T03:28:45.363+0000] {dagbag.py:588} INFO - Filling up the DagBag from /opt/airflow/dags/raw_from_api_to_s3.py
[2026-04-18T03:28:45.412+0000] {processor.py:925} INFO - DAG(s) 'raw_from_api_to_s3' retrieved from /opt/airflow/dags/raw_from_api_to_s3.py
[2026-04-18T03:28:45.419+0000] {logging_mixin.py:190} INFO - [2026-04-18T03:28:45.419+0000] {dag.py:3239} INFO - Sync 1 DAGs
[2026-04-18T03:28:45.429+0000] {logging_mixin.py:190} INFO - [2026-04-18T03:28:45.429+0000] {dag.py:4180} INFO - Setting next_dagrun for raw_from_api_to_s3 to 2026-04-18 00:00:00+00:00, run_after=2026-04-19 00:00:00+00:00
[2026-04-18T03:28:45.436+0000] {processor.py:208} INFO - Processing /opt/airflow/dags/raw_from_api_to_s3.py took 0.083 seconds
[2026-04-18T03:29:15.718+0000] {processor.py:186} INFO - Started process (PID=37630) to work on /opt/airflow/dags/raw_from_api_to_s3.py
[2026-04-18T03:29:15.719+0000] {processor.py:914} INFO - Processing file /opt/airflow/dags/raw_from_api_to_s3.py for tasks to queue
[2026-04-18T03:29:15.724+0000] {logging_mixin.py:190} INFO - [2026-04-18T03:29:15.723+0000] {dagbag.py:588} INFO - Filling up the DagBag from /opt/airflow/dags/raw_from_api_to_s3.py
[2026-04-18T03:29:15.784+0000] {processor.py:925} INFO - DAG(s) 'raw_from_api_to_s3' retrieved from /opt/airflow/dags/raw_from_api_to_s3.py
[2026-04-18T03:29:15.793+0000] {logging_mixin.py:190} INFO - [2026-04-18T03:29:15.792+0000] {dag.py:3239} INFO - Sync 1 DAGs
[2026-04-18T03:29:15.802+0000] {logging_mixin.py:190} INFO - [2026-04-18T03:29:15.802+0000] {dag.py:4180} INFO - Setting next_dagrun for raw_from_api_to_s3 to 2026-04-18 00:00:00+00:00, run_after=2026-04-19 00:00:00+00:00
[2026-04-18T03:29:15.809+0000] {processor.py:208} INFO - Processing /opt/airflow/dags/raw_from_api_to_s3.py took 0.100 seconds
[2026-04-18T03:29:46.063+0000] {processor.py:186} INFO - Started process (PID=37644) to work on /opt/airflow/dags/raw_from_api_to_s3.py
[2026-04-18T03:29:46.064+0000] {processor.py:914} INFO - Processing file /opt/airflow/dags/raw_from_api_to_s3.py for tasks to queue
[2026-04-18T03:29:46.067+0000] {logging_mixin.py:190} INFO - [2026-04-18T03:29:46.067+0000] {dagbag.py:588} INFO - Filling up the DagBag from /opt/airflow/dags/raw_from_api_to_s3.py
[2026-04-18T03:29:46.139+0000] {processor.py:925} INFO - DAG(s) 'raw_from_api_to_s3' retrieved from /opt/airflow/dags/raw_from_api_to_s3.py
[2026-04-18T03:29:46.153+0000] {logging_mixin.py:190} INFO - [2026-04-18T03:29:46.153+0000] {dag.py:3239} INFO - Sync 1 DAGs
[2026-04-18T03:29:46.174+0000] {logging_mixin.py:190} INFO - [2026-04-18T03:29:46.174+0000] {dag.py:4180} INFO - Setting next_dagrun for raw_from_api_to_s3 to 2026-04-18 00:00:00+00:00, run_after=2026-04-19 00:00:00+00:00
[2026-04-18T03:29:46.452+0000] {processor.py:208} INFO - Processing /opt/airflow/dags/raw_from_api_to_s3.py took 0.396 seconds
[2026-04-18T03:30:17.045+0000] {processor.py:186} INFO - Started process (PID=37658) to work on /opt/airflow/dags/raw_from_api_to_s3.py
[2026-04-18T03:30:17.056+0000] {processor.py:914} INFO - Processing file /opt/airflow/dags/raw_from_api_to_s3.py for tasks to queue
[2026-04-18T03:30:17.085+0000] {logging_mixin.py:190} INFO - [2026-04-18T03:30:17.076+0000] {dagbag.py:588} INFO - Filling up the DagBag from /opt/airflow/dags/raw_from_api_to_s3.py
[2026-04-18T03:30:18.052+0000] {processor.py:925} INFO - DAG(s) 'raw_from_api_to_s3' retrieved from /opt/airflow/dags/raw_from_api_to_s3.py
[2026-04-18T03:30:18.190+0000] {logging_mixin.py:190} INFO - [2026-04-18T03:30:18.188+0000] {dag.py:3239} INFO - Sync 1 DAGs
[2026-04-18T03:30:22.143+0000] {logging_mixin.py:190} INFO - [2026-04-18T03:30:22.143+0000] {dag.py:4180} INFO - Setting next_dagrun for raw_from_api_to_s3 to 2026-04-18 00:00:00+00:00, run_after=2026-04-19 00:00:00+00:00
[2026-04-18T03:30:22.261+0000] {processor.py:208} INFO - Processing /opt/airflow/dags/raw_from_api_to_s3.py took 5.289 seconds
[2026-04-18T03:30:52.890+0000] {processor.py:186} INFO - Started process (PID=37676) to work on /opt/airflow/dags/raw_from_api_to_s3.py
[2026-04-18T03:30:52.895+0000] {processor.py:914} INFO - Processing file /opt/airflow/dags/raw_from_api_to_s3.py for tasks to queue
[2026-04-18T03:30:52.914+0000] {logging_mixin.py:190} INFO - [2026-04-18T03:30:52.911+0000] {dagbag.py:588} INFO - Filling up the DagBag from /opt/airflow/dags/raw_from_api_to_s3.py
[2026-04-18T03:30:53.425+0000] {processor.py:925} INFO - DAG(s) 'raw_from_api_to_s3' retrieved from /opt/airflow/dags/raw_from_api_to_s3.py
[2026-04-18T03:30:53.573+0000] {logging_mixin.py:190} INFO - [2026-04-18T03:30:53.569+0000] {dag.py:3239} INFO - Sync 1 DAGs
[2026-04-18T03:30:53.714+0000] {logging_mixin.py:190} INFO - [2026-04-18T03:30:53.713+0000] {dag.py:4180} INFO - Setting next_dagrun for raw_from_api_to_s3 to 2026-04-18 00:00:00+00:00, run_after=2026-04-19 00:00:00+00:00
[2026-04-18T03:30:53.806+0000] {processor.py:208} INFO - Processing /opt/airflow/dags/raw_from_api_to_s3.py took 0.960 seconds
[2026-04-18T03:31:24.438+0000] {processor.py:186} INFO - Started process (PID=37690) to work on /opt/airflow/dags/raw_from_api_to_s3.py
[2026-04-18T03:31:24.442+0000] {processor.py:914} INFO - Processing file /opt/airflow/dags/raw_from_api_to_s3.py for tasks to queue
[2026-04-18T03:31:24.455+0000] {logging_mixin.py:190} INFO - [2026-04-18T03:31:24.453+0000] {dagbag.py:588} INFO - Filling up the DagBag from /opt/airflow/dags/raw_from_api_to_s3.py
[2026-04-18T03:31:24.851+0000] {processor.py:925} INFO - DAG(s) 'raw_from_api_to_s3' retrieved from /opt/airflow/dags/raw_from_api_to_s3.py
[2026-04-18T03:31:24.929+0000] {logging_mixin.py:190} INFO - [2026-04-18T03:31:24.928+0000] {dag.py:3239} INFO - Sync 1 DAGs
[2026-04-18T03:31:25.035+0000] {logging_mixin.py:190} INFO - [2026-04-18T03:31:25.034+0000] {dag.py:4180} INFO - Setting next_dagrun for raw_from_api_to_s3 to 2026-04-18 00:00:00+00:00, run_after=2026-04-19 00:00:00+00:00
[2026-04-18T03:31:25.144+0000] {processor.py:208} INFO - Processing /opt/airflow/dags/raw_from_api_to_s3.py took 0.737 seconds
[2026-04-18T03:31:55.756+0000] {processor.py:186} INFO - Started process (PID=37704) to work on /opt/airflow/dags/raw_from_api_to_s3.py
[2026-04-18T03:31:55.762+0000] {processor.py:914} INFO - Processing file /opt/airflow/dags/raw_from_api_to_s3.py for tasks to queue
[2026-04-18T03:31:55.772+0000] {logging_mixin.py:190} INFO - [2026-04-18T03:31:55.771+0000] {dagbag.py:588} INFO - Filling up the DagBag from /opt/airflow/dags/raw_from_api_to_s3.py
[2026-04-18T03:31:56.119+0000] {processor.py:925} INFO - DAG(s) 'raw_from_api_to_s3' retrieved from /opt/airflow/dags/raw_from_api_to_s3.py
[2026-04-18T03:31:56.183+0000] {logging_mixin.py:190} INFO - [2026-04-18T03:31:56.182+0000] {dag.py:3239} INFO - Sync 1 DAGs
[2026-04-18T03:31:56.270+0000] {logging_mixin.py:190} INFO - [2026-04-18T03:31:56.269+0000] {dag.py:4180} INFO - Setting next_dagrun for raw_from_api_to_s3 to 2026-04-18 00:00:00+00:00, run_after=2026-04-19 00:00:00+00:00
[2026-04-18T03:31:56.326+0000] {processor.py:208} INFO - Processing /opt/airflow/dags/raw_from_api_to_s3.py took 0.594 seconds
[2026-04-18T03:32:26.758+0000] {processor.py:186} INFO - Started process (PID=37718) to work on /opt/airflow/dags/raw_from_api_to_s3.py
[2026-04-18T03:32:26.762+0000] {processor.py:914} INFO - Processing file /opt/airflow/dags/raw_from_api_to_s3.py for tasks to queue
[2026-04-18T03:32:26.778+0000] {logging_mixin.py:190} INFO - [2026-04-18T03:32:26.776+0000] {dagbag.py:588} INFO - Filling up the DagBag from /opt/airflow/dags/raw_from_api_to_s3.py
[2026-04-18T03:32:27.178+0000] {processor.py:925} INFO - DAG(s) 'raw_from_api_to_s3' retrieved from /opt/airflow/dags/raw_from_api_to_s3.py
[2026-04-18T03:32:27.251+0000] {logging_mixin.py:190} INFO - [2026-04-18T03:32:27.250+0000] {dag.py:3239} INFO - Sync 1 DAGs
[2026-04-18T03:32:27.368+0000] {logging_mixin.py:190} INFO - [2026-04-18T03:32:27.367+0000] {dag.py:4180} INFO - Setting next_dagrun for raw_from_api_to_s3 to 2026-04-18 00:00:00+00:00, run_after=2026-04-19 00:00:00+00:00
[2026-04-18T03:32:28.321+0000] {processor.py:208} INFO - Processing /opt/airflow/dags/raw_from_api_to_s3.py took 1.595 seconds
[2026-04-18T03:32:58.638+0000] {processor.py:186} INFO - Started process (PID=37732) to work on /opt/airflow/dags/raw_from_api_to_s3.py
[2026-04-18T03:32:58.646+0000] {processor.py:914} INFO - Processing file /opt/airflow/dags/raw_from_api_to_s3.py for tasks to queue
[2026-04-18T03:32:58.662+0000] {logging_mixin.py:190} INFO - [2026-04-18T03:32:58.660+0000] {dagbag.py:588} INFO - Filling up the DagBag from /opt/airflow/dags/raw_from_api_to_s3.py
[2026-04-18T03:32:59.133+0000] {processor.py:925} INFO - DAG(s) 'raw_from_api_to_s3' retrieved from /opt/airflow/dags/raw_from_api_to_s3.py
[2026-04-18T03:32:59.213+0000] {logging_mixin.py:190} INFO - [2026-04-18T03:32:59.212+0000] {dag.py:3239} INFO - Sync 1 DAGs
[2026-04-18T03:33:00.190+0000] {logging_mixin.py:190} INFO - [2026-04-18T03:33:00.189+0000] {dag.py:4180} INFO - Setting next_dagrun for raw_from_api_to_s3 to 2026-04-18 00:00:00+00:00, run_after=2026-04-19 00:00:00+00:00
[2026-04-18T03:33:00.258+0000] {processor.py:208} INFO - Processing /opt/airflow/dags/raw_from_api_to_s3.py took 1.679 seconds
[2026-04-18T03:33:30.590+0000] {processor.py:186} INFO - Started process (PID=37746) to work on /opt/airflow/dags/raw_from_api_to_s3.py
[2026-04-18T03:33:30.594+0000] {processor.py:914} INFO - Processing file /opt/airflow/dags/raw_from_api_to_s3.py for tasks to queue
[2026-04-18T03:33:30.607+0000] {logging_mixin.py:190} INFO - [2026-04-18T03:33:30.605+0000] {dagbag.py:588} INFO - Filling up the DagBag from /opt/airflow/dags/raw_from_api_to_s3.py
[2026-04-18T03:33:31.051+0000] {processor.py:925} INFO - DAG(s) 'raw_from_api_to_s3' retrieved from /opt/airflow/dags/raw_from_api_to_s3.py
[2026-04-18T03:33:31.157+0000] {logging_mixin.py:190} INFO - [2026-04-18T03:33:31.156+0000] {dag.py:3239} INFO - Sync 1 DAGs
[2026-04-18T03:33:31.281+0000] {logging_mixin.py:190} INFO - [2026-04-18T03:33:31.280+0000] {dag.py:4180} INFO - Setting next_dagrun for raw_from_api_to_s3 to 2026-04-18 00:00:00+00:00, run_after=2026-04-19 00:00:00+00:00
[2026-04-18T03:33:31.362+0000] {processor.py:208} INFO - Processing /opt/airflow/dags/raw_from_api_to_s3.py took 0.805 seconds
[2026-04-18T03:34:01.509+0000] {processor.py:186} INFO - Started process (PID=37760) to work on /opt/airflow/dags/raw_from_api_to_s3.py
[2026-04-18T03:34:01.513+0000] {processor.py:914} INFO - Processing file /opt/airflow/dags/raw_from_api_to_s3.py for tasks to queue
[2026-04-18T03:34:01.525+0000] {logging_mixin.py:190} INFO - [2026-04-18T03:34:01.523+0000] {dagbag.py:588} INFO - Filling up the DagBag from /opt/airflow/dags/raw_from_api_to_s3.py
[2026-04-18T03:34:01.875+0000] {processor.py:925} INFO - DAG(s) 'raw_from_api_to_s3' retrieved from /opt/airflow/dags/raw_from_api_to_s3.py
[2026-04-18T03:34:01.939+0000] {logging_mixin.py:190} INFO - [2026-04-18T03:34:01.938+0000] {dag.py:3239} INFO - Sync 1 DAGs
[2026-04-18T03:34:02.038+0000] {logging_mixin.py:190} INFO - [2026-04-18T03:34:02.037+0000] {dag.py:4180} INFO - Setting next_dagrun for raw_from_api_to_s3 to 2026-04-18 00:00:00+00:00, run_after=2026-04-19 00:00:00+00:00
[2026-04-18T03:34:02.103+0000] {processor.py:208} INFO - Processing /opt/airflow/dags/raw_from_api_to_s3.py took 0.624 seconds
[2026-04-18T03:34:32.689+0000] {processor.py:186} INFO - Started process (PID=37774) to work on /opt/airflow/dags/raw_from_api_to_s3.py
[2026-04-18T03:34:32.694+0000] {processor.py:914} INFO - Processing file /opt/airflow/dags/raw_from_api_to_s3.py for tasks to queue
[2026-04-18T03:34:32.713+0000] {logging_mixin.py:190} INFO - [2026-04-18T03:34:32.710+0000] {dagbag.py:588} INFO - Filling up the DagBag from /opt/airflow/dags/raw_from_api_to_s3.py
[2026-04-18T03:34:33.152+0000] {processor.py:925} INFO - DAG(s) 'raw_from_api_to_s3' retrieved from /opt/airflow/dags/raw_from_api_to_s3.py
[2026-04-18T03:34:33.230+0000] {logging_mixin.py:190} INFO - [2026-04-18T03:34:33.229+0000] {dag.py:3239} INFO - Sync 1 DAGs
[2026-04-18T03:34:33.330+0000] {logging_mixin.py:190} INFO - [2026-04-18T03:34:33.329+0000] {dag.py:4180} INFO - Setting next_dagrun for raw_from_api_to_s3 to 2026-04-18 00:00:00+00:00, run_after=2026-04-19 00:00:00+00:00
[2026-04-18T03:34:33.389+0000] {processor.py:208} INFO - Processing /opt/airflow/dags/raw_from_api_to_s3.py took 0.729 seconds
[2026-04-18T03:35:04.135+0000] {processor.py:186} INFO - Started process (PID=37788) to work on /opt/airflow/dags/raw_from_api_to_s3.py
[2026-04-18T03:35:04.139+0000] {processor.py:914} INFO - Processing file /opt/airflow/dags/raw_from_api_to_s3.py for tasks to queue
[2026-04-18T03:35:04.157+0000] {logging_mixin.py:190} INFO - [2026-04-18T03:35:04.155+0000] {dagbag.py:588} INFO - Filling up the DagBag from /opt/airflow/dags/raw_from_api_to_s3.py
[2026-04-18T03:35:04.575+0000] {processor.py:925} INFO - DAG(s) 'raw_from_api_to_s3' retrieved from /opt/airflow/dags/raw_from_api_to_s3.py
[2026-04-18T03:35:04.654+0000] {logging_mixin.py:190} INFO - [2026-04-18T03:35:04.653+0000] {dag.py:3239} INFO - Sync 1 DAGs
[2026-04-18T03:35:04.765+0000] {logging_mixin.py:190} INFO - [2026-04-18T03:35:04.764+0000] {dag.py:4180} INFO - Setting next_dagrun for raw_from_api_to_s3 to 2026-04-18 00:00:00+00:00, run_after=2026-04-19 00:00:00+00:00
[2026-04-18T03:35:04.849+0000] {processor.py:208} INFO - Processing /opt/airflow/dags/raw_from_api_to_s3.py took 0.752 seconds
[2026-04-18T03:35:35.508+0000] {processor.py:186} INFO - Started process (PID=37802) to work on /opt/airflow/dags/raw_from_api_to_s3.py
[2026-04-18T03:35:35.512+0000] {processor.py:914} INFO - Processing file /opt/airflow/dags/raw_from_api_to_s3.py for tasks to queue
[2026-04-18T03:35:35.523+0000] {logging_mixin.py:190} INFO - [2026-04-18T03:35:35.522+0000] {dagbag.py:588} INFO - Filling up the DagBag from /opt/airflow/dags/raw_from_api_to_s3.py
[2026-04-18T03:35:35.921+0000] {processor.py:925} INFO - DAG(s) 'raw_from_api_to_s3' retrieved from /opt/airflow/dags/raw_from_api_to_s3.py
[2026-04-18T03:35:35.999+0000] {logging_mixin.py:190} INFO - [2026-04-18T03:35:35.998+0000] {dag.py:3239} INFO - Sync 1 DAGs
[2026-04-18T03:35:37.073+0000] {logging_mixin.py:190} INFO - [2026-04-18T03:35:37.072+0000] {dag.py:4180} INFO - Setting next_dagrun for raw_from_api_to_s3 to 2026-04-18 00:00:00+00:00, run_after=2026-04-19 00:00:00+00:00
[2026-04-18T03:35:37.150+0000] {processor.py:208} INFO - Processing /opt/airflow/dags/raw_from_api_to_s3.py took 1.668 seconds
[2026-04-18T03:36:07.383+0000] {processor.py:186} INFO - Started process (PID=37816) to work on /opt/airflow/dags/raw_from_api_to_s3.py
[2026-04-18T03:36:07.387+0000] {processor.py:914} INFO - Processing file /opt/airflow/dags/raw_from_api_to_s3.py for tasks to queue
[2026-04-18T03:36:07.411+0000] {logging_mixin.py:190} INFO - [2026-04-18T03:36:07.409+0000] {dagbag.py:588} INFO - Filling up the DagBag from /opt/airflow/dags/raw_from_api_to_s3.py
[2026-04-18T03:36:07.799+0000] {processor.py:925} INFO - DAG(s) 'raw_from_api_to_s3' retrieved from /opt/airflow/dags/raw_from_api_to_s3.py
[2026-04-18T03:36:07.866+0000] {logging_mixin.py:190} INFO - [2026-04-18T03:36:07.865+0000] {dag.py:3239} INFO - Sync 1 DAGs
[2026-04-18T03:36:07.964+0000] {logging_mixin.py:190} INFO - [2026-04-18T03:36:07.963+0000] {dag.py:4180} INFO - Setting next_dagrun for raw_from_api_to_s3 to 2026-04-18 00:00:00+00:00, run_after=2026-04-19 00:00:00+00:00
[2026-04-18T03:36:08.020+0000] {processor.py:208} INFO - Processing /opt/airflow/dags/raw_from_api_to_s3.py took 0.669 seconds
[2026-04-18T03:36:38.343+0000] {processor.py:186} INFO - Started process (PID=37830) to work on /opt/airflow/dags/raw_from_api_to_s3.py
[2026-04-18T03:36:38.347+0000] {processor.py:914} INFO - Processing file /opt/airflow/dags/raw_from_api_to_s3.py for tasks to queue
[2026-04-18T03:36:38.358+0000] {logging_mixin.py:190} INFO - [2026-04-18T03:36:38.356+0000] {dagbag.py:588} INFO - Filling up the DagBag from /opt/airflow/dags/raw_from_api_to_s3.py
[2026-04-18T03:36:38.753+0000] {processor.py:925} INFO - DAG(s) 'raw_from_api_to_s3' retrieved from /opt/airflow/dags/raw_from_api_to_s3.py
[2026-04-18T03:36:38.840+0000] {logging_mixin.py:190} INFO - [2026-04-18T03:36:38.838+0000] {dag.py:3239} INFO - Sync 1 DAGs
[2026-04-18T03:36:38.942+0000] {logging_mixin.py:190} INFO - [2026-04-18T03:36:38.941+0000] {dag.py:4180} INFO - Setting next_dagrun for raw_from_api_to_s3 to 2026-04-18 00:00:00+00:00, run_after=2026-04-19 00:00:00+00:00
[2026-04-18T03:36:39.001+0000] {processor.py:208} INFO - Processing /opt/airflow/dags/raw_from_api_to_s3.py took 0.683 seconds
[2026-04-18T03:37:09.222+0000] {processor.py:186} INFO - Started process (PID=37844) to work on /opt/airflow/dags/raw_from_api_to_s3.py
[2026-04-18T03:37:09.227+0000] {processor.py:914} INFO - Processing file /opt/airflow/dags/raw_from_api_to_s3.py for tasks to queue
[2026-04-18T03:37:09.240+0000] {logging_mixin.py:190} INFO - [2026-04-18T03:37:09.238+0000] {dagbag.py:588} INFO - Filling up the DagBag from /opt/airflow/dags/raw_from_api_to_s3.py
[2026-04-18T03:37:09.592+0000] {processor.py:925} INFO - DAG(s) 'raw_from_api_to_s3' retrieved from /opt/airflow/dags/raw_from_api_to_s3.py
[2026-04-18T03:37:09.657+0000] {logging_mixin.py:190} INFO - [2026-04-18T03:37:09.656+0000] {dag.py:3239} INFO - Sync 1 DAGs
[2026-04-18T03:37:09.742+0000] {logging_mixin.py:190} INFO - [2026-04-18T03:37:09.742+0000] {dag.py:4180} INFO - Setting next_dagrun for raw_from_api_to_s3 to 2026-04-18 00:00:00+00:00, run_after=2026-04-19 00:00:00+00:00
[2026-04-18T03:37:09.796+0000] {processor.py:208} INFO - Processing /opt/airflow/dags/raw_from_api_to_s3.py took 0.609 seconds
[2026-04-18T03:37:40.259+0000] {processor.py:186} INFO - Started process (PID=37858) to work on /opt/airflow/dags/raw_from_api_to_s3.py
[2026-04-18T03:37:40.263+0000] {processor.py:914} INFO - Processing file /opt/airflow/dags/raw_from_api_to_s3.py for tasks to queue
[2026-04-18T03:37:40.273+0000] {logging_mixin.py:190} INFO - [2026-04-18T03:37:40.272+0000] {dagbag.py:588} INFO - Filling up the DagBag from /opt/airflow/dags/raw_from_api_to_s3.py
[2026-04-18T03:37:40.752+0000] {processor.py:925} INFO - DAG(s) 'raw_from_api_to_s3' retrieved from /opt/airflow/dags/raw_from_api_to_s3.py
[2026-04-18T03:37:40.830+0000] {logging_mixin.py:190} INFO - [2026-04-18T03:37:40.829+0000] {dag.py:3239} INFO - Sync 1 DAGs
[2026-04-18T03:37:40.949+0000] {logging_mixin.py:190} INFO - [2026-04-18T03:37:40.948+0000] {dag.py:4180} INFO - Setting next_dagrun for raw_from_api_to_s3 to 2026-04-18 00:00:00+00:00, run_after=2026-04-19 00:00:00+00:00
[2026-04-18T03:37:41.027+0000] {processor.py:208} INFO - Processing /opt/airflow/dags/raw_from_api_to_s3.py took 0.801 seconds
[2026-04-18T03:38:11.689+0000] {processor.py:186} INFO - Started process (PID=37872) to work on /opt/airflow/dags/raw_from_api_to_s3.py
[2026-04-18T03:38:11.693+0000] {processor.py:914} INFO - Processing file /opt/airflow/dags/raw_from_api_to_s3.py for tasks to queue
[2026-04-18T03:38:11.701+0000] {logging_mixin.py:190} INFO - [2026-04-18T03:38:11.700+0000] {dagbag.py:588} INFO - Filling up the DagBag from /opt/airflow/dags/raw_from_api_to_s3.py
[2026-04-18T03:38:12.017+0000] {processor.py:925} INFO - DAG(s) 'raw_from_api_to_s3' retrieved from /opt/airflow/dags/raw_from_api_to_s3.py
[2026-04-18T03:38:12.083+0000] {logging_mixin.py:190} INFO - [2026-04-18T03:38:12.082+0000] {dag.py:3239} INFO - Sync 1 DAGs
[2026-04-18T03:38:12.181+0000] {logging_mixin.py:190} INFO - [2026-04-18T03:38:12.181+0000] {dag.py:4180} INFO - Setting next_dagrun for raw_from_api_to_s3 to 2026-04-18 00:00:00+00:00, run_after=2026-04-19 00:00:00+00:00
[2026-04-18T03:38:13.208+0000] {processor.py:208} INFO - Processing /opt/airflow/dags/raw_from_api_to_s3.py took 1.543 seconds
[2026-04-18T03:38:43.535+0000] {processor.py:186} INFO - Started process (PID=37886) to work on /opt/airflow/dags/raw_from_api_to_s3.py
[2026-04-18T03:38:43.539+0000] {processor.py:914} INFO - Processing file /opt/airflow/dags/raw_from_api_to_s3.py for tasks to queue
[2026-04-18T03:38:43.554+0000] {logging_mixin.py:190} INFO - [2026-04-18T03:38:43.553+0000] {dagbag.py:588} INFO - Filling up the DagBag from /opt/airflow/dags/raw_from_api_to_s3.py
[2026-04-18T03:38:43.978+0000] {processor.py:925} INFO - DAG(s) 'raw_from_api_to_s3' retrieved from /opt/airflow/dags/raw_from_api_to_s3.py
[2026-04-18T03:38:44.052+0000] {logging_mixin.py:190} INFO - [2026-04-18T03:38:44.050+0000] {dag.py:3239} INFO - Sync 1 DAGs
[2026-04-18T03:38:44.870+0000] {logging_mixin.py:190} INFO - [2026-04-18T03:38:44.869+0000] {dag.py:4180} INFO - Setting next_dagrun for raw_from_api_to_s3 to 2026-04-18 00:00:00+00:00, run_after=2026-04-19 00:00:00+00:00
[2026-04-18T03:38:44.922+0000] {processor.py:208} INFO - Processing /opt/airflow/dags/raw_from_api_to_s3.py took 1.414 seconds
[2026-04-18T03:39:15.539+0000] {processor.py:186} INFO - Started process (PID=37900) to work on /opt/airflow/dags/raw_from_api_to_s3.py
[2026-04-18T03:39:15.542+0000] {processor.py:914} INFO - Processing file /opt/airflow/dags/raw_from_api_to_s3.py for tasks to queue
[2026-04-18T03:39:15.560+0000] {logging_mixin.py:190} INFO - [2026-04-18T03:39:15.558+0000] {dagbag.py:588} INFO - Filling up the DagBag from /opt/airflow/dags/raw_from_api_to_s3.py
[2026-04-18T03:39:15.981+0000] {processor.py:925} INFO - DAG(s) 'raw_from_api_to_s3' retrieved from /opt/airflow/dags/raw_from_api_to_s3.py
[2026-04-18T03:39:16.055+0000] {logging_mixin.py:190} INFO - [2026-04-18T03:39:16.054+0000] {dag.py:3239} INFO - Sync 1 DAGs
[2026-04-18T03:39:16.167+0000] {logging_mixin.py:190} INFO - [2026-04-18T03:39:16.166+0000] {dag.py:4180} INFO - Setting next_dagrun for raw_from_api_to_s3 to 2026-04-18 00:00:00+00:00, run_after=2026-04-19 00:00:00+00:00
[2026-04-18T03:39:16.228+0000] {processor.py:208} INFO - Processing /opt/airflow/dags/raw_from_api_to_s3.py took 0.730 seconds
[2026-04-18T03:39:46.851+0000] {processor.py:186} INFO - Started process (PID=37914) to work on /opt/airflow/dags/raw_from_api_to_s3.py
[2026-04-18T03:39:46.855+0000] {processor.py:914} INFO - Processing file /opt/airflow/dags/raw_from_api_to_s3.py for tasks to queue
[2026-04-18T03:39:46.864+0000] {logging_mixin.py:190} INFO - [2026-04-18T03:39:46.863+0000] {dagbag.py:588} INFO - Filling up the DagBag from /opt/airflow/dags/raw_from_api_to_s3.py
[2026-04-18T03:39:47.162+0000] {processor.py:925} INFO - DAG(s) 'raw_from_api_to_s3' retrieved from /opt/airflow/dags/raw_from_api_to_s3.py
[2026-04-18T03:39:47.223+0000] {logging_mixin.py:190} INFO - [2026-04-18T03:39:47.222+0000] {dag.py:3239} INFO - Sync 1 DAGs
[2026-04-18T03:39:47.307+0000] {logging_mixin.py:190} INFO - [2026-04-18T03:39:47.306+0000] {dag.py:4180} INFO - Setting next_dagrun for raw_from_api_to_s3 to 2026-04-18 00:00:00+00:00, run_after=2026-04-19 00:00:00+00:00
[2026-04-18T03:39:47.366+0000] {processor.py:208} INFO - Processing /opt/airflow/dags/raw_from_api_to_s3.py took 0.534 seconds
[2026-04-18T03:40:17.596+0000] {processor.py:186} INFO - Started process (PID=37928) to work on /opt/airflow/dags/raw_from_api_to_s3.py
[2026-04-18T03:40:17.600+0000] {processor.py:914} INFO - Processing file /opt/airflow/dags/raw_from_api_to_s3.py for tasks to queue
[2026-04-18T03:40:17.609+0000] {logging_mixin.py:190} INFO - [2026-04-18T03:40:17.608+0000] {dagbag.py:588} INFO - Filling up the DagBag from /opt/airflow/dags/raw_from_api_to_s3.py
[2026-04-18T03:40:17.938+0000] {processor.py:925} INFO - DAG(s) 'raw_from_api_to_s3' retrieved from /opt/airflow/dags/raw_from_api_to_s3.py
[2026-04-18T03:40:18.004+0000] {logging_mixin.py:190} INFO - [2026-04-18T03:40:18.003+0000] {dag.py:3239} INFO - Sync 1 DAGs
[2026-04-18T03:40:18.111+0000] {logging_mixin.py:190} INFO - [2026-04-18T03:40:18.110+0000] {dag.py:4180} INFO - Setting next_dagrun for raw_from_api_to_s3 to 2026-04-18 00:00:00+00:00, run_after=2026-04-19 00:00:00+00:00
[2026-04-18T03:40:18.176+0000] {processor.py:208} INFO - Processing /opt/airflow/dags/raw_from_api_to_s3.py took 0.605 seconds
[2026-04-18T03:40:48.579+0000] {processor.py:186} INFO - Started process (PID=37942) to work on /opt/airflow/dags/raw_from_api_to_s3.py
[2026-04-18T03:40:48.584+0000] {processor.py:914} INFO - Processing file /opt/airflow/dags/raw_from_api_to_s3.py for tasks to queue
[2026-04-18T03:40:48.599+0000] {logging_mixin.py:190} INFO - [2026-04-18T03:40:48.597+0000] {dagbag.py:588} INFO - Filling up the DagBag from /opt/airflow/dags/raw_from_api_to_s3.py
[2026-04-18T03:40:49.025+0000] {processor.py:925} INFO - DAG(s) 'raw_from_api_to_s3' retrieved from /opt/airflow/dags/raw_from_api_to_s3.py
[2026-04-18T03:40:49.124+0000] {logging_mixin.py:190} INFO - [2026-04-18T03:40:49.122+0000] {dag.py:3239} INFO - Sync 1 DAGs
[2026-04-18T03:40:49.234+0000] {logging_mixin.py:190} INFO - [2026-04-18T03:40:49.233+0000] {dag.py:4180} INFO - Setting next_dagrun for raw_from_api_to_s3 to 2026-04-18 00:00:00+00:00, run_after=2026-04-19 00:00:00+00:00
[2026-04-18T03:40:50.154+0000] {processor.py:208} INFO - Processing /opt/airflow/dags/raw_from_api_to_s3.py took 1.618 seconds
[2026-04-18T03:41:20.961+0000] {processor.py:186} INFO - Started process (PID=37956) to work on /opt/airflow/dags/raw_from_api_to_s3.py
[2026-04-18T03:41:20.965+0000] {processor.py:914} INFO - Processing file /opt/airflow/dags/raw_from_api_to_s3.py for tasks to queue
[2026-04-18T03:41:20.978+0000] {logging_mixin.py:190} INFO - [2026-04-18T03:41:20.976+0000] {dagbag.py:588} INFO - Filling up the DagBag from /opt/airflow/dags/raw_from_api_to_s3.py
[2026-04-18T03:41:21.375+0000] {processor.py:925} INFO - DAG(s) 'raw_from_api_to_s3' retrieved from /opt/airflow/dags/raw_from_api_to_s3.py
[2026-04-18T03:41:21.433+0000] {logging_mixin.py:190} INFO - [2026-04-18T03:41:21.432+0000] {dag.py:3239} INFO - Sync 1 DAGs
[2026-04-18T03:41:22.143+0000] {logging_mixin.py:190} INFO - [2026-04-18T03:41:22.142+0000] {dag.py:4180} INFO - Setting next_dagrun for raw_from_api_to_s3 to 2026-04-18 00:00:00+00:00, run_after=2026-04-19 00:00:00+00:00
[2026-04-18T03:41:22.195+0000] {processor.py:208} INFO - Processing /opt/airflow/dags/raw_from_api_to_s3.py took 1.263 seconds
[2026-04-18T03:41:52.521+0000] {processor.py:186} INFO - Started process (PID=37970) to work on /opt/airflow/dags/raw_from_api_to_s3.py
[2026-04-18T03:41:52.524+0000] {processor.py:914} INFO - Processing file /opt/airflow/dags/raw_from_api_to_s3.py for tasks to queue
[2026-04-18T03:41:52.533+0000] {logging_mixin.py:190} INFO - [2026-04-18T03:41:52.532+0000] {dagbag.py:588} INFO - Filling up the DagBag from /opt/airflow/dags/raw_from_api_to_s3.py
[2026-04-18T03:41:52.846+0000] {processor.py:925} INFO - DAG(s) 'raw_from_api_to_s3' retrieved from /opt/airflow/dags/raw_from_api_to_s3.py
[2026-04-18T03:41:52.919+0000] {logging_mixin.py:190} INFO - [2026-04-18T03:41:52.918+0000] {dag.py:3239} INFO - Sync 1 DAGs
[2026-04-18T03:41:53.016+0000] {logging_mixin.py:190} INFO - [2026-04-18T03:41:53.015+0000] {dag.py:4180} INFO - Setting next_dagrun for raw_from_api_to_s3 to 2026-04-18 00:00:00+00:00, run_after=2026-04-19 00:00:00+00:00
[2026-04-18T03:41:53.082+0000] {processor.py:208} INFO - Processing /opt/airflow/dags/raw_from_api_to_s3.py took 0.587 seconds
[2026-04-18T03:42:23.443+0000] {processor.py:186} INFO - Started process (PID=37984) to work on /opt/airflow/dags/raw_from_api_to_s3.py
[2026-04-18T03:42:23.447+0000] {processor.py:914} INFO - Processing file /opt/airflow/dags/raw_from_api_to_s3.py for tasks to queue
[2026-04-18T03:42:23.463+0000] {logging_mixin.py:190} INFO - [2026-04-18T03:42:23.461+0000] {dagbag.py:588} INFO - Filling up the DagBag from /opt/airflow/dags/raw_from_api_to_s3.py
[2026-04-18T03:42:23.919+0000] {processor.py:925} INFO - DAG(s) 'raw_from_api_to_s3' retrieved from /opt/airflow/dags/raw_from_api_to_s3.py
[2026-04-18T03:42:23.988+0000] {logging_mixin.py:190} INFO - [2026-04-18T03:42:23.987+0000] {dag.py:3239} INFO - Sync 1 DAGs
[2026-04-18T03:42:24.094+0000] {logging_mixin.py:190} INFO - [2026-04-18T03:42:24.093+0000] {dag.py:4180} INFO - Setting next_dagrun for raw_from_api_to_s3 to 2026-04-18 00:00:00+00:00, run_after=2026-04-19 00:00:00+00:00
[2026-04-18T03:42:24.161+0000] {processor.py:208} INFO - Processing /opt/airflow/dags/raw_from_api_to_s3.py took 0.748 seconds
[2026-04-18T03:42:54.793+0000] {processor.py:186} INFO - Started process (PID=37998) to work on /opt/airflow/dags/raw_from_api_to_s3.py
[2026-04-18T03:42:54.798+0000] {processor.py:914} INFO - Processing file /opt/airflow/dags/raw_from_api_to_s3.py for tasks to queue
[2026-04-18T03:42:54.809+0000] {logging_mixin.py:190} INFO - [2026-04-18T03:42:54.807+0000] {dagbag.py:588} INFO - Filling up the DagBag from /opt/airflow/dags/raw_from_api_to_s3.py
[2026-04-18T03:42:55.247+0000] {processor.py:925} INFO - DAG(s) 'raw_from_api_to_s3' retrieved from /opt/airflow/dags/raw_from_api_to_s3.py
[2026-04-18T03:42:55.328+0000] {logging_mixin.py:190} INFO - [2026-04-18T03:42:55.327+0000] {dag.py:3239} INFO - Sync 1 DAGs
[2026-04-18T03:42:55.443+0000] {logging_mixin.py:190} INFO - [2026-04-18T03:42:55.442+0000] {dag.py:4180} INFO - Setting next_dagrun for raw_from_api_to_s3 to 2026-04-18 00:00:00+00:00, run_after=2026-04-19 00:00:00+00:00
[2026-04-18T03:42:55.510+0000] {processor.py:208} INFO - Processing /opt/airflow/dags/raw_from_api_to_s3.py took 0.746 seconds
[2026-04-18T03:43:25.786+0000] {processor.py:186} INFO - Started process (PID=38012) to work on /opt/airflow/dags/raw_from_api_to_s3.py
[2026-04-18T03:43:25.790+0000] {processor.py:914} INFO - Processing file /opt/airflow/dags/raw_from_api_to_s3.py for tasks to queue
[2026-04-18T03:43:25.803+0000] {logging_mixin.py:190} INFO - [2026-04-18T03:43:25.801+0000] {dagbag.py:588} INFO - Filling up the DagBag from /opt/airflow/dags/raw_from_api_to_s3.py
[2026-04-18T03:43:26.217+0000] {processor.py:925} INFO - DAG(s) 'raw_from_api_to_s3' retrieved from /opt/airflow/dags/raw_from_api_to_s3.py
[2026-04-18T03:43:26.292+0000] {logging_mixin.py:190} INFO - [2026-04-18T03:43:26.291+0000] {dag.py:3239} INFO - Sync 1 DAGs
[2026-04-18T03:43:26.387+0000] {logging_mixin.py:190} INFO - [2026-04-18T03:43:26.386+0000] {dag.py:4180} INFO - Setting next_dagrun for raw_from_api_to_s3 to 2026-04-18 00:00:00+00:00, run_after=2026-04-19 00:00:00+00:00
[2026-04-18T03:43:27.305+0000] {processor.py:208} INFO - Processing /opt/airflow/dags/raw_from_api_to_s3.py took 1.554 seconds
[2026-04-18T03:43:57.646+0000] {processor.py:186} INFO - Started process (PID=38032) to work on /opt/airflow/dags/raw_from_api_to_s3.py
[2026-04-18T03:43:57.650+0000] {processor.py:914} INFO - Processing file /opt/airflow/dags/raw_from_api_to_s3.py for tasks to queue
[2026-04-18T03:43:57.659+0000] {logging_mixin.py:190} INFO - [2026-04-18T03:43:57.658+0000] {dagbag.py:588} INFO - Filling up the DagBag from /opt/airflow/dags/raw_from_api_to_s3.py
[2026-04-18T03:43:58.018+0000] {processor.py:925} INFO - DAG(s) 'raw_from_api_to_s3' retrieved from /opt/airflow/dags/raw_from_api_to_s3.py
[2026-04-18T03:43:58.094+0000] {logging_mixin.py:190} INFO - [2026-04-18T03:43:58.093+0000] {dag.py:3239} INFO - Sync 1 DAGs
[2026-04-18T03:43:58.893+0000] {logging_mixin.py:190} INFO - [2026-04-18T03:43:58.892+0000] {dag.py:4180} INFO - Setting next_dagrun for raw_from_api_to_s3 to 2026-04-18 00:00:00+00:00, run_after=2026-04-19 00:00:00+00:00
[2026-04-18T03:43:58.946+0000] {processor.py:208} INFO - Processing /opt/airflow/dags/raw_from_api_to_s3.py took 1.323 seconds
[2026-04-18T03:44:29.581+0000] {processor.py:186} INFO - Started process (PID=38046) to work on /opt/airflow/dags/raw_from_api_to_s3.py
[2026-04-18T03:44:29.585+0000] {processor.py:914} INFO - Processing file /opt/airflow/dags/raw_from_api_to_s3.py for tasks to queue
[2026-04-18T03:44:29.600+0000] {logging_mixin.py:190} INFO - [2026-04-18T03:44:29.598+0000] {dagbag.py:588} INFO - Filling up the DagBag from /opt/airflow/dags/raw_from_api_to_s3.py
[2026-04-18T03:44:30.023+0000] {processor.py:925} INFO - DAG(s) 'raw_from_api_to_s3' retrieved from /opt/airflow/dags/raw_from_api_to_s3.py
[2026-04-18T03:44:30.118+0000] {logging_mixin.py:190} INFO - [2026-04-18T03:44:30.117+0000] {dag.py:3239} INFO - Sync 1 DAGs
[2026-04-18T03:44:30.348+0000] {logging_mixin.py:190} INFO - [2026-04-18T03:44:30.347+0000] {dag.py:4180} INFO - Setting next_dagrun for raw_from_api_to_s3 to 2026-04-18 00:00:00+00:00, run_after=2026-04-19 00:00:00+00:00
[2026-04-18T03:44:30.442+0000] {processor.py:208} INFO - Processing /opt/airflow/dags/raw_from_api_to_s3.py took 0.888 seconds
[2026-04-18T03:45:01.160+0000] {processor.py:186} INFO - Started process (PID=38060) to work on /opt/airflow/dags/raw_from_api_to_s3.py
[2026-04-18T03:45:01.164+0000] {processor.py:914} INFO - Processing file /opt/airflow/dags/raw_from_api_to_s3.py for tasks to queue
[2026-04-18T03:45:01.180+0000] {logging_mixin.py:190} INFO - [2026-04-18T03:45:01.178+0000] {dagbag.py:588} INFO - Filling up the DagBag from /opt/airflow/dags/raw_from_api_to_s3.py
[2026-04-18T03:45:01.566+0000] {processor.py:925} INFO - DAG(s) 'raw_from_api_to_s3' retrieved from /opt/airflow/dags/raw_from_api_to_s3.py
[2026-04-18T03:45:01.669+0000] {logging_mixin.py:190} INFO - [2026-04-18T03:45:01.668+0000] {dag.py:3239} INFO - Sync 1 DAGs
[2026-04-18T03:45:01.792+0000] {logging_mixin.py:190} INFO - [2026-04-18T03:45:01.791+0000] {dag.py:4180} INFO - Setting next_dagrun for raw_from_api_to_s3 to 2026-04-18 00:00:00+00:00, run_after=2026-04-19 00:00:00+00:00
[2026-04-18T03:45:01.861+0000] {processor.py:208} INFO - Processing /opt/airflow/dags/raw_from_api_to_s3.py took 0.725 seconds
[2026-04-18T03:45:32.604+0000] {processor.py:186} INFO - Started process (PID=38074) to work on /opt/airflow/dags/raw_from_api_to_s3.py
[2026-04-18T03:45:32.608+0000] {processor.py:914} INFO - Processing file /opt/airflow/dags/raw_from_api_to_s3.py for tasks to queue
[2026-04-18T03:45:32.624+0000] {logging_mixin.py:190} INFO - [2026-04-18T03:45:32.622+0000] {dagbag.py:588} INFO - Filling up the DagBag from /opt/airflow/dags/raw_from_api_to_s3.py
[2026-04-18T03:45:33.071+0000] {processor.py:925} INFO - DAG(s) 'raw_from_api_to_s3' retrieved from /opt/airflow/dags/raw_from_api_to_s3.py
[2026-04-18T03:45:33.149+0000] {logging_mixin.py:190} INFO - [2026-04-18T03:45:33.148+0000] {dag.py:3239} INFO - Sync 1 DAGs
[2026-04-18T03:45:33.243+0000] {logging_mixin.py:190} INFO - [2026-04-18T03:45:33.243+0000] {dag.py:4180} INFO - Setting next_dagrun for raw_from_api_to_s3 to 2026-04-18 00:00:00+00:00, run_after=2026-04-19 00:00:00+00:00
[2026-04-18T03:45:33.300+0000] {processor.py:208} INFO - Processing /opt/airflow/dags/raw_from_api_to_s3.py took 0.745 seconds
[2026-04-18T03:46:03.900+0000] {processor.py:186} INFO - Started process (PID=38088) to work on /opt/airflow/dags/raw_from_api_to_s3.py
[2026-04-18T03:46:03.903+0000] {processor.py:914} INFO - Processing file /opt/airflow/dags/raw_from_api_to_s3.py for tasks to queue
[2026-04-18T03:46:03.913+0000] {logging_mixin.py:190} INFO - [2026-04-18T03:46:03.912+0000] {dagbag.py:588} INFO - Filling up the DagBag from /opt/airflow/dags/raw_from_api_to_s3.py
[2026-04-18T03:46:04.237+0000] {processor.py:925} INFO - DAG(s) 'raw_from_api_to_s3' retrieved from /opt/airflow/dags/raw_from_api_to_s3.py
[2026-04-18T03:46:04.306+0000] {logging_mixin.py:190} INFO - [2026-04-18T03:46:04.305+0000] {dag.py:3239} INFO - Sync 1 DAGs
[2026-04-18T03:46:04.406+0000] {logging_mixin.py:190} INFO - [2026-04-18T03:46:04.405+0000] {dag.py:4180} INFO - Setting next_dagrun for raw_from_api_to_s3 to 2026-04-18 00:00:00+00:00, run_after=2026-04-19 00:00:00+00:00
[2026-04-18T03:46:04.472+0000] {processor.py:208} INFO - Processing /opt/airflow/dags/raw_from_api_to_s3.py took 0.596 seconds
[2026-04-18T03:46:34.713+0000] {processor.py:186} INFO - Started process (PID=38102) to work on /opt/airflow/dags/raw_from_api_to_s3.py
[2026-04-18T03:46:34.717+0000] {processor.py:914} INFO - Processing file /opt/airflow/dags/raw_from_api_to_s3.py for tasks to queue
[2026-04-18T03:46:34.729+0000] {logging_mixin.py:190} INFO - [2026-04-18T03:46:34.727+0000] {dagbag.py:588} INFO - Filling up the DagBag from /opt/airflow/dags/raw_from_api_to_s3.py
[2026-04-18T03:46:35.092+0000] {processor.py:925} INFO - DAG(s) 'raw_from_api_to_s3' retrieved from /opt/airflow/dags/raw_from_api_to_s3.py
[2026-04-18T03:46:35.154+0000] {logging_mixin.py:190} INFO - [2026-04-18T03:46:35.153+0000] {dag.py:3239} INFO - Sync 1 DAGs
[2026-04-18T03:46:35.246+0000] {logging_mixin.py:190} INFO - [2026-04-18T03:46:35.245+0000] {dag.py:4180} INFO - Setting next_dagrun for raw_from_api_to_s3 to 2026-04-18 00:00:00+00:00, run_after=2026-04-19 00:00:00+00:00
[2026-04-18T03:46:36.214+0000] {processor.py:208} INFO - Processing /opt/airflow/dags/raw_from_api_to_s3.py took 1.529 seconds
[2026-04-18T03:47:06.765+0000] {processor.py:186} INFO - Started process (PID=38116) to work on /opt/airflow/dags/raw_from_api_to_s3.py
[2026-04-18T03:47:06.784+0000] {processor.py:914} INFO - Processing file /opt/airflow/dags/raw_from_api_to_s3.py for tasks to queue
[2026-04-18T03:47:06.808+0000] {logging_mixin.py:190} INFO - [2026-04-18T03:47:06.807+0000] {dagbag.py:588} INFO - Filling up the DagBag from /opt/airflow/dags/raw_from_api_to_s3.py
[2026-04-18T03:47:07.222+0000] {processor.py:925} INFO - DAG(s) 'raw_from_api_to_s3' retrieved from /opt/airflow/dags/raw_from_api_to_s3.py
[2026-04-18T03:47:07.323+0000] {logging_mixin.py:190} INFO - [2026-04-18T03:47:07.321+0000] {dag.py:3239} INFO - Sync 1 DAGs
[2026-04-18T03:47:08.845+0000] {logging_mixin.py:190} INFO - [2026-04-18T03:47:08.844+0000] {dag.py:4180} INFO - Setting next_dagrun for raw_from_api_to_s3 to 2026-04-18 00:00:00+00:00, run_after=2026-04-19 00:00:00+00:00
[2026-04-18T03:47:08.917+0000] {processor.py:208} INFO - Processing /opt/airflow/dags/raw_from_api_to_s3.py took 2.186 seconds
[2026-04-18T03:47:39.435+0000] {processor.py:186} INFO - Started process (PID=38130) to work on /opt/airflow/dags/raw_from_api_to_s3.py
[2026-04-18T03:47:39.440+0000] {processor.py:914} INFO - Processing file /opt/airflow/dags/raw_from_api_to_s3.py for tasks to queue
[2026-04-18T03:47:39.453+0000] {logging_mixin.py:190} INFO - [2026-04-18T03:47:39.451+0000] {dagbag.py:588} INFO - Filling up the DagBag from /opt/airflow/dags/raw_from_api_to_s3.py
[2026-04-18T03:47:39.881+0000] {processor.py:925} INFO - DAG(s) 'raw_from_api_to_s3' retrieved from /opt/airflow/dags/raw_from_api_to_s3.py
[2026-04-18T03:47:39.966+0000] {logging_mixin.py:190} INFO - [2026-04-18T03:47:39.965+0000] {dag.py:3239} INFO - Sync 1 DAGs
[2026-04-18T03:47:40.073+0000] {logging_mixin.py:190} INFO - [2026-04-18T03:47:40.072+0000] {dag.py:4180} INFO - Setting next_dagrun for raw_from_api_to_s3 to 2026-04-18 00:00:00+00:00, run_after=2026-04-19 00:00:00+00:00
[2026-04-18T03:47:40.144+0000] {processor.py:208} INFO - Processing /opt/airflow/dags/raw_from_api_to_s3.py took 0.738 seconds
[2026-04-18T03:48:10.822+0000] {processor.py:186} INFO - Started process (PID=38144) to work on /opt/airflow/dags/raw_from_api_to_s3.py
[2026-04-18T03:48:10.826+0000] {processor.py:914} INFO - Processing file /opt/airflow/dags/raw_from_api_to_s3.py for tasks to queue
[2026-04-18T03:48:10.839+0000] {logging_mixin.py:190} INFO - [2026-04-18T03:48:10.838+0000] {dagbag.py:588} INFO - Filling up the DagBag from /opt/airflow/dags/raw_from_api_to_s3.py
[2026-04-18T03:48:11.235+0000] {processor.py:925} INFO - DAG(s) 'raw_from_api_to_s3' retrieved from /opt/airflow/dags/raw_from_api_to_s3.py
[2026-04-18T03:48:11.306+0000] {logging_mixin.py:190} INFO - [2026-04-18T03:48:11.304+0000] {dag.py:3239} INFO - Sync 1 DAGs
[2026-04-18T03:48:11.406+0000] {logging_mixin.py:190} INFO - [2026-04-18T03:48:11.405+0000] {dag.py:4180} INFO - Setting next_dagrun for raw_from_api_to_s3 to 2026-04-18 00:00:00+00:00, run_after=2026-04-19 00:00:00+00:00
[2026-04-18T03:48:11.467+0000] {processor.py:208} INFO - Processing /opt/airflow/dags/raw_from_api_to_s3.py took 0.672 seconds
[2026-04-18T03:48:42.110+0000] {processor.py:186} INFO - Started process (PID=38158) to work on /opt/airflow/dags/raw_from_api_to_s3.py
[2026-04-18T03:48:42.114+0000] {processor.py:914} INFO - Processing file /opt/airflow/dags/raw_from_api_to_s3.py for tasks to queue
[2026-04-18T03:48:42.135+0000] {logging_mixin.py:190} INFO - [2026-04-18T03:48:42.133+0000] {dagbag.py:588} INFO - Filling up the DagBag from /opt/airflow/dags/raw_from_api_to_s3.py
[2026-04-18T03:48:42.509+0000] {processor.py:925} INFO - DAG(s) 'raw_from_api_to_s3' retrieved from /opt/airflow/dags/raw_from_api_to_s3.py
[2026-04-18T03:48:42.576+0000] {logging_mixin.py:190} INFO - [2026-04-18T03:48:42.575+0000] {dag.py:3239} INFO - Sync 1 DAGs
[2026-04-18T03:48:42.671+0000] {logging_mixin.py:190} INFO - [2026-04-18T03:48:42.670+0000] {dag.py:4180} INFO - Setting next_dagrun for raw_from_api_to_s3 to 2026-04-18 00:00:00+00:00, run_after=2026-04-19 00:00:00+00:00
[2026-04-18T03:48:42.727+0000] {processor.py:208} INFO - Processing /opt/airflow/dags/raw_from_api_to_s3.py took 0.644 seconds
[2026-04-18T03:49:13.073+0000] {processor.py:186} INFO - Started process (PID=38172) to work on /opt/airflow/dags/raw_from_api_to_s3.py
[2026-04-18T03:49:13.078+0000] {processor.py:914} INFO - Processing file /opt/airflow/dags/raw_from_api_to_s3.py for tasks to queue
[2026-04-18T03:49:13.089+0000] {logging_mixin.py:190} INFO - [2026-04-18T03:49:13.088+0000] {dagbag.py:588} INFO - Filling up the DagBag from /opt/airflow/dags/raw_from_api_to_s3.py
[2026-04-18T03:49:13.424+0000] {processor.py:925} INFO - DAG(s) 'raw_from_api_to_s3' retrieved from /opt/airflow/dags/raw_from_api_to_s3.py
[2026-04-18T03:49:13.489+0000] {logging_mixin.py:190} INFO - [2026-04-18T03:49:13.488+0000] {dag.py:3239} INFO - Sync 1 DAGs
[2026-04-18T03:49:13.586+0000] {logging_mixin.py:190} INFO - [2026-04-18T03:49:13.585+0000] {dag.py:4180} INFO - Setting next_dagrun for raw_from_api_to_s3 to 2026-04-18 00:00:00+00:00, run_after=2026-04-19 00:00:00+00:00
[2026-04-18T03:49:14.490+0000] {processor.py:208} INFO - Processing /opt/airflow/dags/raw_from_api_to_s3.py took 1.447 seconds
[2026-04-18T03:49:44.910+0000] {processor.py:186} INFO - Started process (PID=38186) to work on /opt/airflow/dags/raw_from_api_to_s3.py
[2026-04-18T03:49:44.913+0000] {processor.py:914} INFO - Processing file /opt/airflow/dags/raw_from_api_to_s3.py for tasks to queue
[2026-04-18T03:49:44.925+0000] {logging_mixin.py:190} INFO - [2026-04-18T03:49:44.924+0000] {dagbag.py:588} INFO - Filling up the DagBag from /opt/airflow/dags/raw_from_api_to_s3.py
[2026-04-18T03:49:45.326+0000] {processor.py:925} INFO - DAG(s) 'raw_from_api_to_s3' retrieved from /opt/airflow/dags/raw_from_api_to_s3.py
[2026-04-18T03:49:45.399+0000] {logging_mixin.py:190} INFO - [2026-04-18T03:49:45.398+0000] {dag.py:3239} INFO - Sync 1 DAGs
[2026-04-18T03:49:46.276+0000] {logging_mixin.py:190} INFO - [2026-04-18T03:49:46.275+0000] {dag.py:4180} INFO - Setting next_dagrun for raw_from_api_to_s3 to 2026-04-18 00:00:00+00:00, run_after=2026-04-19 00:00:00+00:00
[2026-04-18T03:49:46.341+0000] {processor.py:208} INFO - Processing /opt/airflow/dags/raw_from_api_to_s3.py took 1.458 seconds
[2026-04-18T03:50:16.717+0000] {processor.py:186} INFO - Started process (PID=38200) to work on /opt/airflow/dags/raw_from_api_to_s3.py
[2026-04-18T03:50:16.721+0000] {processor.py:914} INFO - Processing file /opt/airflow/dags/raw_from_api_to_s3.py for tasks to queue
[2026-04-18T03:50:16.734+0000] {logging_mixin.py:190} INFO - [2026-04-18T03:50:16.733+0000] {dagbag.py:588} INFO - Filling up the DagBag from /opt/airflow/dags/raw_from_api_to_s3.py
[2026-04-18T03:50:17.131+0000] {processor.py:925} INFO - DAG(s) 'raw_from_api_to_s3' retrieved from /opt/airflow/dags/raw_from_api_to_s3.py
[2026-04-18T03:50:17.209+0000] {logging_mixin.py:190} INFO - [2026-04-18T03:50:17.208+0000] {dag.py:3239} INFO - Sync 1 DAGs
[2026-04-18T03:50:17.309+0000] {logging_mixin.py:190} INFO - [2026-04-18T03:50:17.308+0000] {dag.py:4180} INFO - Setting next_dagrun for raw_from_api_to_s3 to 2026-04-18 00:00:00+00:00, run_after=2026-04-19 00:00:00+00:00
[2026-04-18T03:50:17.371+0000] {processor.py:208} INFO - Processing /opt/airflow/dags/raw_from_api_to_s3.py took 0.682 seconds
[2026-04-18T03:50:47.504+0000] {processor.py:186} INFO - Started process (PID=38213) to work on /opt/airflow/dags/raw_from_api_to_s3.py
[2026-04-18T03:50:47.507+0000] {processor.py:914} INFO - Processing file /opt/airflow/dags/raw_from_api_to_s3.py for tasks to queue
[2026-04-18T03:50:47.529+0000] {logging_mixin.py:190} INFO - [2026-04-18T03:50:47.527+0000] {dagbag.py:588} INFO - Filling up the DagBag from /opt/airflow/dags/raw_from_api_to_s3.py
[2026-04-18T03:50:47.899+0000] {processor.py:925} INFO - DAG(s) 'raw_from_api_to_s3' retrieved from /opt/airflow/dags/raw_from_api_to_s3.py
[2026-04-18T03:50:47.977+0000] {logging_mixin.py:190} INFO - [2026-04-18T03:50:47.976+0000] {dag.py:3239} INFO - Sync 1 DAGs
[2026-04-18T03:50:48.077+0000] {logging_mixin.py:190} INFO - [2026-04-18T03:50:48.076+0000] {dag.py:4180} INFO - Setting next_dagrun for raw_from_api_to_s3 to 2026-04-18 00:00:00+00:00, run_after=2026-04-19 00:00:00+00:00
[2026-04-18T03:50:48.135+0000] {processor.py:208} INFO - Processing /opt/airflow/dags/raw_from_api_to_s3.py took 0.659 seconds
[2026-04-18T03:51:18.522+0000] {processor.py:186} INFO - Started process (PID=38227) to work on /opt/airflow/dags/raw_from_api_to_s3.py
[2026-04-18T03:51:18.526+0000] {processor.py:914} INFO - Processing file /opt/airflow/dags/raw_from_api_to_s3.py for tasks to queue
[2026-04-18T03:51:18.540+0000] {logging_mixin.py:190} INFO - [2026-04-18T03:51:18.538+0000] {dagbag.py:588} INFO - Filling up the DagBag from /opt/airflow/dags/raw_from_api_to_s3.py
[2026-04-18T03:51:18.946+0000] {processor.py:925} INFO - DAG(s) 'raw_from_api_to_s3' retrieved from /opt/airflow/dags/raw_from_api_to_s3.py
[2026-04-18T03:51:19.013+0000] {logging_mixin.py:190} INFO - [2026-04-18T03:51:19.012+0000] {dag.py:3239} INFO - Sync 1 DAGs
[2026-04-18T03:51:19.123+0000] {logging_mixin.py:190} INFO - [2026-04-18T03:51:19.122+0000] {dag.py:4180} INFO - Setting next_dagrun for raw_from_api_to_s3 to 2026-04-18 00:00:00+00:00, run_after=2026-04-19 00:00:00+00:00
[2026-04-18T03:51:19.185+0000] {processor.py:208} INFO - Processing /opt/airflow/dags/raw_from_api_to_s3.py took 0.695 seconds
[2026-04-18T03:51:49.875+0000] {processor.py:186} INFO - Started process (PID=38241) to work on /opt/airflow/dags/raw_from_api_to_s3.py
[2026-04-18T03:51:49.878+0000] {processor.py:914} INFO - Processing file /opt/airflow/dags/raw_from_api_to_s3.py for tasks to queue
[2026-04-18T03:51:49.889+0000] {logging_mixin.py:190} INFO - [2026-04-18T03:51:49.888+0000] {dagbag.py:588} INFO - Filling up the DagBag from /opt/airflow/dags/raw_from_api_to_s3.py
[2026-04-18T03:51:50.247+0000] {processor.py:925} INFO - DAG(s) 'raw_from_api_to_s3' retrieved from /opt/airflow/dags/raw_from_api_to_s3.py
[2026-04-18T03:51:50.318+0000] {logging_mixin.py:190} INFO - [2026-04-18T03:51:50.316+0000] {dag.py:3239} INFO - Sync 1 DAGs
[2026-04-18T03:51:50.432+0000] {logging_mixin.py:190} INFO - [2026-04-18T03:51:50.431+0000] {dag.py:4180} INFO - Setting next_dagrun for raw_from_api_to_s3 to 2026-04-18 00:00:00+00:00, run_after=2026-04-19 00:00:00+00:00
[2026-04-18T03:51:51.272+0000] {processor.py:208} INFO - Processing /opt/airflow/dags/raw_from_api_to_s3.py took 1.420 seconds
[2026-04-18T03:52:21.913+0000] {processor.py:186} INFO - Started process (PID=38255) to work on /opt/airflow/dags/raw_from_api_to_s3.py
[2026-04-18T03:52:21.916+0000] {processor.py:914} INFO - Processing file /opt/airflow/dags/raw_from_api_to_s3.py for tasks to queue
[2026-04-18T03:52:21.928+0000] {logging_mixin.py:190} INFO - [2026-04-18T03:52:21.926+0000] {dagbag.py:588} INFO - Filling up the DagBag from /opt/airflow/dags/raw_from_api_to_s3.py
[2026-04-18T03:52:22.284+0000] {processor.py:925} INFO - DAG(s) 'raw_from_api_to_s3' retrieved from /opt/airflow/dags/raw_from_api_to_s3.py
[2026-04-18T03:52:22.356+0000] {logging_mixin.py:190} INFO - [2026-04-18T03:52:22.355+0000] {dag.py:3239} INFO - Sync 1 DAGs
[2026-04-18T03:52:23.399+0000] {logging_mixin.py:190} INFO - [2026-04-18T03:52:23.398+0000] {dag.py:4180} INFO - Setting next_dagrun for raw_from_api_to_s3 to 2026-04-18 00:00:00+00:00, run_after=2026-04-19 00:00:00+00:00
[2026-04-18T03:52:23.463+0000] {processor.py:208} INFO - Processing /opt/airflow/dags/raw_from_api_to_s3.py took 1.578 seconds
[2026-04-18T03:52:54.155+0000] {processor.py:186} INFO - Started process (PID=38269) to work on /opt/airflow/dags/raw_from_api_to_s3.py
[2026-04-18T03:52:54.158+0000] {processor.py:914} INFO - Processing file /opt/airflow/dags/raw_from_api_to_s3.py for tasks to queue
[2026-04-18T03:52:54.183+0000] {logging_mixin.py:190} INFO - [2026-04-18T03:52:54.182+0000] {dagbag.py:588} INFO - Filling up the DagBag from /opt/airflow/dags/raw_from_api_to_s3.py
[2026-04-18T03:52:54.574+0000] {processor.py:925} INFO - DAG(s) 'raw_from_api_to_s3' retrieved from /opt/airflow/dags/raw_from_api_to_s3.py
[2026-04-18T03:52:54.652+0000] {logging_mixin.py:190} INFO - [2026-04-18T03:52:54.651+0000] {dag.py:3239} INFO - Sync 1 DAGs
[2026-04-18T03:52:54.745+0000] {logging_mixin.py:190} INFO - [2026-04-18T03:52:54.744+0000] {dag.py:4180} INFO - Setting next_dagrun for raw_from_api_to_s3 to 2026-04-18 00:00:00+00:00, run_after=2026-04-19 00:00:00+00:00
[2026-04-18T03:52:54.807+0000] {processor.py:208} INFO - Processing /opt/airflow/dags/raw_from_api_to_s3.py took 0.680 seconds
[2026-04-18T03:53:25.158+0000] {processor.py:186} INFO - Started process (PID=38283) to work on /opt/airflow/dags/raw_from_api_to_s3.py
[2026-04-18T03:53:25.162+0000] {processor.py:914} INFO - Processing file /opt/airflow/dags/raw_from_api_to_s3.py for tasks to queue
[2026-04-18T03:53:25.175+0000] {logging_mixin.py:190} INFO - [2026-04-18T03:53:25.173+0000] {dagbag.py:588} INFO - Filling up the DagBag from /opt/airflow/dags/raw_from_api_to_s3.py
[2026-04-18T03:53:25.570+0000] {processor.py:925} INFO - DAG(s) 'raw_from_api_to_s3' retrieved from /opt/airflow/dags/raw_from_api_to_s3.py
[2026-04-18T03:53:25.646+0000] {logging_mixin.py:190} INFO - [2026-04-18T03:53:25.645+0000] {dag.py:3239} INFO - Sync 1 DAGs
[2026-04-18T03:53:25.743+0000] {logging_mixin.py:190} INFO - [2026-04-18T03:53:25.742+0000] {dag.py:4180} INFO - Setting next_dagrun for raw_from_api_to_s3 to 2026-04-18 00:00:00+00:00, run_after=2026-04-19 00:00:00+00:00
[2026-04-18T03:53:25.803+0000] {processor.py:208} INFO - Processing /opt/airflow/dags/raw_from_api_to_s3.py took 0.679 seconds
[2026-04-18T03:53:55.960+0000] {processor.py:186} INFO - Started process (PID=38297) to work on /opt/airflow/dags/raw_from_api_to_s3.py
[2026-04-18T03:53:55.963+0000] {processor.py:914} INFO - Processing file /opt/airflow/dags/raw_from_api_to_s3.py for tasks to queue
[2026-04-18T03:53:55.974+0000] {logging_mixin.py:190} INFO - [2026-04-18T03:53:55.973+0000] {dagbag.py:588} INFO - Filling up the DagBag from /opt/airflow/dags/raw_from_api_to_s3.py
[2026-04-18T03:53:56.343+0000] {processor.py:925} INFO - DAG(s) 'raw_from_api_to_s3' retrieved from /opt/airflow/dags/raw_from_api_to_s3.py
[2026-04-18T03:53:56.406+0000] {logging_mixin.py:190} INFO - [2026-04-18T03:53:56.405+0000] {dag.py:3239} INFO - Sync 1 DAGs
[2026-04-18T03:53:56.493+0000] {logging_mixin.py:190} INFO - [2026-04-18T03:53:56.492+0000] {dag.py:4180} INFO - Setting next_dagrun for raw_from_api_to_s3 to 2026-04-18 00:00:00+00:00, run_after=2026-04-19 00:00:00+00:00
[2026-04-18T03:53:56.548+0000] {processor.py:208} INFO - Processing /opt/airflow/dags/raw_from_api_to_s3.py took 0.610 seconds
[2026-04-18T03:54:27.009+0000] {processor.py:186} INFO - Started process (PID=38311) to work on /opt/airflow/dags/raw_from_api_to_s3.py
[2026-04-18T03:54:27.014+0000] {processor.py:914} INFO - Processing file /opt/airflow/dags/raw_from_api_to_s3.py for tasks to queue
[2026-04-18T03:54:27.029+0000] {logging_mixin.py:190} INFO - [2026-04-18T03:54:27.027+0000] {dagbag.py:588} INFO - Filling up the DagBag from /opt/airflow/dags/raw_from_api_to_s3.py
[2026-04-18T03:54:27.511+0000] {processor.py:925} INFO - DAG(s) 'raw_from_api_to_s3' retrieved from /opt/airflow/dags/raw_from_api_to_s3.py
[2026-04-18T03:54:27.619+0000] {logging_mixin.py:190} INFO - [2026-04-18T03:54:27.617+0000] {dag.py:3239} INFO - Sync 1 DAGs
[2026-04-18T03:54:27.750+0000] {logging_mixin.py:190} INFO - [2026-04-18T03:54:27.749+0000] {dag.py:4180} INFO - Setting next_dagrun for raw_from_api_to_s3 to 2026-04-18 00:00:00+00:00, run_after=2026-04-19 00:00:00+00:00
[2026-04-18T03:54:28.829+0000] {processor.py:208} INFO - Processing /opt/airflow/dags/raw_from_api_to_s3.py took 1.859 seconds
[2026-04-18T03:54:59.478+0000] {processor.py:186} INFO - Started process (PID=38325) to work on /opt/airflow/dags/raw_from_api_to_s3.py
[2026-04-18T03:54:59.483+0000] {processor.py:914} INFO - Processing file /opt/airflow/dags/raw_from_api_to_s3.py for tasks to queue
[2026-04-18T03:54:59.496+0000] {logging_mixin.py:190} INFO - [2026-04-18T03:54:59.494+0000] {dagbag.py:588} INFO - Filling up the DagBag from /opt/airflow/dags/raw_from_api_to_s3.py
[2026-04-18T03:54:59.908+0000] {processor.py:925} INFO - DAG(s) 'raw_from_api_to_s3' retrieved from /opt/airflow/dags/raw_from_api_to_s3.py
[2026-04-18T03:54:59.977+0000] {logging_mixin.py:190} INFO - [2026-04-18T03:54:59.976+0000] {dag.py:3239} INFO - Sync 1 DAGs
[2026-04-18T03:55:00.838+0000] {logging_mixin.py:190} INFO - [2026-04-18T03:55:00.837+0000] {dag.py:4180} INFO - Setting next_dagrun for raw_from_api_to_s3 to 2026-04-18 00:00:00+00:00, run_after=2026-04-19 00:00:00+00:00
[2026-04-18T03:55:00.898+0000] {processor.py:208} INFO - Processing /opt/airflow/dags/raw_from_api_to_s3.py took 1.447 seconds
[2026-04-18T03:55:31.231+0000] {processor.py:186} INFO - Started process (PID=38339) to work on /opt/airflow/dags/raw_from_api_to_s3.py
[2026-04-18T03:55:31.237+0000] {processor.py:914} INFO - Processing file /opt/airflow/dags/raw_from_api_to_s3.py for tasks to queue
[2026-04-18T03:55:31.257+0000] {logging_mixin.py:190} INFO - [2026-04-18T03:55:31.255+0000] {dagbag.py:588} INFO - Filling up the DagBag from /opt/airflow/dags/raw_from_api_to_s3.py
[2026-04-18T03:55:31.665+0000] {processor.py:925} INFO - DAG(s) 'raw_from_api_to_s3' retrieved from /opt/airflow/dags/raw_from_api_to_s3.py
[2026-04-18T03:55:31.738+0000] {logging_mixin.py:190} INFO - [2026-04-18T03:55:31.737+0000] {dag.py:3239} INFO - Sync 1 DAGs
[2026-04-18T03:55:32.726+0000] {logging_mixin.py:190} INFO - [2026-04-18T03:55:32.724+0000] {dag.py:4180} INFO - Setting next_dagrun for raw_from_api_to_s3 to 2026-04-18 00:00:00+00:00, run_after=2026-04-19 00:00:00+00:00
[2026-04-18T03:55:32.792+0000] {processor.py:208} INFO - Processing /opt/airflow/dags/raw_from_api_to_s3.py took 1.592 seconds
[2026-04-18T03:56:03.047+0000] {processor.py:186} INFO - Started process (PID=38358) to work on /opt/airflow/dags/raw_from_api_to_s3.py
[2026-04-18T03:56:03.051+0000] {processor.py:914} INFO - Processing file /opt/airflow/dags/raw_from_api_to_s3.py for tasks to queue
[2026-04-18T03:56:03.062+0000] {logging_mixin.py:190} INFO - [2026-04-18T03:56:03.060+0000] {dagbag.py:588} INFO - Filling up the DagBag from /opt/airflow/dags/raw_from_api_to_s3.py
[2026-04-18T03:56:03.418+0000] {processor.py:925} INFO - DAG(s) 'raw_from_api_to_s3' retrieved from /opt/airflow/dags/raw_from_api_to_s3.py
[2026-04-18T03:56:03.482+0000] {logging_mixin.py:190} INFO - [2026-04-18T03:56:03.481+0000] {dag.py:3239} INFO - Sync 1 DAGs
[2026-04-18T03:56:03.574+0000] {logging_mixin.py:190} INFO - [2026-04-18T03:56:03.573+0000] {dag.py:4180} INFO - Setting next_dagrun for raw_from_api_to_s3 to 2026-04-18 00:00:00+00:00, run_after=2026-04-19 00:00:00+00:00
[2026-04-18T03:56:03.631+0000] {processor.py:208} INFO - Processing /opt/airflow/dags/raw_from_api_to_s3.py took 0.621 seconds
[2026-04-18T03:56:33.967+0000] {processor.py:186} INFO - Started process (PID=38372) to work on /opt/airflow/dags/raw_from_api_to_s3.py
[2026-04-18T03:56:33.971+0000] {processor.py:914} INFO - Processing file /opt/airflow/dags/raw_from_api_to_s3.py for tasks to queue
[2026-04-18T03:56:33.985+0000] {logging_mixin.py:190} INFO - [2026-04-18T03:56:33.983+0000] {dagbag.py:588} INFO - Filling up the DagBag from /opt/airflow/dags/raw_from_api_to_s3.py
[2026-04-18T03:56:34.392+0000] {processor.py:925} INFO - DAG(s) 'raw_from_api_to_s3' retrieved from /opt/airflow/dags/raw_from_api_to_s3.py
[2026-04-18T03:56:34.464+0000] {logging_mixin.py:190} INFO - [2026-04-18T03:56:34.463+0000] {dag.py:3239} INFO - Sync 1 DAGs
[2026-04-18T03:56:34.558+0000] {logging_mixin.py:190} INFO - [2026-04-18T03:56:34.557+0000] {dag.py:4180} INFO - Setting next_dagrun for raw_from_api_to_s3 to 2026-04-18 00:00:00+00:00, run_after=2026-04-19 00:00:00+00:00
[2026-04-18T03:56:34.617+0000] {processor.py:208} INFO - Processing /opt/airflow/dags/raw_from_api_to_s3.py took 0.689 seconds
[2026-04-18T03:57:04.853+0000] {processor.py:186} INFO - Started process (PID=38386) to work on /opt/airflow/dags/raw_from_api_to_s3.py
[2026-04-18T03:57:04.859+0000] {processor.py:914} INFO - Processing file /opt/airflow/dags/raw_from_api_to_s3.py for tasks to queue
[2026-04-18T03:57:04.877+0000] {logging_mixin.py:190} INFO - [2026-04-18T03:57:04.875+0000] {dagbag.py:588} INFO - Filling up the DagBag from /opt/airflow/dags/raw_from_api_to_s3.py
[2026-04-18T03:57:05.291+0000] {processor.py:925} INFO - DAG(s) 'raw_from_api_to_s3' retrieved from /opt/airflow/dags/raw_from_api_to_s3.py
[2026-04-18T03:57:05.360+0000] {logging_mixin.py:190} INFO - [2026-04-18T03:57:05.359+0000] {dag.py:3239} INFO - Sync 1 DAGs
[2026-04-18T03:57:05.495+0000] {logging_mixin.py:190} INFO - [2026-04-18T03:57:05.494+0000] {dag.py:4180} INFO - Setting next_dagrun for raw_from_api_to_s3 to 2026-04-18 00:00:00+00:00, run_after=2026-04-19 00:00:00+00:00
[2026-04-18T03:57:05.603+0000] {processor.py:208} INFO - Processing /opt/airflow/dags/raw_from_api_to_s3.py took 0.802 seconds
[2026-04-18T03:57:36.363+0000] {processor.py:186} INFO - Started process (PID=38400) to work on /opt/airflow/dags/raw_from_api_to_s3.py
[2026-04-18T03:57:36.368+0000] {processor.py:914} INFO - Processing file /opt/airflow/dags/raw_from_api_to_s3.py for tasks to queue
[2026-04-18T03:57:36.382+0000] {logging_mixin.py:190} INFO - [2026-04-18T03:57:36.380+0000] {dagbag.py:588} INFO - Filling up the DagBag from /opt/airflow/dags/raw_from_api_to_s3.py
[2026-04-18T03:57:36.793+0000] {processor.py:925} INFO - DAG(s) 'raw_from_api_to_s3' retrieved from /opt/airflow/dags/raw_from_api_to_s3.py
[2026-04-18T03:57:36.869+0000] {logging_mixin.py:190} INFO - [2026-04-18T03:57:36.868+0000] {dag.py:3239} INFO - Sync 1 DAGs
[2026-04-18T03:57:37.839+0000] {logging_mixin.py:190} INFO - [2026-04-18T03:57:37.838+0000] {dag.py:4180} INFO - Setting next_dagrun for raw_from_api_to_s3 to 2026-04-18 00:00:00+00:00, run_after=2026-04-19 00:00:00+00:00
[2026-04-18T03:57:37.907+0000] {processor.py:208} INFO - Processing /opt/airflow/dags/raw_from_api_to_s3.py took 1.582 seconds
[2026-04-18T03:58:08.280+0000] {processor.py:186} INFO - Started process (PID=38414) to work on /opt/airflow/dags/raw_from_api_to_s3.py
[2026-04-18T03:58:08.284+0000] {processor.py:914} INFO - Processing file /opt/airflow/dags/raw_from_api_to_s3.py for tasks to queue
[2026-04-18T03:58:08.295+0000] {logging_mixin.py:190} INFO - [2026-04-18T03:58:08.293+0000] {dagbag.py:588} INFO - Filling up the DagBag from /opt/airflow/dags/raw_from_api_to_s3.py
[2026-04-18T03:58:08.660+0000] {processor.py:925} INFO - DAG(s) 'raw_from_api_to_s3' retrieved from /opt/airflow/dags/raw_from_api_to_s3.py
[2026-04-18T03:58:08.724+0000] {logging_mixin.py:190} INFO - [2026-04-18T03:58:08.723+0000] {dag.py:3239} INFO - Sync 1 DAGs
[2026-04-18T03:58:09.532+0000] {logging_mixin.py:190} INFO - [2026-04-18T03:58:09.531+0000] {dag.py:4180} INFO - Setting next_dagrun for raw_from_api_to_s3 to 2026-04-18 00:00:00+00:00, run_after=2026-04-19 00:00:00+00:00
[2026-04-18T03:58:09.584+0000] {processor.py:208} INFO - Processing /opt/airflow/dags/raw_from_api_to_s3.py took 1.329 seconds
[2026-04-18T03:58:40.130+0000] {processor.py:186} INFO - Started process (PID=38428) to work on /opt/airflow/dags/raw_from_api_to_s3.py
[2026-04-18T03:58:40.134+0000] {processor.py:914} INFO - Processing file /opt/airflow/dags/raw_from_api_to_s3.py for tasks to queue
[2026-04-18T03:58:40.155+0000] {logging_mixin.py:190} INFO - [2026-04-18T03:58:40.152+0000] {dagbag.py:588} INFO - Filling up the DagBag from /opt/airflow/dags/raw_from_api_to_s3.py
[2026-04-18T03:58:40.545+0000] {processor.py:925} INFO - DAG(s) 'raw_from_api_to_s3' retrieved from /opt/airflow/dags/raw_from_api_to_s3.py
[2026-04-18T03:58:40.628+0000] {logging_mixin.py:190} INFO - [2026-04-18T03:58:40.627+0000] {dag.py:3239} INFO - Sync 1 DAGs
[2026-04-18T03:58:40.730+0000] {logging_mixin.py:190} INFO - [2026-04-18T03:58:40.729+0000] {dag.py:4180} INFO - Setting next_dagrun for raw_from_api_to_s3 to 2026-04-18 00:00:00+00:00, run_after=2026-04-19 00:00:00+00:00
[2026-04-18T03:58:40.789+0000] {processor.py:208} INFO - Processing /opt/airflow/dags/raw_from_api_to_s3.py took 0.690 seconds
[2026-04-18T03:59:11.459+0000] {processor.py:186} INFO - Started process (PID=38442) to work on /opt/airflow/dags/raw_from_api_to_s3.py
[2026-04-18T03:59:11.462+0000] {processor.py:914} INFO - Processing file /opt/airflow/dags/raw_from_api_to_s3.py for tasks to queue
[2026-04-18T03:59:11.473+0000] {logging_mixin.py:190} INFO - [2026-04-18T03:59:11.472+0000] {dagbag.py:588} INFO - Filling up the DagBag from /opt/airflow/dags/raw_from_api_to_s3.py
[2026-04-18T03:59:11.794+0000] {processor.py:925} INFO - DAG(s) 'raw_from_api_to_s3' retrieved from /opt/airflow/dags/raw_from_api_to_s3.py
[2026-04-18T03:59:11.852+0000] {logging_mixin.py:190} INFO - [2026-04-18T03:59:11.851+0000] {dag.py:3239} INFO - Sync 1 DAGs
[2026-04-18T03:59:11.935+0000] {logging_mixin.py:190} INFO - [2026-04-18T03:59:11.934+0000] {dag.py:4180} INFO - Setting next_dagrun for raw_from_api_to_s3 to 2026-04-18 00:00:00+00:00, run_after=2026-04-19 00:00:00+00:00
[2026-04-18T03:59:12.005+0000] {processor.py:208} INFO - Processing /opt/airflow/dags/raw_from_api_to_s3.py took 0.567 seconds
[2026-04-18T03:59:42.362+0000] {processor.py:186} INFO - Started process (PID=38456) to work on /opt/airflow/dags/raw_from_api_to_s3.py
[2026-04-18T03:59:42.366+0000] {processor.py:914} INFO - Processing file /opt/airflow/dags/raw_from_api_to_s3.py for tasks to queue
[2026-04-18T03:59:42.380+0000] {logging_mixin.py:190} INFO - [2026-04-18T03:59:42.378+0000] {dagbag.py:588} INFO - Filling up the DagBag from /opt/airflow/dags/raw_from_api_to_s3.py
[2026-04-18T03:59:42.833+0000] {processor.py:925} INFO - DAG(s) 'raw_from_api_to_s3' retrieved from /opt/airflow/dags/raw_from_api_to_s3.py
[2026-04-18T03:59:42.909+0000] {logging_mixin.py:190} INFO - [2026-04-18T03:59:42.908+0000] {dag.py:3239} INFO - Sync 1 DAGs
[2026-04-18T03:59:43.016+0000] {logging_mixin.py:190} INFO - [2026-04-18T03:59:43.015+0000] {dag.py:4180} INFO - Setting next_dagrun for raw_from_api_to_s3 to 2026-04-18 00:00:00+00:00, run_after=2026-04-19 00:00:00+00:00
[2026-04-18T03:59:43.096+0000] {processor.py:208} INFO - Processing /opt/airflow/dags/raw_from_api_to_s3.py took 0.765 seconds
[2026-04-18T04:00:13.684+0000] {processor.py:186} INFO - Started process (PID=38470) to work on /opt/airflow/dags/raw_from_api_to_s3.py
[2026-04-18T04:00:13.687+0000] {processor.py:914} INFO - Processing file /opt/airflow/dags/raw_from_api_to_s3.py for tasks to queue
[2026-04-18T04:00:13.695+0000] {logging_mixin.py:190} INFO - [2026-04-18T04:00:13.694+0000] {dagbag.py:588} INFO - Filling up the DagBag from /opt/airflow/dags/raw_from_api_to_s3.py
[2026-04-18T04:00:14.004+0000] {processor.py:925} INFO - DAG(s) 'raw_from_api_to_s3' retrieved from /opt/airflow/dags/raw_from_api_to_s3.py
[2026-04-18T04:00:14.068+0000] {logging_mixin.py:190} INFO - [2026-04-18T04:00:14.066+0000] {dag.py:3239} INFO - Sync 1 DAGs
[2026-04-18T04:00:14.161+0000] {logging_mixin.py:190} INFO - [2026-04-18T04:00:14.160+0000] {dag.py:4180} INFO - Setting next_dagrun for raw_from_api_to_s3 to 2026-04-18 00:00:00+00:00, run_after=2026-04-19 00:00:00+00:00
[2026-04-18T04:00:15.100+0000] {processor.py:208} INFO - Processing /opt/airflow/dags/raw_from_api_to_s3.py took 1.438 seconds
[2026-04-18T04:00:45.294+0000] {processor.py:186} INFO - Started process (PID=38484) to work on /opt/airflow/dags/raw_from_api_to_s3.py
[2026-04-18T04:00:45.298+0000] {processor.py:914} INFO - Processing file /opt/airflow/dags/raw_from_api_to_s3.py for tasks to queue
[2026-04-18T04:00:45.312+0000] {logging_mixin.py:190} INFO - [2026-04-18T04:00:45.310+0000] {dagbag.py:588} INFO - Filling up the DagBag from /opt/airflow/dags/raw_from_api_to_s3.py
[2026-04-18T04:00:45.754+0000] {processor.py:925} INFO - DAG(s) 'raw_from_api_to_s3' retrieved from /opt/airflow/dags/raw_from_api_to_s3.py
[2026-04-18T04:00:45.831+0000] {logging_mixin.py:190} INFO - [2026-04-18T04:00:45.830+0000] {dag.py:3239} INFO - Sync 1 DAGs
[2026-04-18T04:00:46.566+0000] {logging_mixin.py:190} INFO - [2026-04-18T04:00:46.565+0000] {dag.py:4180} INFO - Setting next_dagrun for raw_from_api_to_s3 to 2026-04-18 00:00:00+00:00, run_after=2026-04-19 00:00:00+00:00
[2026-04-18T04:00:46.617+0000] {processor.py:208} INFO - Processing /opt/airflow/dags/raw_from_api_to_s3.py took 1.353 seconds
[2026-04-18T04:01:16.865+0000] {processor.py:186} INFO - Started process (PID=38498) to work on /opt/airflow/dags/raw_from_api_to_s3.py
[2026-04-18T04:01:16.869+0000] {processor.py:914} INFO - Processing file /opt/airflow/dags/raw_from_api_to_s3.py for tasks to queue
[2026-04-18T04:01:16.879+0000] {logging_mixin.py:190} INFO - [2026-04-18T04:01:16.878+0000] {dagbag.py:588} INFO - Filling up the DagBag from /opt/airflow/dags/raw_from_api_to_s3.py
[2026-04-18T04:01:17.197+0000] {processor.py:925} INFO - DAG(s) 'raw_from_api_to_s3' retrieved from /opt/airflow/dags/raw_from_api_to_s3.py
[2026-04-18T04:01:17.261+0000] {logging_mixin.py:190} INFO - [2026-04-18T04:01:17.260+0000] {dag.py:3239} INFO - Sync 1 DAGs
[2026-04-18T04:01:18.178+0000] {logging_mixin.py:190} INFO - [2026-04-18T04:01:18.176+0000] {dag.py:4180} INFO - Setting next_dagrun for raw_from_api_to_s3 to 2026-04-18 00:00:00+00:00, run_after=2026-04-19 00:00:00+00:00
[2026-04-18T04:01:18.230+0000] {processor.py:208} INFO - Processing /opt/airflow/dags/raw_from_api_to_s3.py took 1.386 seconds
[2026-04-18T04:01:48.851+0000] {processor.py:186} INFO - Started process (PID=38512) to work on /opt/airflow/dags/raw_from_api_to_s3.py
[2026-04-18T04:01:48.855+0000] {processor.py:914} INFO - Processing file /opt/airflow/dags/raw_from_api_to_s3.py for tasks to queue
[2026-04-18T04:01:48.874+0000] {logging_mixin.py:190} INFO - [2026-04-18T04:01:48.872+0000] {dagbag.py:588} INFO - Filling up the DagBag from /opt/airflow/dags/raw_from_api_to_s3.py
[2026-04-18T04:01:49.361+0000] {processor.py:925} INFO - DAG(s) 'raw_from_api_to_s3' retrieved from /opt/airflow/dags/raw_from_api_to_s3.py
[2026-04-18T04:01:49.448+0000] {logging_mixin.py:190} INFO - [2026-04-18T04:01:49.447+0000] {dag.py:3239} INFO - Sync 1 DAGs
[2026-04-18T04:01:49.572+0000] {logging_mixin.py:190} INFO - [2026-04-18T04:01:49.571+0000] {dag.py:4180} INFO - Setting next_dagrun for raw_from_api_to_s3 to 2026-04-18 00:00:00+00:00, run_after=2026-04-19 00:00:00+00:00
[2026-04-18T04:01:49.653+0000] {processor.py:208} INFO - Processing /opt/airflow/dags/raw_from_api_to_s3.py took 0.835 seconds
[2026-04-18T04:02:20.367+0000] {processor.py:186} INFO - Started process (PID=38526) to work on /opt/airflow/dags/raw_from_api_to_s3.py
[2026-04-18T04:02:20.371+0000] {processor.py:914} INFO - Processing file /opt/airflow/dags/raw_from_api_to_s3.py for tasks to queue
[2026-04-18T04:02:20.381+0000] {logging_mixin.py:190} INFO - [2026-04-18T04:02:20.380+0000] {dagbag.py:588} INFO - Filling up the DagBag from /opt/airflow/dags/raw_from_api_to_s3.py
[2026-04-18T04:02:20.703+0000] {processor.py:925} INFO - DAG(s) 'raw_from_api_to_s3' retrieved from /opt/airflow/dags/raw_from_api_to_s3.py
[2026-04-18T04:02:20.766+0000] {logging_mixin.py:190} INFO - [2026-04-18T04:02:20.765+0000] {dag.py:3239} INFO - Sync 1 DAGs
[2026-04-18T04:02:20.856+0000] {logging_mixin.py:190} INFO - [2026-04-18T04:02:20.855+0000] {dag.py:4180} INFO - Setting next_dagrun for raw_from_api_to_s3 to 2026-04-18 00:00:00+00:00, run_after=2026-04-19 00:00:00+00:00
[2026-04-18T04:02:20.913+0000] {processor.py:208} INFO - Processing /opt/airflow/dags/raw_from_api_to_s3.py took 0.569 seconds
[2026-04-18T04:02:51.592+0000] {processor.py:186} INFO - Started process (PID=38540) to work on /opt/airflow/dags/raw_from_api_to_s3.py
[2026-04-18T04:02:51.597+0000] {processor.py:914} INFO - Processing file /opt/airflow/dags/raw_from_api_to_s3.py for tasks to queue
[2026-04-18T04:02:51.609+0000] {logging_mixin.py:190} INFO - [2026-04-18T04:02:51.607+0000] {dagbag.py:588} INFO - Filling up the DagBag from /opt/airflow/dags/raw_from_api_to_s3.py
[2026-04-18T04:02:51.951+0000] {processor.py:925} INFO - DAG(s) 'raw_from_api_to_s3' retrieved from /opt/airflow/dags/raw_from_api_to_s3.py
[2026-04-18T04:02:52.024+0000] {logging_mixin.py:190} INFO - [2026-04-18T04:02:52.023+0000] {dag.py:3239} INFO - Sync 1 DAGs
[2026-04-18T04:02:52.121+0000] {logging_mixin.py:190} INFO - [2026-04-18T04:02:52.120+0000] {dag.py:4180} INFO - Setting next_dagrun for raw_from_api_to_s3 to 2026-04-18 00:00:00+00:00, run_after=2026-04-19 00:00:00+00:00
[2026-04-18T04:02:53.085+0000] {processor.py:208} INFO - Processing /opt/airflow/dags/raw_from_api_to_s3.py took 1.517 seconds
[2026-04-18T04:03:23.572+0000] {processor.py:186} INFO - Started process (PID=38554) to work on /opt/airflow/dags/raw_from_api_to_s3.py
[2026-04-18T04:03:23.576+0000] {processor.py:914} INFO - Processing file /opt/airflow/dags/raw_from_api_to_s3.py for tasks to queue
[2026-04-18T04:03:23.588+0000] {logging_mixin.py:190} INFO - [2026-04-18T04:03:23.587+0000] {dagbag.py:588} INFO - Filling up the DagBag from /opt/airflow/dags/raw_from_api_to_s3.py
[2026-04-18T04:03:23.988+0000] {processor.py:925} INFO - DAG(s) 'raw_from_api_to_s3' retrieved from /opt/airflow/dags/raw_from_api_to_s3.py
[2026-04-18T04:03:24.064+0000] {logging_mixin.py:190} INFO - [2026-04-18T04:03:24.063+0000] {dag.py:3239} INFO - Sync 1 DAGs
[2026-04-18T04:03:24.879+0000] {logging_mixin.py:190} INFO - [2026-04-18T04:03:24.878+0000] {dag.py:4180} INFO - Setting next_dagrun for raw_from_api_to_s3 to 2026-04-18 00:00:00+00:00, run_after=2026-04-19 00:00:00+00:00
[2026-04-18T04:03:24.930+0000] {processor.py:208} INFO - Processing /opt/airflow/dags/raw_from_api_to_s3.py took 1.390 seconds
[2026-04-18T04:03:55.387+0000] {processor.py:186} INFO - Started process (PID=38568) to work on /opt/airflow/dags/raw_from_api_to_s3.py
[2026-04-18T04:03:55.392+0000] {processor.py:914} INFO - Processing file /opt/airflow/dags/raw_from_api_to_s3.py for tasks to queue
[2026-04-18T04:03:55.407+0000] {logging_mixin.py:190} INFO - [2026-04-18T04:03:55.405+0000] {dagbag.py:588} INFO - Filling up the DagBag from /opt/airflow/dags/raw_from_api_to_s3.py
[2026-04-18T04:03:55.826+0000] {processor.py:925} INFO - DAG(s) 'raw_from_api_to_s3' retrieved from /opt/airflow/dags/raw_from_api_to_s3.py
[2026-04-18T04:03:55.904+0000] {logging_mixin.py:190} INFO - [2026-04-18T04:03:55.903+0000] {dag.py:3239} INFO - Sync 1 DAGs
[2026-04-18T04:03:56.733+0000] {logging_mixin.py:190} INFO - [2026-04-18T04:03:56.732+0000] {dag.py:4180} INFO - Setting next_dagrun for raw_from_api_to_s3 to 2026-04-18 00:00:00+00:00, run_after=2026-04-19 00:00:00+00:00
[2026-04-18T04:03:56.801+0000] {processor.py:208} INFO - Processing /opt/airflow/dags/raw_from_api_to_s3.py took 1.446 seconds
[2026-04-18T04:04:27.244+0000] {processor.py:186} INFO - Started process (PID=38582) to work on /opt/airflow/dags/raw_from_api_to_s3.py
[2026-04-18T04:04:27.248+0000] {processor.py:914} INFO - Processing file /opt/airflow/dags/raw_from_api_to_s3.py for tasks to queue
[2026-04-18T04:04:27.256+0000] {logging_mixin.py:190} INFO - [2026-04-18T04:04:27.255+0000] {dagbag.py:588} INFO - Filling up the DagBag from /opt/airflow/dags/raw_from_api_to_s3.py
